path,reason,cluster_size,classes
C:\Users\ashis\Desktop\ScanAI\dataset_manager\clean\_UNMAPPED\Unlabeled\roboflow__cattle-diseases__14_jpg.rf.440111ef644df4006dbb21e499397eba.jpg,exact_cross_class_conflict,2,Unlabeled|lumpy_skin_disease
C:\Users\ashis\Desktop\ScanAI\dataset_manager\clean\skin\lumpy_skin_disease\kaggle__devang03mgr__cattle-diseases-datasets__14_jpg.rf.30a3fd59d7395108a2c542ea26abdc68.jpg,exact_cross_class_conflict,2,Unlabeled|lumpy_skin_disease
C:\Users\ashis\Desktop\ScanAI\dataset_manager\clean\species_health\healthy_cattle\roboflow__cattle-diseases__Ayrshirecattle105_c_jpg.rf.0cc7ee09e4b2188c0069a704fbe1ebd4.jpg,same_class_duplicate,2,healthy_cattle
C:\Users\ashis\Desktop\ScanAI\dataset_manager\clean\species_health\healthy_cattle\roboflow__cattle-diseases__Ayrshirecattle35_jpg.rf.14b798c8a2e4dd7c6558a8211122bdb2.jpg,same_class_duplicate,2,healthy_cattle
C:\Users\ashis\Desktop\ScanAI\dataset_manager\clean\skin\healthy_skin\roboflow__lumpy-skin-disease-detection__Normal_Skin_114_png.rf.79b65f04fbc39ef373ff8ed3216bc208.jpg,exact_cross_class_conflict,3,healthy_cattle|healthy_skin
C:\Users\ashis\Desktop\ScanAI\dataset_manager\clean\skin\healthy_skin\roboflow__lumpy-skin-disease-detection__Normal_Skin_400_png.rf.9ca54f87b31733002f8742d37c9f61eb.jpg,exact_cross_class_conflict,3,healthy_cattle|healthy_skin
C:\Users\ashis\Desktop\ScanAI\dataset_manager\clean\species_health\healthy_cattle\kaggle__devang03mgr__cattle-diseases-datasets__Ayrshirecattle84.jpg,exact_cross_class_conflict,3,healthy_cattle|healthy_skin
C:\Users\ashis\Desktop\ScanAI\dataset_manager\clean\skin\healthy_skin\roboflow__lumpy-skin-disease-detection__Normal_Skin_337_png.rf.cf6906c3605e4ba0f9f5c6e4291ffab5.jpg,exact_cross_class_conflict,2,healthy_cattle|healthy_skin
C:\Users\ashis\Desktop\ScanAI\dataset_manager\clean\species_health\healthy_cattle\kaggle__devang03mgr__cattle-diseases-datasets__HolsteinFriesiancattle10.jpg,exact_cross_class_conflict,2,healthy_cattle|healthy_skin
C:\Users\ashis\Desktop\ScanAI\dataset_manager\clean\skin\healthy_skin\roboflow__lumpy-skin-disease-detection__Normal_Skin_301_png.rf.d253201b603dd6389e29a6c0ce02c999.jpg,exact_cross_class_conflict,3,healthy_cattle|healthy_skin
C:\Users\ashis\Desktop\ScanAI\dataset_manager\clean\species_health\healthy_cattle\kaggle__devang03mgr__cattle-diseases-datasets__HolsteinFriesiancattle105.jpg,exact_cross_class_conflict,3,healthy_cattle|healthy_skin
C:\Users\ashis\Desktop\ScanAI\dataset_manager\clean\species_health\healthy_cattle\roboflow__cattle-diseases__download-5-_jpg.rf.ca8fdf4088b8e7f450c62e616886b9e3.jpg,exact_cross_class_conflict,3,healthy_cattle|healthy_skin
C:\Users\ashis\Desktop\ScanAI\dataset_manager\clean\skin\healthy_skin\roboflow__lumpy-skin-disease-detection__Normal_Skin_106_png.rf.97f6258d3b1bc1c6f9da26e638c92919.jpg,exact_cross_class_conflict,2,healthy_cattle|healthy_skin
C:\Users\ashis\Desktop\ScanAI\dataset_manager\clean\species_health\healthy_cattle\kaggle__devang03mgr__cattle-diseases-datasets__HolsteinFriesiancattle12.jpg,exact_cross_class_conflict,2,healthy_cattle|healthy_skin
C:\Users\ashis\Desktop\ScanAI\dataset_manager\clean\species_health\healthy_cattle\roboflow__cattle-diseases__images-20-_jpg.rf.a239fbcb60d0b27a468e97ab0302d9b6.jpg,same_class_duplicate,2,healthy_cattle
C:\Users\ashis\Desktop\ScanAI\dataset_manager\clean\skin\healthy_skin\roboflow__lumpy-skin-disease-detection__Normal_Skin_117_png.rf.3a23b26131686bf73fc106dabd5932ea.jpg,exact_cross_class_conflict,3,healthy_cattle|healthy_skin
C:\Users\ashis\Desktop\ScanAI\dataset_manager\clean\species_health\healthy_cattle\kaggle__devang03mgr__cattle-diseases-datasets__HolsteinFriesiancattle2.jpg,exact_cross_class_conflict,3,healthy_cattle|healthy_skin
C:\Users\ashis\Desktop\ScanAI\dataset_manager\clean\species_health\healthy_cattle\roboflow__cattle-diseases__download-6-_jpg.rf.3845380bb78f8cf3d6a4f2283e37d5c2.jpg,exact_cross_class_conflict,3,healthy_cattle|healthy_skin
C:\Users\ashis\Desktop\ScanAI\dataset_manager\clean\species_health\healthy_cattle\roboflow__cattle-diseases__download-21-_jpg.rf.f89105cbd6342ecdf54ffa01b4c2b35f.jpg,same_class_duplicate,2,healthy_cattle
C:\Users\ashis\Desktop\ScanAI\dataset_manager\clean\skin\healthy_skin\roboflow__lumpy-skin-disease-detection__Normal_Skin_397_png.rf.eee01d5591b85ad2ff7fbda150649993.jpg,exact_cross_class_conflict,2,healthy_cattle|healthy_skin
C:\Users\ashis\Desktop\ScanAI\dataset_manager\clean\species_health\healthy_cattle\kaggle__devang03mgr__cattle-diseases-datasets__imgs025.jpg,exact_cross_class_conflict,2,healthy_cattle|healthy_skin
C:\Users\ashis\Desktop\ScanAI\dataset_manager\clean\species_health\healthy_cattle\roboflow__cattle-diseases__images-16-_jpg.rf.2d11b0b3fb3102337033b988545be834.jpg,same_class_duplicate,2,healthy_cattle
C:\Users\ashis\Desktop\ScanAI\dataset_manager\clean\skin\healthy_skin\roboflow__lumpy-skin-disease-detection__Normal_Skin_440_png.rf.a5b18b42171ccacf163efd2334114293.jpg,exact_cross_class_conflict,2,healthy_cattle|healthy_skin
C:\Users\ashis\Desktop\ScanAI\dataset_manager\clean\species_health\healthy_cattle\kaggle__devang03mgr__cattle-diseases-datasets__imgs044.jpg,exact_cross_class_conflict,2,healthy_cattle|healthy_skin
C:\Users\ashis\Desktop\ScanAI\dataset_manager\clean\skin\healthy_skin\roboflow__lumpy-skin-disease-detection__Normal_Skin_139_png.rf.1226cd26b52a507a85db736510a2abdb.jpg,exact_cross_class_conflict,2,healthy_cattle|healthy_skin
C:\Users\ashis\Desktop\ScanAI\dataset_manager\clean\species_health\healthy_cattle\kaggle__devang03mgr__cattle-diseases-datasets__imgs045.jpg,exact_cross_class_conflict,2,healthy_cattle|healthy_skin
C:\Users\ashis\Desktop\ScanAI\dataset_manager\clean\skin\healthy_skin\roboflow__lumpy-skin-disease-detection__Normal_Skin_276_png.rf.540dd7a9eb36eb609adb9be8d43100e3.jpg,exact_cross_class_conflict,2,healthy_cattle|healthy_skin
C:\Users\ashis\Desktop\ScanAI\dataset_manager\clean\species_health\healthy_cattle\kaggle__devang03mgr__cattle-diseases-datasets__imgs079.jpg,exact_cross_class_conflict,2,healthy_cattle|healthy_skin
C:\Users\ashis\Desktop\ScanAI\dataset_manager\clean\species_health\healthy_cattle\roboflow__cattle-diseases__images-15-_jpg.rf.2c0161579f89932a371deefbd8422b5a.jpg,same_class_duplicate,2,healthy_cattle
C:\Users\ashis\Desktop\ScanAI\dataset_manager\clean\species_health\healthy_cattle\roboflow__cattle-diseases__download-23-_jpg.rf.85d36a373b96515c9a24182cbeb36d27.jpg,same_class_duplicate,2,healthy_cattle
C:\Users\ashis\Desktop\ScanAI\dataset_manager\clean\skin\healthy_skin\roboflow__lumpy-skin-disease-detection__Normal_Skin_383_png.rf.750bc44b404fdd5184426b57f661a3de.jpg,exact_cross_class_conflict,2,healthy_cattle|healthy_skin
C:\Users\ashis\Desktop\ScanAI\dataset_manager\clean\species_health\healthy_cattle\kaggle__devang03mgr__cattle-diseases-datasets__imgs230.jpg,exact_cross_class_conflict,2,healthy_cattle|healthy_skin
C:\Users\ashis\Desktop\ScanAI\dataset_manager\clean\skin\healthy_skin\roboflow__lumpy-skin-disease-detection__Normal_Skin_461_png.rf.c7b3164a68324862bd366e65da8bf048.jpg,exact_cross_class_conflict,2,healthy_cattle|healthy_skin
C:\Users\ashis\Desktop\ScanAI\dataset_manager\clean\species_health\healthy_cattle\kaggle__devang03mgr__cattle-diseases-datasets__imgs271(1).jpg,exact_cross_class_conflict,2,healthy_cattle|healthy_skin
C:\Users\ashis\Desktop\ScanAI\dataset_manager\clean\skin\healthy_skin\roboflow__lumpy-skin-disease-detection__Normal_Skin_335_png.rf.d43785d9a35eb643f517f857298b1c4c.jpg,exact_cross_class_conflict,2,healthy_cattle|healthy_skin
C:\Users\ashis\Desktop\ScanAI\dataset_manager\clean\species_health\healthy_cattle\kaggle__devang03mgr__cattle-diseases-datasets__imgs405.jpg,exact_cross_class_conflict,2,healthy_cattle|healthy_skin
C:\Users\ashis\Desktop\ScanAI\dataset_manager\clean\skin\healthy_skin\roboflow__lumpy-skin-disease-detection__Normal_Skin_155_png.rf.b7973af74c411dac4bd2000504e2e9c9.jpg,exact_cross_class_conflict,4,healthy_cattle|healthy_skin
C:\Users\ashis\Desktop\ScanAI\dataset_manager\clean\skin\healthy_skin\roboflow__lumpy-skin-disease-detection__Normal_Skin_98_png.rf.a31241f097bee31514b866a9cefe8e72.jpg,exact_cross_class_conflict,4,healthy_cattle|healthy_skin
C:\Users\ashis\Desktop\ScanAI\dataset_manager\clean\species_health\healthy_cattle\kaggle__devang03mgr__cattle-diseases-datasets__imgs433.jpg,exact_cross_class_conflict,4,healthy_cattle|healthy_skin
C:\Users\ashis\Desktop\ScanAI\dataset_manager\clean\species_health\healthy_cattle\roboflow__cattle-diseases__download-1-_jpg.rf.98ff6ed9b57339b71efdffc7253aeb7f.jpg,exact_cross_class_conflict,4,healthy_cattle|healthy_skin
C:\Users\ashis\Desktop\ScanAI\dataset_manager\clean\species_health\healthy_cattle\roboflow__cattle-diseases__istockphoto-1373122449-612x612_jpg.rf.02acad440b4eefae803a5fb3b27889f8.jpg,same_class_duplicate,2,healthy_cattle
C:\Users\ashis\Desktop\ScanAI\dataset_manager\clean\skin\healthy_skin\roboflow__lumpy-skin-disease-detection__Normal_Skin_157_png.rf.6ecc73ee6d3cab9c6321f44134ffe8e2.jpg,exact_cross_class_conflict,4,healthy_cattle|healthy_skin
C:\Users\ashis\Desktop\ScanAI\dataset_manager\clean\skin\healthy_skin\roboflow__lumpy-skin-disease-detection__Normal_Skin_656_png.rf.501526d9f754f4e2c428568732acccb1.jpg,exact_cross_class_conflict,4,healthy_cattle|healthy_skin
C:\Users\ashis\Desktop\ScanAI\dataset_manager\clean\species_health\healthy_cattle\kaggle__devang03mgr__cattle-diseases-datasets__Jerseycattle0.jpg,exact_cross_class_conflict,4,healthy_cattle|healthy_skin
C:\Users\ashis\Desktop\ScanAI\dataset_manager\clean\species_health\healthy_cattle\roboflow__cattle-diseases__images-33-_jpg.rf.fc4f51b09b56e3ca88168cb831d44eb2.jpg,exact_cross_class_conflict,4,healthy_cattle|healthy_skin
C:\Users\ashis\Desktop\ScanAI\dataset_manager\clean\skin\healthy_skin\roboflow__lumpy-skin-disease-detection__Normal_Skin_png.rf.929eb93379e7fe806e107cbce57fe6ff.jpg,exact_cross_class_conflict,2,healthy_cattle|healthy_skin
C:\Users\ashis\Desktop\ScanAI\dataset_manager\clean\species_health\healthy_cattle\kaggle__devang03mgr__cattle-diseases-datasets__Jerseycattle5.jpg,exact_cross_class_conflict,2,healthy_cattle|healthy_skin
C:\Users\ashis\Desktop\ScanAI\dataset_manager\clean\skin\healthy_skin\roboflow__lumpy-skin-disease-detection__Normal_Skin_133_png.rf.db942709f865c2aa26bfd5d8a7cc8444.jpg,exact_cross_class_conflict,3,healthy_cattle|healthy_skin
C:\Users\ashis\Desktop\ScanAI\dataset_manager\clean\skin\healthy_skin\roboflow__lumpy-skin-disease-detection__Normal_Skin_172_png.rf.446b4c61d84959c94601333994773998.jpg,exact_cross_class_conflict,3,healthy_cattle|healthy_skin
C:\Users\ashis\Desktop\ScanAI\dataset_manager\clean\species_health\healthy_cattle\kaggle__devang03mgr__cattle-diseases-datasets__Normal_Skin_172_png.rf.190ae94773f3d483b4e2f55f62a9fab8.jpg,exact_cross_class_conflict,3,healthy_cattle|healthy_skin
C:\Users\ashis\Desktop\ScanAI\dataset_manager\clean\skin\healthy_skin\roboflow__lumpy-skin-disease-detection__Normal_Skin_177_png.rf.b95992f4642e34a48b354fcf25753f79.jpg,exact_cross_class_conflict,2,healthy_cattle|healthy_skin
C:\Users\ashis\Desktop\ScanAI\dataset_manager\clean\species_health\healthy_cattle\kaggle__devang03mgr__cattle-diseases-datasets__Normal_Skin_177_png.rf.73cbab2fc4d79db8b22493c107ae4320.jpg,exact_cross_class_conflict,2,healthy_cattle|healthy_skin
C:\Users\ashis\Desktop\ScanAI\dataset_manager\clean\skin\healthy_skin\roboflow__lumpy-skin-disease-detection__Normal_Skin_185_png.rf.c37c11815544d398edbba58990baac03.jpg,exact_cross_class_conflict,2,healthy_cattle|healthy_skin
C:\Users\ashis\Desktop\ScanAI\dataset_manager\clean\species_health\healthy_cattle\kaggle__devang03mgr__cattle-diseases-datasets__Normal_Skin_185_png.rf.1ec32e422d32edd76ebe5db180325f51.jpg,exact_cross_class_conflict,2,healthy_cattle|healthy_skin
C:\Users\ashis\Desktop\ScanAI\dataset_manager\clean\skin\healthy_skin\roboflow__lumpy-skin-disease-detection__Normal_Skin_207_png.rf.d7f0b7b5270dfd41768cbccffb4c18d0.jpg,exact_cross_class_conflict,3,healthy_cattle|healthy_skin
C:\Users\ashis\Desktop\ScanAI\dataset_manager\clean\skin\healthy_skin\roboflow__lumpy-skin-disease-detection__Normal_Skin_87_png.rf.428de8be5a77ba5a9c508279f9429253.jpg,exact_cross_class_conflict,3,healthy_cattle|healthy_skin
C:\Users\ashis\Desktop\ScanAI\dataset_manager\clean\species_health\healthy_cattle\kaggle__devang03mgr__cattle-diseases-datasets__Normal_Skin_207_png.rf.de82681cdd5bac8ab3143cef16ffc287.jpg,exact_cross_class_conflict,3,healthy_cattle|healthy_skin
C:\Users\ashis\Desktop\ScanAI\dataset_manager\clean\skin\healthy_skin\roboflow__lumpy-skin-disease-detection__Normal_Skin_215_png.rf.3d6b289bfbe78cf0471d60fd0e586aca.jpg,exact_cross_class_conflict,2,healthy_cattle|healthy_skin
C:\Users\ashis\Desktop\ScanAI\dataset_manager\clean\species_health\healthy_cattle\kaggle__devang03mgr__cattle-diseases-datasets__Normal_Skin_215_png.rf.8039277bcac9ad2d66f3b4e9d4ad8471.jpg,exact_cross_class_conflict,2,healthy_cattle|healthy_skin
C:\Users\ashis\Desktop\ScanAI\dataset_manager\clean\skin\healthy_skin\roboflow__lumpy-skin-disease-detection__Normal_Skin_22_png.rf.ae7964d28e5854ad247cc0402aa99731.jpg,exact_cross_class_conflict,2,healthy_cattle|healthy_skin
C:\Users\ashis\Desktop\ScanAI\dataset_manager\clean\species_health\healthy_cattle\kaggle__devang03mgr__cattle-diseases-datasets__Normal_Skin_22_png.rf.9247d2b79d717bff55504e0e8ca39084.jpg,exact_cross_class_conflict,2,healthy_cattle|healthy_skin
C:\Users\ashis\Desktop\ScanAI\dataset_manager\clean\skin\healthy_skin\roboflow__lumpy-skin-disease-detection__Normal_Skin_240_png.rf.b8a9dc81e034b8505e6f20f3872e8da8.jpg,exact_cross_class_conflict,3,healthy_cattle|healthy_skin
C:\Users\ashis\Desktop\ScanAI\dataset_manager\clean\skin\healthy_skin\roboflow__lumpy-skin-disease-detection__Normal_Skin_44_png.rf.34830836a4d3547bd6f1ed9ef7a71b05.jpg,exact_cross_class_conflict,3,healthy_cattle|healthy_skin
C:\Users\ashis\Desktop\ScanAI\dataset_manager\clean\species_health\healthy_cattle\kaggle__devang03mgr__cattle-diseases-datasets__Normal_Skin_240_png.rf.1a4b926fb56929d943500c1eb246eea5.jpg,exact_cross_class_conflict,3,healthy_cattle|healthy_skin
C:\Users\ashis\Desktop\ScanAI\dataset_manager\clean\skin\healthy_skin\roboflow__lumpy-skin-disease-detection__Normal_Skin_243_png.rf.895a8e01d814a44fb5d4a0273284ab27.jpg,exact_cross_class_conflict,2,healthy_cattle|healthy_skin
C:\Users\ashis\Desktop\ScanAI\dataset_manager\clean\species_health\healthy_cattle\kaggle__devang03mgr__cattle-diseases-datasets__Normal_Skin_243_png.rf.090ec2c522227c53758368b6a40b7fc0.jpg,exact_cross_class_conflict,2,healthy_cattle|healthy_skin
C:\Users\ashis\Desktop\ScanAI\dataset_manager\clean\skin\healthy_skin\roboflow__lumpy-skin-disease-detection__Normal_Skin_244_png.rf.16a80c3fedca0a64b72982d655968943.jpg,exact_cross_class_conflict,2,healthy_cattle|healthy_skin
C:\Users\ashis\Desktop\ScanAI\dataset_manager\clean\species_health\healthy_cattle\kaggle__devang03mgr__cattle-diseases-datasets__Normal_Skin_244_png.rf.5cd19bdc520c094f9b25072cacf324a2.jpg,exact_cross_class_conflict,2,healthy_cattle|healthy_skin
C:\Users\ashis\Desktop\ScanAI\dataset_manager\clean\skin\healthy_skin\roboflow__lumpy-skin-disease-detection__Normal_Skin_245_png.rf.ee7b06acaa6e2c0fd5bacde9c3ef7049.jpg,exact_cross_class_conflict,2,healthy_cattle|healthy_skin
C:\Users\ashis\Desktop\ScanAI\dataset_manager\clean\species_health\healthy_cattle\kaggle__devang03mgr__cattle-diseases-datasets__Normal_Skin_245_png.rf.17c7472e2180e0483e5516ef7e5dee87.jpg,exact_cross_class_conflict,2,healthy_cattle|healthy_skin
C:\Users\ashis\Desktop\ScanAI\dataset_manager\clean\skin\healthy_skin\roboflow__lumpy-skin-disease-detection__Normal_Skin_248_png.rf.ba64d58f45086a9786f0fcfad5632b4f.jpg,exact_cross_class_conflict,2,healthy_cattle|healthy_skin
C:\Users\ashis\Desktop\ScanAI\dataset_manager\clean\species_health\healthy_cattle\kaggle__devang03mgr__cattle-diseases-datasets__Normal_Skin_248_png.rf.cb16f5b3943025369fb3f1a4304b95a4.jpg,exact_cross_class_conflict,2,healthy_cattle|healthy_skin
C:\Users\ashis\Desktop\ScanAI\dataset_manager\clean\skin\healthy_skin\roboflow__lumpy-skin-disease-detection__Normal_Skin_249_png.rf.9caa994c3fd73fddf70254d0ee495ffd.jpg,exact_cross_class_conflict,3,healthy_cattle|healthy_skin
C:\Users\ashis\Desktop\ScanAI\dataset_manager\clean\skin\healthy_skin\roboflow__lumpy-skin-disease-detection__Normal_Skin_90_png.rf.56025f2b05b8ae08669050020a2b0acc.jpg,exact_cross_class_conflict,3,healthy_cattle|healthy_skin
C:\Users\ashis\Desktop\ScanAI\dataset_manager\clean\species_health\healthy_cattle\kaggle__devang03mgr__cattle-diseases-datasets__Normal_Skin_249_png.rf.860678104b60fccab37a5b2719c2a7e0.jpg,exact_cross_class_conflict,3,healthy_cattle|healthy_skin
C:\Users\ashis\Desktop\ScanAI\dataset_manager\clean\skin\healthy_skin\roboflow__lumpy-skin-disease-detection__Normal_Skin_251_png.rf.a484f30f9030e6fa17b080153cd13bc4.jpg,exact_cross_class_conflict,2,healthy_cattle|healthy_skin
C:\Users\ashis\Desktop\ScanAI\dataset_manager\clean\species_health\healthy_cattle\kaggle__devang03mgr__cattle-diseases-datasets__Normal_Skin_251_png.rf.fc442aa9be0bf923678abc4675c1c733.jpg,exact_cross_class_conflict,2,healthy_cattle|healthy_skin
C:\Users\ashis\Desktop\ScanAI\dataset_manager\clean\skin\healthy_skin\roboflow__lumpy-skin-disease-detection__Normal_Skin_255_png.rf.f47959be95fc025a39381d29a05d4d19.jpg,exact_cross_class_conflict,2,healthy_cattle|healthy_skin
C:\Users\ashis\Desktop\ScanAI\dataset_manager\clean\species_health\healthy_cattle\kaggle__devang03mgr__cattle-diseases-datasets__Normal_Skin_255_png.rf.6fbac0cd7e5acfd5baf4fa8249a2d49f.jpg,exact_cross_class_conflict,2,healthy_cattle|healthy_skin
C:\Users\ashis\Desktop\ScanAI\dataset_manager\clean\skin\healthy_skin\roboflow__lumpy-skin-disease-detection__Normal_Skin_256_png.rf.4a61c11fd1b9e63213ed60bae4adca38.jpg,exact_cross_class_conflict,2,healthy_cattle|healthy_skin
C:\Users\ashis\Desktop\ScanAI\dataset_manager\clean\species_health\healthy_cattle\kaggle__devang03mgr__cattle-diseases-datasets__Normal_Skin_256_png.rf.c763bf85393a88d5fdd1792492575340.jpg,exact_cross_class_conflict,2,healthy_cattle|healthy_skin
C:\Users\ashis\Desktop\ScanAI\dataset_manager\clean\skin\healthy_skin\roboflow__lumpy-skin-disease-detection__Normal_Skin_257_png.rf.e0527d2537d869f1af4416e841dff148.jpg,exact_cross_class_conflict,2,healthy_cattle|healthy_skin
C:\Users\ashis\Desktop\ScanAI\dataset_manager\clean\species_health\healthy_cattle\kaggle__devang03mgr__cattle-diseases-datasets__Normal_Skin_257_png.rf.9e3e7ea00c25db12a3c8de9c6234fd7b.jpg,exact_cross_class_conflict,2,healthy_cattle|healthy_skin
C:\Users\ashis\Desktop\ScanAI\dataset_manager\clean\skin\healthy_skin\roboflow__lumpy-skin-disease-detection__Normal_Skin_261_png.rf.a9784e170e9e4c1bea862ddac4b3d6be.jpg,exact_cross_class_conflict,2,healthy_cattle|healthy_skin
C:\Users\ashis\Desktop\ScanAI\dataset_manager\clean\species_health\healthy_cattle\kaggle__devang03mgr__cattle-diseases-datasets__Normal_Skin_261_png.rf.a4e5309db2e686fad5831216795bc8d9.jpg,exact_cross_class_conflict,2,healthy_cattle|healthy_skin
C:\Users\ashis\Desktop\ScanAI\dataset_manager\clean\skin\healthy_skin\roboflow__lumpy-skin-disease-detection__Normal_Skin_268_png.rf.f777822e442877a9a976c89a298e1618.jpg,exact_cross_class_conflict,2,healthy_cattle|healthy_skin
C:\Users\ashis\Desktop\ScanAI\dataset_manager\clean\species_health\healthy_cattle\kaggle__devang03mgr__cattle-diseases-datasets__Normal_Skin_268_png.rf.bef4a2b270a2cefc6d75108f2ba719d1.jpg,exact_cross_class_conflict,2,healthy_cattle|healthy_skin
C:\Users\ashis\Desktop\ScanAI\dataset_manager\clean\skin\healthy_skin\roboflow__lumpy-skin-disease-detection__Normal_Skin_277_png.rf.97381ccab8643402bc575b2e6efcb0e3.jpg,exact_cross_class_conflict,2,healthy_cattle|healthy_skin
C:\Users\ashis\Desktop\ScanAI\dataset_manager\clean\species_health\healthy_cattle\kaggle__devang03mgr__cattle-diseases-datasets__Normal_Skin_277_png.rf.a5a8f506a881f05ea1407835b75bc49a.jpg,exact_cross_class_conflict,2,healthy_cattle|healthy_skin
C:\Users\ashis\Desktop\ScanAI\dataset_manager\clean\skin\healthy_skin\roboflow__lumpy-skin-disease-detection__Normal_Skin_27_png.rf.65e74f622bf888af58537877d723f36b.jpg,exact_cross_class_conflict,3,healthy_cattle|healthy_skin
C:\Users\ashis\Desktop\ScanAI\dataset_manager\clean\skin\healthy_skin\roboflow__lumpy-skin-disease-detection__Normal_Skin_598_png.rf.0853270cf9a0a1f170b83b32c4903219.jpg,exact_cross_class_conflict,3,healthy_cattle|healthy_skin
C:\Users\ashis\Desktop\ScanAI\dataset_manager\clean\species_health\healthy_cattle\kaggle__devang03mgr__cattle-diseases-datasets__Normal_Skin_27_png.rf.be2c3616f1fe148c75cdafc16c168b63.jpg,exact_cross_class_conflict,3,healthy_cattle|healthy_skin
C:\Users\ashis\Desktop\ScanAI\dataset_manager\clean\skin\healthy_skin\roboflow__lumpy-skin-disease-detection__Normal_Skin_281_png.rf.d7f9cb114c71df2fbc5b48fec87ab4a1.jpg,exact_cross_class_conflict,2,healthy_cattle|healthy_skin
C:\Users\ashis\Desktop\ScanAI\dataset_manager\clean\species_health\healthy_cattle\kaggle__devang03mgr__cattle-diseases-datasets__Normal_Skin_281_png.rf.74386b5b577213cfe998dc70701b74c1.jpg,exact_cross_class_conflict,2,healthy_cattle|healthy_skin
C:\Users\ashis\Desktop\ScanAI\dataset_manager\clean\skin\healthy_skin\roboflow__lumpy-skin-disease-detection__Normal_Skin_31_png.rf.41107f45e28345e453d761fde13f64cb.jpg,exact_cross_class_conflict,2,healthy_cattle|healthy_skin
C:\Users\ashis\Desktop\ScanAI\dataset_manager\clean\species_health\healthy_cattle\kaggle__devang03mgr__cattle-diseases-datasets__Normal_Skin_31_png.rf.edf82e5508525c4caf422fbce4eecdae.jpg,exact_cross_class_conflict,2,healthy_cattle|healthy_skin
C:\Users\ashis\Desktop\ScanAI\dataset_manager\clean\skin\healthy_skin\roboflow__lumpy-skin-disease-detection__Normal_Skin_32_png.rf.a7da8f959b04fa3e9438a318f8443a4d.jpg,exact_cross_class_conflict,2,healthy_cattle|healthy_skin
C:\Users\ashis\Desktop\ScanAI\dataset_manager\clean\species_health\healthy_cattle\kaggle__devang03mgr__cattle-diseases-datasets__Normal_Skin_32_png.rf.105c6f5d10ce89c611adfc006f0d4d92.jpg,exact_cross_class_conflict,2,healthy_cattle|healthy_skin
C:\Users\ashis\Desktop\ScanAI\dataset_manager\clean\skin\healthy_skin\roboflow__lumpy-skin-disease-detection__Normal_Skin_35_png.rf.e161ee3848d7f9773ac4e9f363047b6c.jpg,exact_cross_class_conflict,2,healthy_cattle|healthy_skin
C:\Users\ashis\Desktop\ScanAI\dataset_manager\clean\species_health\healthy_cattle\kaggle__devang03mgr__cattle-diseases-datasets__Normal_Skin_35_png.rf.849090038f92b73aba8199320c4cc99d.jpg,exact_cross_class_conflict,2,healthy_cattle|healthy_skin
C:\Users\ashis\Desktop\ScanAI\dataset_manager\clean\skin\healthy_skin\roboflow__lumpy-skin-disease-detection__Normal_Skin_556_png.rf.b654e23d63026df6a3571a19a4ef757a.jpg,exact_cross_class_conflict,2,healthy_cattle|healthy_skin
C:\Users\ashis\Desktop\ScanAI\dataset_manager\clean\species_health\healthy_cattle\kaggle__devang03mgr__cattle-diseases-datasets__Normal_Skin_556-resized.jpg,exact_cross_class_conflict,2,healthy_cattle|healthy_skin
C:\Users\ashis\Desktop\ScanAI\dataset_manager\clean\skin\healthy_skin\roboflow__lumpy-skin-disease-detection__Normal_Skin_557_png.rf.09f71798d06ad6702ea80717643514ff.jpg,exact_cross_class_conflict,2,healthy_cattle|healthy_skin
C:\Users\ashis\Desktop\ScanAI\dataset_manager\clean\species_health\healthy_cattle\kaggle__devang03mgr__cattle-diseases-datasets__Normal_Skin_557-resized.jpg,exact_cross_class_conflict,2,healthy_cattle|healthy_skin
C:\Users\ashis\Desktop\ScanAI\dataset_manager\clean\skin\healthy_skin\roboflow__lumpy-skin-disease-detection__Normal_Skin_558_png.rf.35bc09e0487ac7a11c7ac9211695580b.jpg,exact_cross_class_conflict,2,healthy_cattle|healthy_skin
C:\Users\ashis\Desktop\ScanAI\dataset_manager\clean\species_health\healthy_cattle\kaggle__devang03mgr__cattle-diseases-datasets__Normal_Skin_558-resized.jpg,exact_cross_class_conflict,2,healthy_cattle|healthy_skin
C:\Users\ashis\Desktop\ScanAI\dataset_manager\clean\skin\healthy_skin\roboflow__lumpy-skin-disease-detection__Normal_Skin_559_png.rf.5aa5db5bdfa9a0e8c44fb9b899d61f82.jpg,exact_cross_class_conflict,2,healthy_cattle|healthy_skin
C:\Users\ashis\Desktop\ScanAI\dataset_manager\clean\species_health\healthy_cattle\kaggle__devang03mgr__cattle-diseases-datasets__Normal_Skin_559-resized.jpg,exact_cross_class_conflict,2,healthy_cattle|healthy_skin
C:\Users\ashis\Desktop\ScanAI\dataset_manager\clean\skin\healthy_skin\roboflow__lumpy-skin-disease-detection__Normal_Skin_56_png.rf.76d3b3e6d9ce91b0d0b95c5bddc0d651.jpg,exact_cross_class_conflict,2,healthy_cattle|healthy_skin
C:\Users\ashis\Desktop\ScanAI\dataset_manager\clean\species_health\healthy_cattle\kaggle__devang03mgr__cattle-diseases-datasets__Normal_Skin_56-resized.jpg,exact_cross_class_conflict,2,healthy_cattle|healthy_skin
C:\Users\ashis\Desktop\ScanAI\dataset_manager\clean\skin\healthy_skin\roboflow__lumpy-skin-disease-detection__Normal_Skin_560_png.rf.3ccad5cd39a24c10b95fe37b5f5d35bf.jpg,exact_cross_class_conflict,2,healthy_cattle|healthy_skin
C:\Users\ashis\Desktop\ScanAI\dataset_manager\clean\species_health\healthy_cattle\kaggle__devang03mgr__cattle-diseases-datasets__Normal_Skin_560-resized.jpg,exact_cross_class_conflict,2,healthy_cattle|healthy_skin
C:\Users\ashis\Desktop\ScanAI\dataset_manager\clean\skin\healthy_skin\roboflow__lumpy-skin-disease-detection__Normal_Skin_561_png.rf.5850878297af5f6f3576c9d5e63206da.jpg,exact_cross_class_conflict,2,healthy_cattle|healthy_skin
C:\Users\ashis\Desktop\ScanAI\dataset_manager\clean\species_health\healthy_cattle\kaggle__devang03mgr__cattle-diseases-datasets__Normal_Skin_561-resized.jpg,exact_cross_class_conflict,2,healthy_cattle|healthy_skin
C:\Users\ashis\Desktop\ScanAI\dataset_manager\clean\skin\healthy_skin\roboflow__lumpy-skin-disease-detection__Normal_Skin_562_png.rf.05fc929341254204d8653fefa45ce5ee.jpg,exact_cross_class_conflict,2,healthy_cattle|healthy_skin
C:\Users\ashis\Desktop\ScanAI\dataset_manager\clean\species_health\healthy_cattle\kaggle__devang03mgr__cattle-diseases-datasets__Normal_Skin_562-resized.jpg,exact_cross_class_conflict,2,healthy_cattle|healthy_skin
C:\Users\ashis\Desktop\ScanAI\dataset_manager\clean\skin\healthy_skin\roboflow__lumpy-skin-disease-detection__Normal_Skin_563_png.rf.8d73047dcd2eeb88fd93c3d32aeceac3.jpg,exact_cross_class_conflict,2,healthy_cattle|healthy_skin
C:\Users\ashis\Desktop\ScanAI\dataset_manager\clean\species_health\healthy_cattle\kaggle__devang03mgr__cattle-diseases-datasets__Normal_Skin_563-resized.jpg,exact_cross_class_conflict,2,healthy_cattle|healthy_skin
C:\Users\ashis\Desktop\ScanAI\dataset_manager\clean\skin\healthy_skin\roboflow__lumpy-skin-disease-detection__Normal_Skin_564_png.rf.3ac2ec4c28997293dc713aa1748388a3.jpg,exact_cross_class_conflict,2,healthy_cattle|healthy_skin
C:\Users\ashis\Desktop\ScanAI\dataset_manager\clean\species_health\healthy_cattle\kaggle__devang03mgr__cattle-diseases-datasets__Normal_Skin_564-resized.jpg,exact_cross_class_conflict,2,healthy_cattle|healthy_skin
C:\Users\ashis\Desktop\ScanAI\dataset_manager\clean\skin\healthy_skin\roboflow__lumpy-skin-disease-detection__Normal_Skin_565_png.rf.3b8b8e8fb4cb88064416060b79b3d65f.jpg,exact_cross_class_conflict,3,healthy_cattle|healthy_skin
C:\Users\ashis\Desktop\ScanAI\dataset_manager\clean\skin\healthy_skin\roboflow__lumpy-skin-disease-detection__Normal_Skin_712_png.rf.7a28f45cd65b286caa55b889ea7ca76e.jpg,exact_cross_class_conflict,3,healthy_cattle|healthy_skin
C:\Users\ashis\Desktop\ScanAI\dataset_manager\clean\species_health\healthy_cattle\kaggle__devang03mgr__cattle-diseases-datasets__Normal_Skin_565-resized.jpg,exact_cross_class_conflict,3,healthy_cattle|healthy_skin
C:\Users\ashis\Desktop\ScanAI\dataset_manager\clean\skin\healthy_skin\roboflow__lumpy-skin-disease-detection__Normal_Skin_566_png.rf.0405664e7ed52615120daf9c6e6d3d4a.jpg,exact_cross_class_conflict,2,healthy_cattle|healthy_skin
C:\Users\ashis\Desktop\ScanAI\dataset_manager\clean\species_health\healthy_cattle\kaggle__devang03mgr__cattle-diseases-datasets__Normal_Skin_566-resized.jpg,exact_cross_class_conflict,2,healthy_cattle|healthy_skin
C:\Users\ashis\Desktop\ScanAI\dataset_manager\clean\skin\healthy_skin\roboflow__lumpy-skin-disease-detection__Normal_Skin_567_png.rf.9629c1ca37a73cb10d4a240f6157a0f8.jpg,exact_cross_class_conflict,2,healthy_cattle|healthy_skin
C:\Users\ashis\Desktop\ScanAI\dataset_manager\clean\species_health\healthy_cattle\kaggle__devang03mgr__cattle-diseases-datasets__Normal_Skin_567-resized.jpg,exact_cross_class_conflict,2,healthy_cattle|healthy_skin
C:\Users\ashis\Desktop\ScanAI\dataset_manager\clean\skin\healthy_skin\roboflow__lumpy-skin-disease-detection__Normal_Skin_568_png.rf.42e38b2f8b87fc7355de34c6d18f2fc0.jpg,exact_cross_class_conflict,2,healthy_cattle|healthy_skin
C:\Users\ashis\Desktop\ScanAI\dataset_manager\clean\species_health\healthy_cattle\kaggle__devang03mgr__cattle-diseases-datasets__Normal_Skin_568-resized.jpg,exact_cross_class_conflict,2,healthy_cattle|healthy_skin
C:\Users\ashis\Desktop\ScanAI\dataset_manager\clean\skin\healthy_skin\roboflow__lumpy-skin-disease-detection__Normal_Skin_569_png.rf.9320fcd978e3ba0f3a15f39f2759d5ff.jpg,exact_cross_class_conflict,2,healthy_cattle|healthy_skin
C:\Users\ashis\Desktop\ScanAI\dataset_manager\clean\species_health\healthy_cattle\kaggle__devang03mgr__cattle-diseases-datasets__Normal_Skin_569-resized.jpg,exact_cross_class_conflict,2,healthy_cattle|healthy_skin
C:\Users\ashis\Desktop\ScanAI\dataset_manager\clean\skin\healthy_skin\roboflow__lumpy-skin-disease-detection__Normal_Skin_473_png.rf.cf5cbc0fbbb83725b67dfea55abe7d49.jpg,exact_cross_class_conflict,3,healthy_cattle|healthy_skin
C:\Users\ashis\Desktop\ScanAI\dataset_manager\clean\skin\healthy_skin\roboflow__lumpy-skin-disease-detection__Normal_Skin_57_png.rf.1cf14e058dc6dcc297f5810cb07e51e1.jpg,exact_cross_class_conflict,3,healthy_cattle|healthy_skin
C:\Users\ashis\Desktop\ScanAI\dataset_manager\clean\species_health\healthy_cattle\kaggle__devang03mgr__cattle-diseases-datasets__Normal_Skin_57-resized.jpg,exact_cross_class_conflict,3,healthy_cattle|healthy_skin
C:\Users\ashis\Desktop\ScanAI\dataset_manager\clean\skin\healthy_skin\roboflow__lumpy-skin-disease-detection__Normal_Skin_570_png.rf.9bc6d5d90840f66760b85422700716c4.jpg,exact_cross_class_conflict,2,healthy_cattle|healthy_skin
C:\Users\ashis\Desktop\ScanAI\dataset_manager\clean\species_health\healthy_cattle\kaggle__devang03mgr__cattle-diseases-datasets__Normal_Skin_570-resized.jpg,exact_cross_class_conflict,2,healthy_cattle|healthy_skin
C:\Users\ashis\Desktop\ScanAI\dataset_manager\clean\skin\healthy_skin\roboflow__lumpy-skin-disease-detection__Normal_Skin_571_png.rf.e96162b82a0284ec35abde7404e5440d.jpg,exact_cross_class_conflict,2,healthy_cattle|healthy_skin
C:\Users\ashis\Desktop\ScanAI\dataset_manager\clean\species_health\healthy_cattle\kaggle__devang03mgr__cattle-diseases-datasets__Normal_Skin_571-resized.jpg,exact_cross_class_conflict,2,healthy_cattle|healthy_skin
C:\Users\ashis\Desktop\ScanAI\dataset_manager\clean\skin\healthy_skin\roboflow__lumpy-skin-disease-detection__Normal_Skin_586_png.rf.f9e574041a0c4e66ef75f2ea57d3e3a7.jpg,exact_cross_class_conflict,2,healthy_cattle|healthy_skin
C:\Users\ashis\Desktop\ScanAI\dataset_manager\clean\species_health\healthy_cattle\kaggle__devang03mgr__cattle-diseases-datasets__Normal_Skin_586-resized.jpg,exact_cross_class_conflict,2,healthy_cattle|healthy_skin
C:\Users\ashis\Desktop\ScanAI\dataset_manager\clean\skin\healthy_skin\roboflow__lumpy-skin-disease-detection__Normal_Skin_587_png.rf.5cf8e9ced2bef97ec1bc2fd07761699f.jpg,exact_cross_class_conflict,2,healthy_cattle|healthy_skin
C:\Users\ashis\Desktop\ScanAI\dataset_manager\clean\species_health\healthy_cattle\kaggle__devang03mgr__cattle-diseases-datasets__Normal_Skin_587-resized.jpg,exact_cross_class_conflict,2,healthy_cattle|healthy_skin
C:\Users\ashis\Desktop\ScanAI\dataset_manager\clean\skin\healthy_skin\roboflow__lumpy-skin-disease-detection__Normal_Skin_588_png.rf.9cf5f641d68ab003b734911649801bac.jpg,exact_cross_class_conflict,4,healthy_cattle|healthy_skin|lumpy_skin_disease
C:\Users\ashis\Desktop\ScanAI\dataset_manager\clean\skin\lumpy_skin_disease\kaggle__devang03mgr__cattle-diseases-datasets__img1299(1).jpg,exact_cross_class_conflict,4,healthy_cattle|healthy_skin|lumpy_skin_disease
C:\Users\ashis\Desktop\ScanAI\dataset_manager\clean\skin\lumpy_skin_disease\roboflow__lumpy-skin-disease-detection__Lumpy_Skin_306_png.rf.916137ce9132a58d654973f60bc78d15.jpg,exact_cross_class_conflict,4,healthy_cattle|healthy_skin|lumpy_skin_disease
C:\Users\ashis\Desktop\ScanAI\dataset_manager\clean\species_health\healthy_cattle\kaggle__devang03mgr__cattle-diseases-datasets__Normal_Skin_588-resized.jpg,exact_cross_class_conflict,4,healthy_cattle|healthy_skin|lumpy_skin_disease
C:\Users\ashis\Desktop\ScanAI\dataset_manager\clean\skin\healthy_skin\roboflow__lumpy-skin-disease-detection__Normal_Skin_589_png.rf.923cfc30c569b0a88f6df885f162a83c.jpg,exact_cross_class_conflict,2,healthy_cattle|healthy_skin
C:\Users\ashis\Desktop\ScanAI\dataset_manager\clean\species_health\healthy_cattle\kaggle__devang03mgr__cattle-diseases-datasets__Normal_Skin_589-resized.jpg,exact_cross_class_conflict,2,healthy_cattle|healthy_skin
C:\Users\ashis\Desktop\ScanAI\dataset_manager\clean\skin\healthy_skin\roboflow__lumpy-skin-disease-detection__Normal_Skin_590_png.rf.a41acc1ffefa0511a10eb5a120596d70.jpg,exact_cross_class_conflict,3,healthy_cattle|healthy_skin
C:\Users\ashis\Desktop\ScanAI\dataset_manager\clean\skin\healthy_skin\roboflow__lumpy-skin-disease-detection__Normal_Skin_66_png.rf.050cf6ff5858cd2d6ea427c6821e3828.jpg,exact_cross_class_conflict,3,healthy_cattle|healthy_skin
C:\Users\ashis\Desktop\ScanAI\dataset_manager\clean\species_health\healthy_cattle\kaggle__devang03mgr__cattle-diseases-datasets__Normal_Skin_590-resized.jpg,exact_cross_class_conflict,3,healthy_cattle|healthy_skin
C:\Users\ashis\Desktop\ScanAI\dataset_manager\clean\skin\healthy_skin\roboflow__lumpy-skin-disease-detection__Normal_Skin_591_png.rf.942a059fc0fabd6dfe8ac1f0de7ad666.jpg,exact_cross_class_conflict,2,healthy_cattle|healthy_skin
C:\Users\ashis\Desktop\ScanAI\dataset_manager\clean\species_health\healthy_cattle\kaggle__devang03mgr__cattle-diseases-datasets__Normal_Skin_591-resized.jpg,exact_cross_class_conflict,2,healthy_cattle|healthy_skin
C:\Users\ashis\Desktop\ScanAI\dataset_manager\clean\skin\healthy_skin\roboflow__lumpy-skin-disease-detection__Normal_Skin_592_png.rf.322b72b6450a5b967ed190aba0d47bed.jpg,exact_cross_class_conflict,2,healthy_cattle|healthy_skin
C:\Users\ashis\Desktop\ScanAI\dataset_manager\clean\species_health\healthy_cattle\kaggle__devang03mgr__cattle-diseases-datasets__Normal_Skin_592-resized.jpg,exact_cross_class_conflict,2,healthy_cattle|healthy_skin
C:\Users\ashis\Desktop\ScanAI\dataset_manager\clean\skin\healthy_skin\roboflow__lumpy-skin-disease-detection__Normal_Skin_593_png.rf.4cc0ad38695ce15b61d045fa50ad65d9.jpg,exact_cross_class_conflict,2,healthy_cattle|healthy_skin
C:\Users\ashis\Desktop\ScanAI\dataset_manager\clean\species_health\healthy_cattle\kaggle__devang03mgr__cattle-diseases-datasets__Normal_Skin_593-resized.jpg,exact_cross_class_conflict,2,healthy_cattle|healthy_skin
C:\Users\ashis\Desktop\ScanAI\dataset_manager\clean\skin\healthy_skin\roboflow__lumpy-skin-disease-detection__Normal_Skin_594_png.rf.fb4a92676abf33088c4e872ce7d7a821.jpg,exact_cross_class_conflict,2,healthy_cattle|healthy_skin
C:\Users\ashis\Desktop\ScanAI\dataset_manager\clean\species_health\healthy_cattle\kaggle__devang03mgr__cattle-diseases-datasets__Normal_Skin_594-resized.jpg,exact_cross_class_conflict,2,healthy_cattle|healthy_skin
C:\Users\ashis\Desktop\ScanAI\dataset_manager\clean\skin\healthy_skin\roboflow__lumpy-skin-disease-detection__Normal_Skin_595_png.rf.ee9a94c5b01a658edc1c9c2fa945e57c.jpg,exact_cross_class_conflict,2,healthy_cattle|healthy_skin
C:\Users\ashis\Desktop\ScanAI\dataset_manager\clean\species_health\healthy_cattle\kaggle__devang03mgr__cattle-diseases-datasets__Normal_Skin_595-resized.jpg,exact_cross_class_conflict,2,healthy_cattle|healthy_skin
C:\Users\ashis\Desktop\ScanAI\dataset_manager\clean\skin\healthy_skin\roboflow__lumpy-skin-disease-detection__Normal_Skin_596_png.rf.fee6b388805be9c4cdc424a3a18b5bf0.jpg,exact_cross_class_conflict,2,healthy_cattle|healthy_skin
C:\Users\ashis\Desktop\ScanAI\dataset_manager\clean\species_health\healthy_cattle\kaggle__devang03mgr__cattle-diseases-datasets__Normal_Skin_596-resized.jpg,exact_cross_class_conflict,2,healthy_cattle|healthy_skin
C:\Users\ashis\Desktop\ScanAI\dataset_manager\clean\skin\healthy_skin\roboflow__lumpy-skin-disease-detection__Normal_Skin_176_png.rf.165514298031db0e401b077c93e33365.jpg,exact_cross_class_conflict,3,healthy_cattle|healthy_skin
C:\Users\ashis\Desktop\ScanAI\dataset_manager\clean\skin\healthy_skin\roboflow__lumpy-skin-disease-detection__Normal_Skin_79_png.rf.acea12f7f635ba06d38db9dd836cf3cb.jpg,exact_cross_class_conflict,3,healthy_cattle|healthy_skin
C:\Users\ashis\Desktop\ScanAI\dataset_manager\clean\species_health\healthy_cattle\kaggle__devang03mgr__cattle-diseases-datasets__Normal_Skin_79_png.rf.070d631629f8dc44e961a892de631a48.jpg,exact_cross_class_conflict,3,healthy_cattle|healthy_skin
C:\Users\ashis\Desktop\ScanAI\dataset_manager\clean\skin\healthy_skin\roboflow__lumpy-skin-disease-detection__Normal_Skin_233_png.rf.da8ff26ba6f378c735b78f8865ddd822.jpg,exact_cross_class_conflict,2,healthy_cattle|healthy_skin
C:\Users\ashis\Desktop\ScanAI\dataset_manager\clean\species_health\healthy_cattle\kaggle__devang03mgr__cattle-diseases-datasets__RedDanecattle36.jpg,exact_cross_class_conflict,2,healthy_cattle|healthy_skin
C:\Users\ashis\Desktop\ScanAI\dataset_manager\clean\skin\healthy_skin\roboflow__lumpy-skin-disease-detection__Normal_Skin_28_png.rf.446c73097571dafb0930ccce55c5e447.jpg,exact_cross_class_conflict,3,healthy_cattle|healthy_skin
C:\Users\ashis\Desktop\ScanAI\dataset_manager\clean\species_health\healthy_cattle\kaggle__devang03mgr__cattle-diseases-datasets__RedDanecattle47.jpg,exact_cross_class_conflict,3,healthy_cattle|healthy_skin
C:\Users\ashis\Desktop\ScanAI\dataset_manager\clean\species_health\healthy_cattle\roboflow__cattle-diseases__images-11-_jpg.rf.6d68aad5f31261199a1c1abc85f82592.jpg,exact_cross_class_conflict,3,healthy_cattle|healthy_skin
C:\Users\ashis\Desktop\ScanAI\dataset_manager\clean\skin\healthy_skin\roboflow__lumpy-skin-disease-detection__Normal_Skin_148_png.rf.92670215377d5d86be49470d9586e5d7.jpg,exact_cross_class_conflict,3,healthy_cattle|healthy_skin
C:\Users\ashis\Desktop\ScanAI\dataset_manager\clean\skin\healthy_skin\roboflow__lumpy-skin-disease-detection__Normal_Skin_577_png.rf.54936d621f42e9a33a2fa729f977f2a4.jpg,exact_cross_class_conflict,3,healthy_cattle|healthy_skin
C:\Users\ashis\Desktop\ScanAI\dataset_manager\clean\species_health\healthy_cattle\kaggle__devang03mgr__cattle-diseases-datasets__RedDanecattle57.jpg,exact_cross_class_conflict,3,healthy_cattle|healthy_skin
C:\Users\ashis\Desktop\ScanAI\dataset_manager\clean\skin\lumpy_skin_disease\kaggle__devang03mgr__cattle-diseases-datasets__4_jpg.rf.d8f766d27af400b32662a91211830adc.jpg,exact_cross_class_conflict,5,healthy_cattle|lumpy_skin_disease
C:\Users\ashis\Desktop\ScanAI\dataset_manager\clean\skin\lumpy_skin_disease\roboflow__cattle-diseases__4_jpg.rf.ee7a8c6a175e9a6da949e9ebbbc8e853.jpg,exact_cross_class_conflict,5,healthy_cattle|lumpy_skin_disease
C:\Users\ashis\Desktop\ScanAI\dataset_manager\clean\skin\lumpy_skin_disease\roboflow__lumpy-skin-disease-detection__Lumpy_Skin_37_png.rf.285dc390f46bd8595beeec51d2756d73.jpg,exact_cross_class_conflict,5,healthy_cattle|lumpy_skin_disease
C:\Users\ashis\Desktop\ScanAI\dataset_manager\clean\skin\lumpy_skin_disease\roboflow__lumpy-skin-disease-detection__Lumpy_Skin_58_png.rf.730808bd83436ecaeac03610dc74299a.jpg,exact_cross_class_conflict,5,healthy_cattle|lumpy_skin_disease
C:\Users\ashis\Desktop\ScanAI\dataset_manager\clean\species_health\healthy_cattle\roboflow__cattle-diseases__79_jpg.rf.4a61081bd45003e7e64321358d4d0f6c.jpg,exact_cross_class_conflict,5,healthy_cattle|lumpy_skin_disease
C:\Users\ashis\Desktop\ScanAI\dataset_manager\clean\species_health\healthy_cattle\roboflow__cattle-diseases__Ayrshirecattle0_c_jpg.rf.6d4b361f3b09139ce0fdee07ab83ad0f.jpg,same_class_duplicate,2,healthy_cattle
C:\Users\ashis\Desktop\ScanAI\dataset_manager\clean\species_health\healthy_cattle\roboflow__cattle-diseases__Ayrshirecattle102_jpg.rf.bb15c99ddf6154d93941405dfc0d78c7.jpg,same_class_duplicate,2,healthy_cattle
C:\Users\ashis\Desktop\ScanAI\dataset_manager\clean\species_health\healthy_cattle\roboflow__cattle-diseases__Ayrshirecattle105_jpg.rf.8599e1dfbe88723f75f90a3894364654.jpg,same_class_duplicate,2,healthy_cattle
C:\Users\ashis\Desktop\ScanAI\dataset_manager\clean\species_health\healthy_cattle\roboflow__cattle-diseases__Ayrshirecattle111_jpg.rf.30a369b9073c7d30834007a862d3eb8b.jpg,same_class_duplicate,2,healthy_cattle
C:\Users\ashis\Desktop\ScanAI\dataset_manager\clean\species_health\healthy_cattle\roboflow__cattle-diseases__Ayrshirecattle118_jpg.rf.8798896064231b809da60720cd691a6e.jpg,same_class_duplicate,2,healthy_cattle
C:\Users\ashis\Desktop\ScanAI\dataset_manager\clean\species_health\healthy_cattle\roboflow__cattle-diseases__Ayrshirecattle121_jpg.rf.9ae620d3842d82a98b9459b4762f2c2b.jpg,same_class_duplicate,2,healthy_cattle
C:\Users\ashis\Desktop\ScanAI\dataset_manager\clean\species_health\healthy_cattle\roboflow__cattle-diseases__Ayrshirecattle124_jpg.rf.65c1f6bf5f3107e6688899007e984a23.jpg,same_class_duplicate,2,healthy_cattle
C:\Users\ashis\Desktop\ScanAI\dataset_manager\clean\species_health\healthy_cattle\roboflow__cattle-diseases__Ayrshirecattle133_c_jpg.rf.8a128315fe072d7b499f9c38194a8a8a.jpg,same_class_duplicate,3,healthy_cattle
C:\Users\ashis\Desktop\ScanAI\dataset_manager\clean\species_health\healthy_cattle\roboflow__cattle-diseases__Ayrshirecattle133_jpg.rf.e873e0a07eb55afc1b64420a6099726a.jpg,same_class_duplicate,3,healthy_cattle
C:\Users\ashis\Desktop\ScanAI\dataset_manager\clean\species_health\healthy_cattle\roboflow__cattle-diseases__Ayrshirecattle135_c_jpg.rf.977ba5832f29145e44c7978d0c8e094b.jpg,same_class_duplicate,2,healthy_cattle
C:\Users\ashis\Desktop\ScanAI\dataset_manager\clean\species_health\healthy_cattle\roboflow__cattle-diseases__Ayrshirecattle146_c_jpg.rf.42dbeb87e6fffe88015f86cc740b07de.jpg,same_class_duplicate,2,healthy_cattle
C:\Users\ashis\Desktop\ScanAI\dataset_manager\clean\species_health\healthy_cattle\roboflow__cattle-diseases__Ayrshirecattle146_c_jpg.rf.df4f7c30e7cfbe2d8b8b88a69b52af38.jpg,same_class_duplicate,2,healthy_cattle
C:\Users\ashis\Desktop\ScanAI\dataset_manager\clean\species_health\healthy_cattle\roboflow__cattle-diseases__Ayrshirecattle26_jpg.rf.cbebd7b40a233e420108de01e0bfc62f.jpg,same_class_duplicate,3,healthy_cattle
C:\Users\ashis\Desktop\ScanAI\dataset_manager\clean\species_health\healthy_cattle\roboflow__cattle-diseases__Ayrshirecattle70_jpg.rf.67bb394f0e5d89f69fce76a76c9ff1ed.jpg,same_class_duplicate,3,healthy_cattle
C:\Users\ashis\Desktop\ScanAI\dataset_manager\clean\species_health\healthy_cattle\roboflow__cattle-diseases__Ayrshirecattle27_c_jpg.rf.efa0ac7f5127667080aacae9dfc9d5eb.jpg,same_class_duplicate,2,healthy_cattle
C:\Users\ashis\Desktop\ScanAI\dataset_manager\clean\species_health\healthy_cattle\roboflow__cattle-diseases__Ayrshirecattle30_jpg.rf.4c956711afd50b465612330982d88f6d.jpg,same_class_duplicate,2,healthy_cattle
C:\Users\ashis\Desktop\ScanAI\dataset_manager\clean\species_health\healthy_cattle\roboflow__cattle-diseases__Ayrshirecattle35_jpg.rf.2948fa6bfeefefdd54d18d114e422a23.jpg,same_class_duplicate,2,healthy_cattle
C:\Users\ashis\Desktop\ScanAI\dataset_manager\clean\species_health\healthy_cattle\roboflow__cattle-diseases__Ayrshirecattle38_c_jpg.rf.c320f86b252e4d15b1458d53d2b227eb.jpg,same_class_duplicate,2,healthy_cattle
C:\Users\ashis\Desktop\ScanAI\dataset_manager\clean\species_health\healthy_cattle\roboflow__cattle-diseases__Ayrshirecattle3_jpg.rf.984ef8f7d331098dbd761fc65f5c7a8b.jpg,same_class_duplicate,2,healthy_cattle
C:\Users\ashis\Desktop\ScanAI\dataset_manager\clean\species_health\healthy_cattle\roboflow__cattle-diseases__Ayrshirecattle42_c_jpg.rf.e70df7cdd2884f595773db8fa58be38c.jpg,same_class_duplicate,3,healthy_cattle
C:\Users\ashis\Desktop\ScanAI\dataset_manager\clean\species_health\healthy_cattle\roboflow__cattle-diseases__Ayrshirecattle42_jpg.rf.355ba3db4374637e15b187d529730a6a.jpg,same_class_duplicate,3,healthy_cattle
C:\Users\ashis\Desktop\ScanAI\dataset_manager\clean\species_health\healthy_cattle\roboflow__cattle-diseases__Ayrshirecattle46_c_jpg.rf.dbfe40d9c7216a2f6f2a01663bef249c.jpg,same_class_duplicate,3,healthy_cattle
C:\Users\ashis\Desktop\ScanAI\dataset_manager\clean\species_health\healthy_cattle\roboflow__cattle-diseases__Ayrshirecattle46_jpg.rf.c88b574144bfe00691b4040a4bb7b866.jpg,same_class_duplicate,3,healthy_cattle
C:\Users\ashis\Desktop\ScanAI\dataset_manager\clean\species_health\healthy_cattle\roboflow__cattle-diseases__Ayrshirecattle46_jpg.rf.24ff2a478f9491f386f976334c537e55.jpg,same_class_duplicate,3,healthy_cattle
C:\Users\ashis\Desktop\ScanAI\dataset_manager\clean\species_health\healthy_cattle\roboflow__cattle-diseases__Ayrshirecattle46_jpg.rf.e980d6909c1edac57b33a6c46894569c.jpg,same_class_duplicate,3,healthy_cattle
C:\Users\ashis\Desktop\ScanAI\dataset_manager\clean\species_health\healthy_cattle\roboflow__cattle-diseases__Ayrshirecattle47_c_jpg.rf.805a8feafc0cb57b4ec7cd0d3ab1834c.jpg,same_class_duplicate,2,healthy_cattle
C:\Users\ashis\Desktop\ScanAI\dataset_manager\clean\species_health\healthy_cattle\roboflow__cattle-diseases__Ayrshirecattle47_jpg.rf.803f50f741a1582e92c1a600d6e0d5aa.jpg,same_class_duplicate,2,healthy_cattle
C:\Users\ashis\Desktop\ScanAI\dataset_manager\clean\species_health\healthy_cattle\roboflow__cattle-diseases__Ayrshirecattle4_c_jpg.rf.b0eae481783555bdfd1ab10219714aa5.jpg,same_class_duplicate,2,healthy_cattle
C:\Users\ashis\Desktop\ScanAI\dataset_manager\clean\species_health\healthy_cattle\roboflow__cattle-diseases__Ayrshirecattle51_c_jpg.rf.1b9f4849ebf4e03849e2de6c8edde427.jpg,same_class_duplicate,4,healthy_cattle
C:\Users\ashis\Desktop\ScanAI\dataset_manager\clean\species_health\healthy_cattle\roboflow__cattle-diseases__Ayrshirecattle51_jpg.rf.7f0761e796d540ae08e1f0b1a83edbdd.jpg,same_class_duplicate,4,healthy_cattle
C:\Users\ashis\Desktop\ScanAI\dataset_manager\clean\species_health\healthy_cattle\roboflow__cattle-diseases__Ayrshirecattle51_jpg.rf.8af4b0d194b4aa60910b31c6d0d82f8b.jpg,same_class_duplicate,4,healthy_cattle
C:\Users\ashis\Desktop\ScanAI\dataset_manager\clean\species_health\healthy_cattle\roboflow__cattle-diseases__Ayrshirecattle51_jpg.rf.d1fbe05c618ff8cb2382fd6ba76b47db.jpg,same_class_duplicate,2,healthy_cattle
C:\Users\ashis\Desktop\ScanAI\dataset_manager\clean\species_health\healthy_cattle\roboflow__cattle-diseases__Ayrshirecattle54_c_jpg.rf.e5a489f6cd0dcabb7208cffc2fb09298.jpg,same_class_duplicate,2,healthy_cattle
C:\Users\ashis\Desktop\ScanAI\dataset_manager\clean\species_health\healthy_cattle\roboflow__cattle-diseases__Ayrshirecattle56_c_jpg.rf.eaab8afc78af8904bf6055b24229a2db.jpg,same_class_duplicate,2,healthy_cattle
C:\Users\ashis\Desktop\ScanAI\dataset_manager\clean\species_health\healthy_cattle\roboflow__cattle-diseases__Ayrshirecattle58_jpg.rf.77df686ade43dca26e7935793b6d04a2.jpg,same_class_duplicate,2,healthy_cattle
C:\Users\ashis\Desktop\ScanAI\dataset_manager\clean\species_health\healthy_cattle\roboflow__cattle-diseases__Ayrshirecattle60_jpg.rf.5db2da2e569899e4d3a17b006b1e76f7.jpg,same_class_duplicate,2,healthy_cattle
C:\Users\ashis\Desktop\ScanAI\dataset_manager\clean\species_health\healthy_cattle\roboflow__cattle-diseases__Ayrshirecattle63_c_jpg.rf.f1322306ab168ab86e0747cf0a0026f2.jpg,same_class_duplicate,2,healthy_cattle
C:\Users\ashis\Desktop\ScanAI\dataset_manager\clean\species_health\healthy_cattle\roboflow__cattle-diseases__Ayrshirecattle63_jpg.rf.128e243f9c4f17bf5e4b994d72253bad.jpg,same_class_duplicate,2,healthy_cattle
C:\Users\ashis\Desktop\ScanAI\dataset_manager\clean\species_health\healthy_cattle\roboflow__cattle-diseases__Ayrshirecattle65_c_jpg.rf.af9e1754dedba5217633315a3c96fed9.jpg,same_class_duplicate,2,healthy_cattle
C:\Users\ashis\Desktop\ScanAI\dataset_manager\clean\species_health\healthy_cattle\roboflow__cattle-diseases__Ayrshirecattle66_c_jpg.rf.de781c9631e5c8dfb65f1c1913ef3a89.jpg,same_class_duplicate,2,healthy_cattle
C:\Users\ashis\Desktop\ScanAI\dataset_manager\clean\species_health\healthy_cattle\roboflow__cattle-diseases__Ayrshirecattle66_jpg.rf.cea57a06ac5094f5ad0a5e667d52243e.jpg,same_class_duplicate,2,healthy_cattle
C:\Users\ashis\Desktop\ScanAI\dataset_manager\clean\species_health\healthy_cattle\roboflow__cattle-diseases__Ayrshirecattle67_c_jpg.rf.facafec558416bbd9748b75910d91da0.jpg,same_class_duplicate,2,healthy_cattle
C:\Users\ashis\Desktop\ScanAI\dataset_manager\clean\species_health\healthy_cattle\roboflow__cattle-diseases__Ayrshirecattle70_c_jpg.rf.f0cf00d583908cfde1daeeeab7e54200.jpg,same_class_duplicate,2,healthy_cattle
C:\Users\ashis\Desktop\ScanAI\dataset_manager\clean\species_health\healthy_cattle\roboflow__cattle-diseases__Ayrshirecattle79_c_jpg.rf.452aedf0b2736d2dad5546979e8e3baf.jpg,same_class_duplicate,2,healthy_cattle
C:\Users\ashis\Desktop\ScanAI\dataset_manager\clean\species_health\healthy_cattle\roboflow__cattle-diseases__Ayrshirecattle82_c_jpg.rf.9ae4b56c29c28ce50337d2d33704f268.jpg,same_class_duplicate,2,healthy_cattle
C:\Users\ashis\Desktop\ScanAI\dataset_manager\clean\species_health\healthy_cattle\roboflow__cattle-diseases__Ayrshirecattle84_jpg.rf.af5b98899348f1786da9091e31e07bb6.jpg,same_class_duplicate,2,healthy_cattle
C:\Users\ashis\Desktop\ScanAI\dataset_manager\clean\species_health\healthy_cattle\roboflow__cattle-diseases__Ayrshirecattle88_jpg.rf.294f0711c92ded82e8e6b258ef1732e0.jpg,same_class_duplicate,3,healthy_cattle
C:\Users\ashis\Desktop\ScanAI\dataset_manager\clean\species_health\healthy_cattle\roboflow__cattle-diseases__Ayrshirecattle88_jpg.rf.be1d952dc4c4ca20bf200a9c1e673bfb.jpg,same_class_duplicate,3,healthy_cattle
C:\Users\ashis\Desktop\ScanAI\dataset_manager\clean\species_health\healthy_cattle\roboflow__cattle-diseases__Ayrshirecattle90_jpg.rf.5764553fd4780ca1eb8d16787f5af788.jpg,same_class_duplicate,2,healthy_cattle
C:\Users\ashis\Desktop\ScanAI\dataset_manager\clean\species_health\healthy_cattle\roboflow__cattle-diseases__Ayrshirecattle90_jpg.rf.a471c87c14203f3f382d75c67ed17153.jpg,same_class_duplicate,2,healthy_cattle
C:\Users\ashis\Desktop\ScanAI\dataset_manager\clean\species_health\healthy_cattle\roboflow__cattle-diseases__Ayrshirecattle95_c_jpg.rf.d580ae87cf59329b21dc535220dbce9f.jpg,same_class_duplicate,2,healthy_cattle
C:\Users\ashis\Desktop\ScanAI\dataset_manager\clean\skin\healthy_skin\roboflow__lumpy-skin-disease-detection__Normal_Skin_100_png.rf.c0a9888600958c8acce256ddc01f3bac.jpg,exact_cross_class_conflict,4,healthy_cattle|healthy_skin
C:\Users\ashis\Desktop\ScanAI\dataset_manager\clean\skin\healthy_skin\roboflow__lumpy-skin-disease-detection__Normal_Skin_158_png.rf.7afff3eb9252a7b66a1d107b3001a53d.jpg,exact_cross_class_conflict,4,healthy_cattle|healthy_skin
C:\Users\ashis\Desktop\ScanAI\dataset_manager\clean\species_health\healthy_cattle\roboflow__cattle-diseases__download-19-_jpg.rf.7a85f44359622df0b734bc73ad0bd9ad.jpg,exact_cross_class_conflict,4,healthy_cattle|healthy_skin
C:\Users\ashis\Desktop\ScanAI\dataset_manager\clean\species_health\healthy_cattle\roboflow__cattle-diseases__download-2-_jpg.rf.863b42a8cf0828112a18ea28525434a1.jpg,exact_cross_class_conflict,4,healthy_cattle|healthy_skin
C:\Users\ashis\Desktop\ScanAI\dataset_manager\clean\skin\healthy_skin\roboflow__lumpy-skin-disease-detection__Normal_Skin_710_png.rf.ea13ae8a7fa07c5cd625cd6ec52be37a.jpg,exact_cross_class_conflict,2,healthy_cattle|healthy_skin
C:\Users\ashis\Desktop\ScanAI\dataset_manager\clean\species_health\healthy_cattle\roboflow__cattle-diseases__download-26-_jpg.rf.fba9a0dcdc28700848bf0ed2fe9846d2.jpg,exact_cross_class_conflict,2,healthy_cattle|healthy_skin
C:\Users\ashis\Desktop\ScanAI\dataset_manager\clean\skin\healthy_skin\roboflow__lumpy-skin-disease-detection__Normal_Skin_24_png.rf.924e2cefc13f752ca86dfb495bfe304b.jpg,exact_cross_class_conflict,2,healthy_cattle|healthy_skin
C:\Users\ashis\Desktop\ScanAI\dataset_manager\clean\species_health\healthy_cattle\roboflow__cattle-diseases__download-3-_jpg.rf.97e2f48f7275e87f6b1abfc11ff726c8.jpg,exact_cross_class_conflict,2,healthy_cattle|healthy_skin
C:\Users\ashis\Desktop\ScanAI\dataset_manager\clean\skin\healthy_skin\roboflow__lumpy-skin-disease-detection__Normal_Skin_99_png.rf.e62712c38299e4bd32849384ad609dfe.jpg,exact_cross_class_conflict,3,healthy_cattle|healthy_skin
C:\Users\ashis\Desktop\ScanAI\dataset_manager\clean\species_health\healthy_cattle\roboflow__cattle-diseases__download-7-_jpg.rf.93743304f736e52b2ba8def42c234cd2.jpg,exact_cross_class_conflict,3,healthy_cattle|healthy_skin
C:\Users\ashis\Desktop\ScanAI\dataset_manager\clean\species_health\healthy_cattle\roboflow__cattle-diseases__istockphoto-106531788-612x612_jpg.rf.14e177e2f2c61d45e8a0a1cac6369c71.jpg,exact_cross_class_conflict,3,healthy_cattle|healthy_skin
C:\Users\ashis\Desktop\ScanAI\dataset_manager\clean\skin\healthy_skin\roboflow__lumpy-skin-disease-detection__Normal_Skin_162_png.rf.01c9df563fe6e5574a1995185b87c31e.jpg,exact_cross_class_conflict,3,healthy_cattle|healthy_skin
C:\Users\ashis\Desktop\ScanAI\dataset_manager\clean\skin\healthy_skin\roboflow__lumpy-skin-disease-detection__Normal_Skin_69_png.rf.46e2ff5ee1de599584744e408aaaab24.jpg,exact_cross_class_conflict,3,healthy_cattle|healthy_skin
C:\Users\ashis\Desktop\ScanAI\dataset_manager\clean\species_health\healthy_cattle\roboflow__cattle-diseases__download_jpg.rf.7254606164a9535e7ddae76f8801ca36.jpg,exact_cross_class_conflict,3,healthy_cattle|healthy_skin
C:\Users\ashis\Desktop\ScanAI\dataset_manager\clean\species_health\healthy_cattle\roboflow__cattle-diseases__istockphoto-106430069-612x612_jpg.rf.be40408171c2705e40b0d1c45ecc8c22.jpg,same_class_duplicate,2,healthy_cattle
C:\Users\ashis\Desktop\ScanAI\dataset_manager\clean\skin\healthy_skin\roboflow__lumpy-skin-disease-detection__Normal_Skin_62_png.rf.a4b899f13e570cd214fd3d91ca295c06.jpg,exact_cross_class_conflict,2,healthy_cattle|healthy_skin
C:\Users\ashis\Desktop\ScanAI\dataset_manager\clean\species_health\healthy_cattle\roboflow__cattle-diseases__images_jpg.rf.3fe02c0e49f0d0d98dd0054446604fac.jpg,exact_cross_class_conflict,2,healthy_cattle|healthy_skin
C:\Users\ashis\Desktop\ScanAI\dataset_manager\clean\skin\allergic_dermatitis\kaggle__smadive__pet-disease-images__Image_7.jpg,same_class_duplicate,2,allergic_dermatitis
C:\Users\ashis\Desktop\ScanAI\dataset_manager\clean\skin\allergic_dermatitis\kaggle__smadive__pet-disease-images__Image_15.webp,same_class_duplicate,2,allergic_dermatitis
C:\Users\ashis\Desktop\ScanAI\dataset_manager\clean\skin\allergic_dermatitis\kaggle__smadive__pet-disease-images__Image_16.jpeg,same_class_duplicate,2,allergic_dermatitis
C:\Users\ashis\Desktop\ScanAI\dataset_manager\clean\skin\allergic_dermatitis\kaggle__smadive__pet-disease-images__Image_52.jpg,same_class_duplicate,4,allergic_dermatitis
C:\Users\ashis\Desktop\ScanAI\dataset_manager\clean\skin\allergic_dermatitis\kaggle__smadive__pet-disease-images__Image_73.jpg,same_class_duplicate,4,allergic_dermatitis
C:\Users\ashis\Desktop\ScanAI\dataset_manager\clean\skin\allergic_dermatitis\kaggle__smadive__pet-disease-images__Image_97.jpg,same_class_duplicate,4,allergic_dermatitis
C:\Users\ashis\Desktop\ScanAI\dataset_manager\clean\skin\allergic_dermatitis\kaggle__smadive__pet-disease-images__Image_21.jpg,same_class_duplicate,2,allergic_dermatitis
C:\Users\ashis\Desktop\ScanAI\dataset_manager\clean\skin\allergic_dermatitis\kaggle__smadive__pet-disease-images__Image_22.png,same_class_duplicate,2,allergic_dermatitis
C:\Users\ashis\Desktop\ScanAI\dataset_manager\clean\skin\allergic_dermatitis\kaggle__smadive__pet-disease-images__Image_38.jpg,same_class_duplicate,4,allergic_dermatitis
C:\Users\ashis\Desktop\ScanAI\dataset_manager\clean\skin\allergic_dermatitis\kaggle__smadive__pet-disease-images__Image_47.jpg,same_class_duplicate,4,allergic_dermatitis
C:\Users\ashis\Desktop\ScanAI\dataset_manager\clean\skin\allergic_dermatitis\kaggle__smadive__pet-disease-images__Image_55.jpg,same_class_duplicate,4,allergic_dermatitis
C:\Users\ashis\Desktop\ScanAI\dataset_manager\clean\skin\allergic_dermatitis\kaggle__smadive__pet-disease-images__Image_24.jpg,same_class_duplicate,2,allergic_dermatitis
C:\Users\ashis\Desktop\ScanAI\dataset_manager\clean\skin\allergic_dermatitis\kaggle__smadive__pet-disease-images__Image_28.png,same_class_duplicate,2,allergic_dermatitis
C:\Users\ashis\Desktop\ScanAI\dataset_manager\clean\skin\allergic_dermatitis\kaggle__smadive__pet-disease-images__Image_26.png,same_class_duplicate,2,allergic_dermatitis
C:\Users\ashis\Desktop\ScanAI\dataset_manager\clean\skin\allergic_dermatitis\kaggle__smadive__pet-disease-images__Image_35.png,same_class_duplicate,2,allergic_dermatitis
C:\Users\ashis\Desktop\ScanAI\dataset_manager\clean\skin\allergic_dermatitis\kaggle__smadive__pet-disease-images__Image_36.jpg,same_class_duplicate,2,allergic_dermatitis
C:\Users\ashis\Desktop\ScanAI\dataset_manager\clean\skin\allergic_dermatitis\kaggle__smadive__pet-disease-images__Image_37.png,same_class_duplicate,2,allergic_dermatitis
C:\Users\ashis\Desktop\ScanAI\dataset_manager\clean\skin\allergic_dermatitis\kaggle__smadive__pet-disease-images__Image_40.jpg,same_class_duplicate,2,allergic_dermatitis
C:\Users\ashis\Desktop\ScanAI\dataset_manager\clean\skin\allergic_dermatitis\kaggle__smadive__pet-disease-images__Image_41.jpg,same_class_duplicate,2,allergic_dermatitis
C:\Users\ashis\Desktop\ScanAI\dataset_manager\clean\skin\allergic_dermatitis\kaggle__smadive__pet-disease-images__Image_41.png,same_class_duplicate,2,allergic_dermatitis
C:\Users\ashis\Desktop\ScanAI\dataset_manager\clean\skin\allergic_dermatitis\kaggle__smadive__pet-disease-images__Image_74.jpg,same_class_duplicate,2,allergic_dermatitis
C:\Users\ashis\Desktop\ScanAI\dataset_manager\clean\skin\allergic_dermatitis\kaggle__smadive__pet-disease-images__Image_8.jpg,same_class_duplicate,2,allergic_dermatitis
C:\Users\ashis\Desktop\ScanAI\dataset_manager\clean\skin\allergic_dermatitis\kaggle__smadive__pet-disease-images__Image_92.jpg,same_class_duplicate,2,allergic_dermatitis
C:\Users\ashis\Desktop\ScanAI\dataset_manager\clean\skin\allergic_dermatitis\kaggle__smadive__pet-disease-images__Image_54.jpg,exact_cross_class_conflict,2,allergic_dermatitis|ringworm
C:\Users\ashis\Desktop\ScanAI\dataset_manager\clean\skin\ringworm\roboflow__dog-and-cat-skin-disease-identification-2__1000010682_x16_jpg.rf.659b3fc0b2a9369d52c3f08ae642fff6.jpg,exact_cross_class_conflict,2,allergic_dermatitis|ringworm
C:\Users\ashis\Desktop\ScanAI\dataset_manager\clean\skin\allergic_dermatitis\kaggle__smadive__pet-disease-images__Image_60.jpg,exact_cross_class_conflict,2,allergic_dermatitis|fungal_infection
C:\Users\ashis\Desktop\ScanAI\dataset_manager\clean\skin\fungal_infection\kaggle__smadive__pet-disease-images__Image_73.jpg,exact_cross_class_conflict,2,allergic_dermatitis|fungal_infection
C:\Users\ashis\Desktop\ScanAI\dataset_manager\clean\skin\allergic_dermatitis\kaggle__smadive__pet-disease-images__Image_64.png,same_class_duplicate,2,allergic_dermatitis
C:\Users\ashis\Desktop\ScanAI\dataset_manager\clean\skin\allergic_dermatitis\kaggle__smadive__pet-disease-images__Image_63.jpg,exact_cross_class_conflict,2,allergic_dermatitis|ringworm
C:\Users\ashis\Desktop\ScanAI\dataset_manager\clean\skin\ringworm\roboflow__dog-and-cat-skin-disease-identification-2__1000010534_x16_jpg.rf.ccc6fd11078008d01fe2aaa9888e422b.jpg,exact_cross_class_conflict,2,allergic_dermatitis|ringworm
C:\Users\ashis\Desktop\ScanAI\dataset_manager\clean\skin\allergic_dermatitis\kaggle__smadive__pet-disease-images__Image_94.jpg,same_class_duplicate,2,allergic_dermatitis
C:\Users\ashis\Desktop\ScanAI\dataset_manager\clean\skin\allergic_dermatitis\roboflow__dog-and-cat-skin-disease-identification-2__1384_jpg.rf.c67cb24b1f6a46fd4df625f98f03dbbd.jpg,exact_cross_class_conflict,3,allergic_dermatitis|ringworm
C:\Users\ashis\Desktop\ScanAI\dataset_manager\clean\skin\ringworm\roboflow__dog-and-cat-skin-disease-identification-2__ringworm-124-_jpg.rf.3e8b718929c292cdd46429b2289ac616.jpg,exact_cross_class_conflict,3,allergic_dermatitis|ringworm
C:\Users\ashis\Desktop\ScanAI\dataset_manager\clean\skin\ringworm\roboflow__dog-and-cat-skin-disease-identification-2__ringworm-144-_jpg.rf.6045a7e88dd1ad2fdf3025a0ee963d5a.jpg,exact_cross_class_conflict,3,allergic_dermatitis|ringworm
C:\Users\ashis\Desktop\ScanAI\dataset_manager\clean\skin\allergic_dermatitis\roboflow__dog-and-cat-skin-disease-identification-2__17_jpg.rf.91927045e6dc8be31d682897738f557a.jpg,same_class_duplicate,2,allergic_dermatitis
C:\Users\ashis\Desktop\ScanAI\dataset_manager\clean\skin\allergic_dermatitis\roboflow__dog-and-cat-skin-disease-identification-2__thumb-28-_jpg.rf.699aa1becea08105130f6d029e88d797.jpg,same_class_duplicate,2,allergic_dermatitis
C:\Users\ashis\Desktop\ScanAI\dataset_manager\clean\skin\allergic_dermatitis\roboflow__dog-and-cat-skin-disease-identification-2__thumb-24-_jpg.rf.62d38bfaeaa97024f3dc2ab15d11a067.jpg,same_class_duplicate,2,allergic_dermatitis
C:\Users\ashis\Desktop\ScanAI\dataset_manager\clean\skin\allergic_dermatitis\roboflow__dog-and-cat-skin-disease-identification-2__thumb-38-_jpg.rf.39b9ee192fd5c22ad42b0a9e50368eea.jpg,same_class_duplicate,2,allergic_dermatitis
C:\Users\ashis\Desktop\ScanAI\dataset_manager\clean\skin\allergic_dermatitis\roboflow__dog-and-cat-skin-disease-identification-2__thumb-26-_jpg.rf.8acf5f7618d68e743b187cb54977852d.jpg,same_class_duplicate,2,allergic_dermatitis
C:\Users\ashis\Desktop\ScanAI\dataset_manager\clean\skin\allergic_dermatitis\roboflow__dog-and-cat-skin-disease-identification-2__thumb-14-_jpg.rf.fa9dff6942dcebbbcddcd85876cb930f.jpg,same_class_duplicate,2,allergic_dermatitis
C:\Users\ashis\Desktop\ScanAI\dataset_manager\clean\skin\allergic_dermatitis\roboflow__dog-and-cat-skin-disease-identification-2__thumb-33-_jpg.rf.aeeaab1afc6521025644a6a1996df90f.jpg,same_class_duplicate,2,allergic_dermatitis
C:\Users\ashis\Desktop\ScanAI\dataset_manager\clean\skin\allergic_dermatitis\roboflow__dog-and-cat-skin-disease-identification-2__aug_0_2309_jpeg_jpg.rf.2916cf95f8426c7d9cf2a366b74d60a8.jpg,same_class_duplicate,3,allergic_dermatitis
C:\Users\ashis\Desktop\ScanAI\dataset_manager\clean\skin\allergic_dermatitis\roboflow__dog-and-cat-skin-disease-identification-2__thumb-15-_jpg.rf.a2e6d8a774939a50546c4276c5e39a8a.jpg,same_class_duplicate,3,allergic_dermatitis
C:\Users\ashis\Desktop\ScanAI\dataset_manager\clean\skin\allergic_dermatitis\roboflow__dog-and-cat-skin-disease-identification-2__thumb-41-_jpg.rf.395037a2b6f62cf0f44747e3c9d12105.jpg,same_class_duplicate,2,allergic_dermatitis
C:\Users\ashis\Desktop\ScanAI\dataset_manager\clean\skin\allergic_dermatitis\roboflow__dog-and-cat-skin-disease-identification-2__thumb-23-_jpg.rf.ed16c11a7b2004cbf3d3774ef18faf74.jpg,same_class_duplicate,2,allergic_dermatitis
C:\Users\ashis\Desktop\ScanAI\dataset_manager\clean\skin\allergic_dermatitis\roboflow__dog-and-cat-skin-disease-identification-2__aug_0_2755_jpeg_jpg.rf.8bffef978001c2a123d6e182d5537fde.jpg,same_class_duplicate,3,allergic_dermatitis
C:\Users\ashis\Desktop\ScanAI\dataset_manager\clean\skin\allergic_dermatitis\roboflow__dog-and-cat-skin-disease-identification-2__thumb-40-_jpg.rf.ad837957cec138fd27d77683aff8383c.jpg,same_class_duplicate,3,allergic_dermatitis
C:\Users\ashis\Desktop\ScanAI\dataset_manager\clean\skin\allergic_dermatitis\roboflow__dog-and-cat-skin-disease-identification-2__thumb-32-_jpg.rf.70fb4984a61a0a0b6a19467690a52dab.jpg,same_class_duplicate,2,allergic_dermatitis
C:\Users\ashis\Desktop\ScanAI\dataset_manager\clean\skin\allergic_dermatitis\roboflow__dog-and-cat-skin-disease-identification-2__thumb-6-_jpg.rf.142e5fcf1ea4d7d1fc01557b34e1cc92.jpg,same_class_duplicate,2,allergic_dermatitis
C:\Users\ashis\Desktop\ScanAI\dataset_manager\clean\skin\allergic_dermatitis\roboflow__dog-and-cat-skin-disease-identification-2__aug_0_3008_jpeg_jpg.rf.69ff6f760b93b3007d2fd1d83de08a92.jpg,same_class_duplicate,3,allergic_dermatitis
C:\Users\ashis\Desktop\ScanAI\dataset_manager\clean\skin\allergic_dermatitis\roboflow__dog-and-cat-skin-disease-identification-2__thumb-27-_jpg.rf.7d09fbcf51431c46d9644ebd992b3275.jpg,same_class_duplicate,3,allergic_dermatitis
C:\Users\ashis\Desktop\ScanAI\dataset_manager\clean\skin\allergic_dermatitis\roboflow__dog-and-cat-skin-disease-identification-2__aug_0_3019_jpeg_jpg.rf.43a5d5822fc1ce62406a4186d36231e8.jpg,same_class_duplicate,3,allergic_dermatitis
C:\Users\ashis\Desktop\ScanAI\dataset_manager\clean\skin\allergic_dermatitis\roboflow__dog-and-cat-skin-disease-identification-2__thumb-13-_jpg.rf.aa8a2935e0082f61aaa43604f28281b8.jpg,same_class_duplicate,3,allergic_dermatitis
C:\Users\ashis\Desktop\ScanAI\dataset_manager\clean\skin\allergic_dermatitis\roboflow__dog-and-cat-skin-disease-identification-2__thumb-36-_jpg.rf.619f42deaa0864e50d63c699f4cfecf1.jpg,same_class_duplicate,2,allergic_dermatitis
C:\Users\ashis\Desktop\ScanAI\dataset_manager\clean\skin\allergic_dermatitis\roboflow__dog-and-cat-skin-disease-identification-2__aug_0_3176_jpeg_jpg.rf.f0eb68767fbba8abe686a2f6c0c3e080.jpg,same_class_duplicate,3,allergic_dermatitis
C:\Users\ashis\Desktop\ScanAI\dataset_manager\clean\skin\allergic_dermatitis\roboflow__dog-and-cat-skin-disease-identification-2__thumb-21-_jpg.rf.85f896036e158cecd33ebca1dce6ca68.jpg,same_class_duplicate,3,allergic_dermatitis
C:\Users\ashis\Desktop\ScanAI\dataset_manager\clean\skin\allergic_dermatitis\roboflow__dog-and-cat-skin-disease-identification-2__thumb-18-_jpg.rf.908e70dd88809c6b84b80a458ae8ef63.jpg,same_class_duplicate,2,allergic_dermatitis
C:\Users\ashis\Desktop\ScanAI\dataset_manager\clean\skin\allergic_dermatitis\roboflow__dog-and-cat-skin-disease-identification-2__thumb-5-_jpg.rf.df53808bc19d5d02da5e7b7d8ac2a7c4.jpg,same_class_duplicate,2,allergic_dermatitis
C:\Users\ashis\Desktop\ScanAI\dataset_manager\clean\skin\allergic_dermatitis\roboflow__dog-and-cat-skin-disease-identification-2__thumb-22-_jpg.rf.bbd2d5bd9ef91acf7a1c7b57e6628cfe.jpg,same_class_duplicate,2,allergic_dermatitis
C:\Users\ashis\Desktop\ScanAI\dataset_manager\clean\skin\allergic_dermatitis\roboflow__dog-and-cat-skin-disease-identification-2__thumb-26-_jpg.rf.2f60dcf863f48980c4faaebb594f77a1.jpg,same_class_duplicate,2,allergic_dermatitis
C:\Users\ashis\Desktop\ScanAI\dataset_manager\clean\skin\allergic_dermatitis\roboflow__dog-and-cat-skin-disease-identification-2__aug_0_4104_jpeg_jpg.rf.a0f0314a12e343fb8a06c95c0bf7c9b9.jpg,same_class_duplicate,3,allergic_dermatitis
C:\Users\ashis\Desktop\ScanAI\dataset_manager\clean\skin\allergic_dermatitis\roboflow__dog-and-cat-skin-disease-identification-2__thumb-_jpg.rf.504d1dc6ec7697ad135e0282256af2e9.jpg,same_class_duplicate,3,allergic_dermatitis
C:\Users\ashis\Desktop\ScanAI\dataset_manager\clean\skin\allergic_dermatitis\roboflow__dog-and-cat-skin-disease-identification-2__thumb-7-_jpg.rf.8936c5ce90bb671435962ade33341dfd.jpg,same_class_duplicate,2,allergic_dermatitis
C:\Users\ashis\Desktop\ScanAI\dataset_manager\clean\skin\allergic_dermatitis\roboflow__dog-and-cat-skin-disease-identification-2__thumb-24-_jpg.rf.c643c887b09e363c519d81d6b975392a.jpg,same_class_duplicate,2,allergic_dermatitis
C:\Users\ashis\Desktop\ScanAI\dataset_manager\clean\skin\allergic_dermatitis\roboflow__dog-and-cat-skin-disease-identification-2__thumb-4-_jpg.rf.4668a977b4413fd44990b3c4d4583250.jpg,same_class_duplicate,2,allergic_dermatitis
C:\Users\ashis\Desktop\ScanAI\dataset_manager\clean\skin\allergic_dermatitis\roboflow__dog-and-cat-skin-disease-identification-2__thumb-43-_jpg.rf.32055cf81ea575bf565b1068c658f072.jpg,same_class_duplicate,2,allergic_dermatitis
C:\Users\ashis\Desktop\ScanAI\dataset_manager\clean\skin\allergic_dermatitis\roboflow__dog-and-cat-skin-disease-identification-2__thumb-32-_jpg.rf.054321c6596cd58e3598fbc3b8455a22.jpg,same_class_duplicate,2,allergic_dermatitis
C:\Users\ashis\Desktop\ScanAI\dataset_manager\clean\skin\allergic_dermatitis\roboflow__dog-and-cat-skin-disease-identification-2__aug_0_5745_jpeg_jpg.rf.e6edd9ec9de58a66de75d91586df952f.jpg,same_class_duplicate,3,allergic_dermatitis
C:\Users\ashis\Desktop\ScanAI\dataset_manager\clean\skin\allergic_dermatitis\roboflow__dog-and-cat-skin-disease-identification-2__thumb-45-_jpg.rf.aaa96969b3163d3bc9e022ef11a84497.jpg,same_class_duplicate,3,allergic_dermatitis
C:\Users\ashis\Desktop\ScanAI\dataset_manager\clean\skin\allergic_dermatitis\roboflow__dog-and-cat-skin-disease-identification-2__thumb-44-_jpg.rf.a79dd4157c929b157362b28126f3dbd4.jpg,same_class_duplicate,2,allergic_dermatitis
C:\Users\ashis\Desktop\ScanAI\dataset_manager\clean\skin\allergic_dermatitis\roboflow__dog-and-cat-skin-disease-identification-2__thumb-13-_jpg.rf.ccd66566b946ac6f40862b43e03eab83.jpg,same_class_duplicate,2,allergic_dermatitis
C:\Users\ashis\Desktop\ScanAI\dataset_manager\clean\skin\allergic_dermatitis\roboflow__dog-and-cat-skin-disease-identification-2__thumb-39-_jpg.rf.8a6738e4fd4d77df5d215290072c442a.jpg,same_class_duplicate,2,allergic_dermatitis
C:\Users\ashis\Desktop\ScanAI\dataset_manager\clean\skin\allergic_dermatitis\roboflow__dog-and-cat-skin-disease-identification-2__thumb-40-_jpg.rf.995bf0f26025c304f774bebec7293a10.jpg,same_class_duplicate,2,allergic_dermatitis
C:\Users\ashis\Desktop\ScanAI\dataset_manager\clean\skin\allergic_dermatitis\roboflow__dog-and-cat-skin-disease-identification-2__aug_0_7473_jpeg_jpg.rf.836b6a9161471bba1a63205e5af13a83.jpg,same_class_duplicate,3,allergic_dermatitis
C:\Users\ashis\Desktop\ScanAI\dataset_manager\clean\skin\allergic_dermatitis\roboflow__dog-and-cat-skin-disease-identification-2__thumb-46-_jpg.rf.b260caaa9dbb15ff6e1b01df268f9aa1.jpg,same_class_duplicate,3,allergic_dermatitis
C:\Users\ashis\Desktop\ScanAI\dataset_manager\clean\skin\allergic_dermatitis\roboflow__dog-and-cat-skin-disease-identification-2__thumb-34-_jpg.rf.a9930c07e4751519b27abce218a81c93.jpg,same_class_duplicate,2,allergic_dermatitis
C:\Users\ashis\Desktop\ScanAI\dataset_manager\clean\skin\allergic_dermatitis\roboflow__dog-and-cat-skin-disease-identification-2__aug_0_7695_jpeg_jpg.rf.0e9066115cf0d43714f0256f6e74c96c.jpg,same_class_duplicate,3,allergic_dermatitis
C:\Users\ashis\Desktop\ScanAI\dataset_manager\clean\skin\allergic_dermatitis\roboflow__dog-and-cat-skin-disease-identification-2__thumb-48-_jpg.rf.3f87a3bea7af5c29e9681b2108d06128.jpg,same_class_duplicate,3,allergic_dermatitis
C:\Users\ashis\Desktop\ScanAI\dataset_manager\clean\skin\allergic_dermatitis\roboflow__dog-and-cat-skin-disease-identification-2__aug_0_794_jpeg_jpg.rf.3c8e399628a0d7954d43708e77da8989.jpg,same_class_duplicate,2,allergic_dermatitis
C:\Users\ashis\Desktop\ScanAI\dataset_manager\clean\skin\allergic_dermatitis\roboflow__dog-and-cat-skin-disease-identification-2__thumb-46-_jpg.rf.a290807c57b52e5746478eeefb7d3919.jpg,same_class_duplicate,2,allergic_dermatitis
C:\Users\ashis\Desktop\ScanAI\dataset_manager\clean\skin\allergic_dermatitis\roboflow__dog-and-cat-skin-disease-identification-2__thumb-3-_jpg.rf.725fd05d42a33912737bfe6dbeddc8ce.jpg,same_class_duplicate,2,allergic_dermatitis
C:\Users\ashis\Desktop\ScanAI\dataset_manager\clean\skin\allergic_dermatitis\roboflow__dog-and-cat-skin-disease-identification-2__aug_0_9991_jpeg_jpg.rf.45318cb813000883598c3f566221fbba.jpg,same_class_duplicate,2,allergic_dermatitis
C:\Users\ashis\Desktop\ScanAI\dataset_manager\clean\skin\allergic_dermatitis\roboflow__dog-and-cat-skin-disease-identification-2__B9781416056638000070_f007-007-9781416056638_jpg.rf.d85157e6b43fd7b1d5603de8944a3ec9.jpg,same_class_duplicate,2,allergic_dermatitis
C:\Users\ashis\Desktop\ScanAI\dataset_manager\clean\skin\allergic_dermatitis\roboflow__dog-and-cat-skin-disease-identification-2__B9781416056638000070_f007-030-9781416056638_jpg.rf.8828bad06eb8d0cae5d5b85fb38efab0.jpg,same_class_duplicate,2,allergic_dermatitis
C:\Users\ashis\Desktop\ScanAI\dataset_manager\clean\skin\allergic_dermatitis\roboflow__dog-and-cat-skin-disease-identification-2__B9781416056638000070_f007-038-9781416056638_jpg.rf.b1534fcaf5e63117ebcd39bbc11fa273.jpg,same_class_duplicate,2,allergic_dermatitis
C:\Users\ashis\Desktop\ScanAI\dataset_manager\clean\skin\allergic_dermatitis\roboflow__dog-and-cat-skin-disease-identification-2__B9781416056638000070_f007-042-9781416056638_jpg.rf.c2f1af1b5fa061598ee9567843e829b3.jpg,same_class_duplicate,2,allergic_dermatitis
C:\Users\ashis\Desktop\ScanAI\dataset_manager\clean\skin\allergic_dermatitis\roboflow__dog-and-cat-skin-disease-identification-2__flea_allergy-14-_jpg.rf.bf6bca551de0d2b33a1aecd119b537fb.jpg,same_class_duplicate,2,allergic_dermatitis
C:\Users\ashis\Desktop\ScanAI\dataset_manager\clean\skin\allergic_dermatitis\roboflow__dog-and-cat-skin-disease-identification-2__flea_allergy-30-_jpg.rf.0ae8821bd17ce26b166a682164b5dd05.jpg,same_class_duplicate,2,allergic_dermatitis
C:\Users\ashis\Desktop\ScanAI\dataset_manager\clean\skin\allergic_dermatitis\roboflow__dog-and-cat-skin-disease-identification-2__flea_allergy-3-_jpg.rf.f620a1186d89f485530283d114d009da.jpg,same_class_duplicate,2,allergic_dermatitis
C:\Users\ashis\Desktop\ScanAI\dataset_manager\clean\skin\allergic_dermatitis\roboflow__dog-and-cat-skin-disease-identification-2__flea_allergy-34-_jpg.rf.c0e51b77e69e22fa78f0c38353579116.jpg,exact_cross_class_conflict,2,allergic_dermatitis|ringworm
C:\Users\ashis\Desktop\ScanAI\dataset_manager\clean\skin\ringworm\roboflow__dog-and-cat-skin-disease-identification-2__flea_allergy-46-_jpg.rf.b139ab9fd607884969735a2c63ec9c78.jpg,exact_cross_class_conflict,2,allergic_dermatitis|ringworm
C:\Users\ashis\Desktop\ScanAI\dataset_manager\clean\skin\allergic_dermatitis\roboflow__dog-and-cat-skin-disease-identification-2__flea_allergy-4-_jpg.rf.5cd9d2451f9affa41d77af853a2464c1.jpg,same_class_duplicate,2,allergic_dermatitis
C:\Users\ashis\Desktop\ScanAI\dataset_manager\clean\skin\allergic_dermatitis\roboflow__dog-and-cat-skin-disease-identification-2__flea_allergy-48-_jpg.rf.958f8250a0d5a6b317a40d5dc14bf79e.jpg,exact_cross_class_conflict,2,allergic_dermatitis|ringworm
C:\Users\ashis\Desktop\ScanAI\dataset_manager\clean\skin\ringworm\roboflow__dog-and-cat-skin-disease-identification-2__flea_allergy-48-_jpg.rf.93c2d27a213d3f6d2d15bf3b728b3a3e.jpg,exact_cross_class_conflict,2,allergic_dermatitis|ringworm
C:\Users\ashis\Desktop\ScanAI\dataset_manager\clean\skin\allergic_dermatitis\roboflow__dog-and-cat-skin-disease-identification-2__flea_allergy-49-_jpg.rf.fc4096c0d426cb685d5a40efe68068a8.jpg,same_class_duplicate,2,allergic_dermatitis
C:\Users\ashis\Desktop\ScanAI\dataset_manager\clean\skin\allergic_dermatitis\roboflow__dog-and-cat-skin-disease-identification-2__flea_allergy-55-_jpg.rf.8023fe93f70083b3835dff3265c7060a.jpg,same_class_duplicate,2,allergic_dermatitis
C:\Users\ashis\Desktop\ScanAI\dataset_manager\clean\skin\allergic_dermatitis\roboflow__dog-and-cat-skin-disease-identification-2__flea_allergy-58-_jpg.rf.ce193b839d4ebe49e0dffc6789992a34.jpg,same_class_duplicate,2,allergic_dermatitis
C:\Users\ashis\Desktop\ScanAI\dataset_manager\clean\skin\allergic_dermatitis\roboflow__dog-and-cat-skin-disease-identification-2__image_9_jpg.rf.8dd518d02073ca4aa97b31ee5aa5855a.jpg,same_class_duplicate,2,allergic_dermatitis
C:\Users\ashis\Desktop\ScanAI\dataset_manager\clean\skin\allergic_dermatitis\roboflow__dog-and-cat-skin-disease-identification-2__Image_3-2-_jpg.rf.1f20279992f5549449801edaad417a45.jpg,same_class_duplicate,3,allergic_dermatitis
C:\Users\ashis\Desktop\ScanAI\dataset_manager\clean\skin\allergic_dermatitis\roboflow__dog-and-cat-skin-disease-identification-2__Image_3-2-_jpg.rf.cb7b0ca17006c116bea4ce8c6ef1f82b.jpg,same_class_duplicate,3,allergic_dermatitis
C:\Users\ashis\Desktop\ScanAI\dataset_manager\clean\skin\allergic_dermatitis\roboflow__dog-and-cat-skin-disease-identification-2__flea_allergy-64-_jpg.rf.5960f997b4291a758960895931ea315c.jpg,same_class_duplicate,2,allergic_dermatitis
C:\Users\ashis\Desktop\ScanAI\dataset_manager\clean\skin\allergic_dermatitis\roboflow__dog-and-cat-skin-disease-identification-2__flea_allergy-7-_jpg.rf.d24295db5fe6cd43145864ddd623afd0.jpg,exact_cross_class_conflict,2,allergic_dermatitis|ringworm
C:\Users\ashis\Desktop\ScanAI\dataset_manager\clean\skin\ringworm\roboflow__dog-and-cat-skin-disease-identification-2__flea_allergy-10-_jpg.rf.2408212cd64243486c27063817a9d39f.jpg,exact_cross_class_conflict,2,allergic_dermatitis|ringworm
C:\Users\ashis\Desktop\ScanAI\dataset_manager\clean\skin\allergic_dermatitis\roboflow__dog-and-cat-skin-disease-identification-2__hotspot-103-_jpg.rf.c775d384adcd244ac7149b82aa08bba1.jpg,exact_cross_class_conflict,4,allergic_dermatitis|hotspot|pyoderma
C:\Users\ashis\Desktop\ScanAI\dataset_manager\clean\skin\hotspot\roboflow__dog-and-cat-skin-disease-identification-2__hotspot-83-_jpg.rf.2ef3557f7d51809351e18bf7fcd2912c.jpg,exact_cross_class_conflict,4,allergic_dermatitis|hotspot|pyoderma
C:\Users\ashis\Desktop\ScanAI\dataset_manager\clean\skin\hotspot\roboflow__dog-and-cat-skin-disease-identification-2__hotspot-83-_jpg.rf.84e3d79d5c9f39b49445e75c92df0827.jpg,exact_cross_class_conflict,4,allergic_dermatitis|hotspot|pyoderma
C:\Users\ashis\Desktop\ScanAI\dataset_manager\clean\skin\pyoderma\roboflow__dog-and-cat-skin-disease-identification-2__bacterial_223_jpg.rf.72dbacef40518c4066e4db29ce570701.jpg,exact_cross_class_conflict,4,allergic_dermatitis|hotspot|pyoderma
C:\Users\ashis\Desktop\ScanAI\dataset_manager\clean\skin\allergic_dermatitis\roboflow__dog-and-cat-skin-disease-identification-2__hotspot-104-_jpg.rf.6609e54d4d010bcfd1db44e0a01f0222.jpg,exact_cross_class_conflict,4,allergic_dermatitis|hotspot|pyoderma
C:\Users\ashis\Desktop\ScanAI\dataset_manager\clean\skin\hotspot\roboflow__dog-and-cat-skin-disease-identification-2__hotspot-84-_jpg.rf.7e03869bb7a3502ed781d72590b2f868.jpg,exact_cross_class_conflict,4,allergic_dermatitis|hotspot|pyoderma
C:\Users\ashis\Desktop\ScanAI\dataset_manager\clean\skin\hotspot\roboflow__dog-and-cat-skin-disease-identification-2__hotspot-84-_jpg.rf.e2af9687de448326ad187b8e033e2878.jpg,exact_cross_class_conflict,4,allergic_dermatitis|hotspot|pyoderma
C:\Users\ashis\Desktop\ScanAI\dataset_manager\clean\skin\pyoderma\roboflow__dog-and-cat-skin-disease-identification-2__bacterial_224_jpg.rf.d32674e812b9c735e8edc473b778e992.jpg,exact_cross_class_conflict,4,allergic_dermatitis|hotspot|pyoderma
C:\Users\ashis\Desktop\ScanAI\dataset_manager\clean\skin\allergic_dermatitis\roboflow__dog-and-cat-skin-disease-identification-2__hps11_jpg.rf.a18ce727522b0ac9203e100e4aaa8b16.jpg,same_class_duplicate,2,allergic_dermatitis
C:\Users\ashis\Desktop\ScanAI\dataset_manager\clean\skin\allergic_dermatitis\roboflow__dog-and-cat-skin-disease-identification-2__hps11_jpg.rf.c0fbbafd7ba1a21ad5d0b14d3e0c4fff.jpg,same_class_duplicate,2,allergic_dermatitis
C:\Users\ashis\Desktop\ScanAI\dataset_manager\clean\skin\allergic_dermatitis\roboflow__dog-and-cat-skin-disease-identification-2__hs2_jpg.rf.9788ee2c5c7910eda42d6753c2384c75.jpg,same_class_duplicate,2,allergic_dermatitis
C:\Users\ashis\Desktop\ScanAI\dataset_manager\clean\skin\allergic_dermatitis\roboflow__dog-and-cat-skin-disease-identification-2__hs5_jpg.rf.a0ba73fbdefdd29e5a6d74d86c67cb46.jpg,same_class_duplicate,2,allergic_dermatitis
C:\Users\ashis\Desktop\ScanAI\dataset_manager\clean\skin\allergic_dermatitis\roboflow__dog-and-cat-skin-disease-identification-2__hs5_jpg.rf.ea7e1a52dafb7d1b7651b392ee99e8f6.jpg,same_class_duplicate,2,allergic_dermatitis
C:\Users\ashis\Desktop\ScanAI\dataset_manager\clean\skin\allergic_dermatitis\roboflow__dog-and-cat-skin-disease-identification-2__Hypersensitivity2_png_jpg.rf.d10ac4a50b86256c7b15da53d1483924.jpg,same_class_duplicate,2,allergic_dermatitis
C:\Users\ashis\Desktop\ScanAI\dataset_manager\clean\skin\allergic_dermatitis\roboflow__dog-and-cat-skin-disease-identification-2__Hypersensitivity4_png_jpg.rf.74f2d35a4f3ad50c0af2b8677d130e56.jpg,same_class_duplicate,2,allergic_dermatitis
C:\Users\ashis\Desktop\ScanAI\dataset_manager\clean\skin\allergic_dermatitis\roboflow__dog-and-cat-skin-disease-identification-2__Hypersensitivity4_png_jpg.rf.e7617ca250c587f1179dfdedd9169800.jpg,same_class_duplicate,2,allergic_dermatitis
C:\Users\ashis\Desktop\ScanAI\dataset_manager\clean\skin\allergic_dermatitis\roboflow__dog-and-cat-skin-disease-identification-2__Hypersensitivity5_png_jpg.rf.fa845d5b456b88dd864a04d598a9caff.jpg,same_class_duplicate,2,allergic_dermatitis
C:\Users\ashis\Desktop\ScanAI\dataset_manager\clean\skin\allergic_dermatitis\roboflow__dog-and-cat-skin-disease-identification-2__Hypersensitivity5_png_jpg.rf.cecfa6c274db0ed9057ab0727e735e86.jpg,same_class_duplicate,2,allergic_dermatitis
C:\Users\ashis\Desktop\ScanAI\dataset_manager\clean\skin\allergic_dermatitis\roboflow__dog-and-cat-skin-disease-identification-2__Hypersensitivity_1_jpg.rf.3bde8fe7887045abc10d1fa78bc6777b.jpg,same_class_duplicate,3,allergic_dermatitis
C:\Users\ashis\Desktop\ScanAI\dataset_manager\clean\skin\allergic_dermatitis\roboflow__dog-and-cat-skin-disease-identification-2__Hypersensitivity_1_jpg.rf.d41ac80c991fd3b8580e39ab9b8ba64a.jpg,same_class_duplicate,3,allergic_dermatitis
C:\Users\ashis\Desktop\ScanAI\dataset_manager\clean\skin\allergic_dermatitis\roboflow__dog-and-cat-skin-disease-identification-2__Hypersensitivity_1_jpg.rf.5182ca1ffe7182ff848781bfda519e24.jpg,same_class_duplicate,2,allergic_dermatitis
C:\Users\ashis\Desktop\ScanAI\dataset_manager\clean\skin\allergic_dermatitis\roboflow__dog-and-cat-skin-disease-identification-2__Hypersensitivity_2_jpg.rf.9e66302fa3e349bae7c00ae3508e03f7.jpg,same_class_duplicate,2,allergic_dermatitis
C:\Users\ashis\Desktop\ScanAI\dataset_manager\clean\skin\allergic_dermatitis\roboflow__dog-and-cat-skin-disease-identification-2__Hypersensitivity_2_jpg.rf.35f47d126bfaf6e03ecb9ae6220a2829.jpg,same_class_duplicate,2,allergic_dermatitis
C:\Users\ashis\Desktop\ScanAI\dataset_manager\clean\skin\allergic_dermatitis\roboflow__dog-and-cat-skin-disease-identification-2__Hypersensitivity_image_1_jpg.rf.8ec3b9ea5cfb9596297d7ab3dc312d97.jpg,same_class_duplicate,2,allergic_dermatitis
C:\Users\ashis\Desktop\ScanAI\dataset_manager\clean\skin\allergic_dermatitis\roboflow__dog-and-cat-skin-disease-identification-2__Hypersensitivity_image_1_jpg.rf.619af579c525c399b5f1ec964079c9b0.jpg,same_class_duplicate,2,allergic_dermatitis
C:\Users\ashis\Desktop\ScanAI\dataset_manager\clean\skin\allergic_dermatitis\roboflow__dog-and-cat-skin-disease-identification-2__Hypersensitivity_image_1_jpg.rf.b91cdfe676acc013173e4131d7b46952.jpg,same_class_duplicate,2,allergic_dermatitis
C:\Users\ashis\Desktop\ScanAI\dataset_manager\clean\skin\allergic_dermatitis\roboflow__dog-and-cat-skin-disease-identification-2__Hypersensitivity_image_3_jpg.rf.5ddbc567492a5755d8a7533dea54f042.jpg,same_class_duplicate,2,allergic_dermatitis
C:\Users\ashis\Desktop\ScanAI\dataset_manager\clean\skin\allergic_dermatitis\roboflow__dog-and-cat-skin-disease-identification-2__Hypersensitivity_image_3_jpg.rf.89f4033bab7c01a884a303295a07cca2.jpg,same_class_duplicate,2,allergic_dermatitis
C:\Users\ashis\Desktop\ScanAI\dataset_manager\clean\skin\allergic_dermatitis\roboflow__dog-and-cat-skin-disease-identification-2__Hypersensitivity_image_4_jpg.rf.80dfef83c76f0d4321415368e09034ce.jpg,same_class_duplicate,2,allergic_dermatitis
C:\Users\ashis\Desktop\ScanAI\dataset_manager\clean\skin\allergic_dermatitis\roboflow__dog-and-cat-skin-disease-identification-2__thumb-25-_jpg.rf.d3e571cfe44286ece81941e22f73e3fe.jpg,same_class_duplicate,2,allergic_dermatitis
C:\Users\ashis\Desktop\ScanAI\dataset_manager\clean\skin\allergic_dermatitis\roboflow__dog-and-cat-skin-disease-identification-2__thumb-28-_jpg.rf.af5963627b6fd1a36a5f88a50f65b9a8.jpg,same_class_duplicate,2,allergic_dermatitis
C:\Users\ashis\Desktop\ScanAI\dataset_manager\clean\skin\allergic_dermatitis\roboflow__dog-and-cat-skin-disease-identification-2__Image_14-2-_jpg.rf.8e7552fe38359d7c261e136eb0ca126e.jpg,same_class_duplicate,3,allergic_dermatitis
C:\Users\ashis\Desktop\ScanAI\dataset_manager\clean\skin\allergic_dermatitis\roboflow__dog-and-cat-skin-disease-identification-2__thumb-39-_jpg.rf.aaf6a9f56b175e4ed5ac4386e12d756b.jpg,same_class_duplicate,3,allergic_dermatitis
C:\Users\ashis\Desktop\ScanAI\dataset_manager\clean\skin\allergic_dermatitis\roboflow__dog-and-cat-skin-disease-identification-2__thumb-16-_jpg.rf.454a30e92bc610cf83410badab4f3776.jpg,same_class_duplicate,2,allergic_dermatitis
C:\Users\ashis\Desktop\ScanAI\dataset_manager\clean\skin\allergic_dermatitis\roboflow__dog-and-cat-skin-disease-identification-2__image_2_jpg.rf.1cacb5d8ee4942ba4053b50285dbb861.jpg,same_class_duplicate,3,allergic_dermatitis
C:\Users\ashis\Desktop\ScanAI\dataset_manager\clean\skin\allergic_dermatitis\roboflow__dog-and-cat-skin-disease-identification-2__Image_44_jpg.rf.2b4b1299e2c850d6012b8f9ef448d2a1.jpg,same_class_duplicate,3,allergic_dermatitis
C:\Users\ashis\Desktop\ScanAI\dataset_manager\clean\skin\allergic_dermatitis\roboflow__dog-and-cat-skin-disease-identification-2__thumb-2-_jpg.rf.dee5fd7268645798833ac6dd8e6d7078.jpg,same_class_duplicate,2,allergic_dermatitis
C:\Users\ashis\Desktop\ScanAI\dataset_manager\clean\skin\allergic_dermatitis\roboflow__dog-and-cat-skin-disease-identification-2__thumb-35-_jpg.rf.95befed6fc23da3b47b637314762b894.jpg,same_class_duplicate,2,allergic_dermatitis
C:\Users\ashis\Desktop\ScanAI\dataset_manager\clean\skin\allergic_dermatitis\roboflow__dog-and-cat-skin-disease-identification-2__thumb-41-_jpg.rf.1279aaed41ff5bc3c00f6b713a677806.jpg,same_class_duplicate,2,allergic_dermatitis
C:\Users\ashis\Desktop\ScanAI\dataset_manager\clean\skin\allergic_dermatitis\roboflow__dog-and-cat-skin-disease-identification-2__image_25_jpg.rf.6daea9325d1530bf5af76c6bcf81a1dc.jpg,same_class_duplicate,2,allergic_dermatitis
C:\Users\ashis\Desktop\ScanAI\dataset_manager\clean\skin\allergic_dermatitis\roboflow__dog-and-cat-skin-disease-identification-2__thumb-2-_jpg.rf.79e5f25cb678814f4840090b42ac765e.jpg,same_class_duplicate,2,allergic_dermatitis
C:\Users\ashis\Desktop\ScanAI\dataset_manager\clean\skin\allergic_dermatitis\roboflow__dog-and-cat-skin-disease-identification-2__Image_31-2-_jpg.rf.e9cebe65a2c84194bf14042ee8ffd18d.jpg,same_class_duplicate,2,allergic_dermatitis
C:\Users\ashis\Desktop\ScanAI\dataset_manager\clean\skin\allergic_dermatitis\roboflow__dog-and-cat-skin-disease-identification-2__thumb-3-_jpg.rf.8388c66991dac42b2c4ca97064686e1d.jpg,same_class_duplicate,2,allergic_dermatitis
C:\Users\ashis\Desktop\ScanAI\dataset_manager\clean\skin\allergic_dermatitis\roboflow__dog-and-cat-skin-disease-identification-2__Image_6_png.rf.acc1e51807f56b9db78ed2b88ee89231.jpg,same_class_duplicate,4,allergic_dermatitis
C:\Users\ashis\Desktop\ScanAI\dataset_manager\clean\skin\allergic_dermatitis\roboflow__dog-and-cat-skin-disease-identification-2__thumb-19-_jpg.rf.e965e24a771bab3b311b7a7b402e4352.jpg,same_class_duplicate,4,allergic_dermatitis
C:\Users\ashis\Desktop\ScanAI\dataset_manager\clean\skin\allergic_dermatitis\roboflow__dog-and-cat-skin-disease-identification-2__thumb-9-_jpg.rf.6e32cc68b7ad97562356e516bd372b25.jpg,same_class_duplicate,4,allergic_dermatitis
C:\Users\ashis\Desktop\ScanAI\dataset_manager\clean\skin\allergic_dermatitis\roboflow__dog-and-cat-skin-disease-identification-2__Image_68-2-_jpg.rf.fc98af8684dbb29da487373cdf0acf81.jpg,same_class_duplicate,3,allergic_dermatitis
C:\Users\ashis\Desktop\ScanAI\dataset_manager\clean\skin\allergic_dermatitis\roboflow__dog-and-cat-skin-disease-identification-2__thumb-7-_jpg.rf.d62e21603085a788b547e36f75f550fe.jpg,same_class_duplicate,3,allergic_dermatitis
C:\Users\ashis\Desktop\ScanAI\dataset_manager\clean\skin\allergic_dermatitis\roboflow__dog-and-cat-skin-disease-identification-2__Image_8-2-_jpg.rf.af90562d54fd9f268a6e608395f45a6f.jpg,same_class_duplicate,2,allergic_dermatitis
C:\Users\ashis\Desktop\ScanAI\dataset_manager\clean\skin\allergic_dermatitis\roboflow__dog-and-cat-skin-disease-identification-2__pic2_jpg.rf.3ab7f25b6aa26a8f7120e415c0e9caff.jpg,same_class_duplicate,2,allergic_dermatitis
C:\Users\ashis\Desktop\ScanAI\dataset_manager\clean\skin\allergic_dermatitis\roboflow__dog-and-cat-skin-disease-identification-2__pic5_jpg.rf.7799c7cdc0538412884d2912208fbe5d.jpg,same_class_duplicate,2,allergic_dermatitis
C:\Users\ashis\Desktop\ScanAI\dataset_manager\clean\skin\allergic_dermatitis\roboflow__dog-and-cat-skin-disease-identification-2__pic7_jpg.rf.fb2f9751ecf3dec6da29fa886368e29c.jpg,same_class_duplicate,3,allergic_dermatitis
C:\Users\ashis\Desktop\ScanAI\dataset_manager\clean\skin\allergic_dermatitis\roboflow__dog-and-cat-skin-disease-identification-2__pic8_jpg.rf.545e561724f6ee498830e64be4321384.jpg,same_class_duplicate,3,allergic_dermatitis
C:\Users\ashis\Desktop\ScanAI\dataset_manager\clean\skin\foot_and_mouth_disease\kaggle__devang03mgr__cattle-diseases-datasets__img1025.jpg,exact_cross_class_conflict,2,foot_and_mouth_disease|lumpy_skin_disease
C:\Users\ashis\Desktop\ScanAI\dataset_manager\clean\skin\lumpy_skin_disease\kaggle__devang03mgr__cattle-diseases-datasets__img1025.jpg,exact_cross_class_conflict,2,foot_and_mouth_disease|lumpy_skin_disease
C:\Users\ashis\Desktop\ScanAI\dataset_manager\clean\skin\fungal_infection\kaggle__smadive__pet-disease-images__Image_87.png,same_class_duplicate,2,fungal_infection
C:\Users\ashis\Desktop\ScanAI\dataset_manager\clean\skin\fungal_infection\kaggle__smadive__pet-disease-images__Image_9.png,same_class_duplicate,2,fungal_infection
C:\Users\ashis\Desktop\ScanAI\dataset_manager\clean\skin\fungal_infection\kaggle__smadive__pet-disease-images__Image_17.webp,exact_cross_class_conflict,2,fungal_infection|ringworm
C:\Users\ashis\Desktop\ScanAI\dataset_manager\clean\skin\ringworm\kaggle__smadive__pet-disease-images__Image_16.jpg,exact_cross_class_conflict,2,fungal_infection|ringworm
C:\Users\ashis\Desktop\ScanAI\dataset_manager\clean\skin\fungal_infection\kaggle__smadive__pet-disease-images__Image_3.jpg,same_class_duplicate,2,fungal_infection
C:\Users\ashis\Desktop\ScanAI\dataset_manager\clean\skin\fungal_infection\kaggle__smadive__pet-disease-images__Image_18.png,exact_cross_class_conflict,2,fungal_infection|ringworm
C:\Users\ashis\Desktop\ScanAI\dataset_manager\clean\skin\ringworm\kaggle__smadive__pet-disease-images__Image_17.png,exact_cross_class_conflict,2,fungal_infection|ringworm
C:\Users\ashis\Desktop\ScanAI\dataset_manager\clean\skin\fungal_infection\kaggle__smadive__pet-disease-images__Image_28.jpg,same_class_duplicate,2,fungal_infection
C:\Users\ashis\Desktop\ScanAI\dataset_manager\clean\skin\fungal_infection\kaggle__smadive__pet-disease-images__Image_29.png,same_class_duplicate,2,fungal_infection
C:\Users\ashis\Desktop\ScanAI\dataset_manager\clean\skin\fungal_infection\kaggle__smadive__pet-disease-images__Image_71.jpg,same_class_duplicate,2,fungal_infection
C:\Users\ashis\Desktop\ScanAI\dataset_manager\clean\skin\fungal_infection\kaggle__smadive__pet-disease-images__Image_34.jpeg,same_class_duplicate,2,fungal_infection
C:\Users\ashis\Desktop\ScanAI\dataset_manager\clean\skin\fungal_infection\kaggle__smadive__pet-disease-images__Image_35.jpeg,same_class_duplicate,2,fungal_infection
C:\Users\ashis\Desktop\ScanAI\dataset_manager\clean\skin\fungal_infection\kaggle__smadive__pet-disease-images__Image_38.jpg,same_class_duplicate,2,fungal_infection
C:\Users\ashis\Desktop\ScanAI\dataset_manager\clean\skin\fungal_infection\kaggle__smadive__pet-disease-images__Image_52.jpg,same_class_duplicate,2,fungal_infection
C:\Users\ashis\Desktop\ScanAI\dataset_manager\clean\skin\fungal_infection\roboflow__dog-and-cat-skin-disease-identification-2__Fungal_2_jpg.rf.45e9b687c42c17648d1ba96ad1864ff7.jpg,same_class_duplicate,3,fungal_infection
C:\Users\ashis\Desktop\ScanAI\dataset_manager\clean\skin\fungal_infection\roboflow__dog-and-cat-skin-disease-identification-2__Fungal_2_jpg.rf.dd1860596142f13f29b1a073cd5f6f5b.jpg,same_class_duplicate,3,fungal_infection
C:\Users\ashis\Desktop\ScanAI\dataset_manager\clean\skin\fungal_infection\kaggle__smadive__pet-disease-images__Image_49.jpg,same_class_duplicate,2,fungal_infection
C:\Users\ashis\Desktop\ScanAI\dataset_manager\clean\skin\fungal_infection\kaggle__smadive__pet-disease-images__Image_72.jpg,same_class_duplicate,2,fungal_infection
C:\Users\ashis\Desktop\ScanAI\dataset_manager\clean\skin\fungal_infection\kaggle__smadive__pet-disease-images__Image_9.jpg,same_class_duplicate,2,fungal_infection
C:\Users\ashis\Desktop\ScanAI\dataset_manager\clean\skin\fungal_infection\kaggle__smadive__pet-disease-images__Image_81.jpg,same_class_duplicate,2,fungal_infection
C:\Users\ashis\Desktop\ScanAI\dataset_manager\clean\skin\fungal_infection\kaggle__smadive__pet-disease-images__Image_76.jpg,same_class_duplicate,2,fungal_infection
C:\Users\ashis\Desktop\ScanAI\dataset_manager\clean\skin\fungal_infection\roboflow__dog-and-cat-skin-disease-identification-2__pic52_jpg.rf.2e58fbc332aad515d4e56180496b53da.jpg,same_class_duplicate,3,fungal_infection
C:\Users\ashis\Desktop\ScanAI\dataset_manager\clean\skin\fungal_infection\roboflow__dog-and-cat-skin-disease-identification-2__pic52_jpg.rf.b1024006d10747e2ecd4172896503c66.jpg,same_class_duplicate,3,fungal_infection
C:\Users\ashis\Desktop\ScanAI\dataset_manager\clean\skin\fungal_infection\kaggle__smadive__pet-disease-images__Image_93.jpg,exact_cross_class_conflict,2,fungal_infection|ringworm
C:\Users\ashis\Desktop\ScanAI\dataset_manager\clean\skin\ringworm\kaggle__smadive__pet-disease-images__Image_69.jpg,exact_cross_class_conflict,2,fungal_infection|ringworm
C:\Users\ashis\Desktop\ScanAI\dataset_manager\clean\skin\fungal_infection\kaggle__smadive__pet-disease-images__Image_95.jpg,exact_cross_class_conflict,2,fungal_infection|ringworm
C:\Users\ashis\Desktop\ScanAI\dataset_manager\clean\skin\ringworm\kaggle__smadive__pet-disease-images__Image_63.jpg,exact_cross_class_conflict,2,fungal_infection|ringworm
C:\Users\ashis\Desktop\ScanAI\dataset_manager\clean\skin\fungal_infection\roboflow__dog-and-cat-skin-disease-identification-2__1102_jpg.rf.f80ce3c3b38acd979d3be95c2f2a65ba.jpg,exact_cross_class_conflict,2,fungal_infection|mange
C:\Users\ashis\Desktop\ScanAI\dataset_manager\clean\skin\mange\roboflow__dog-and-cat-skin-disease-identification-2__mange-36-_jpg.rf.8dc2a249a087dc11e406063f8a7b4648.jpg,exact_cross_class_conflict,2,fungal_infection|mange
C:\Users\ashis\Desktop\ScanAI\dataset_manager\clean\skin\fungal_infection\roboflow__dog-and-cat-skin-disease-identification-2__fung1_jpg.rf.5ecc7ebe71450542f34bfdbfe2a97894.jpg,same_class_duplicate,3,fungal_infection
C:\Users\ashis\Desktop\ScanAI\dataset_manager\clean\skin\fungal_infection\roboflow__dog-and-cat-skin-disease-identification-2__fung1_jpg.rf.7874675fc44232bc4c8d189aae21b339.jpg,same_class_duplicate,3,fungal_infection
C:\Users\ashis\Desktop\ScanAI\dataset_manager\clean\skin\fungal_infection\roboflow__dog-and-cat-skin-disease-identification-2__fung1_jpg.rf.417a2ab0ba78a35ea2937de9a30c8cf0.jpg,same_class_duplicate,3,fungal_infection
C:\Users\ashis\Desktop\ScanAI\dataset_manager\clean\skin\fungal_infection\roboflow__dog-and-cat-skin-disease-identification-2__fung1_jpg.rf.6297c7533645f8b07419afdcf77c393c.jpg,same_class_duplicate,3,fungal_infection
C:\Users\ashis\Desktop\ScanAI\dataset_manager\clean\skin\fungal_infection\roboflow__dog-and-cat-skin-disease-identification-2__fung2_jpg.rf.c2dc7d009068a4441994ae717761a1c8.jpg,same_class_duplicate,3,fungal_infection
C:\Users\ashis\Desktop\ScanAI\dataset_manager\clean\skin\fungal_infection\roboflow__dog-and-cat-skin-disease-identification-2__fung2_jpg.rf.f572d082ad2dcdff3e7fe9747d343ad3.jpg,same_class_duplicate,3,fungal_infection
C:\Users\ashis\Desktop\ScanAI\dataset_manager\clean\skin\fungal_infection\roboflow__dog-and-cat-skin-disease-identification-2__fung2_jpg.rf.9f114444a85a819397edf2209b568024.jpg,same_class_duplicate,2,fungal_infection
C:\Users\ashis\Desktop\ScanAI\dataset_manager\clean\skin\fungal_infection\roboflow__dog-and-cat-skin-disease-identification-2__fung2_jpg.rf.b43e293fd99f37916faf848c49ba8912.jpg,same_class_duplicate,3,fungal_infection
C:\Users\ashis\Desktop\ScanAI\dataset_manager\clean\skin\fungal_infection\roboflow__dog-and-cat-skin-disease-identification-2__fung2_jpg.rf.c5914a0d140f133d48a1109efa4ac26d.jpg,same_class_duplicate,3,fungal_infection
C:\Users\ashis\Desktop\ScanAI\dataset_manager\clean\skin\fungal_infection\roboflow__dog-and-cat-skin-disease-identification-2__fung4_jpg.rf.3ea45dd7558cf892794c4f72b9cfafba.jpg,same_class_duplicate,3,fungal_infection
C:\Users\ashis\Desktop\ScanAI\dataset_manager\clean\skin\fungal_infection\roboflow__dog-and-cat-skin-disease-identification-2__fung4_jpg.rf.e72b02675748e6b99ef89d8176eb762e.jpg,same_class_duplicate,3,fungal_infection
C:\Users\ashis\Desktop\ScanAI\dataset_manager\clean\skin\fungal_infection\roboflow__dog-and-cat-skin-disease-identification-2__fung4_jpg.rf.4e211930c5c0937ebb737852c503b0c8.jpg,same_class_duplicate,3,fungal_infection
C:\Users\ashis\Desktop\ScanAI\dataset_manager\clean\skin\fungal_infection\roboflow__dog-and-cat-skin-disease-identification-2__fung4_jpg.rf.b95945e14eb423d4d4f6dc9c3db18e68.jpg,same_class_duplicate,3,fungal_infection
C:\Users\ashis\Desktop\ScanAI\dataset_manager\clean\skin\fungal_infection\roboflow__dog-and-cat-skin-disease-identification-2__fung5_jpg.rf.e97d75cdb12fc32f92e4c2cab2e68a7b.jpg,same_class_duplicate,3,fungal_infection
C:\Users\ashis\Desktop\ScanAI\dataset_manager\clean\skin\fungal_infection\roboflow__dog-and-cat-skin-disease-identification-2__fung5_jpg.rf.f4b72dc4fa07126eb0270ebdacff0fab.jpg,same_class_duplicate,3,fungal_infection
C:\Users\ashis\Desktop\ScanAI\dataset_manager\clean\skin\fungal_infection\roboflow__dog-and-cat-skin-disease-identification-2__fung5_jpg.rf.bbe19781e88415c4bb7870b51ad9809e.jpg,same_class_duplicate,3,fungal_infection
C:\Users\ashis\Desktop\ScanAI\dataset_manager\clean\skin\fungal_infection\roboflow__dog-and-cat-skin-disease-identification-2__fung5_jpg.rf.d660c6036c35bde6ab586ae2bf4fc41c.jpg,same_class_duplicate,3,fungal_infection
C:\Users\ashis\Desktop\ScanAI\dataset_manager\clean\skin\fungal_infection\roboflow__dog-and-cat-skin-disease-identification-2__fung5_jpg.rf.a6779f8d4fa48328d8c8656fd7349837.jpg,same_class_duplicate,2,fungal_infection
C:\Users\ashis\Desktop\ScanAI\dataset_manager\clean\skin\fungal_infection\roboflow__dog-and-cat-skin-disease-identification-2__FUNGAL-INFECTION_071_jpg.rf.fff377731104ca0e972618252b1b4520.jpg,same_class_duplicate,2,fungal_infection
C:\Users\ashis\Desktop\ScanAI\dataset_manager\clean\skin\fungal_infection\roboflow__dog-and-cat-skin-disease-identification-2__pic59_jpg.rf.372c5f5959beaf498761bffd9b76d531.jpg,same_class_duplicate,3,fungal_infection
C:\Users\ashis\Desktop\ScanAI\dataset_manager\clean\skin\fungal_infection\roboflow__dog-and-cat-skin-disease-identification-2__pic59_jpg.rf.663759e990c41419acdb749b291b6b1c.jpg,same_class_duplicate,3,fungal_infection
C:\Users\ashis\Desktop\ScanAI\dataset_manager\clean\skin\fungal_infection\roboflow__dog-and-cat-skin-disease-identification-2__pic62_jpg.rf.08d8e18f7fdaa4e5509a8a481d865775.jpg,same_class_duplicate,3,fungal_infection
C:\Users\ashis\Desktop\ScanAI\dataset_manager\clean\skin\fungal_infection\roboflow__dog-and-cat-skin-disease-identification-2__pic62_jpg.rf.977fac87c191ccb22d2d91483a3ec3e3.jpg,same_class_duplicate,3,fungal_infection
C:\Users\ashis\Desktop\ScanAI\dataset_manager\clean\skin\fungal_infection\roboflow__dog-and-cat-skin-disease-identification-2__FUNGAL-INFECTION_015_jpg.rf.f590b012d41270b9ffdac990af38e5d9.jpg,same_class_duplicate,3,fungal_infection
C:\Users\ashis\Desktop\ScanAI\dataset_manager\clean\skin\fungal_infection\roboflow__dog-and-cat-skin-disease-identification-2__Fungal4_png_jpg.rf.dfbbad556d51b0e3abe33a273f9699fb.jpg,same_class_duplicate,3,fungal_infection
C:\Users\ashis\Desktop\ScanAI\dataset_manager\clean\skin\fungal_infection\roboflow__dog-and-cat-skin-disease-identification-2__pic75_jpg.rf.01493f0d31ef922ac36bb44d66d0e3a2.jpg,same_class_duplicate,3,fungal_infection
C:\Users\ashis\Desktop\ScanAI\dataset_manager\clean\skin\fungal_infection\roboflow__dog-and-cat-skin-disease-identification-2__pic75_jpg.rf.7c64f1cd233a6b6a1085ff8490ff9111.jpg,same_class_duplicate,3,fungal_infection
C:\Users\ashis\Desktop\ScanAI\dataset_manager\clean\skin\fungal_infection\roboflow__dog-and-cat-skin-disease-identification-2__pic57_jpg.rf.145970e3305f9e9fd24257d5c0d86f70.jpg,same_class_duplicate,3,fungal_infection
C:\Users\ashis\Desktop\ScanAI\dataset_manager\clean\skin\fungal_infection\roboflow__dog-and-cat-skin-disease-identification-2__pic57_jpg.rf.1ebc042ac2c0661a960716051e502011.jpg,same_class_duplicate,3,fungal_infection
C:\Users\ashis\Desktop\ScanAI\dataset_manager\clean\skin\fungal_infection\roboflow__dog-and-cat-skin-disease-identification-2__fungal1_jpg.rf.4cd4eb64331ed66ad80df7a1323c1903.jpg,same_class_duplicate,3,fungal_infection
C:\Users\ashis\Desktop\ScanAI\dataset_manager\clean\skin\fungal_infection\roboflow__dog-and-cat-skin-disease-identification-2__fungal1_jpg.rf.648608aed91e449bcfb55cc5aa9fa694.jpg,same_class_duplicate,3,fungal_infection
C:\Users\ashis\Desktop\ScanAI\dataset_manager\clean\skin\fungal_infection\roboflow__dog-and-cat-skin-disease-identification-2__pic90_jpg.rf.04c8f7ca3df36942fd911f1e61000cab.jpg,same_class_duplicate,3,fungal_infection
C:\Users\ashis\Desktop\ScanAI\dataset_manager\clean\skin\fungal_infection\roboflow__dog-and-cat-skin-disease-identification-2__pic90_jpg.rf.ca9b3f4a5163ae0c73bdf9f10e1e3097.jpg,same_class_duplicate,3,fungal_infection
C:\Users\ashis\Desktop\ScanAI\dataset_manager\clean\skin\fungal_infection\roboflow__dog-and-cat-skin-disease-identification-2__pic76_jpg.rf.51abe761f3afd4f7022030ec69e9faf5.jpg,same_class_duplicate,3,fungal_infection
C:\Users\ashis\Desktop\ScanAI\dataset_manager\clean\skin\fungal_infection\roboflow__dog-and-cat-skin-disease-identification-2__pic76_jpg.rf.ee3fef436be89c55fd073389783066ad.jpg,same_class_duplicate,3,fungal_infection
C:\Users\ashis\Desktop\ScanAI\dataset_manager\clean\skin\fungal_infection\roboflow__dog-and-cat-skin-disease-identification-2__pic65_jpg.rf.302c550d56480eca0ad97a0d3a370b65.jpg,same_class_duplicate,3,fungal_infection
C:\Users\ashis\Desktop\ScanAI\dataset_manager\clean\skin\fungal_infection\roboflow__dog-and-cat-skin-disease-identification-2__pic65_jpg.rf.38e502106e662c5f1fc6539c4fa8c55a.jpg,same_class_duplicate,3,fungal_infection
C:\Users\ashis\Desktop\ScanAI\dataset_manager\clean\skin\fungal_infection\roboflow__dog-and-cat-skin-disease-identification-2__FUNGAL-INFECTION_023_jpg.rf.71f3e1dea42f1c3c7d9abcc571122313.jpg,exact_cross_class_conflict,5,fungal_infection|hotspot|pyoderma
C:\Users\ashis\Desktop\ScanAI\dataset_manager\clean\skin\fungal_infection\roboflow__dog-and-cat-skin-disease-identification-2__pic51_jpg.rf.e1caebc1a6806d68a5c8ae9de6435426.jpg,exact_cross_class_conflict,5,fungal_infection|hotspot|pyoderma
C:\Users\ashis\Desktop\ScanAI\dataset_manager\clean\skin\hotspot\roboflow__dog-and-cat-skin-disease-identification-2__bacterial-infection-pustules-ri-livinga-2-300x300_jpg.rf.080833be40bcf66e72df4374d90d52b4.jpg,exact_cross_class_conflict,5,fungal_infection|hotspot|pyoderma
C:\Users\ashis\Desktop\ScanAI\dataset_manager\clean\skin\pyoderma\roboflow__dog-and-cat-skin-disease-identification-2__bacterial-infection-pustules-ri-livinga-2-300x300_jpg.rf.a26d9452832d1275a0fa3506adc70ecd.jpg,exact_cross_class_conflict,5,fungal_infection|hotspot|pyoderma
C:\Users\ashis\Desktop\ScanAI\dataset_manager\clean\skin\pyoderma\roboflow__dog-and-cat-skin-disease-identification-2__bacterial_110_jpg.rf.65756fbb091cdf99a07e7597e283266a.jpg,exact_cross_class_conflict,5,fungal_infection|hotspot|pyoderma
C:\Users\ashis\Desktop\ScanAI\dataset_manager\clean\skin\fungal_infection\roboflow__dog-and-cat-skin-disease-identification-2__pic87_jpg.rf.2028db0c5e070ebf51acd73ffb320658.jpg,same_class_duplicate,3,fungal_infection
C:\Users\ashis\Desktop\ScanAI\dataset_manager\clean\skin\fungal_infection\roboflow__dog-and-cat-skin-disease-identification-2__pic87_jpg.rf.2b0811ee540b99d3b7d754db07add29d.jpg,same_class_duplicate,3,fungal_infection
C:\Users\ashis\Desktop\ScanAI\dataset_manager\clean\skin\fungal_infection\roboflow__dog-and-cat-skin-disease-identification-2__pic50_jpg.rf.10160ec49fa9d15327e6edb5c6453073.jpg,same_class_duplicate,2,fungal_infection
C:\Users\ashis\Desktop\ScanAI\dataset_manager\clean\skin\fungal_infection\roboflow__dog-and-cat-skin-disease-identification-2__pic86_jpg.rf.b4bc327c4bcc7ca1ddcff128566bd957.jpg,same_class_duplicate,3,fungal_infection
C:\Users\ashis\Desktop\ScanAI\dataset_manager\clean\skin\fungal_infection\roboflow__dog-and-cat-skin-disease-identification-2__pic86_jpg.rf.ef503513e66e48f016b569a770238649.jpg,same_class_duplicate,3,fungal_infection
C:\Users\ashis\Desktop\ScanAI\dataset_manager\clean\skin\fungal_infection\roboflow__dog-and-cat-skin-disease-identification-2__Fungal_Image_2_jpg.rf.b21d8d5f6a6a71b62c9074103c7124ce.jpg,same_class_duplicate,4,fungal_infection
C:\Users\ashis\Desktop\ScanAI\dataset_manager\clean\skin\fungal_infection\roboflow__dog-and-cat-skin-disease-identification-2__Fungal_Image_2_jpg.rf.eb7f1ffadb3d808468d58340207e80c6.jpg,same_class_duplicate,4,fungal_infection
C:\Users\ashis\Desktop\ScanAI\dataset_manager\clean\skin\fungal_infection\roboflow__dog-and-cat-skin-disease-identification-2__Fungal_Image_2_jpg.rf.f95c611d0f9f851426509989695932de.jpg,same_class_duplicate,4,fungal_infection
C:\Users\ashis\Desktop\ScanAI\dataset_manager\clean\skin\fungal_infection\roboflow__dog-and-cat-skin-disease-identification-2__pic84_jpg.rf.3b49ba5c0cec4f05bf6cee9522daea85.jpg,same_class_duplicate,3,fungal_infection
C:\Users\ashis\Desktop\ScanAI\dataset_manager\clean\skin\fungal_infection\roboflow__dog-and-cat-skin-disease-identification-2__pic84_jpg.rf.6487b301844b4aeb07d2b837033944a9.jpg,same_class_duplicate,3,fungal_infection
C:\Users\ashis\Desktop\ScanAI\dataset_manager\clean\skin\fungal_infection\roboflow__dog-and-cat-skin-disease-identification-2__FUNGAL-INFECTION_070_jpg.rf.9a6db8b15289f4265e11f229b6486b76.jpg,same_class_duplicate,2,fungal_infection
C:\Users\ashis\Desktop\ScanAI\dataset_manager\clean\skin\fungal_infection\roboflow__dog-and-cat-skin-disease-identification-2__fungal1_jpg.rf.7181e0d7f5fe36eb41db87e4e9b82528.jpg,same_class_duplicate,3,fungal_infection
C:\Users\ashis\Desktop\ScanAI\dataset_manager\clean\skin\fungal_infection\roboflow__dog-and-cat-skin-disease-identification-2__fungal1_jpg.rf.951fc954fe4277f9cebd3154da9c7d8d.jpg,same_class_duplicate,3,fungal_infection
C:\Users\ashis\Desktop\ScanAI\dataset_manager\clean\skin\fungal_infection\roboflow__dog-and-cat-skin-disease-identification-2__fungal1_jpg.rf.919c35a7e1d776a10067b0eed1e205a7.jpg,same_class_duplicate,3,fungal_infection
C:\Users\ashis\Desktop\ScanAI\dataset_manager\clean\skin\fungal_infection\roboflow__dog-and-cat-skin-disease-identification-2__fungal1_jpg.rf.c8d01b0b604f2f8363675070a3b48127.jpg,same_class_duplicate,3,fungal_infection
C:\Users\ashis\Desktop\ScanAI\dataset_manager\clean\skin\fungal_infection\roboflow__dog-and-cat-skin-disease-identification-2__Fungal1_png_jpg.rf.60f2d0df4da272d13f95ffe69e549413.jpg,same_class_duplicate,3,fungal_infection
C:\Users\ashis\Desktop\ScanAI\dataset_manager\clean\skin\fungal_infection\roboflow__dog-and-cat-skin-disease-identification-2__Fungal1_png_jpg.rf.df17e30cbf1c6429c729ba074b615c50.jpg,same_class_duplicate,3,fungal_infection
C:\Users\ashis\Desktop\ScanAI\dataset_manager\clean\skin\fungal_infection\roboflow__dog-and-cat-skin-disease-identification-2__Fungal1_png_jpg.rf.eefa5eb5346ff20cc2802fc37e6612de.jpg,same_class_duplicate,3,fungal_infection
C:\Users\ashis\Desktop\ScanAI\dataset_manager\clean\skin\fungal_infection\roboflow__dog-and-cat-skin-disease-identification-2__Fungal1_png_jpg.rf.fc9f99598015e25f949d00962771143d.jpg,same_class_duplicate,3,fungal_infection
C:\Users\ashis\Desktop\ScanAI\dataset_manager\clean\skin\fungal_infection\roboflow__dog-and-cat-skin-disease-identification-2__fungal2_jpg.rf.9607d456d9ec2c07f497b966abe8233e.jpg,same_class_duplicate,3,fungal_infection
C:\Users\ashis\Desktop\ScanAI\dataset_manager\clean\skin\fungal_infection\roboflow__dog-and-cat-skin-disease-identification-2__fungal2_jpg.rf.e2dcf3474b8431c2898cd3c85f2e8b5e.jpg,same_class_duplicate,3,fungal_infection
C:\Users\ashis\Desktop\ScanAI\dataset_manager\clean\skin\fungal_infection\roboflow__dog-and-cat-skin-disease-identification-2__fungal2_jpg.rf.d2444236f4ad334b6d06106cd6cf1939.jpg,same_class_duplicate,3,fungal_infection
C:\Users\ashis\Desktop\ScanAI\dataset_manager\clean\skin\fungal_infection\roboflow__dog-and-cat-skin-disease-identification-2__pic54_jpg.rf.40e7c4b2431293c757a0d9ed501beeaa.jpg,same_class_duplicate,3,fungal_infection
C:\Users\ashis\Desktop\ScanAI\dataset_manager\clean\skin\fungal_infection\roboflow__dog-and-cat-skin-disease-identification-2__fungal2_jpg.rf.74cb42a19e5392a9822dce4535653683.jpg,same_class_duplicate,3,fungal_infection
C:\Users\ashis\Desktop\ScanAI\dataset_manager\clean\skin\fungal_infection\roboflow__dog-and-cat-skin-disease-identification-2__fungal2_jpg.rf.74fb7cecfe99119115d1041bd0660015.jpg,same_class_duplicate,3,fungal_infection
C:\Users\ashis\Desktop\ScanAI\dataset_manager\clean\skin\fungal_infection\roboflow__dog-and-cat-skin-disease-identification-2__Fungal2_png_jpg.rf.31d5c073f6dadc911d90e7296b498eab.jpg,same_class_duplicate,3,fungal_infection
C:\Users\ashis\Desktop\ScanAI\dataset_manager\clean\skin\fungal_infection\roboflow__dog-and-cat-skin-disease-identification-2__Fungal2_png_jpg.rf.44c23a34aebb07ec10571013c0bf13f9.jpg,same_class_duplicate,3,fungal_infection
C:\Users\ashis\Desktop\ScanAI\dataset_manager\clean\skin\fungal_infection\roboflow__dog-and-cat-skin-disease-identification-2__Fungal2_png_jpg.rf.97af6f9725b7280a3c621318297bf915.jpg,same_class_duplicate,3,fungal_infection
C:\Users\ashis\Desktop\ScanAI\dataset_manager\clean\skin\fungal_infection\roboflow__dog-and-cat-skin-disease-identification-2__Fungal2_png_jpg.rf.d6f5f373ab20f3b4767a05ce59ae81cc.jpg,same_class_duplicate,3,fungal_infection
C:\Users\ashis\Desktop\ScanAI\dataset_manager\clean\skin\fungal_infection\roboflow__dog-and-cat-skin-disease-identification-2__Fungal2_png_jpg.rf.db5ee86cf8903d6155dd3cd8c73e4e7c.jpg,same_class_duplicate,2,fungal_infection
C:\Users\ashis\Desktop\ScanAI\dataset_manager\clean\skin\fungal_infection\roboflow__dog-and-cat-skin-disease-identification-2__fungal3_jpg.rf.7f928beb4275fd564b6f9c37287b800a.jpg,same_class_duplicate,3,fungal_infection
C:\Users\ashis\Desktop\ScanAI\dataset_manager\clean\skin\fungal_infection\roboflow__dog-and-cat-skin-disease-identification-2__fungal3_jpg.rf.ac406db15067fc9e6a87df99fd46762e.jpg,same_class_duplicate,3,fungal_infection
C:\Users\ashis\Desktop\ScanAI\dataset_manager\clean\skin\fungal_infection\roboflow__dog-and-cat-skin-disease-identification-2__fungal3_jpg.rf.838dc2c26dfc4c30cf7a17f21b405177.jpg,same_class_duplicate,3,fungal_infection
C:\Users\ashis\Desktop\ScanAI\dataset_manager\clean\skin\fungal_infection\roboflow__dog-and-cat-skin-disease-identification-2__fungal3_jpg.rf.f168fd05020ac73dd325fce5cc67d50c.jpg,same_class_duplicate,3,fungal_infection
C:\Users\ashis\Desktop\ScanAI\dataset_manager\clean\skin\fungal_infection\roboflow__dog-and-cat-skin-disease-identification-2__Fungal3_png_jpg.rf.5bbd97548542af057f285b29c7d064e5.jpg,same_class_duplicate,2,fungal_infection
C:\Users\ashis\Desktop\ScanAI\dataset_manager\clean\skin\fungal_infection\roboflow__dog-and-cat-skin-disease-identification-2__Fungal3_png_jpg.rf.2d65980936be9e15ccb5f30c989ed988.jpg,same_class_duplicate,3,fungal_infection
C:\Users\ashis\Desktop\ScanAI\dataset_manager\clean\skin\fungal_infection\roboflow__dog-and-cat-skin-disease-identification-2__Fungal3_png_jpg.rf.654b4f7b34c5c5a9fba74d8b9f09e6b2.jpg,same_class_duplicate,3,fungal_infection
C:\Users\ashis\Desktop\ScanAI\dataset_manager\clean\skin\fungal_infection\roboflow__dog-and-cat-skin-disease-identification-2__Fungal3_png_jpg.rf.42193131851ca5359c7d3bf40f06dc62.jpg,same_class_duplicate,3,fungal_infection
C:\Users\ashis\Desktop\ScanAI\dataset_manager\clean\skin\fungal_infection\roboflow__dog-and-cat-skin-disease-identification-2__Fungal3_png_jpg.rf.85d84726240e818a6c07d01624016c9c.jpg,same_class_duplicate,3,fungal_infection
C:\Users\ashis\Desktop\ScanAI\dataset_manager\clean\skin\fungal_infection\roboflow__dog-and-cat-skin-disease-identification-2__Fungal4_png_jpg.rf.61c4dacf5b9a4373a7cf130326195e55.jpg,same_class_duplicate,3,fungal_infection
C:\Users\ashis\Desktop\ScanAI\dataset_manager\clean\skin\fungal_infection\roboflow__dog-and-cat-skin-disease-identification-2__Fungal4_png_jpg.rf.92f4e1c24312d3f66c6a0ac3070af824.jpg,same_class_duplicate,3,fungal_infection
C:\Users\ashis\Desktop\ScanAI\dataset_manager\clean\skin\fungal_infection\roboflow__dog-and-cat-skin-disease-identification-2__Fungal4_png_jpg.rf.8255f4a224f024bfefd187737434e904.jpg,same_class_duplicate,2,fungal_infection
C:\Users\ashis\Desktop\ScanAI\dataset_manager\clean\skin\fungal_infection\roboflow__dog-and-cat-skin-disease-identification-2__Fungal4_png_jpg.rf.588cf9ea89520f63b8fd562095f43ee1.jpg,same_class_duplicate,3,fungal_infection
C:\Users\ashis\Desktop\ScanAI\dataset_manager\clean\skin\fungal_infection\roboflow__dog-and-cat-skin-disease-identification-2__Fungal4_png_jpg.rf.5e11358133ca53b5994974ba4bed7032.jpg,same_class_duplicate,3,fungal_infection
C:\Users\ashis\Desktop\ScanAI\dataset_manager\clean\skin\fungal_infection\roboflow__dog-and-cat-skin-disease-identification-2__Fungal_2_jpg.rf.1af472ff3ccec58976207537b379a343.jpg,same_class_duplicate,4,fungal_infection
C:\Users\ashis\Desktop\ScanAI\dataset_manager\clean\skin\fungal_infection\roboflow__dog-and-cat-skin-disease-identification-2__Fungal_2_jpg.rf.356b551895a8a273ace0f10726dcaacb.jpg,same_class_duplicate,4,fungal_infection
C:\Users\ashis\Desktop\ScanAI\dataset_manager\clean\skin\fungal_infection\roboflow__dog-and-cat-skin-disease-identification-2__Fungal_2_jpg.rf.e3cc3c4bbe877123e85eae3e6c7a0bba.jpg,same_class_duplicate,4,fungal_infection
C:\Users\ashis\Desktop\ScanAI\dataset_manager\clean\skin\fungal_infection\roboflow__dog-and-cat-skin-disease-identification-2__Fungal_2_jpg.rf.c978add9c778fca1cda1f093b709158d.jpg,same_class_duplicate,3,fungal_infection
C:\Users\ashis\Desktop\ScanAI\dataset_manager\clean\skin\fungal_infection\roboflow__dog-and-cat-skin-disease-identification-2__Fungal_2_jpg.rf.d6b70630d48c961791eb9736f679b037.jpg,same_class_duplicate,3,fungal_infection
C:\Users\ashis\Desktop\ScanAI\dataset_manager\clean\skin\fungal_infection\roboflow__dog-and-cat-skin-disease-identification-2__Fungal_Image_1_jpg.rf.48dae26a8e28c02fc3c81c8b5339851d.jpg,same_class_duplicate,3,fungal_infection
C:\Users\ashis\Desktop\ScanAI\dataset_manager\clean\skin\fungal_infection\roboflow__dog-and-cat-skin-disease-identification-2__Fungal_Image_1_jpg.rf.a364d3e95caf481124aeaeb00666cf7a.jpg,same_class_duplicate,3,fungal_infection
C:\Users\ashis\Desktop\ScanAI\dataset_manager\clean\skin\fungal_infection\roboflow__dog-and-cat-skin-disease-identification-2__Fungal_Image_1_jpg.rf.65e7edf5594dd6105e2b755a95a2225c.jpg,same_class_duplicate,3,fungal_infection
C:\Users\ashis\Desktop\ScanAI\dataset_manager\clean\skin\fungal_infection\roboflow__dog-and-cat-skin-disease-identification-2__Fungal_Image_1_jpg.rf.970ae9f63ea7809bbcb84ccaeb585e86.jpg,same_class_duplicate,3,fungal_infection
C:\Users\ashis\Desktop\ScanAI\dataset_manager\clean\skin\fungal_infection\roboflow__dog-and-cat-skin-disease-identification-2__Fungal_Image_1_jpg.rf.4ef471ebb10373d02ca3d02bb1a29058.jpg,exact_cross_class_conflict,4,fungal_infection|hotspot
C:\Users\ashis\Desktop\ScanAI\dataset_manager\clean\skin\fungal_infection\roboflow__dog-and-cat-skin-disease-identification-2__Fungal_Image_1_jpg.rf.9eb70b72114e4bd372cb2443bd1012fc.jpg,exact_cross_class_conflict,4,fungal_infection|hotspot
C:\Users\ashis\Desktop\ScanAI\dataset_manager\clean\skin\fungal_infection\roboflow__dog-and-cat-skin-disease-identification-2__Fungal_Image_1_jpg.rf.c0923831999aa641e6422382256a5273.jpg,exact_cross_class_conflict,4,fungal_infection|hotspot
C:\Users\ashis\Desktop\ScanAI\dataset_manager\clean\skin\hotspot\roboflow__dog-and-cat-skin-disease-identification-2__1000010558_x4_jpg.rf.df3abbf987e5d2ed9e92391d3c2635e6.jpg,exact_cross_class_conflict,4,fungal_infection|hotspot
C:\Users\ashis\Desktop\ScanAI\dataset_manager\clean\skin\fungal_infection\roboflow__dog-and-cat-skin-disease-identification-2__Fungal_Image_2_jpg.rf.4c32d784044f58faa3051daa13ed31b2.jpg,same_class_duplicate,3,fungal_infection
C:\Users\ashis\Desktop\ScanAI\dataset_manager\clean\skin\fungal_infection\roboflow__dog-and-cat-skin-disease-identification-2__Fungal_Image_2_jpg.rf.bc344e8e0ba82a3e41f13411b48dcfdf.jpg,same_class_duplicate,3,fungal_infection
C:\Users\ashis\Desktop\ScanAI\dataset_manager\clean\skin\fungal_infection\roboflow__dog-and-cat-skin-disease-identification-2__Fungal_Image_2_jpg.rf.a9e6297c370818cdccde0960820199ce.jpg,same_class_duplicate,3,fungal_infection
C:\Users\ashis\Desktop\ScanAI\dataset_manager\clean\skin\fungal_infection\roboflow__dog-and-cat-skin-disease-identification-2__Fungal_Image_2_jpg.rf.dfdbe2d50131c70445f6a9d774cc9c06.jpg,same_class_duplicate,3,fungal_infection
C:\Users\ashis\Desktop\ScanAI\dataset_manager\clean\skin\fungal_infection\roboflow__dog-and-cat-skin-disease-identification-2__Fungal_Image_4_jpg.rf.9d0a15d92c4e70740fd6b2e1b4e71811.jpg,same_class_duplicate,3,fungal_infection
C:\Users\ashis\Desktop\ScanAI\dataset_manager\clean\skin\fungal_infection\roboflow__dog-and-cat-skin-disease-identification-2__Fungal_Image_4_jpg.rf.deb8d5031401b90ae26bdf1111ba8402.jpg,same_class_duplicate,3,fungal_infection
C:\Users\ashis\Desktop\ScanAI\dataset_manager\clean\skin\fungal_infection\roboflow__dog-and-cat-skin-disease-identification-2__Fungal_Image_4_jpg.rf.73cfff2a0384a7f28240f825457548d3.jpg,same_class_duplicate,3,fungal_infection
C:\Users\ashis\Desktop\ScanAI\dataset_manager\clean\skin\fungal_infection\roboflow__dog-and-cat-skin-disease-identification-2__Fungal_Image_4_jpg.rf.e497cbc5acf5b5b55b899710fad78c4f.jpg,same_class_duplicate,3,fungal_infection
C:\Users\ashis\Desktop\ScanAI\dataset_manager\clean\skin\fungal_infection\roboflow__dog-and-cat-skin-disease-identification-2__pic0_jpg.rf.5addb46161429cc8971b76583645d608.jpg,same_class_duplicate,2,fungal_infection
C:\Users\ashis\Desktop\ScanAI\dataset_manager\clean\skin\fungal_infection\roboflow__dog-and-cat-skin-disease-identification-2__pic10_jpg.rf.b7c58c4d795a541322a7c0d874637c18.jpg,same_class_duplicate,2,fungal_infection
C:\Users\ashis\Desktop\ScanAI\dataset_manager\clean\skin\fungal_infection\roboflow__dog-and-cat-skin-disease-identification-2__pic11_jpg.rf.68cc0205d141b47a94cf727942292df9.jpg,same_class_duplicate,4,fungal_infection
C:\Users\ashis\Desktop\ScanAI\dataset_manager\clean\skin\fungal_infection\roboflow__dog-and-cat-skin-disease-identification-2__pic12_jpg.rf.bd6cab77b8c6a37b1fc2accb15d16919.jpg,same_class_duplicate,4,fungal_infection
C:\Users\ashis\Desktop\ScanAI\dataset_manager\clean\skin\fungal_infection\roboflow__dog-and-cat-skin-disease-identification-2__pic12_jpg.rf.c4ba85f6d12e371a67ea6240508caa99.jpg,same_class_duplicate,4,fungal_infection
C:\Users\ashis\Desktop\ScanAI\dataset_manager\clean\skin\fungal_infection\roboflow__dog-and-cat-skin-disease-identification-2__pic13_jpg.rf.e4be54c2d3b36c379dee8f3c78cc258c.jpg,same_class_duplicate,2,fungal_infection
C:\Users\ashis\Desktop\ScanAI\dataset_manager\clean\skin\fungal_infection\roboflow__dog-and-cat-skin-disease-identification-2__pic14_jpg.rf.4137ccb2079c2f3a5f22f533dfb5f52b.jpg,same_class_duplicate,4,fungal_infection
C:\Users\ashis\Desktop\ScanAI\dataset_manager\clean\skin\fungal_infection\roboflow__dog-and-cat-skin-disease-identification-2__pic15_jpg.rf.ccaf98e44513585ecac9c61dcfbd994d.jpg,same_class_duplicate,4,fungal_infection
C:\Users\ashis\Desktop\ScanAI\dataset_manager\clean\skin\fungal_infection\roboflow__dog-and-cat-skin-disease-identification-2__pic15_jpg.rf.de8b5474c4fbb1468cacc9507cdcf712.jpg,same_class_duplicate,4,fungal_infection
C:\Users\ashis\Desktop\ScanAI\dataset_manager\clean\skin\fungal_infection\roboflow__dog-and-cat-skin-disease-identification-2__pic16_jpg.rf.2aaf45e47a1ce3e14699b81e12a0d4fc.jpg,same_class_duplicate,2,fungal_infection
C:\Users\ashis\Desktop\ScanAI\dataset_manager\clean\skin\fungal_infection\roboflow__dog-and-cat-skin-disease-identification-2__pic17_jpg.rf.bf017abd889feaf3b8dab74d96de8671.jpg,same_class_duplicate,2,fungal_infection
C:\Users\ashis\Desktop\ScanAI\dataset_manager\clean\skin\fungal_infection\roboflow__dog-and-cat-skin-disease-identification-2__pic18_jpg.rf.d4e4c13634630d6d0c67f290ede8c343.jpg,same_class_duplicate,2,fungal_infection
C:\Users\ashis\Desktop\ScanAI\dataset_manager\clean\skin\fungal_infection\roboflow__dog-and-cat-skin-disease-identification-2__pic19_jpg.rf.d4cae448e36b4320a4e3af73e39a0d99.jpg,same_class_duplicate,2,fungal_infection
C:\Users\ashis\Desktop\ScanAI\dataset_manager\clean\skin\fungal_infection\roboflow__dog-and-cat-skin-disease-identification-2__pic1_jpg.rf.f704e97ac50e70f528be52517d9b5044.jpg,same_class_duplicate,2,fungal_infection
C:\Users\ashis\Desktop\ScanAI\dataset_manager\clean\skin\fungal_infection\roboflow__dog-and-cat-skin-disease-identification-2__pic20_jpg.rf.d583f1d03301b2cc4cdb555a299aef26.jpg,same_class_duplicate,2,fungal_infection
C:\Users\ashis\Desktop\ScanAI\dataset_manager\clean\skin\fungal_infection\roboflow__dog-and-cat-skin-disease-identification-2__pic22_jpg.rf.463c13adeadf014e1afdec01e76a753f.jpg,same_class_duplicate,2,fungal_infection
C:\Users\ashis\Desktop\ScanAI\dataset_manager\clean\skin\fungal_infection\roboflow__dog-and-cat-skin-disease-identification-2__pic23_jpg.rf.c42f862bf570b021ad1f86f45ef6e688.jpg,same_class_duplicate,2,fungal_infection
C:\Users\ashis\Desktop\ScanAI\dataset_manager\clean\skin\fungal_infection\roboflow__dog-and-cat-skin-disease-identification-2__pic24_jpg.rf.a864c54076fc15b22ba15714ddc16f87.jpg,same_class_duplicate,4,fungal_infection
C:\Users\ashis\Desktop\ScanAI\dataset_manager\clean\skin\fungal_infection\roboflow__dog-and-cat-skin-disease-identification-2__pic25_jpg.rf.26b49b513174d8be6135ed753836cc5a.jpg,same_class_duplicate,4,fungal_infection
C:\Users\ashis\Desktop\ScanAI\dataset_manager\clean\skin\fungal_infection\roboflow__dog-and-cat-skin-disease-identification-2__pic25_jpg.rf.cf38e7f90216e19bdd86f3a5ac867662.jpg,same_class_duplicate,4,fungal_infection
C:\Users\ashis\Desktop\ScanAI\dataset_manager\clean\skin\fungal_infection\roboflow__dog-and-cat-skin-disease-identification-2__pic26_jpg.rf.7767a2696416db02f0bd8fe0438ae0fa.jpg,same_class_duplicate,2,fungal_infection
C:\Users\ashis\Desktop\ScanAI\dataset_manager\clean\skin\fungal_infection\roboflow__dog-and-cat-skin-disease-identification-2__pic27_jpg.rf.ff38d8faf29aa9c02e4954e97a45e561.jpg,same_class_duplicate,2,fungal_infection
C:\Users\ashis\Desktop\ScanAI\dataset_manager\clean\skin\fungal_infection\roboflow__dog-and-cat-skin-disease-identification-2__pic28_jpg.rf.70493bf24de9554f252d1f4d75008fa1.jpg,same_class_duplicate,4,fungal_infection
C:\Users\ashis\Desktop\ScanAI\dataset_manager\clean\skin\fungal_infection\roboflow__dog-and-cat-skin-disease-identification-2__pic29_jpg.rf.a4f3556f3cb2d75c4ca317391fd514f6.jpg,same_class_duplicate,4,fungal_infection
C:\Users\ashis\Desktop\ScanAI\dataset_manager\clean\skin\fungal_infection\roboflow__dog-and-cat-skin-disease-identification-2__pic29_jpg.rf.b9f1b8167853e2a4a3efbaa299934a0d.jpg,same_class_duplicate,4,fungal_infection
C:\Users\ashis\Desktop\ScanAI\dataset_manager\clean\skin\fungal_infection\roboflow__dog-and-cat-skin-disease-identification-2__pic2_jpg.rf.38731be716639410dd2eebbc266cf74d.jpg,same_class_duplicate,2,fungal_infection
C:\Users\ashis\Desktop\ScanAI\dataset_manager\clean\skin\fungal_infection\roboflow__dog-and-cat-skin-disease-identification-2__pic30_jpg.rf.b856b749d791d96f45600b3f743712d0.jpg,same_class_duplicate,2,fungal_infection
C:\Users\ashis\Desktop\ScanAI\dataset_manager\clean\skin\fungal_infection\roboflow__dog-and-cat-skin-disease-identification-2__pic31_jpg.rf.ea24966442cc5c01ff5b3faa51154900.jpg,same_class_duplicate,2,fungal_infection
C:\Users\ashis\Desktop\ScanAI\dataset_manager\clean\skin\fungal_infection\roboflow__dog-and-cat-skin-disease-identification-2__pic32_jpg.rf.e015848f7d6f4312dcba4bfc57e9a383.jpg,same_class_duplicate,4,fungal_infection
C:\Users\ashis\Desktop\ScanAI\dataset_manager\clean\skin\fungal_infection\roboflow__dog-and-cat-skin-disease-identification-2__pic33_jpg.rf.477145fe7c930ae2b694d8460e009c9f.jpg,same_class_duplicate,4,fungal_infection
C:\Users\ashis\Desktop\ScanAI\dataset_manager\clean\skin\fungal_infection\roboflow__dog-and-cat-skin-disease-identification-2__pic33_jpg.rf.c0206ad10f6e2827c00f2a01790dc512.jpg,same_class_duplicate,4,fungal_infection
C:\Users\ashis\Desktop\ScanAI\dataset_manager\clean\skin\fungal_infection\roboflow__dog-and-cat-skin-disease-identification-2__pic34_jpg.rf.cc8ebd6c686a7f8641fed87deedab5f5.jpg,same_class_duplicate,4,fungal_infection
C:\Users\ashis\Desktop\ScanAI\dataset_manager\clean\skin\fungal_infection\roboflow__dog-and-cat-skin-disease-identification-2__pic35_jpg.rf.1e622942110f2c463bbba94a0059675e.jpg,same_class_duplicate,4,fungal_infection
C:\Users\ashis\Desktop\ScanAI\dataset_manager\clean\skin\fungal_infection\roboflow__dog-and-cat-skin-disease-identification-2__pic35_jpg.rf.b15226dc6ceb7133559910f8639b7dae.jpg,same_class_duplicate,4,fungal_infection
C:\Users\ashis\Desktop\ScanAI\dataset_manager\clean\skin\fungal_infection\roboflow__dog-and-cat-skin-disease-identification-2__pic36_jpg.rf.57b5fc5559dadb55e5580e73c76c18e4.jpg,same_class_duplicate,2,fungal_infection
C:\Users\ashis\Desktop\ScanAI\dataset_manager\clean\skin\fungal_infection\roboflow__dog-and-cat-skin-disease-identification-2__pic37_jpg.rf.f180c9aa3ca04cb77101e6d5b8cb28b4.jpg,same_class_duplicate,2,fungal_infection
C:\Users\ashis\Desktop\ScanAI\dataset_manager\clean\skin\fungal_infection\roboflow__dog-and-cat-skin-disease-identification-2__pic38_jpg.rf.be6f13c4949fc8ac406f445fa967aa65.jpg,same_class_duplicate,2,fungal_infection
C:\Users\ashis\Desktop\ScanAI\dataset_manager\clean\skin\fungal_infection\roboflow__dog-and-cat-skin-disease-identification-2__pic39_jpg.rf.2b24bb6a36398c9f1ab1ccbfeafe02a2.jpg,same_class_duplicate,2,fungal_infection
C:\Users\ashis\Desktop\ScanAI\dataset_manager\clean\skin\fungal_infection\roboflow__dog-and-cat-skin-disease-identification-2__pic3_jpg.rf.b2450249bf2d8ed606c047d67353bca8.jpg,same_class_duplicate,2,fungal_infection
C:\Users\ashis\Desktop\ScanAI\dataset_manager\clean\skin\fungal_infection\roboflow__dog-and-cat-skin-disease-identification-2__pic40_jpg.rf.ecb927b985972fd5667c1bfc5a212338.jpg,same_class_duplicate,2,fungal_infection
C:\Users\ashis\Desktop\ScanAI\dataset_manager\clean\skin\fungal_infection\roboflow__dog-and-cat-skin-disease-identification-2__pic41_jpg.rf.fcec8d0a9e32911e3e2d82e30c845b19.jpg,same_class_duplicate,2,fungal_infection
C:\Users\ashis\Desktop\ScanAI\dataset_manager\clean\skin\fungal_infection\roboflow__dog-and-cat-skin-disease-identification-2__pic43_jpg.rf.8df751685d217d26fdf66a3c40aa8084.jpg,same_class_duplicate,2,fungal_infection
C:\Users\ashis\Desktop\ScanAI\dataset_manager\clean\skin\fungal_infection\roboflow__dog-and-cat-skin-disease-identification-2__pic44_jpg.rf.9ed3d4671acea085d76d23d008667233.jpg,same_class_duplicate,2,fungal_infection
C:\Users\ashis\Desktop\ScanAI\dataset_manager\clean\skin\fungal_infection\roboflow__dog-and-cat-skin-disease-identification-2__pic45_jpg.rf.d53ec2b99a4ade71ef56eab3d7e39029.jpg,same_class_duplicate,2,fungal_infection
C:\Users\ashis\Desktop\ScanAI\dataset_manager\clean\skin\fungal_infection\roboflow__dog-and-cat-skin-disease-identification-2__pic46_jpg.rf.502642783b367053f196de8eb89de888.jpg,same_class_duplicate,2,fungal_infection
C:\Users\ashis\Desktop\ScanAI\dataset_manager\clean\skin\fungal_infection\roboflow__dog-and-cat-skin-disease-identification-2__pic47_jpg.rf.d275c46952efc66d3935953c514c1c7c.jpg,same_class_duplicate,2,fungal_infection
C:\Users\ashis\Desktop\ScanAI\dataset_manager\clean\skin\fungal_infection\roboflow__dog-and-cat-skin-disease-identification-2__pic48_jpg.rf.983df0c5b44433c6d388aebd2ed164b0.jpg,same_class_duplicate,2,fungal_infection
C:\Users\ashis\Desktop\ScanAI\dataset_manager\clean\skin\fungal_infection\roboflow__dog-and-cat-skin-disease-identification-2__pic4_jpg.rf.7ee380dbe23df4e8eda655c920757556.jpg,same_class_duplicate,2,fungal_infection
C:\Users\ashis\Desktop\ScanAI\dataset_manager\clean\skin\fungal_infection\roboflow__dog-and-cat-skin-disease-identification-2__pic53_jpg.rf.4bc67a2877cdaa56be60c82e6f270ad7.jpg,same_class_duplicate,2,fungal_infection
C:\Users\ashis\Desktop\ScanAI\dataset_manager\clean\skin\fungal_infection\roboflow__dog-and-cat-skin-disease-identification-2__pic55_jpg.rf.3f250d91f5ee060fa8a7745d508d2d14.jpg,same_class_duplicate,2,fungal_infection
C:\Users\ashis\Desktop\ScanAI\dataset_manager\clean\skin\fungal_infection\roboflow__dog-and-cat-skin-disease-identification-2__pic55_jpg.rf.59bbbc9168e7e882c71486fb560d31cc.jpg,exact_cross_class_conflict,4,fungal_infection|ringworm
C:\Users\ashis\Desktop\ScanAI\dataset_manager\clean\skin\fungal_infection\roboflow__dog-and-cat-skin-disease-identification-2__pic55_jpg.rf.987b09064edb797c6ecdba94735dec11.jpg,exact_cross_class_conflict,4,fungal_infection|ringworm
C:\Users\ashis\Desktop\ScanAI\dataset_manager\clean\skin\ringworm\roboflow__dog-and-cat-skin-disease-identification-2__ringworm-71-_jpg.rf.3ff47cd0e261a3ee196608147cd5eff8.jpg,exact_cross_class_conflict,4,fungal_infection|ringworm
C:\Users\ashis\Desktop\ScanAI\dataset_manager\clean\skin\ringworm\roboflow__dog-and-cat-skin-disease-identification-2__ringworm-85-_jpg.rf.fbf9155ff30741a70c027fa8a5b778f2.jpg,exact_cross_class_conflict,4,fungal_infection|ringworm
C:\Users\ashis\Desktop\ScanAI\dataset_manager\clean\skin\fungal_infection\roboflow__dog-and-cat-skin-disease-identification-2__pic56_jpg.rf.bab203db0dd7f5d9f06e4b833360ab16.jpg,exact_cross_class_conflict,5,fungal_infection|ringworm
C:\Users\ashis\Desktop\ScanAI\dataset_manager\clean\skin\fungal_infection\roboflow__dog-and-cat-skin-disease-identification-2__pic56_jpg.rf.bbb0edb4bde4f00873cf2e7de8d3775c.jpg,exact_cross_class_conflict,5,fungal_infection|ringworm
C:\Users\ashis\Desktop\ScanAI\dataset_manager\clean\skin\ringworm\roboflow__dog-and-cat-skin-disease-identification-2__1000011983_x4_jpg.rf.4cbec489818947271c604577528bdc3f.jpg,exact_cross_class_conflict,5,fungal_infection|ringworm
C:\Users\ashis\Desktop\ScanAI\dataset_manager\clean\skin\ringworm\roboflow__dog-and-cat-skin-disease-identification-2__ringworm-66-_jpg.rf.130dfefa722e26065258cefc5d25db3c.jpg,exact_cross_class_conflict,5,fungal_infection|ringworm
C:\Users\ashis\Desktop\ScanAI\dataset_manager\clean\skin\ringworm\roboflow__dog-and-cat-skin-disease-identification-2__ringworm-87-_jpg.rf.1e5e6974b9142244a9625bfff2860320.jpg,exact_cross_class_conflict,5,fungal_infection|ringworm
C:\Users\ashis\Desktop\ScanAI\dataset_manager\clean\skin\fungal_infection\roboflow__dog-and-cat-skin-disease-identification-2__pic58_jpg.rf.8923a06e2d84e2e04d7b9e71f5d391ad.jpg,same_class_duplicate,2,fungal_infection
C:\Users\ashis\Desktop\ScanAI\dataset_manager\clean\skin\fungal_infection\roboflow__dog-and-cat-skin-disease-identification-2__pic5_jpg.rf.3ecfb3eb00e502d020384f40b330b10b.jpg,same_class_duplicate,2,fungal_infection
C:\Users\ashis\Desktop\ScanAI\dataset_manager\clean\skin\fungal_infection\roboflow__dog-and-cat-skin-disease-identification-2__pic60_jpg.rf.b362a6f1b16303cd33525b1a0ea4a10c.jpg,same_class_duplicate,2,fungal_infection
C:\Users\ashis\Desktop\ScanAI\dataset_manager\clean\skin\fungal_infection\roboflow__dog-and-cat-skin-disease-identification-2__pic61_jpg.rf.a9041653a8e086274b4891100ba547b8.jpg,same_class_duplicate,2,fungal_infection
C:\Users\ashis\Desktop\ScanAI\dataset_manager\clean\skin\fungal_infection\roboflow__dog-and-cat-skin-disease-identification-2__pic63_jpg.rf.d2b8f8af59838b80f52404bd949f10f4.jpg,same_class_duplicate,2,fungal_infection
C:\Users\ashis\Desktop\ScanAI\dataset_manager\clean\skin\fungal_infection\roboflow__dog-and-cat-skin-disease-identification-2__pic64_jpg.rf.5d673f7c06ae545cfeb55a99c8ad45b6.jpg,same_class_duplicate,2,fungal_infection
C:\Users\ashis\Desktop\ScanAI\dataset_manager\clean\skin\fungal_infection\roboflow__dog-and-cat-skin-disease-identification-2__pic66_jpg.rf.455a993cb34a82ab8affcbe74ccaa366.jpg,same_class_duplicate,2,fungal_infection
C:\Users\ashis\Desktop\ScanAI\dataset_manager\clean\skin\fungal_infection\roboflow__dog-and-cat-skin-disease-identification-2__pic67_jpg.rf.e57f458648c16fc212777e2e12346527.jpg,same_class_duplicate,2,fungal_infection
C:\Users\ashis\Desktop\ScanAI\dataset_manager\clean\skin\fungal_infection\roboflow__dog-and-cat-skin-disease-identification-2__pic68_jpg.rf.cb48f416c3696929af4a2e81690909db.jpg,same_class_duplicate,2,fungal_infection
C:\Users\ashis\Desktop\ScanAI\dataset_manager\clean\skin\fungal_infection\roboflow__dog-and-cat-skin-disease-identification-2__pic69_jpg.rf.ac8f613c9122d6d543232d3f8c4d11fd.jpg,same_class_duplicate,2,fungal_infection
C:\Users\ashis\Desktop\ScanAI\dataset_manager\clean\skin\fungal_infection\roboflow__dog-and-cat-skin-disease-identification-2__pic6_jpg.rf.5105b9346d475b05f740b395aa235e78.jpg,same_class_duplicate,6,fungal_infection
C:\Users\ashis\Desktop\ScanAI\dataset_manager\clean\skin\fungal_infection\roboflow__dog-and-cat-skin-disease-identification-2__pic7_jpg.rf.093544724cf70aee7168d595b2220f4b.jpg,same_class_duplicate,6,fungal_infection
C:\Users\ashis\Desktop\ScanAI\dataset_manager\clean\skin\fungal_infection\roboflow__dog-and-cat-skin-disease-identification-2__pic7_jpg.rf.7ffc43c00a016e889c1a579321e125fc.jpg,same_class_duplicate,6,fungal_infection
C:\Users\ashis\Desktop\ScanAI\dataset_manager\clean\skin\fungal_infection\roboflow__dog-and-cat-skin-disease-identification-2__pic8_jpg.rf.7b36a0c1e0a2694c4f58227e502c0cf4.jpg,same_class_duplicate,6,fungal_infection
C:\Users\ashis\Desktop\ScanAI\dataset_manager\clean\skin\fungal_infection\roboflow__dog-and-cat-skin-disease-identification-2__pic8_jpg.rf.c76c2f5d9f3b5c89b6f4a27fbc0e6b4c.jpg,same_class_duplicate,6,fungal_infection
C:\Users\ashis\Desktop\ScanAI\dataset_manager\clean\skin\fungal_infection\roboflow__dog-and-cat-skin-disease-identification-2__pic70_jpg.rf.ac2de70ed663c890626780e1f92c7c0c.jpg,same_class_duplicate,2,fungal_infection
C:\Users\ashis\Desktop\ScanAI\dataset_manager\clean\skin\fungal_infection\roboflow__dog-and-cat-skin-disease-identification-2__pic71_jpg.rf.d229c20102bdfd54dc162e05de24bf68.jpg,same_class_duplicate,2,fungal_infection
C:\Users\ashis\Desktop\ScanAI\dataset_manager\clean\skin\fungal_infection\roboflow__dog-and-cat-skin-disease-identification-2__pic72_jpg.rf.b0831945b0b558ffbe44c3fbc977fe2a.jpg,same_class_duplicate,2,fungal_infection
C:\Users\ashis\Desktop\ScanAI\dataset_manager\clean\skin\fungal_infection\roboflow__dog-and-cat-skin-disease-identification-2__pic73_jpg.rf.9817f6865ba9313f0ed9f369b866d46c.jpg,same_class_duplicate,2,fungal_infection
C:\Users\ashis\Desktop\ScanAI\dataset_manager\clean\skin\fungal_infection\roboflow__dog-and-cat-skin-disease-identification-2__pic74_jpg.rf.da9a9f209062c0af933765c80de5471d.jpg,same_class_duplicate,2,fungal_infection
C:\Users\ashis\Desktop\ScanAI\dataset_manager\clean\skin\fungal_infection\roboflow__dog-and-cat-skin-disease-identification-2__pic77_jpg.rf.a34d5029728d9a05b97d170ec4c55461.jpg,same_class_duplicate,2,fungal_infection
C:\Users\ashis\Desktop\ScanAI\dataset_manager\clean\skin\fungal_infection\roboflow__dog-and-cat-skin-disease-identification-2__pic78_jpg.rf.44b5b1dbc929c19f9c46028fa7993df5.jpg,same_class_duplicate,2,fungal_infection
C:\Users\ashis\Desktop\ScanAI\dataset_manager\clean\skin\fungal_infection\roboflow__dog-and-cat-skin-disease-identification-2__pic79_jpg.rf.31a123f0ed9c72f009a04a9ebd8c06c0.jpg,same_class_duplicate,2,fungal_infection
C:\Users\ashis\Desktop\ScanAI\dataset_manager\clean\skin\fungal_infection\roboflow__dog-and-cat-skin-disease-identification-2__pic80_jpg.rf.6fedf114a14f60efb4b7183a5edbf9d4.jpg,same_class_duplicate,2,fungal_infection
C:\Users\ashis\Desktop\ScanAI\dataset_manager\clean\skin\fungal_infection\roboflow__dog-and-cat-skin-disease-identification-2__pic81_jpg.rf.3ba9ee77b739f4609c2cdae2b3b7f0b4.jpg,same_class_duplicate,2,fungal_infection
C:\Users\ashis\Desktop\ScanAI\dataset_manager\clean\skin\fungal_infection\roboflow__dog-and-cat-skin-disease-identification-2__pic82_jpg.rf.b04ee91018cff9c16c164b1b4c5cc563.jpg,same_class_duplicate,2,fungal_infection
C:\Users\ashis\Desktop\ScanAI\dataset_manager\clean\skin\fungal_infection\roboflow__dog-and-cat-skin-disease-identification-2__pic85_jpg.rf.76ddca24588279ba562a458777e8c6c6.jpg,same_class_duplicate,2,fungal_infection
C:\Users\ashis\Desktop\ScanAI\dataset_manager\clean\skin\fungal_infection\roboflow__dog-and-cat-skin-disease-identification-2__pic88_jpg.rf.e37f5681062e65642b8e236e94b959c5.jpg,same_class_duplicate,2,fungal_infection
C:\Users\ashis\Desktop\ScanAI\dataset_manager\clean\skin\fungal_infection\roboflow__dog-and-cat-skin-disease-identification-2__pic89_jpg.rf.f13b49faf1f6ecddeeef28f1c2d38135.jpg,same_class_duplicate,2,fungal_infection
C:\Users\ashis\Desktop\ScanAI\dataset_manager\clean\skin\fungal_infection\roboflow__dog-and-cat-skin-disease-identification-2__pic91_jpg.rf.aeebada324e074125a661718a50b53ef.jpg,same_class_duplicate,2,fungal_infection
C:\Users\ashis\Desktop\ScanAI\dataset_manager\clean\skin\fungal_infection\roboflow__dog-and-cat-skin-disease-identification-2__pic92_jpg.rf.5e3bc4a60412f03ccfd4cef98b058307.jpg,same_class_duplicate,2,fungal_infection
C:\Users\ashis\Desktop\ScanAI\dataset_manager\clean\skin\fungal_infection\roboflow__dog-and-cat-skin-disease-identification-2__pic9_jpg.rf.d2efe61ca83bfb472adc7479cec76b2c.jpg,same_class_duplicate,2,fungal_infection
C:\Users\ashis\Desktop\ScanAI\dataset_manager\clean\skin\healthy_skin\roboflow__lumpy-skin-disease-detection__Normal_Skin_475_png.rf.ff22e971dd5fb92cd9a0c906247abba9.jpg,same_class_duplicate,2,healthy_skin
C:\Users\ashis\Desktop\ScanAI\dataset_manager\clean\skin\healthy_skin\roboflow__lumpy-skin-disease-detection__Normal_Skin_304_png.rf.0255e69318e42ca7fb29454dbcfc1e48.jpg,same_class_duplicate,2,healthy_skin
C:\Users\ashis\Desktop\ScanAI\dataset_manager\clean\skin\healthy_skin\roboflow__lumpy-skin-disease-detection__Normal_Skin_178_png.rf.d89dc932864b6c28423b544eccaba07b.jpg,same_class_duplicate,2,healthy_skin
C:\Users\ashis\Desktop\ScanAI\dataset_manager\clean\skin\healthy_skin\roboflow__lumpy-skin-disease-detection__Normal_Skin_121_png.rf.3c33eeef9351cc52b9f8114a4d960dfb.jpg,exact_cross_class_conflict,3,healthy_skin|lumpy_skin_disease
C:\Users\ashis\Desktop\ScanAI\dataset_manager\clean\skin\healthy_skin\roboflow__lumpy-skin-disease-detection__Normal_Skin_405_png.rf.8b1c1431fd743d7e7710b773e1ea2de7.jpg,exact_cross_class_conflict,3,healthy_skin|lumpy_skin_disease
C:\Users\ashis\Desktop\ScanAI\dataset_manager\clean\skin\lumpy_skin_disease\kaggle__devang03mgr__cattle-diseases-datasets__img1106.jpg,exact_cross_class_conflict,3,healthy_skin|lumpy_skin_disease
C:\Users\ashis\Desktop\ScanAI\dataset_manager\clean\skin\healthy_skin\roboflow__lumpy-skin-disease-detection__Normal_Skin_263_png.rf.df4aaf614e8e64a04a3ca6c446e1bac6.jpg,same_class_duplicate,2,healthy_skin
C:\Users\ashis\Desktop\ScanAI\dataset_manager\clean\skin\healthy_skin\roboflow__lumpy-skin-disease-detection__Normal_Skin_168_png.rf.e3af75a0e47b539473a008ad3cbf0d75.jpg,same_class_duplicate,2,healthy_skin
C:\Users\ashis\Desktop\ScanAI\dataset_manager\clean\skin\healthy_skin\roboflow__lumpy-skin-disease-detection__Normal_Skin_166_png.rf.a388a326da611bc08702d013f1a85a48.jpg,same_class_duplicate,2,healthy_skin
C:\Users\ashis\Desktop\ScanAI\dataset_manager\clean\skin\healthy_skin\roboflow__lumpy-skin-disease-detection__Normal_Skin_541_png.rf.b1a3816c64df8f2990bb01bc4f6cb053.jpg,same_class_duplicate,2,healthy_skin
C:\Users\ashis\Desktop\ScanAI\dataset_manager\clean\skin\healthy_skin\roboflow__lumpy-skin-disease-detection__Normal_Skin_170_png.rf.ee9da917ee11af9295e84f209f025840.jpg,same_class_duplicate,2,healthy_skin
C:\Users\ashis\Desktop\ScanAI\dataset_manager\clean\skin\healthy_skin\roboflow__lumpy-skin-disease-detection__Normal_Skin_626_png.rf.3c8bfe3e65913edcddc7fdcecb580a61.jpg,same_class_duplicate,2,healthy_skin
C:\Users\ashis\Desktop\ScanAI\dataset_manager\clean\skin\healthy_skin\roboflow__lumpy-skin-disease-detection__Normal_Skin_505_png.rf.73bab7e05cb56f4f388039fef2ad3c2c.jpg,same_class_duplicate,2,healthy_skin
C:\Users\ashis\Desktop\ScanAI\dataset_manager\clean\skin\healthy_skin\roboflow__lumpy-skin-disease-detection__Normal_Skin_159_png.rf.eae8a6cb7ce657f70c97b97fb102497f.jpg,same_class_duplicate,2,healthy_skin
C:\Users\ashis\Desktop\ScanAI\dataset_manager\clean\skin\healthy_skin\roboflow__lumpy-skin-disease-detection__Normal_Skin_415_png.rf.8294f16f3bdda5ccca0f5c0d5f11822a.jpg,same_class_duplicate,2,healthy_skin
C:\Users\ashis\Desktop\ScanAI\dataset_manager\clean\skin\healthy_skin\roboflow__lumpy-skin-disease-detection__Normal_Skin_708_png.rf.66d62fcb78a07426b35fb2bd43574276.jpg,same_class_duplicate,2,healthy_skin
C:\Users\ashis\Desktop\ScanAI\dataset_manager\clean\skin\healthy_skin\roboflow__lumpy-skin-disease-detection__Normal_Skin_154_png.rf.1c4a7d14a0beaf4b9c8922c4c4419721.jpg,exact_cross_class_conflict,3,healthy_skin|lumpy_skin_disease
C:\Users\ashis\Desktop\ScanAI\dataset_manager\clean\skin\healthy_skin\roboflow__lumpy-skin-disease-detection__Normal_Skin_91_png.rf.2f861689447741130feecdc4e42250a0.jpg,exact_cross_class_conflict,3,healthy_skin|lumpy_skin_disease
C:\Users\ashis\Desktop\ScanAI\dataset_manager\clean\skin\lumpy_skin_disease\kaggle__devang03mgr__cattle-diseases-datasets__img1010.jpg,exact_cross_class_conflict,3,healthy_skin|lumpy_skin_disease
C:\Users\ashis\Desktop\ScanAI\dataset_manager\clean\skin\healthy_skin\roboflow__lumpy-skin-disease-detection__Normal_Skin_30_png.rf.4f5c5e9cc69ae7581f108a4a4acabe84.jpg,same_class_duplicate,2,healthy_skin
C:\Users\ashis\Desktop\ScanAI\dataset_manager\clean\skin\healthy_skin\roboflow__lumpy-skin-disease-detection__Normal_Skin_7_png.rf.e7187b9d32cb6cfa9898bc2d631577c9.jpg,same_class_duplicate,2,healthy_skin
C:\Users\ashis\Desktop\ScanAI\dataset_manager\clean\skin\healthy_skin\roboflow__lumpy-skin-disease-detection__Normal_Skin_713_png.rf.7fefe93e453dd72515e029ed98924d8f.jpg,same_class_duplicate,2,healthy_skin
C:\Users\ashis\Desktop\ScanAI\dataset_manager\clean\skin\healthy_skin\roboflow__lumpy-skin-disease-detection__Normal_Skin_84_png.rf.7193c256c92ea003e4ba7933e5eb4f2f.jpg,same_class_duplicate,2,healthy_skin
C:\Users\ashis\Desktop\ScanAI\dataset_manager\clean\skin\healthy_skin\roboflow__lumpy-skin-disease-detection__Normal_Skin_54_png.rf.f0ffe4ee621af1c6e3bedffa66b1f927.jpg,same_class_duplicate,2,healthy_skin
C:\Users\ashis\Desktop\ScanAI\dataset_manager\clean\skin\healthy_skin\roboflow__lumpy-skin-disease-detection__Normal_Skin_78_png.rf.bc1a40d1c1ea50194010ce4dbe59c713.jpg,same_class_duplicate,2,healthy_skin
C:\Users\ashis\Desktop\ScanAI\dataset_manager\clean\skin\healthy_skin\roboflow__lumpy-skin-disease-detection__Normal_Skin_715_png.rf.6139b70b51c36a02cf30465759bb867c.jpg,same_class_duplicate,2,healthy_skin
C:\Users\ashis\Desktop\ScanAI\dataset_manager\clean\skin\healthy_skin\roboflow__lumpy-skin-disease-detection__Normal_Skin_659_png.rf.96463a4e0e53af9f67cc59dd303f0ff2.jpg,same_class_duplicate,2,healthy_skin
C:\Users\ashis\Desktop\ScanAI\dataset_manager\clean\skin\healthy_skin\roboflow__lumpy-skin-disease-detection__Normal_Skin_180_png.rf.2447606d7fc07cd34502bb0a160b9302.jpg,exact_cross_class_conflict,3,healthy_skin|lumpy_skin_disease
C:\Users\ashis\Desktop\ScanAI\dataset_manager\clean\skin\lumpy_skin_disease\kaggle__devang03mgr__cattle-diseases-datasets__29_jpg.rf.852c67d18199dae24a39209a743bac9c.jpg,exact_cross_class_conflict,3,healthy_skin|lumpy_skin_disease
C:\Users\ashis\Desktop\ScanAI\dataset_manager\clean\skin\lumpy_skin_disease\roboflow__cattle-diseases__29_jpg.rf.02d1a94edf7164555dee975110d57c44.jpg,exact_cross_class_conflict,3,healthy_skin|lumpy_skin_disease
C:\Users\ashis\Desktop\ScanAI\dataset_manager\clean\skin\healthy_skin\roboflow__lumpy-skin-disease-detection__Normal_Skin_340_png.rf.0728bfb2b3761ad57a9dfd01c13f79c2.jpg,same_class_duplicate,2,healthy_skin
C:\Users\ashis\Desktop\ScanAI\dataset_manager\clean\skin\healthy_skin\roboflow__lumpy-skin-disease-detection__Normal_Skin_89_png.rf.c7df60684ecc85ea66582414114f5d61.jpg,same_class_duplicate,2,healthy_skin
C:\Users\ashis\Desktop\ScanAI\dataset_manager\clean\skin\healthy_skin\roboflow__lumpy-skin-disease-detection__Normal_Skin_652_png.rf.02bb6862373da1f0c258a30dfb6a1dc8.jpg,same_class_duplicate,2,healthy_skin
C:\Users\ashis\Desktop\ScanAI\dataset_manager\clean\skin\healthy_skin\roboflow__lumpy-skin-disease-detection__Normal_Skin_242_png.rf.0be7c085ec9ab00b37f11e7bce575ebb.jpg,exact_cross_class_conflict,2,healthy_skin|lumpy_skin_disease
C:\Users\ashis\Desktop\ScanAI\dataset_manager\clean\skin\lumpy_skin_disease\kaggle__devang03mgr__cattle-diseases-datasets__img1141.jpg,exact_cross_class_conflict,2,healthy_skin|lumpy_skin_disease
C:\Users\ashis\Desktop\ScanAI\dataset_manager\clean\skin\healthy_skin\roboflow__lumpy-skin-disease-detection__Normal_Skin_64_png.rf.2543e01f9702c08e1817f706f8393e7e.jpg,same_class_duplicate,2,healthy_skin
C:\Users\ashis\Desktop\ScanAI\dataset_manager\clean\skin\healthy_skin\roboflow__lumpy-skin-disease-detection__Normal_Skin_3_png.rf.191ffb2d31c9794c67e3708d479ba5f0.jpg,same_class_duplicate,2,healthy_skin
C:\Users\ashis\Desktop\ScanAI\dataset_manager\clean\skin\healthy_skin\roboflow__lumpy-skin-disease-detection__Normal_Skin_347_png.rf.f8d3fb62e56e6cb458ab25d3b894add8.jpg,exact_cross_class_conflict,3,healthy_skin|lumpy_skin_disease
C:\Users\ashis\Desktop\ScanAI\dataset_manager\clean\skin\lumpy_skin_disease\kaggle__devang03mgr__cattle-diseases-datasets__img1168.jpg,exact_cross_class_conflict,3,healthy_skin|lumpy_skin_disease
C:\Users\ashis\Desktop\ScanAI\dataset_manager\clean\skin\lumpy_skin_disease\roboflow__lumpy-skin-disease-detection__Lumpy_Skin_288_png.rf.c297c3d6d4b568d28536e0008e231497.jpg,exact_cross_class_conflict,3,healthy_skin|lumpy_skin_disease
C:\Users\ashis\Desktop\ScanAI\dataset_manager\clean\skin\healthy_skin\roboflow__lumpy-skin-disease-detection__Normal_Skin_83_png.rf.30e03af3549d32a1c3f4a2594e70b117.jpg,same_class_duplicate,2,healthy_skin
C:\Users\ashis\Desktop\ScanAI\dataset_manager\clean\skin\healthy_skin\roboflow__lumpy-skin-disease-detection__Normal_Skin_82_png.rf.5556a05bb5facafad3797a208ac04b1b.jpg,same_class_duplicate,2,healthy_skin
C:\Users\ashis\Desktop\ScanAI\dataset_manager\clean\skin\healthy_skin\roboflow__lumpy-skin-disease-detection__Normal_Skin_429_png.rf.df448bb2a8493e09d0bc0c2fb993f5a5.jpg,exact_cross_class_conflict,3,healthy_skin|lumpy_skin_disease
C:\Users\ashis\Desktop\ScanAI\dataset_manager\clean\skin\lumpy_skin_disease\kaggle__devang03mgr__cattle-diseases-datasets__LSD-146-_png_jpg.rf.b3e02f5f6e912a5937b7ef6bea20b349.jpg,exact_cross_class_conflict,3,healthy_skin|lumpy_skin_disease
C:\Users\ashis\Desktop\ScanAI\dataset_manager\clean\skin\lumpy_skin_disease\roboflow__lumpy-skin-disease-detection__Lumpy_Skin_15_png.rf.927d1b4c648a4d8afe181c761adb35d3.jpg,exact_cross_class_conflict,3,healthy_skin|lumpy_skin_disease
C:\Users\ashis\Desktop\ScanAI\dataset_manager\clean\skin\healthy_skin\roboflow__lumpy-skin-disease-detection__Normal_Skin_73_png.rf.8dc1b8fb1d9cded78b575defdc297199.jpg,same_class_duplicate,2,healthy_skin
C:\Users\ashis\Desktop\ScanAI\dataset_manager\clean\skin\healthy_skin\roboflow__lumpy-skin-disease-detection__Normal_Skin_510_png.rf.4aa6d40035e8eed7d7f465aaaf3b7cac.jpg,exact_cross_class_conflict,7,healthy_skin|lumpy_skin_disease
C:\Users\ashis\Desktop\ScanAI\dataset_manager\clean\skin\healthy_skin\roboflow__lumpy-skin-disease-detection__Normal_Skin_5_png.rf.fcc82845bbaa7880df666f4eb85debc7.jpg,exact_cross_class_conflict,7,healthy_skin|lumpy_skin_disease
C:\Users\ashis\Desktop\ScanAI\dataset_manager\clean\skin\lumpy_skin_disease\kaggle__devang03mgr__cattle-diseases-datasets__img1381.jpg,exact_cross_class_conflict,7,healthy_skin|lumpy_skin_disease
C:\Users\ashis\Desktop\ScanAI\dataset_manager\clean\skin\lumpy_skin_disease\roboflow__cattle-diseases__15_jpg.rf.14abcdbfbe604aa52033a6b58d10f700.jpg,exact_cross_class_conflict,7,healthy_skin|lumpy_skin_disease
C:\Users\ashis\Desktop\ScanAI\dataset_manager\clean\skin\lumpy_skin_disease\roboflow__cattle-diseases__19_jpg.rf.7ef32dfb4eb33d6cd6a7cb073b6502a4.jpg,exact_cross_class_conflict,7,healthy_skin|lumpy_skin_disease
C:\Users\ashis\Desktop\ScanAI\dataset_manager\clean\skin\lumpy_skin_disease\roboflow__cattle-diseases__3_jpg.rf.557325be38d398f7100e61a7a6f4ae02.jpg,exact_cross_class_conflict,7,healthy_skin|lumpy_skin_disease
C:\Users\ashis\Desktop\ScanAI\dataset_manager\clean\skin\lumpy_skin_disease\roboflow__lumpy-skin-disease-detection__Lumpy_Skin_51_png.rf.dca4a9d56474182e94127ceeb064fe37.jpg,exact_cross_class_conflict,7,healthy_skin|lumpy_skin_disease
C:\Users\ashis\Desktop\ScanAI\dataset_manager\clean\skin\healthy_skin\roboflow__lumpy-skin-disease-detection__Normal_Skin_662_png.rf.559a0cec4f5aa6d6dbd7089e072ff98b.jpg,same_class_duplicate,2,healthy_skin
C:\Users\ashis\Desktop\ScanAI\dataset_manager\clean\skin\healthy_skin\roboflow__lumpy-skin-disease-detection__Normal_Skin_648_png.rf.d9664761b1632167238324d615b29fa0.jpg,same_class_duplicate,2,healthy_skin
C:\Users\ashis\Desktop\ScanAI\dataset_manager\clean\skin\healthy_skin\roboflow__lumpy-skin-disease-detection__Normal_Skin_60_png.rf.7dc27e7a4aa704a95a32f1809aff993b.jpg,same_class_duplicate,2,healthy_skin
C:\Users\ashis\Desktop\ScanAI\dataset_manager\clean\skin\healthy_skin\roboflow__lumpy-skin-disease-detection__Normal_Skin_9_png.rf.9154c2e687924b385d5dc3e9202ecef9.jpg,same_class_duplicate,2,healthy_skin
C:\Users\ashis\Desktop\ScanAI\dataset_manager\clean\skin\healthy_skin\roboflow__lumpy-skin-disease-detection__Normal_Skin_61_png.rf.c7f6cdc574843156d9768b3e74dae3ea.jpg,same_class_duplicate,2,healthy_skin
C:\Users\ashis\Desktop\ScanAI\dataset_manager\clean\skin\healthy_skin\roboflow__lumpy-skin-disease-detection__Normal_Skin_685_png.rf.7634df0f7bfc37a23ff114788ffeb8d4.jpg,same_class_duplicate,2,healthy_skin
C:\Users\ashis\Desktop\ScanAI\dataset_manager\clean\skin\healthy_skin\roboflow__lumpy-skin-disease-detection__Normal_Skin_74_png.rf.cb8ac75ba9dcf209a77214fe11151704.jpg,same_class_duplicate,2,healthy_skin
C:\Users\ashis\Desktop\ScanAI\dataset_manager\clean\skin\healthy_skin\roboflow__lumpy-skin-disease-detection__Normal_Skin_698_png.rf.34ebf09c09c5913f01a3ebdf1a2745dc.jpg,same_class_duplicate,2,healthy_skin
C:\Users\ashis\Desktop\ScanAI\dataset_manager\clean\skin\healthy_skin\roboflow__lumpy-skin-disease-detection__Normal_Skin_707_png.rf.4e6dd4210b06f135c464c30f0f1e11b3.jpg,same_class_duplicate,2,healthy_skin
C:\Users\ashis\Desktop\ScanAI\dataset_manager\clean\skin\healthy_skin\roboflow__lumpy-skin-disease-detection__Normal_Skin_677_-6-_png.rf.3ff9a941d46362bfe860fb1bc725efea.jpg,same_class_duplicate,4,healthy_skin
C:\Users\ashis\Desktop\ScanAI\dataset_manager\clean\skin\healthy_skin\roboflow__lumpy-skin-disease-detection__Normal_Skin_677_-8-_png.rf.ad83654b6831c335e538ccad97723613.jpg,same_class_duplicate,4,healthy_skin
C:\Users\ashis\Desktop\ScanAI\dataset_manager\clean\skin\healthy_skin\roboflow__lumpy-skin-disease-detection__Normal_Skin_677_-9-_png.rf.994f6d5e264e5f63078fdfb17e887ad0.jpg,same_class_duplicate,4,healthy_skin
C:\Users\ashis\Desktop\ScanAI\dataset_manager\clean\skin\hotspot\kaggle__smadive__pet-disease-images__Image_1.jpg,exact_cross_class_conflict,4,hotspot|pyoderma
C:\Users\ashis\Desktop\ScanAI\dataset_manager\clean\skin\hotspot\roboflow__dog-and-cat-skin-disease-identification-2__preprocessed_HOTSPOT_054_jpg.rf.82f36fe6239ddc8f769797e0e50f967a.jpg,exact_cross_class_conflict,4,hotspot|pyoderma
C:\Users\ashis\Desktop\ScanAI\dataset_manager\clean\skin\pyoderma\roboflow__dog-and-cat-skin-disease-identification-2__bacterial_107_jpg.rf.4ae7233b686a981a1b54d6cd3443c47b.jpg,exact_cross_class_conflict,4,hotspot|pyoderma
C:\Users\ashis\Desktop\ScanAI\dataset_manager\clean\skin\pyoderma\roboflow__dog-and-cat-skin-disease-identification-2__bacterial_319_jpg.rf.e7b42842c690310105f5bb8ebf5b520c.jpg,exact_cross_class_conflict,4,hotspot|pyoderma
C:\Users\ashis\Desktop\ScanAI\dataset_manager\clean\skin\hotspot\kaggle__smadive__pet-disease-images__Image_41.jpg,same_class_duplicate,2,hotspot
C:\Users\ashis\Desktop\ScanAI\dataset_manager\clean\skin\hotspot\kaggle__smadive__pet-disease-images__Image_19.jpg,exact_cross_class_conflict,11,hotspot|pyoderma
C:\Users\ashis\Desktop\ScanAI\dataset_manager\clean\skin\hotspot\roboflow__dog-and-cat-skin-disease-identification-2__1000010710_x16_jpg.rf.1d1fe1d9e6a9fc0c818c24ba26f51f67.jpg,exact_cross_class_conflict,11,hotspot|pyoderma
C:\Users\ashis\Desktop\ScanAI\dataset_manager\clean\skin\hotspot\roboflow__dog-and-cat-skin-disease-identification-2__1000010710_x16_jpg.rf.65768f183867df7f075f5433f130116c.jpg,exact_cross_class_conflict,11,hotspot|pyoderma
C:\Users\ashis\Desktop\ScanAI\dataset_manager\clean\skin\hotspot\roboflow__dog-and-cat-skin-disease-identification-2__Copy-of-hot_sp_8_jpg.rf.e966cc1b3dd1aad3a43065303844aad6.jpg,exact_cross_class_conflict,11,hotspot|pyoderma
C:\Users\ashis\Desktop\ScanAI\dataset_manager\clean\skin\hotspot\roboflow__dog-and-cat-skin-disease-identification-2__hotspot-25-_jpg.rf.2ae66f488acffc474de53a2dab0cc489.jpg,exact_cross_class_conflict,11,hotspot|pyoderma
C:\Users\ashis\Desktop\ScanAI\dataset_manager\clean\skin\hotspot\roboflow__dog-and-cat-skin-disease-identification-2__hotspot-25-_jpg.rf.4cda0984359147a57d3f4836179d1c32.jpg,exact_cross_class_conflict,11,hotspot|pyoderma
C:\Users\ashis\Desktop\ScanAI\dataset_manager\clean\skin\hotspot\roboflow__dog-and-cat-skin-disease-identification-2__hotspot-25-_jpg.rf.d5b175eaccd38d7933b25d7f6e0e75a9.jpg,exact_cross_class_conflict,11,hotspot|pyoderma
C:\Users\ashis\Desktop\ScanAI\dataset_manager\clean\skin\hotspot\roboflow__dog-and-cat-skin-disease-identification-2__preprocessed_HOTSPOT_015_jpg.rf.7d9ea7a3dc56b13e8db8948c5d8339f9.jpg,exact_cross_class_conflict,11,hotspot|pyoderma
C:\Users\ashis\Desktop\ScanAI\dataset_manager\clean\skin\pyoderma\roboflow__dog-and-cat-skin-disease-identification-2__bacterial_183_jpg.rf.e2b9d2a0036b2a6b49b992f0c897d54c.jpg,exact_cross_class_conflict,11,hotspot|pyoderma
C:\Users\ashis\Desktop\ScanAI\dataset_manager\clean\skin\pyoderma\roboflow__dog-and-cat-skin-disease-identification-2__bacterial_264_jpg.rf.c03d878e2530aec9ada052f8268a3f65.jpg,exact_cross_class_conflict,11,hotspot|pyoderma
C:\Users\ashis\Desktop\ScanAI\dataset_manager\clean\skin\pyoderma\roboflow__dog-and-cat-skin-disease-identification-2__bacterial_derm_34_jpg.rf.3b10703a9ba597586cab6cd3a1c1f62d.jpg,exact_cross_class_conflict,11,hotspot|pyoderma
C:\Users\ashis\Desktop\ScanAI\dataset_manager\clean\skin\hotspot\kaggle__smadive__pet-disease-images__Image_2.jpeg,exact_cross_class_conflict,5,hotspot|pyoderma
C:\Users\ashis\Desktop\ScanAI\dataset_manager\clean\skin\hotspot\kaggle__smadive__pet-disease-images__Image_3.jpeg,exact_cross_class_conflict,5,hotspot|pyoderma
C:\Users\ashis\Desktop\ScanAI\dataset_manager\clean\skin\hotspot\roboflow__dog-and-cat-skin-disease-identification-2__preprocessed_HOTSPOT_005_jpg.rf.e241a90ae111702d64f4d291112ef38d.jpg,exact_cross_class_conflict,5,hotspot|pyoderma
C:\Users\ashis\Desktop\ScanAI\dataset_manager\clean\skin\pyoderma\roboflow__dog-and-cat-skin-disease-identification-2__bacterial_250_jpg.rf.8a9cad2ca872eadd13127fb9df5853b3.jpg,exact_cross_class_conflict,5,hotspot|pyoderma
C:\Users\ashis\Desktop\ScanAI\dataset_manager\clean\skin\pyoderma\roboflow__dog-and-cat-skin-disease-identification-2__bacterial_84_jpg.rf.81fdad1509b15d94f738e98bc045a727.jpg,exact_cross_class_conflict,5,hotspot|pyoderma
C:\Users\ashis\Desktop\ScanAI\dataset_manager\clean\skin\hotspot\kaggle__smadive__pet-disease-images__Image_3.jpg,same_class_duplicate,2,hotspot
C:\Users\ashis\Desktop\ScanAI\dataset_manager\clean\skin\hotspot\kaggle__smadive__pet-disease-images__Image_22.jpg,exact_cross_class_conflict,3,hotspot|pyoderma
C:\Users\ashis\Desktop\ScanAI\dataset_manager\clean\skin\hotspot\roboflow__dog-and-cat-skin-disease-identification-2__preprocessed_HOTSPOT_042_jpg.rf.a97bec42f39ed1b5ba1c4463b690e5f2.jpg,exact_cross_class_conflict,3,hotspot|pyoderma
C:\Users\ashis\Desktop\ScanAI\dataset_manager\clean\skin\pyoderma\roboflow__dog-and-cat-skin-disease-identification-2__bacterial_295_jpg.rf.b19b9fd3497e8e2f68e1976bd100eb43.jpg,exact_cross_class_conflict,3,hotspot|pyoderma
C:\Users\ashis\Desktop\ScanAI\dataset_manager\clean\skin\hotspot\kaggle__smadive__pet-disease-images__Image_23.jpg,exact_cross_class_conflict,8,hotspot|pyoderma
C:\Users\ashis\Desktop\ScanAI\dataset_manager\clean\skin\hotspot\kaggle__smadive__pet-disease-images__Image_24.jpg,exact_cross_class_conflict,8,hotspot|pyoderma
C:\Users\ashis\Desktop\ScanAI\dataset_manager\clean\skin\hotspot\roboflow__dog-and-cat-skin-disease-identification-2__Copy-of-hot_sp_15_jpg.rf.fe6d6fa651755d365e939c5d2421379e.jpg,exact_cross_class_conflict,8,hotspot|pyoderma
C:\Users\ashis\Desktop\ScanAI\dataset_manager\clean\skin\hotspot\roboflow__dog-and-cat-skin-disease-identification-2__hotspot-47-_jpg.rf.6961245de094876c8a413f0d3483dc2d.jpg,exact_cross_class_conflict,8,hotspot|pyoderma
C:\Users\ashis\Desktop\ScanAI\dataset_manager\clean\skin\hotspot\roboflow__dog-and-cat-skin-disease-identification-2__hotspot-47-_jpg.rf.d65fc25ea0282914d23e7f145ccfa937.jpg,exact_cross_class_conflict,8,hotspot|pyoderma
C:\Users\ashis\Desktop\ScanAI\dataset_manager\clean\skin\hotspot\roboflow__dog-and-cat-skin-disease-identification-2__preprocessed_HOTSPOT_023_jpg.rf.921adc5a7dd697558c1ab2d0c365dd27.jpg,exact_cross_class_conflict,8,hotspot|pyoderma
C:\Users\ashis\Desktop\ScanAI\dataset_manager\clean\skin\pyoderma\roboflow__dog-and-cat-skin-disease-identification-2__bacterial_201_jpg.rf.3686cf8b50c71aa45129e35037e63e24.jpg,exact_cross_class_conflict,8,hotspot|pyoderma
C:\Users\ashis\Desktop\ScanAI\dataset_manager\clean\skin\pyoderma\roboflow__dog-and-cat-skin-disease-identification-2__bacterial_derm_40_jpg.rf.c04deea24736306bb60efc5294cbb470.jpg,exact_cross_class_conflict,8,hotspot|pyoderma
C:\Users\ashis\Desktop\ScanAI\dataset_manager\clean\skin\hotspot\kaggle__smadive__pet-disease-images__Image_71.jpg,same_class_duplicate,2,hotspot
C:\Users\ashis\Desktop\ScanAI\dataset_manager\clean\skin\hotspot\kaggle__smadive__pet-disease-images__Image_37.jpg,same_class_duplicate,2,hotspot
C:\Users\ashis\Desktop\ScanAI\dataset_manager\clean\skin\hotspot\kaggle__smadive__pet-disease-images__Image_36.jpg,exact_cross_class_conflict,3,hotspot|pyoderma
C:\Users\ashis\Desktop\ScanAI\dataset_manager\clean\skin\hotspot\roboflow__dog-and-cat-skin-disease-identification-2__preprocessed_HOTSPOT_008_jpg.rf.e60ca0ec2b450068c473c4c026efd72d.jpg,exact_cross_class_conflict,3,hotspot|pyoderma
C:\Users\ashis\Desktop\ScanAI\dataset_manager\clean\skin\pyoderma\roboflow__dog-and-cat-skin-disease-identification-2__bacterial_255_jpg.rf.a85467a7fd1871861a6daf9c2f36cdd0.jpg,exact_cross_class_conflict,3,hotspot|pyoderma
C:\Users\ashis\Desktop\ScanAI\dataset_manager\clean\skin\hotspot\kaggle__smadive__pet-disease-images__Image_5.jpg,same_class_duplicate,2,hotspot
C:\Users\ashis\Desktop\ScanAI\dataset_manager\clean\skin\hotspot\kaggle__smadive__pet-disease-images__Image_47.jpg,same_class_duplicate,2,hotspot
C:\Users\ashis\Desktop\ScanAI\dataset_manager\clean\skin\hotspot\kaggle__smadive__pet-disease-images__Image_46.jpg,exact_cross_class_conflict,8,hotspot|pyoderma
C:\Users\ashis\Desktop\ScanAI\dataset_manager\clean\skin\hotspot\roboflow__dog-and-cat-skin-disease-identification-2__Copy-of-hot_sp_26_jpg.rf.92cfb6cec3ab48ab193f2f53421db1ab.jpg,exact_cross_class_conflict,8,hotspot|pyoderma
C:\Users\ashis\Desktop\ScanAI\dataset_manager\clean\skin\hotspot\roboflow__dog-and-cat-skin-disease-identification-2__hotspot-80-_jpg.rf.28b8a712ce547334053f08c5b5b4aa4b.jpg,exact_cross_class_conflict,8,hotspot|pyoderma
C:\Users\ashis\Desktop\ScanAI\dataset_manager\clean\skin\hotspot\roboflow__dog-and-cat-skin-disease-identification-2__hotspot-80-_jpg.rf.96fe1b1581a2f1228785432aea953316.jpg,exact_cross_class_conflict,8,hotspot|pyoderma
C:\Users\ashis\Desktop\ScanAI\dataset_manager\clean\skin\hotspot\roboflow__dog-and-cat-skin-disease-identification-2__preprocessed_HOTSPOT_034_jpg.rf.a3dbe086b33eec6abeaefd38fc47d9c8.jpg,exact_cross_class_conflict,8,hotspot|pyoderma
C:\Users\ashis\Desktop\ScanAI\dataset_manager\clean\skin\pyoderma\roboflow__dog-and-cat-skin-disease-identification-2__bacterial_221_jpg.rf.f901ae30b5a61d369030bfad728e1867.jpg,exact_cross_class_conflict,8,hotspot|pyoderma
C:\Users\ashis\Desktop\ScanAI\dataset_manager\clean\skin\pyoderma\roboflow__dog-and-cat-skin-disease-identification-2__bacterial_281_jpg.rf.536616657ebcf1b1568b264868d961ac.jpg,exact_cross_class_conflict,8,hotspot|pyoderma
C:\Users\ashis\Desktop\ScanAI\dataset_manager\clean\skin\pyoderma\roboflow__dog-and-cat-skin-disease-identification-2__bacterial_95_jpg.rf.dab6587ab1689a4643efecc89fc6593c.jpg,exact_cross_class_conflict,8,hotspot|pyoderma
C:\Users\ashis\Desktop\ScanAI\dataset_manager\clean\skin\hotspot\kaggle__smadive__pet-disease-images__Image_49.png,same_class_duplicate,2,hotspot
C:\Users\ashis\Desktop\ScanAI\dataset_manager\clean\skin\hotspot\kaggle__smadive__pet-disease-images__Image_5.png,exact_cross_class_conflict,7,hotspot|pyoderma
C:\Users\ashis\Desktop\ScanAI\dataset_manager\clean\skin\hotspot\kaggle__smadive__pet-disease-images__Image_6.png,exact_cross_class_conflict,7,hotspot|pyoderma
C:\Users\ashis\Desktop\ScanAI\dataset_manager\clean\skin\hotspot\roboflow__dog-and-cat-skin-disease-identification-2__Copy-of-hot_sp_10_jpg.rf.ee93a906995931617aa16a6e788f7bd9.jpg,exact_cross_class_conflict,7,hotspot|pyoderma
C:\Users\ashis\Desktop\ScanAI\dataset_manager\clean\skin\hotspot\roboflow__dog-and-cat-skin-disease-identification-2__hotspot-33-_jpg.rf.99628479b153ac26ae60e4679bff8ee8.jpg,exact_cross_class_conflict,7,hotspot|pyoderma
C:\Users\ashis\Desktop\ScanAI\dataset_manager\clean\skin\hotspot\roboflow__dog-and-cat-skin-disease-identification-2__hotspot-33-_jpg.rf.b49bb693c81196aa66f56ef36a656eeb.jpg,exact_cross_class_conflict,7,hotspot|pyoderma
C:\Users\ashis\Desktop\ScanAI\dataset_manager\clean\skin\hotspot\roboflow__dog-and-cat-skin-disease-identification-2__preprocessed_HOTSPOT_017_jpg.rf.de8013f0c3b7d195d4ebeb39bf41716f.jpg,exact_cross_class_conflict,7,hotspot|pyoderma
C:\Users\ashis\Desktop\ScanAI\dataset_manager\clean\skin\pyoderma\roboflow__dog-and-cat-skin-disease-identification-2__bacterial_189_jpg.rf.e112d9b29eaf8f5d90a3d4e4169eddaa.jpg,exact_cross_class_conflict,7,hotspot|pyoderma
C:\Users\ashis\Desktop\ScanAI\dataset_manager\clean\skin\hotspot\kaggle__smadive__pet-disease-images__Image_9.jpg,same_class_duplicate,2,hotspot
C:\Users\ashis\Desktop\ScanAI\dataset_manager\clean\skin\hotspot\roboflow__dog-and-cat-skin-disease-identification-2__Copy-of-hot_sp_1_jpg.rf.1dccbb352198e45d3df57492cbc54373.jpg,same_class_duplicate,6,hotspot
C:\Users\ashis\Desktop\ScanAI\dataset_manager\clean\skin\hotspot\roboflow__dog-and-cat-skin-disease-identification-2__hotspot-4-_jpg.rf.71bb0bee52521807995a97e9163f82ec.jpg,same_class_duplicate,6,hotspot
C:\Users\ashis\Desktop\ScanAI\dataset_manager\clean\skin\hotspot\roboflow__dog-and-cat-skin-disease-identification-2__hotspot-4-_jpg.rf.81df36746b702d8e5f2d6496647eed65.jpg,same_class_duplicate,6,hotspot
C:\Users\ashis\Desktop\ScanAI\dataset_manager\clean\skin\hotspot\roboflow__dog-and-cat-skin-disease-identification-2__hotspot-4-_jpg.rf.f01f4ce4f1d0cfe84ff939a575f7d44d.jpg,same_class_duplicate,6,hotspot
C:\Users\ashis\Desktop\ScanAI\dataset_manager\clean\skin\hotspot\roboflow__dog-and-cat-skin-disease-identification-2__preprocessed_HOTSPOT_020_jpg.rf.037603b141d81e40ff1b86f8ff43d66b.jpg,same_class_duplicate,6,hotspot
C:\Users\ashis\Desktop\ScanAI\dataset_manager\clean\skin\hotspot\roboflow__dog-and-cat-skin-disease-identification-2__1000_F_266925987_GoNkiLNIUXfRzYXf96Ngo00leArxL72S_jpg.rf.aa6246b2eab547410b6ea78562d8e40e.jpg,same_class_duplicate,2,hotspot
C:\Users\ashis\Desktop\ScanAI\dataset_manager\clean\skin\hotspot\roboflow__dog-and-cat-skin-disease-identification-2__1000010781_x16_jpg.rf.5a29be3dc8dacb70c187c8ce8293d828.jpg,same_class_duplicate,2,hotspot
C:\Users\ashis\Desktop\ScanAI\dataset_manager\clean\skin\hotspot\roboflow__dog-and-cat-skin-disease-identification-2__1000010551_x16_jpg.rf.a931512fb906f114e9d056fde6c1f288.jpg,exact_cross_class_conflict,2,hotspot|ringworm
C:\Users\ashis\Desktop\ScanAI\dataset_manager\clean\skin\ringworm\roboflow__dog-and-cat-skin-disease-identification-2__1000010551_x16_jpg.rf.0961d1aacc38157ef7dfd9875cd42b86.jpg,exact_cross_class_conflict,2,hotspot|ringworm
C:\Users\ashis\Desktop\ScanAI\dataset_manager\clean\skin\hotspot\roboflow__dog-and-cat-skin-disease-identification-2__1000010607_x4_jpg.rf.d67c2b8f7158861c98fe0f558bcccc40.jpg,exact_cross_class_conflict,2,hotspot|ringworm
C:\Users\ashis\Desktop\ScanAI\dataset_manager\clean\skin\ringworm\roboflow__dog-and-cat-skin-disease-identification-2__1000010607_x4_jpg.rf.345ec52d6dbe169da039bd6d3ca92624.jpg,exact_cross_class_conflict,2,hotspot|ringworm
C:\Users\ashis\Desktop\ScanAI\dataset_manager\clean\skin\hotspot\roboflow__dog-and-cat-skin-disease-identification-2__1000010634_x4_jpg.rf.35a11d1dd83da6dbc69976db8549da70.jpg,same_class_duplicate,2,hotspot
C:\Users\ashis\Desktop\ScanAI\dataset_manager\clean\skin\hotspot\roboflow__dog-and-cat-skin-disease-identification-2__1000010646_x16_jpg.rf.0113cee13f8546b4e07fa40d3acd7652.jpg,exact_cross_class_conflict,10,hotspot|pyoderma
C:\Users\ashis\Desktop\ScanAI\dataset_manager\clean\skin\hotspot\roboflow__dog-and-cat-skin-disease-identification-2__1000010646_x16_jpg.rf.de9e51d79fc564752612a2284cc940ba.jpg,exact_cross_class_conflict,10,hotspot|pyoderma
C:\Users\ashis\Desktop\ScanAI\dataset_manager\clean\skin\hotspot\roboflow__dog-and-cat-skin-disease-identification-2__Copy-of-hot_sp_3_jpg.rf.d78d503d31956f9793bd4d72bce6e84c.jpg,exact_cross_class_conflict,10,hotspot|pyoderma
C:\Users\ashis\Desktop\ScanAI\dataset_manager\clean\skin\hotspot\roboflow__dog-and-cat-skin-disease-identification-2__hotspot-11-_jpg.rf.170c1f5c9cda1f371bb6a522b6001555.jpg,exact_cross_class_conflict,10,hotspot|pyoderma
C:\Users\ashis\Desktop\ScanAI\dataset_manager\clean\skin\hotspot\roboflow__dog-and-cat-skin-disease-identification-2__hotspot-11-_jpg.rf.20a7fee55df3ed1b0d90ca1e2fa66010.jpg,exact_cross_class_conflict,10,hotspot|pyoderma
C:\Users\ashis\Desktop\ScanAI\dataset_manager\clean\skin\hotspot\roboflow__dog-and-cat-skin-disease-identification-2__hotspot-11-_jpg.rf.750bb014eca4f7ca1928539618f49c07.jpg,exact_cross_class_conflict,10,hotspot|pyoderma
C:\Users\ashis\Desktop\ScanAI\dataset_manager\clean\skin\hotspot\roboflow__dog-and-cat-skin-disease-identification-2__preprocessed_HOTSPOT_045_jpg.rf.4e08a0fea328757d1d4205af9c488146.jpg,exact_cross_class_conflict,10,hotspot|pyoderma
C:\Users\ashis\Desktop\ScanAI\dataset_manager\clean\skin\pyoderma\roboflow__dog-and-cat-skin-disease-identification-2__bacterial_306_jpg.rf.7280c5be620a8ba3e66e6ddead863dc2.jpg,exact_cross_class_conflict,10,hotspot|pyoderma
C:\Users\ashis\Desktop\ScanAI\dataset_manager\clean\skin\pyoderma\roboflow__dog-and-cat-skin-disease-identification-2__bacterial_97_jpg.rf.8dd4ce84c5264431ec20510fdec8ad50.jpg,exact_cross_class_conflict,10,hotspot|pyoderma
C:\Users\ashis\Desktop\ScanAI\dataset_manager\clean\skin\pyoderma\roboflow__dog-and-cat-skin-disease-identification-2__bacterial_derm_6_jpg.rf.81ea9d919ce5f608f3070a879fdd34c1.jpg,exact_cross_class_conflict,10,hotspot|pyoderma
C:\Users\ashis\Desktop\ScanAI\dataset_manager\clean\skin\hotspot\roboflow__dog-and-cat-skin-disease-identification-2__1000010715_x16_jpg.rf.7c5e4445eac74c60bddfb29d3e9966ce.jpg,exact_cross_class_conflict,2,hotspot|ringworm
C:\Users\ashis\Desktop\ScanAI\dataset_manager\clean\skin\ringworm\roboflow__dog-and-cat-skin-disease-identification-2__1000010715_x16_jpg.rf.629b51ef2b7ee93b3ad24d76d8cdd581.jpg,exact_cross_class_conflict,2,hotspot|ringworm
C:\Users\ashis\Desktop\ScanAI\dataset_manager\clean\skin\hotspot\roboflow__dog-and-cat-skin-disease-identification-2__1000010751_x16_jpg.rf.e672d89c33de8fb567f30bc627513ec3.jpg,exact_cross_class_conflict,2,hotspot|ringworm
C:\Users\ashis\Desktop\ScanAI\dataset_manager\clean\skin\ringworm\roboflow__dog-and-cat-skin-disease-identification-2__1000010751_x16_jpg.rf.2068fe20eb774fc86ba30059a91b6add.jpg,exact_cross_class_conflict,2,hotspot|ringworm
C:\Users\ashis\Desktop\ScanAI\dataset_manager\clean\skin\hotspot\roboflow__dog-and-cat-skin-disease-identification-2__1000010765_x4_jpg.rf.2b501e280e44dc100481dde7781eb2ef.jpg,exact_cross_class_conflict,2,hotspot|ringworm
C:\Users\ashis\Desktop\ScanAI\dataset_manager\clean\skin\ringworm\roboflow__dog-and-cat-skin-disease-identification-2__1000010765_x4_jpg.rf.b4f35fb9405e39b9e93e6d2d26d19f1d.jpg,exact_cross_class_conflict,2,hotspot|ringworm
C:\Users\ashis\Desktop\ScanAI\dataset_manager\clean\skin\hotspot\roboflow__dog-and-cat-skin-disease-identification-2__Copy-of-hot_sp_6_jpg.rf.c0e1a505ac30d57c8793e97cb3164d2c.jpg,same_class_duplicate,6,hotspot
C:\Users\ashis\Desktop\ScanAI\dataset_manager\clean\skin\hotspot\roboflow__dog-and-cat-skin-disease-identification-2__hotspot-19-_jpg.rf.3412a2f0c6c8a20e4b0aac2e6a83ac3b.jpg,same_class_duplicate,6,hotspot
C:\Users\ashis\Desktop\ScanAI\dataset_manager\clean\skin\hotspot\roboflow__dog-and-cat-skin-disease-identification-2__hotspot-19-_jpg.rf.6904753875a7a945532c0b10b39d2d58.jpg,same_class_duplicate,6,hotspot
C:\Users\ashis\Desktop\ScanAI\dataset_manager\clean\skin\hotspot\roboflow__dog-and-cat-skin-disease-identification-2__hotspot-24-_jpg.rf.72c7354b789cf1de9f17fafef1271aa4.jpg,same_class_duplicate,6,hotspot
C:\Users\ashis\Desktop\ScanAI\dataset_manager\clean\skin\hotspot\roboflow__dog-and-cat-skin-disease-identification-2__preprocessed_HOTSPOT_013_jpg.rf.bbf6786b0432b36c8b699e2ece3a2955.jpg,same_class_duplicate,6,hotspot
C:\Users\ashis\Desktop\ScanAI\dataset_manager\clean\skin\hotspot\roboflow__dog-and-cat-skin-disease-identification-2__Copy-of-hot_sp_23_jpg.rf.c9deb31be574731ad296f9c585788714.jpg,same_class_duplicate,6,hotspot
C:\Users\ashis\Desktop\ScanAI\dataset_manager\clean\skin\hotspot\roboflow__dog-and-cat-skin-disease-identification-2__hotspot-72-_jpg.rf.145a1b4ba135389137aa37cc90a7c292.jpg,same_class_duplicate,6,hotspot
C:\Users\ashis\Desktop\ScanAI\dataset_manager\clean\skin\hotspot\roboflow__dog-and-cat-skin-disease-identification-2__hotspot-72-_jpg.rf.84a862baee72f8ea41fae153286b6121.jpg,same_class_duplicate,6,hotspot
C:\Users\ashis\Desktop\ScanAI\dataset_manager\clean\skin\hotspot\roboflow__dog-and-cat-skin-disease-identification-2__hotspot-72-_jpg.rf.991f04a67368992e30d1a232bebf61a7.jpg,same_class_duplicate,6,hotspot
C:\Users\ashis\Desktop\ScanAI\dataset_manager\clean\skin\hotspot\roboflow__dog-and-cat-skin-disease-identification-2__preprocessed_HOTSPOT_031_jpg.rf.63b1178e97d851288615071ac41634df.jpg,same_class_duplicate,6,hotspot
C:\Users\ashis\Desktop\ScanAI\dataset_manager\clean\skin\hotspot\roboflow__dog-and-cat-skin-disease-identification-2__296327617_10223333354745759_96123069612573010_n_jpg.rf.46dfa54c6568ebd22ad9b62bf23913d9.jpg,exact_cross_class_conflict,2,hotspot|ringworm
C:\Users\ashis\Desktop\ScanAI\dataset_manager\clean\skin\ringworm\roboflow__dog-and-cat-skin-disease-identification-2__296327617_10223333354745759_96123069612573010_n_jpg.rf.b2aaceaf4780d91f4507af3bbb6debf8.jpg,exact_cross_class_conflict,2,hotspot|ringworm
C:\Users\ashis\Desktop\ScanAI\dataset_manager\clean\skin\hotspot\roboflow__dog-and-cat-skin-disease-identification-2__50_jpg.rf.5bdda940c20dc484438f27565d0c3109.jpg,same_class_duplicate,2,hotspot
C:\Users\ashis\Desktop\ScanAI\dataset_manager\clean\skin\hotspot\roboflow__dog-and-cat-skin-disease-identification-2__56_jpg.rf.7f11b10fc98e2e7acc47e437cddcc773.jpg,exact_cross_class_conflict,2,hotspot|pyoderma
C:\Users\ashis\Desktop\ScanAI\dataset_manager\clean\skin\pyoderma\roboflow__dog-and-cat-skin-disease-identification-2__56_jpg.rf.ab88dce56bdbb7d425788fc5cd85c41e.jpg,exact_cross_class_conflict,2,hotspot|pyoderma
C:\Users\ashis\Desktop\ScanAI\dataset_manager\clean\skin\hotspot\roboflow__dog-and-cat-skin-disease-identification-2__acute_moist_dermatitis_4935_8_600_jpg.rf.4cbe8aea6b6d22021405051a3b790dcd.jpg,exact_cross_class_conflict,4,hotspot|pyoderma|ringworm
C:\Users\ashis\Desktop\ScanAI\dataset_manager\clean\skin\pyoderma\roboflow__dog-and-cat-skin-disease-identification-2__acute_moist_dermatitis_4935_8_600_jpg.rf.90d082da16fa902e33bfa6d96b6e9fe0.jpg,exact_cross_class_conflict,4,hotspot|pyoderma|ringworm
C:\Users\ashis\Desktop\ScanAI\dataset_manager\clean\skin\ringworm\roboflow__dog-and-cat-skin-disease-identification-2__1000010667_x16_jpg.rf.9195271765c116d6221eece5e8197f4e.jpg,exact_cross_class_conflict,4,hotspot|pyoderma|ringworm
C:\Users\ashis\Desktop\ScanAI\dataset_manager\clean\skin\ringworm\roboflow__dog-and-cat-skin-disease-identification-2__1000010667_x16_jpg.rf.b1012d066f1a3e5b4e66c05a7aec6fa4.jpg,exact_cross_class_conflict,4,hotspot|pyoderma|ringworm
C:\Users\ashis\Desktop\ScanAI\dataset_manager\clean\skin\hotspot\roboflow__dog-and-cat-skin-disease-identification-2__Atopic-dermatitis_Dog-chronic-lick-sore-on-leg_DermVets_jpg.rf.5d87a0d316d97ab822e60c9496d3e242.jpg,exact_cross_class_conflict,2,hotspot|ringworm
C:\Users\ashis\Desktop\ScanAI\dataset_manager\clean\skin\ringworm\roboflow__dog-and-cat-skin-disease-identification-2__Atopic-dermatitis_Dog-chronic-lick-sore-on-leg_DermVets_jpg.rf.0e12b87b420eff3df1842b5ed86addac.jpg,exact_cross_class_conflict,2,hotspot|ringworm
C:\Users\ashis\Desktop\ScanAI\dataset_manager\clean\skin\hotspot\roboflow__dog-and-cat-skin-disease-identification-2__atopic_dermatitis_4935_3_600_jpg.rf.11bf699c9c6b770f0bb274060a4c94aa.jpg,exact_cross_class_conflict,2,hotspot|pyoderma
C:\Users\ashis\Desktop\ScanAI\dataset_manager\clean\skin\pyoderma\roboflow__dog-and-cat-skin-disease-identification-2__atopic_dermatitis_4935_3_600_jpg.rf.0e2c85acf9cb43f6e1f22e2f05c765b2.jpg,exact_cross_class_conflict,2,hotspot|pyoderma
C:\Users\ashis\Desktop\ScanAI\dataset_manager\clean\skin\hotspot\roboflow__dog-and-cat-skin-disease-identification-2__atopic_dermatitis_in_cats_causes_symptoms_and_treatment_4206_webp_jpg.rf.c912316c7978a74bffd0b798c438f9f3.jpg,exact_cross_class_conflict,2,hotspot|pyoderma
C:\Users\ashis\Desktop\ScanAI\dataset_manager\clean\skin\pyoderma\roboflow__dog-and-cat-skin-disease-identification-2__atopic_dermatitis_in_cats_causes_symptoms_and_treatment_4206_webp.rf.dc088c20131c51321c3dd5d82a48679e.jpg,exact_cross_class_conflict,2,hotspot|pyoderma
C:\Users\ashis\Desktop\ScanAI\dataset_manager\clean\skin\hotspot\roboflow__dog-and-cat-skin-disease-identification-2__bac1_jpg.rf.1444c793e02faed8bcee52696dd53ee6.jpg,exact_cross_class_conflict,3,hotspot|pyoderma
C:\Users\ashis\Desktop\ScanAI\dataset_manager\clean\skin\pyoderma\roboflow__dog-and-cat-skin-disease-identification-2__bac1_jpg.rf.575e298978d038c771ceef1a932448d0.jpg,exact_cross_class_conflict,3,hotspot|pyoderma
C:\Users\ashis\Desktop\ScanAI\dataset_manager\clean\skin\pyoderma\roboflow__dog-and-cat-skin-disease-identification-2__bacterial_derm_14_jpg.rf.ff6c1dbf0724288f86ee28154b103863.jpg,exact_cross_class_conflict,3,hotspot|pyoderma
C:\Users\ashis\Desktop\ScanAI\dataset_manager\clean\skin\hotspot\roboflow__dog-and-cat-skin-disease-identification-2__bac2_jpg.rf.6b51158189695915f7d09239fd56fcc2.jpg,exact_cross_class_conflict,3,hotspot|pyoderma
C:\Users\ashis\Desktop\ScanAI\dataset_manager\clean\skin\pyoderma\roboflow__dog-and-cat-skin-disease-identification-2__bac2_jpg.rf.c37aacd1d964b02ca5f4b60860fd89f0.jpg,exact_cross_class_conflict,3,hotspot|pyoderma
C:\Users\ashis\Desktop\ScanAI\dataset_manager\clean\skin\pyoderma\roboflow__dog-and-cat-skin-disease-identification-2__bacterial_derm_17_jpg.rf.0dd3319c5a2e063fd49241e80d013af4.jpg,exact_cross_class_conflict,3,hotspot|pyoderma
C:\Users\ashis\Desktop\ScanAI\dataset_manager\clean\skin\hotspot\roboflow__dog-and-cat-skin-disease-identification-2__bac2_jpg.rf.c797a451bd9660db45455eed6959f887.jpg,exact_cross_class_conflict,3,hotspot|pyoderma
C:\Users\ashis\Desktop\ScanAI\dataset_manager\clean\skin\pyoderma\roboflow__dog-and-cat-skin-disease-identification-2__bac2_jpg.rf.b725ca7e7a7901ad23a83c22c1e7c131.jpg,exact_cross_class_conflict,3,hotspot|pyoderma
C:\Users\ashis\Desktop\ScanAI\dataset_manager\clean\skin\pyoderma\roboflow__dog-and-cat-skin-disease-identification-2__bacterial_derm_16_jpg.rf.c3341e9ab3e9617ca7b0a29caf84308f.jpg,exact_cross_class_conflict,3,hotspot|pyoderma
C:\Users\ashis\Desktop\ScanAI\dataset_manager\clean\skin\hotspot\roboflow__dog-and-cat-skin-disease-identification-2__bac3_jpg.rf.d0c908e043e0fd04d64142d6b23c96a5.jpg,exact_cross_class_conflict,3,hotspot|pyoderma
C:\Users\ashis\Desktop\ScanAI\dataset_manager\clean\skin\pyoderma\roboflow__dog-and-cat-skin-disease-identification-2__bac3_jpg.rf.67842878bef3f6e6c5e220cd1d808e88.jpg,exact_cross_class_conflict,3,hotspot|pyoderma
C:\Users\ashis\Desktop\ScanAI\dataset_manager\clean\skin\pyoderma\roboflow__dog-and-cat-skin-disease-identification-2__bacterial_derm_20_jpg.rf.67870a08d3715c8bc92218860ca92c08.jpg,exact_cross_class_conflict,3,hotspot|pyoderma
C:\Users\ashis\Desktop\ScanAI\dataset_manager\clean\skin\hotspot\roboflow__dog-and-cat-skin-disease-identification-2__bac4_png_jpg.rf.1e515c3bc2a4f475b8b590fd8595f925.jpg,exact_cross_class_conflict,3,hotspot|pyoderma
C:\Users\ashis\Desktop\ScanAI\dataset_manager\clean\skin\pyoderma\roboflow__dog-and-cat-skin-disease-identification-2__bac4_png_jpg.rf.9eac1b0e1502d7695ce02f2f3ae4d719.jpg,exact_cross_class_conflict,3,hotspot|pyoderma
C:\Users\ashis\Desktop\ScanAI\dataset_manager\clean\skin\pyoderma\roboflow__dog-and-cat-skin-disease-identification-2__bacterial_1_jpg.rf.fe208a35a62108ad8e794f9cf82b23e4.jpg,exact_cross_class_conflict,3,hotspot|pyoderma
C:\Users\ashis\Desktop\ScanAI\dataset_manager\clean\skin\hotspot\roboflow__dog-and-cat-skin-disease-identification-2__bac4_png_jpg.rf.354fc6a32b2abc4f684df21b0618bf50.jpg,exact_cross_class_conflict,3,hotspot|pyoderma
C:\Users\ashis\Desktop\ScanAI\dataset_manager\clean\skin\pyoderma\roboflow__dog-and-cat-skin-disease-identification-2__bac4_png_jpg.rf.18662b04a8cd036bf89f4d5fb116bbe8.jpg,exact_cross_class_conflict,3,hotspot|pyoderma
C:\Users\ashis\Desktop\ScanAI\dataset_manager\clean\skin\pyoderma\roboflow__dog-and-cat-skin-disease-identification-2__bacterial_derm_22_jpg.rf.93a81a3db658e0cfe2a69aacc7b01806.jpg,exact_cross_class_conflict,3,hotspot|pyoderma
C:\Users\ashis\Desktop\ScanAI\dataset_manager\clean\skin\hotspot\roboflow__dog-and-cat-skin-disease-identification-2__bacc1_jpg.rf.fdd9ef5280617609f1d432338b931276.jpg,exact_cross_class_conflict,3,hotspot|pyoderma
C:\Users\ashis\Desktop\ScanAI\dataset_manager\clean\skin\pyoderma\roboflow__dog-and-cat-skin-disease-identification-2__bacc1_jpg.rf.36c1ea616f5ac161ceb162c73be4cc3f.jpg,exact_cross_class_conflict,3,hotspot|pyoderma
C:\Users\ashis\Desktop\ScanAI\dataset_manager\clean\skin\pyoderma\roboflow__dog-and-cat-skin-disease-identification-2__bacterial_5_jpg.rf.0c2ca6a814aeaf1394e05b35132fb6e2.jpg,exact_cross_class_conflict,3,hotspot|pyoderma
C:\Users\ashis\Desktop\ScanAI\dataset_manager\clean\skin\hotspot\roboflow__dog-and-cat-skin-disease-identification-2__bacc2_jpg.rf.4ff1be143399e022b24defa3a6e0db8a.jpg,exact_cross_class_conflict,3,hotspot|pyoderma
C:\Users\ashis\Desktop\ScanAI\dataset_manager\clean\skin\pyoderma\roboflow__dog-and-cat-skin-disease-identification-2__bacc2_jpg.rf.64e84193f6d9ebad3f6ab80926e1a7f2.jpg,exact_cross_class_conflict,3,hotspot|pyoderma
C:\Users\ashis\Desktop\ScanAI\dataset_manager\clean\skin\pyoderma\roboflow__dog-and-cat-skin-disease-identification-2__bacterial_8_jpg.rf.977adf3954893aa76cef86f6c69d3341.jpg,exact_cross_class_conflict,3,hotspot|pyoderma
C:\Users\ashis\Desktop\ScanAI\dataset_manager\clean\skin\hotspot\roboflow__dog-and-cat-skin-disease-identification-2__bacc2_jpg.rf.ce89c1bb0e2d0692a794b3074c57e127.jpg,exact_cross_class_conflict,3,hotspot|pyoderma
C:\Users\ashis\Desktop\ScanAI\dataset_manager\clean\skin\pyoderma\roboflow__dog-and-cat-skin-disease-identification-2__bacc2_jpg.rf.741dc02ffadb898f6040f0ddbd6142da.jpg,exact_cross_class_conflict,3,hotspot|pyoderma
C:\Users\ashis\Desktop\ScanAI\dataset_manager\clean\skin\pyoderma\roboflow__dog-and-cat-skin-disease-identification-2__bacterial_7_jpg.rf.3a9fa8c518e7fa75cc3649f7b27d9109.jpg,exact_cross_class_conflict,3,hotspot|pyoderma
C:\Users\ashis\Desktop\ScanAI\dataset_manager\clean\skin\hotspot\roboflow__dog-and-cat-skin-disease-identification-2__bacc3_jpg.rf.2e33885fb25bd55df0a31312b1217426.jpg,exact_cross_class_conflict,3,hotspot|pyoderma
C:\Users\ashis\Desktop\ScanAI\dataset_manager\clean\skin\pyoderma\roboflow__dog-and-cat-skin-disease-identification-2__bacc3_jpg.rf.15d72d897c9233ce936ce8735184188a.jpg,exact_cross_class_conflict,3,hotspot|pyoderma
C:\Users\ashis\Desktop\ScanAI\dataset_manager\clean\skin\pyoderma\roboflow__dog-and-cat-skin-disease-identification-2__bacterial_11_jpg.rf.546495d3f73f9fd08c5cc3fe13706e9e.jpg,exact_cross_class_conflict,3,hotspot|pyoderma
C:\Users\ashis\Desktop\ScanAI\dataset_manager\clean\skin\hotspot\roboflow__dog-and-cat-skin-disease-identification-2__bacc3_jpg.rf.d6c173ba28b66f5816664941b8a055e8.jpg,exact_cross_class_conflict,3,hotspot|pyoderma
C:\Users\ashis\Desktop\ScanAI\dataset_manager\clean\skin\pyoderma\roboflow__dog-and-cat-skin-disease-identification-2__bacc3_jpg.rf.8f121a60cee86cc23fa4058ec3a53f65.jpg,exact_cross_class_conflict,3,hotspot|pyoderma
C:\Users\ashis\Desktop\ScanAI\dataset_manager\clean\skin\pyoderma\roboflow__dog-and-cat-skin-disease-identification-2__bacterial_10_jpg.rf.d600b50de3d2781783f35e271ba293db.jpg,exact_cross_class_conflict,3,hotspot|pyoderma
C:\Users\ashis\Desktop\ScanAI\dataset_manager\clean\skin\hotspot\roboflow__dog-and-cat-skin-disease-identification-2__Bacteria3_png_jpg.rf.b75cc9bac26c589e7f174cf9ed18337e.jpg,exact_cross_class_conflict,3,hotspot|pyoderma
C:\Users\ashis\Desktop\ScanAI\dataset_manager\clean\skin\pyoderma\roboflow__dog-and-cat-skin-disease-identification-2__Bacteria3_png_jpg.rf.bfac712ef3f7d30f9207a8986c133087.jpg,exact_cross_class_conflict,3,hotspot|pyoderma
C:\Users\ashis\Desktop\ScanAI\dataset_manager\clean\skin\pyoderma\roboflow__dog-and-cat-skin-disease-identification-2__bacterial_12_jpg.rf.b5d5c1e658e1aae44669aadde067722c.jpg,exact_cross_class_conflict,3,hotspot|pyoderma
C:\Users\ashis\Desktop\ScanAI\dataset_manager\clean\skin\hotspot\roboflow__dog-and-cat-skin-disease-identification-2__Bacteria3_png_jpg.rf.f067c3e76f538f5f0538c970c6f19570.jpg,exact_cross_class_conflict,3,hotspot|pyoderma
C:\Users\ashis\Desktop\ScanAI\dataset_manager\clean\skin\pyoderma\roboflow__dog-and-cat-skin-disease-identification-2__Bacteria3_png_jpg.rf.ba4ca1890f8a734b9f8c5ef6fc811908.jpg,exact_cross_class_conflict,3,hotspot|pyoderma
C:\Users\ashis\Desktop\ScanAI\dataset_manager\clean\skin\pyoderma\roboflow__dog-and-cat-skin-disease-identification-2__bacterial_14_jpg.rf.9886e5ea87ed4a20eb7fe6367c378309.jpg,exact_cross_class_conflict,3,hotspot|pyoderma
C:\Users\ashis\Desktop\ScanAI\dataset_manager\clean\skin\hotspot\roboflow__dog-and-cat-skin-disease-identification-2__bacterial-skin-infection-s_720250150_jpg.rf.b73f55eb4a258ea6ab796c92c775a996.jpg,exact_cross_class_conflict,3,hotspot|pyoderma
C:\Users\ashis\Desktop\ScanAI\dataset_manager\clean\skin\pyoderma\roboflow__dog-and-cat-skin-disease-identification-2__bacterial-skin-infection-s_720250150_jpg.rf.a095ef576e6bdbedb7ecbcd15b9bccfc.jpg,exact_cross_class_conflict,3,hotspot|pyoderma
C:\Users\ashis\Desktop\ScanAI\dataset_manager\clean\skin\pyoderma\roboflow__dog-and-cat-skin-disease-identification-2__bacterial_111_jpg.rf.6a2fbfd935c4db21d7cdef2d2afb8656.jpg,exact_cross_class_conflict,3,hotspot|pyoderma
C:\Users\ashis\Desktop\ScanAI\dataset_manager\clean\skin\hotspot\roboflow__dog-and-cat-skin-disease-identification-2__Bacterial1_png_jpg.rf.cdd49c636cc1c281d7c0f8b94740e00f.jpg,exact_cross_class_conflict,3,hotspot|pyoderma
C:\Users\ashis\Desktop\ScanAI\dataset_manager\clean\skin\pyoderma\roboflow__dog-and-cat-skin-disease-identification-2__Bacterial1_png_jpg.rf.40c3ed8ca848f280aa0335959b453eb2.jpg,exact_cross_class_conflict,3,hotspot|pyoderma
C:\Users\ashis\Desktop\ScanAI\dataset_manager\clean\skin\pyoderma\roboflow__dog-and-cat-skin-disease-identification-2__bacterial_112_jpg.rf.fb3f35e9344efae79036641189aacade.jpg,exact_cross_class_conflict,3,hotspot|pyoderma
C:\Users\ashis\Desktop\ScanAI\dataset_manager\clean\skin\hotspot\roboflow__dog-and-cat-skin-disease-identification-2__Bacterial1_png_jpg.rf.d8210805cca8e975e43e06b1efd32195.jpg,exact_cross_class_conflict,3,hotspot|pyoderma
C:\Users\ashis\Desktop\ScanAI\dataset_manager\clean\skin\pyoderma\roboflow__dog-and-cat-skin-disease-identification-2__Bacterial1_png_jpg.rf.b13fc7b1c4914680ad8be670eaf9d565.jpg,exact_cross_class_conflict,3,hotspot|pyoderma
C:\Users\ashis\Desktop\ScanAI\dataset_manager\clean\skin\pyoderma\roboflow__dog-and-cat-skin-disease-identification-2__bacterial_113_jpg.rf.d79642afe5de14991ceaefc1bf946995.jpg,exact_cross_class_conflict,3,hotspot|pyoderma
C:\Users\ashis\Desktop\ScanAI\dataset_manager\clean\skin\hotspot\roboflow__dog-and-cat-skin-disease-identification-2__bacterial_129_jpg.rf.bd091f46a59495c272ff92eb49a1a295.jpg,exact_cross_class_conflict,8,hotspot|pyoderma
C:\Users\ashis\Desktop\ScanAI\dataset_manager\clean\skin\hotspot\roboflow__dog-and-cat-skin-disease-identification-2__bacterial_140_jpg.rf.d4e28ffeaf0870c1138699d4b4e3cebe.jpg,exact_cross_class_conflict,8,hotspot|pyoderma
C:\Users\ashis\Desktop\ScanAI\dataset_manager\clean\skin\hotspot\roboflow__dog-and-cat-skin-disease-identification-2__Hot-Spot-on-_Chance_-How-to-treat-a-dog-that-you-can_t-touch_-000614_png_jpg.rf.908a6f442b37c455acbc60114670f902.jpg,exact_cross_class_conflict,8,hotspot|pyoderma
C:\Users\ashis\Desktop\ScanAI\dataset_manager\clean\skin\hotspot\roboflow__dog-and-cat-skin-disease-identification-2__Hot-Spot-on-_Chance_-How-to-treat-a-dog-that-you-can_t-touch_-000615_png_jpg.rf.182026cf60a090eb63e7fd6eb88ff87a.jpg,exact_cross_class_conflict,8,hotspot|pyoderma
C:\Users\ashis\Desktop\ScanAI\dataset_manager\clean\skin\pyoderma\roboflow__dog-and-cat-skin-disease-identification-2__bacterial_131_jpg.rf.99f614e7e189ea73a49b70f9732e699c.jpg,exact_cross_class_conflict,8,hotspot|pyoderma
C:\Users\ashis\Desktop\ScanAI\dataset_manager\clean\skin\pyoderma\roboflow__dog-and-cat-skin-disease-identification-2__bacterial_135_jpg.rf.72c37a0bba990b46a8fe0612fb0b2fb1.jpg,exact_cross_class_conflict,8,hotspot|pyoderma
C:\Users\ashis\Desktop\ScanAI\dataset_manager\clean\skin\pyoderma\roboflow__dog-and-cat-skin-disease-identification-2__bacterial_137_jpg.rf.81306bf80bec6424930a377c66e460a1.jpg,exact_cross_class_conflict,8,hotspot|pyoderma
C:\Users\ashis\Desktop\ScanAI\dataset_manager\clean\skin\pyoderma\roboflow__dog-and-cat-skin-disease-identification-2__bacterial_139_jpg.rf.68ab5f98d6400ac458256a7f082f122e.jpg,exact_cross_class_conflict,8,hotspot|pyoderma
C:\Users\ashis\Desktop\ScanAI\dataset_manager\clean\skin\hotspot\roboflow__dog-and-cat-skin-disease-identification-2__Copy-of-hot_sp_7_jpg.rf.efe499b8920ae876023c23a6410a4cb6.jpg,same_class_duplicate,4,hotspot
C:\Users\ashis\Desktop\ScanAI\dataset_manager\clean\skin\hotspot\roboflow__dog-and-cat-skin-disease-identification-2__hotspot-22-_jpg.rf.2a44f9d57241411b9d0e64cd89417036.jpg,same_class_duplicate,4,hotspot
C:\Users\ashis\Desktop\ScanAI\dataset_manager\clean\skin\hotspot\roboflow__dog-and-cat-skin-disease-identification-2__preprocessed_HOTSPOT_014_jpg.rf.a3042156aea0930bb2ec59677c80d900.jpg,same_class_duplicate,4,hotspot
C:\Users\ashis\Desktop\ScanAI\dataset_manager\clean\skin\hotspot\roboflow__dog-and-cat-skin-disease-identification-2__Bacterial_1_png_jpg.rf.5116d319581a8faad96f395ea4a576d9.jpg,exact_cross_class_conflict,3,hotspot|pyoderma
C:\Users\ashis\Desktop\ScanAI\dataset_manager\clean\skin\pyoderma\roboflow__dog-and-cat-skin-disease-identification-2__bacterial_19_jpg.rf.cc856d538df9ae586c202eea2e23605d.jpg,exact_cross_class_conflict,3,hotspot|pyoderma
C:\Users\ashis\Desktop\ScanAI\dataset_manager\clean\skin\pyoderma\roboflow__dog-and-cat-skin-disease-identification-2__Bacterial_1_png_jpg.rf.7641b72684a216dc7dd96bbca5e0214d.jpg,exact_cross_class_conflict,3,hotspot|pyoderma
C:\Users\ashis\Desktop\ScanAI\dataset_manager\clean\skin\hotspot\roboflow__dog-and-cat-skin-disease-identification-2__Bacterial_1_png_jpg.rf.70f26a05a6b2073bfca9a076dcb246c5.jpg,exact_cross_class_conflict,3,hotspot|pyoderma
C:\Users\ashis\Desktop\ScanAI\dataset_manager\clean\skin\pyoderma\roboflow__dog-and-cat-skin-disease-identification-2__bacterial_18_jpg.rf.2930a827100b522f4e470f2745f2a79f.jpg,exact_cross_class_conflict,3,hotspot|pyoderma
C:\Users\ashis\Desktop\ScanAI\dataset_manager\clean\skin\pyoderma\roboflow__dog-and-cat-skin-disease-identification-2__Bacterial_1_png_jpg.rf.ac970d5a21c7e7c3251fbc93ad00e784.jpg,exact_cross_class_conflict,3,hotspot|pyoderma
C:\Users\ashis\Desktop\ScanAI\dataset_manager\clean\skin\hotspot\roboflow__dog-and-cat-skin-disease-identification-2__Bacterial_2_jpg.rf.0f563cca59550340f1efb1bd56d2eb6a.jpg,exact_cross_class_conflict,3,hotspot|pyoderma
C:\Users\ashis\Desktop\ScanAI\dataset_manager\clean\skin\pyoderma\roboflow__dog-and-cat-skin-disease-identification-2__bacterial_22_jpg.rf.54de1c2356264e47b3cf03b86e4ba434.jpg,exact_cross_class_conflict,3,hotspot|pyoderma
C:\Users\ashis\Desktop\ScanAI\dataset_manager\clean\skin\pyoderma\roboflow__dog-and-cat-skin-disease-identification-2__Bacterial_2_jpg.rf.815aae40bd47c422fd37b72c3ead3335.jpg,exact_cross_class_conflict,3,hotspot|pyoderma
C:\Users\ashis\Desktop\ScanAI\dataset_manager\clean\skin\hotspot\roboflow__dog-and-cat-skin-disease-identification-2__Bacterial_2_jpg.rf.d3620d4a79334c0d7737dfa2b54a5637.jpg,exact_cross_class_conflict,3,hotspot|pyoderma
C:\Users\ashis\Desktop\ScanAI\dataset_manager\clean\skin\pyoderma\roboflow__dog-and-cat-skin-disease-identification-2__bacterial_21_jpg.rf.23f6059fd5a508cb4f89884a7e54ebe2.jpg,exact_cross_class_conflict,3,hotspot|pyoderma
C:\Users\ashis\Desktop\ScanAI\dataset_manager\clean\skin\pyoderma\roboflow__dog-and-cat-skin-disease-identification-2__Bacterial_2_jpg.rf.d15dc496c7b0bd4819c40f356380c205.jpg,exact_cross_class_conflict,3,hotspot|pyoderma
C:\Users\ashis\Desktop\ScanAI\dataset_manager\clean\skin\hotspot\roboflow__dog-and-cat-skin-disease-identification-2__bacterial_Image_1_jpg.rf.83f649b30323c027a4fd2741e692b18b.jpg,exact_cross_class_conflict,3,hotspot|pyoderma
C:\Users\ashis\Desktop\ScanAI\dataset_manager\clean\skin\pyoderma\roboflow__dog-and-cat-skin-disease-identification-2__bacterial_25_jpg.rf.ef25ff827c4d1394d713e16b6b203fb2.jpg,exact_cross_class_conflict,3,hotspot|pyoderma
C:\Users\ashis\Desktop\ScanAI\dataset_manager\clean\skin\pyoderma\roboflow__dog-and-cat-skin-disease-identification-2__bacterial_Image_1_jpg.rf.b52f09d31295a1995c894b0e47c5143a.jpg,exact_cross_class_conflict,3,hotspot|pyoderma
C:\Users\ashis\Desktop\ScanAI\dataset_manager\clean\skin\hotspot\roboflow__dog-and-cat-skin-disease-identification-2__Bacterial_Image_2_jpg.rf.a59d9687a81c42b1f9c902eae65d10fe.jpg,exact_cross_class_conflict,5,hotspot|pyoderma
C:\Users\ashis\Desktop\ScanAI\dataset_manager\clean\skin\pyoderma\roboflow__dog-and-cat-skin-disease-identification-2__bacterial5_jpg.rf.e52c2c4605d124ffa6d8848dd2e32357.jpg,exact_cross_class_conflict,5,hotspot|pyoderma
C:\Users\ashis\Desktop\ScanAI\dataset_manager\clean\skin\pyoderma\roboflow__dog-and-cat-skin-disease-identification-2__bacterial_27_jpg.rf.b916afc2897574a6c79af44f0bf96ee1.jpg,exact_cross_class_conflict,5,hotspot|pyoderma
C:\Users\ashis\Desktop\ScanAI\dataset_manager\clean\skin\pyoderma\roboflow__dog-and-cat-skin-disease-identification-2__bacterial_36_jpg.rf.da8a492d7cee177a964e7c7e37fbb93f.jpg,exact_cross_class_conflict,5,hotspot|pyoderma
C:\Users\ashis\Desktop\ScanAI\dataset_manager\clean\skin\pyoderma\roboflow__dog-and-cat-skin-disease-identification-2__Bacterial_Image_2_jpg.rf.a3d5762b162de352c1f386ef303f0a6f.jpg,exact_cross_class_conflict,5,hotspot|pyoderma
C:\Users\ashis\Desktop\ScanAI\dataset_manager\clean\skin\hotspot\roboflow__dog-and-cat-skin-disease-identification-2__bacterial_Image_3_jpg.rf.365ebb92a93edb8f322449d5f0b86b5b.jpg,exact_cross_class_conflict,3,hotspot|pyoderma
C:\Users\ashis\Desktop\ScanAI\dataset_manager\clean\skin\pyoderma\roboflow__dog-and-cat-skin-disease-identification-2__bacterial_32_jpg.rf.f16274d9777794c7ab2fc2450b884dc1.jpg,exact_cross_class_conflict,3,hotspot|pyoderma
C:\Users\ashis\Desktop\ScanAI\dataset_manager\clean\skin\pyoderma\roboflow__dog-and-cat-skin-disease-identification-2__bacterial_Image_3_jpg.rf.e4f9f823eeadcdf3310a6470b819aa1e.jpg,exact_cross_class_conflict,3,hotspot|pyoderma
C:\Users\ashis\Desktop\ScanAI\dataset_manager\clean\skin\hotspot\roboflow__dog-and-cat-skin-disease-identification-2__bacterial_Image_3_jpg.rf.8b33ee66b6578778437cc3b7f8cd2574.jpg,exact_cross_class_conflict,7,hotspot|pyoderma
C:\Users\ashis\Desktop\ScanAI\dataset_manager\clean\skin\pyoderma\roboflow__dog-and-cat-skin-disease-identification-2__bac3_jpg.rf.8d93f661310f858b8fad87152cb71af7.jpg,exact_cross_class_conflict,7,hotspot|pyoderma
C:\Users\ashis\Desktop\ScanAI\dataset_manager\clean\skin\pyoderma\roboflow__dog-and-cat-skin-disease-identification-2__bacterial16_jpg.rf.e790121c5119c7477685ae50f3fd1a71.jpg,exact_cross_class_conflict,7,hotspot|pyoderma
C:\Users\ashis\Desktop\ScanAI\dataset_manager\clean\skin\pyoderma\roboflow__dog-and-cat-skin-disease-identification-2__bacterial_30_jpg.rf.eee94e958e8ce3e9bd14f36134b586f4.jpg,exact_cross_class_conflict,7,hotspot|pyoderma
C:\Users\ashis\Desktop\ScanAI\dataset_manager\clean\skin\pyoderma\roboflow__dog-and-cat-skin-disease-identification-2__bacterial_49_jpg.rf.16ebc2d160ea7194d5439b537c04c9bf.jpg,exact_cross_class_conflict,7,hotspot|pyoderma
C:\Users\ashis\Desktop\ScanAI\dataset_manager\clean\skin\pyoderma\roboflow__dog-and-cat-skin-disease-identification-2__bacterial_derm_21_jpg.rf.420b9b120b2ffd42ee76697fd5351ea4.jpg,exact_cross_class_conflict,7,hotspot|pyoderma
C:\Users\ashis\Desktop\ScanAI\dataset_manager\clean\skin\pyoderma\roboflow__dog-and-cat-skin-disease-identification-2__bacterial_Image_3_jpg.rf.e6e24751d4a2ffaaaf1fc292a8ed4aed.jpg,exact_cross_class_conflict,7,hotspot|pyoderma
C:\Users\ashis\Desktop\ScanAI\dataset_manager\clean\skin\hotspot\roboflow__dog-and-cat-skin-disease-identification-2__bacterial_Image_3_jpg.rf.dee042819f186176e1f38e749ae2851f.jpg,exact_cross_class_conflict,3,hotspot|pyoderma
C:\Users\ashis\Desktop\ScanAI\dataset_manager\clean\skin\pyoderma\roboflow__dog-and-cat-skin-disease-identification-2__bacterial_31_jpg.rf.5fbc5324a4bed617f91cbfc14b42e692.jpg,exact_cross_class_conflict,3,hotspot|pyoderma
C:\Users\ashis\Desktop\ScanAI\dataset_manager\clean\skin\pyoderma\roboflow__dog-and-cat-skin-disease-identification-2__bacterial_Image_3_jpg.rf.5688dfbec3d295955ece6b5f050bd67a.jpg,exact_cross_class_conflict,3,hotspot|pyoderma
C:\Users\ashis\Desktop\ScanAI\dataset_manager\clean\skin\hotspot\roboflow__dog-and-cat-skin-disease-identification-2__bacterial_Image_4_jpg.rf.91fea8d85093f99f845b49f3c803c795.jpg,exact_cross_class_conflict,3,hotspot|pyoderma
C:\Users\ashis\Desktop\ScanAI\dataset_manager\clean\skin\pyoderma\roboflow__dog-and-cat-skin-disease-identification-2__bacterial_34_jpg.rf.de785864aa32406ff1742bc14adebdf5.jpg,exact_cross_class_conflict,3,hotspot|pyoderma
C:\Users\ashis\Desktop\ScanAI\dataset_manager\clean\skin\pyoderma\roboflow__dog-and-cat-skin-disease-identification-2__bacterial_Image_4_jpg.rf.a85fe6f48827097e0c833c2ee72584a0.jpg,exact_cross_class_conflict,3,hotspot|pyoderma
C:\Users\ashis\Desktop\ScanAI\dataset_manager\clean\skin\hotspot\roboflow__dog-and-cat-skin-disease-identification-2__bacterial_Image_4_jpg.rf.ea4f89db5159f969d0404601c825fc3b.jpg,exact_cross_class_conflict,3,hotspot|pyoderma
C:\Users\ashis\Desktop\ScanAI\dataset_manager\clean\skin\pyoderma\roboflow__dog-and-cat-skin-disease-identification-2__bacterial_33_jpg.rf.dbdb2257eac1c0c1d518079a8c9e9a1c.jpg,exact_cross_class_conflict,3,hotspot|pyoderma
C:\Users\ashis\Desktop\ScanAI\dataset_manager\clean\skin\pyoderma\roboflow__dog-and-cat-skin-disease-identification-2__bacterial_Image_4_jpg.rf.6e9ca0a676f48fee89c2b98e67b4627f.jpg,exact_cross_class_conflict,3,hotspot|pyoderma
C:\Users\ashis\Desktop\ScanAI\dataset_manager\clean\skin\hotspot\roboflow__dog-and-cat-skin-disease-identification-2__black-spots-hair-loss-bacterial-infection-dr-spiegel-440_jpg.rf.152f0a2d1f90df3956be48a7b009fc09.jpg,exact_cross_class_conflict,2,hotspot|pyoderma
C:\Users\ashis\Desktop\ScanAI\dataset_manager\clean\skin\pyoderma\roboflow__dog-and-cat-skin-disease-identification-2__black-spots-hair-loss-bacterial-infection-dr-spiegel-440_jpg.rf.1a1039c0033757677f6eefd894e8774d.jpg,exact_cross_class_conflict,2,hotspot|pyoderma
C:\Users\ashis\Desktop\ScanAI\dataset_manager\clean\skin\hotspot\roboflow__dog-and-cat-skin-disease-identification-2__black-spots-infection-191861127511_jpg.rf.41a50e30a9000666c7e1f3b0029a2fd5.jpg,exact_cross_class_conflict,2,hotspot|pyoderma
C:\Users\ashis\Desktop\ScanAI\dataset_manager\clean\skin\pyoderma\roboflow__dog-and-cat-skin-disease-identification-2__black-spots-infection-191861127511_jpg.rf.33e362d368ec82dff91521dc999b6a26.jpg,exact_cross_class_conflict,2,hotspot|pyoderma
C:\Users\ashis\Desktop\ScanAI\dataset_manager\clean\skin\hotspot\roboflow__dog-and-cat-skin-disease-identification-2__contact_dermatitis_4935_9_600_jpg.rf.7358680037b9b83b4b6fff38dc2206f4.jpg,exact_cross_class_conflict,2,hotspot|pyoderma
C:\Users\ashis\Desktop\ScanAI\dataset_manager\clean\skin\pyoderma\roboflow__dog-and-cat-skin-disease-identification-2__contact_dermatitis_4935_9_600_jpg.rf.82e3082fbaf44a0e2a0f6e1406924a46.jpg,exact_cross_class_conflict,2,hotspot|pyoderma
C:\Users\ashis\Desktop\ScanAI\dataset_manager\clean\skin\hotspot\roboflow__dog-and-cat-skin-disease-identification-2__Copy-of-hot_sp_0_jpg.rf.33f244087ca4193f56fa887a77c2a062.jpg,exact_cross_class_conflict,6,hotspot|pyoderma
C:\Users\ashis\Desktop\ScanAI\dataset_manager\clean\skin\hotspot\roboflow__dog-and-cat-skin-disease-identification-2__hotspot-1-_jpg.rf.f09cf2a2de0ef8c996ba8633008bc5da.jpg,exact_cross_class_conflict,6,hotspot|pyoderma
C:\Users\ashis\Desktop\ScanAI\dataset_manager\clean\skin\hotspot\roboflow__dog-and-cat-skin-disease-identification-2__preprocessed_HOTSPOT_010_jpg.rf.11020c3ae482e168fb849dd6d842ed1d.jpg,exact_cross_class_conflict,6,hotspot|pyoderma
C:\Users\ashis\Desktop\ScanAI\dataset_manager\clean\skin\pyoderma\roboflow__dog-and-cat-skin-disease-identification-2__bacterial_176_jpg.rf.f5aa7ca0e251ae95bc2e1406564b24df.jpg,exact_cross_class_conflict,6,hotspot|pyoderma
C:\Users\ashis\Desktop\ScanAI\dataset_manager\clean\skin\pyoderma\roboflow__dog-and-cat-skin-disease-identification-2__bacterial_261_jpg.rf.812d4e2fe16a5975e7b33924ae367160.jpg,exact_cross_class_conflict,6,hotspot|pyoderma
C:\Users\ashis\Desktop\ScanAI\dataset_manager\clean\skin\pyoderma\roboflow__dog-and-cat-skin-disease-identification-2__bacterial_derm_26_jpg.rf.6df360f9c0bd7e2760cb4971bae79609.jpg,exact_cross_class_conflict,6,hotspot|pyoderma
C:\Users\ashis\Desktop\ScanAI\dataset_manager\clean\skin\hotspot\roboflow__dog-and-cat-skin-disease-identification-2__hotspot-34-_jpg.rf.2ab5d29b1a127e2af8355db947fb9c96.jpg,same_class_duplicate,4,hotspot
C:\Users\ashis\Desktop\ScanAI\dataset_manager\clean\skin\hotspot\roboflow__dog-and-cat-skin-disease-identification-2__hotspot-34-_jpg.rf.92e1958c422a1c15bc9e6c686ea6a5a5.jpg,same_class_duplicate,4,hotspot
C:\Users\ashis\Desktop\ScanAI\dataset_manager\clean\skin\hotspot\roboflow__dog-and-cat-skin-disease-identification-2__preprocessed_HOTSPOT_018_jpg.rf.b215bb1bd0c804c4aecf163bb1bc8013.jpg,same_class_duplicate,4,hotspot
C:\Users\ashis\Desktop\ScanAI\dataset_manager\clean\skin\hotspot\roboflow__dog-and-cat-skin-disease-identification-2__Copy-of-hot_sp_12_jpg.rf.c223b91d179d273ff10ca35cd242da42.jpg,exact_cross_class_conflict,5,hotspot|pyoderma
C:\Users\ashis\Desktop\ScanAI\dataset_manager\clean\skin\hotspot\roboflow__dog-and-cat-skin-disease-identification-2__hotspot-38-_jpg.rf.0800df4799f1767f148f382b5d4995db.jpg,exact_cross_class_conflict,5,hotspot|pyoderma
C:\Users\ashis\Desktop\ScanAI\dataset_manager\clean\skin\hotspot\roboflow__dog-and-cat-skin-disease-identification-2__hotspot-38-_jpg.rf.76e0d8037755e61d2a6535059f7d59be.jpg,exact_cross_class_conflict,5,hotspot|pyoderma
C:\Users\ashis\Desktop\ScanAI\dataset_manager\clean\skin\hotspot\roboflow__dog-and-cat-skin-disease-identification-2__preprocessed_HOTSPOT_019_jpg.rf.e2ea9cb47b78b38030dd9342e126e8bf.jpg,exact_cross_class_conflict,5,hotspot|pyoderma
C:\Users\ashis\Desktop\ScanAI\dataset_manager\clean\skin\pyoderma\roboflow__dog-and-cat-skin-disease-identification-2__bacterial_194_jpg.rf.2a3f0ed61d2bd7666275abe302f07ec1.jpg,exact_cross_class_conflict,5,hotspot|pyoderma
C:\Users\ashis\Desktop\ScanAI\dataset_manager\clean\skin\hotspot\roboflow__dog-and-cat-skin-disease-identification-2__Copy-of-hot_sp_13_jpg.rf.155b1f2ed7458dfd6aec6863f95d2f49.jpg,exact_cross_class_conflict,5,hotspot|pyoderma
C:\Users\ashis\Desktop\ScanAI\dataset_manager\clean\skin\hotspot\roboflow__dog-and-cat-skin-disease-identification-2__hotspot-40-_jpg.rf.b88e272cf9bc0d5734be89e5790b04a9.jpg,exact_cross_class_conflict,5,hotspot|pyoderma
C:\Users\ashis\Desktop\ScanAI\dataset_manager\clean\skin\hotspot\roboflow__dog-and-cat-skin-disease-identification-2__hotspot-40-_jpg.rf.c7d9be4d12cfe7880b7156c29c3a5a5a.jpg,exact_cross_class_conflict,5,hotspot|pyoderma
C:\Users\ashis\Desktop\ScanAI\dataset_manager\clean\skin\hotspot\roboflow__dog-and-cat-skin-disease-identification-2__preprocessed_HOTSPOT_021_jpg.rf.0c5e96129979b5fefcecf16f563d1e8f.jpg,exact_cross_class_conflict,5,hotspot|pyoderma
C:\Users\ashis\Desktop\ScanAI\dataset_manager\clean\skin\pyoderma\roboflow__dog-and-cat-skin-disease-identification-2__bacterial_195_jpg.rf.07a3022b4d36d954db262d2e89d29f74.jpg,exact_cross_class_conflict,5,hotspot|pyoderma
C:\Users\ashis\Desktop\ScanAI\dataset_manager\clean\skin\hotspot\roboflow__dog-and-cat-skin-disease-identification-2__hotspot-43-_jpg.rf.098129a80e1bcc0aaf7f1a0fbde74164.jpg,same_class_duplicate,3,hotspot
C:\Users\ashis\Desktop\ScanAI\dataset_manager\clean\skin\hotspot\roboflow__dog-and-cat-skin-disease-identification-2__preprocessed_HOTSPOT_022_jpg.rf.ff4a288ccef8e10ff1558cac00f416b1.jpg,same_class_duplicate,3,hotspot
C:\Users\ashis\Desktop\ScanAI\dataset_manager\clean\skin\hotspot\roboflow__dog-and-cat-skin-disease-identification-2__Copy-of-hot_sp_16_jpg.rf.4d4d4ed66ab08e8d00eea9f8c0e30250.jpg,exact_cross_class_conflict,6,hotspot|pyoderma|ringworm
C:\Users\ashis\Desktop\ScanAI\dataset_manager\clean\skin\hotspot\roboflow__dog-and-cat-skin-disease-identification-2__hotspot-50-_jpg.rf.66e4c4511ea42c067de21848809635d7.jpg,exact_cross_class_conflict,6,hotspot|pyoderma|ringworm
C:\Users\ashis\Desktop\ScanAI\dataset_manager\clean\skin\hotspot\roboflow__dog-and-cat-skin-disease-identification-2__hotspot-50-_jpg.rf.a59e0b5797b31a77ca4b43b73435e52c.jpg,exact_cross_class_conflict,6,hotspot|pyoderma|ringworm
C:\Users\ashis\Desktop\ScanAI\dataset_manager\clean\skin\hotspot\roboflow__dog-and-cat-skin-disease-identification-2__preprocessed_HOTSPOT_024_jpg.rf.6c5111924c4f56bd2a5d00ec9248b908.jpg,exact_cross_class_conflict,6,hotspot|pyoderma|ringworm
C:\Users\ashis\Desktop\ScanAI\dataset_manager\clean\skin\pyoderma\roboflow__dog-and-cat-skin-disease-identification-2__bacterial_267_jpg.rf.7d045ea0d989f4102623b9bd50e63530.jpg,exact_cross_class_conflict,6,hotspot|pyoderma|ringworm
C:\Users\ashis\Desktop\ScanAI\dataset_manager\clean\skin\ringworm\roboflow__dog-and-cat-skin-disease-identification-2__hotspot-50-_jpg.rf.d31c1f2f2676a66f238db2c285f973bd.jpg,exact_cross_class_conflict,6,hotspot|pyoderma|ringworm
C:\Users\ashis\Desktop\ScanAI\dataset_manager\clean\skin\hotspot\roboflow__dog-and-cat-skin-disease-identification-2__hotspot-52-_jpg.rf.5bf83d20c3ced6ff48fe7286c125bb29.jpg,same_class_duplicate,5,hotspot
C:\Users\ashis\Desktop\ScanAI\dataset_manager\clean\skin\hotspot\roboflow__dog-and-cat-skin-disease-identification-2__hotspot-52-_jpg.rf.b745d1f893e2ce437761b459b650db45.jpg,same_class_duplicate,5,hotspot
C:\Users\ashis\Desktop\ScanAI\dataset_manager\clean\skin\hotspot\roboflow__dog-and-cat-skin-disease-identification-2__hotspot-67-_jpg.rf.d8fa3b331b1bb6bdce854615699aebde.jpg,same_class_duplicate,5,hotspot
C:\Users\ashis\Desktop\ScanAI\dataset_manager\clean\skin\hotspot\roboflow__dog-and-cat-skin-disease-identification-2__preprocessed_HOTSPOT_025_jpg.rf.f21882230c51e9dbd49669ac272291bd.jpg,same_class_duplicate,5,hotspot
C:\Users\ashis\Desktop\ScanAI\dataset_manager\clean\skin\hotspot\roboflow__dog-and-cat-skin-disease-identification-2__Copy-of-hot_sp_18_jpg.rf.0076e11c0bd5ee4f5b64d0bc253ccac8.jpg,exact_cross_class_conflict,5,hotspot|pyoderma
C:\Users\ashis\Desktop\ScanAI\dataset_manager\clean\skin\hotspot\roboflow__dog-and-cat-skin-disease-identification-2__hotspot-57-_jpg.rf.d885acea07180015481acc0080cb462e.jpg,exact_cross_class_conflict,5,hotspot|pyoderma
C:\Users\ashis\Desktop\ScanAI\dataset_manager\clean\skin\hotspot\roboflow__dog-and-cat-skin-disease-identification-2__preprocessed_HOTSPOT_026_jpg.rf.31bb8fa833c24d9221cae8051e405299.jpg,exact_cross_class_conflict,5,hotspot|pyoderma
C:\Users\ashis\Desktop\ScanAI\dataset_manager\clean\skin\pyoderma\roboflow__dog-and-cat-skin-disease-identification-2__bacterial_270_jpg.rf.790134c1979fefc5ab5a36c8d9ac7ea1.jpg,exact_cross_class_conflict,5,hotspot|pyoderma
C:\Users\ashis\Desktop\ScanAI\dataset_manager\clean\skin\pyoderma\roboflow__dog-and-cat-skin-disease-identification-2__bacterial_derm_42_jpg.rf.c3eba83fb2adde8ac1e071d4dff4f672.jpg,exact_cross_class_conflict,5,hotspot|pyoderma
C:\Users\ashis\Desktop\ScanAI\dataset_manager\clean\skin\hotspot\roboflow__dog-and-cat-skin-disease-identification-2__Copy-of-hot_sp_19_jpg.rf.42731a6a64bb781275c6ea6d485ed49b.jpg,exact_cross_class_conflict,6,hotspot|pyoderma
C:\Users\ashis\Desktop\ScanAI\dataset_manager\clean\skin\hotspot\roboflow__dog-and-cat-skin-disease-identification-2__hotspot-58-_jpg.rf.9252aece9b9c0bd93b4288c873d3e92c.jpg,exact_cross_class_conflict,6,hotspot|pyoderma
C:\Users\ashis\Desktop\ScanAI\dataset_manager\clean\skin\hotspot\roboflow__dog-and-cat-skin-disease-identification-2__preprocessed_HOTSPOT_027_jpg.rf.e7a9e937b9c709111c32298e099dbe9a.jpg,exact_cross_class_conflict,6,hotspot|pyoderma
C:\Users\ashis\Desktop\ScanAI\dataset_manager\clean\skin\pyoderma\roboflow__dog-and-cat-skin-disease-identification-2__bacterial_206_jpg.rf.848e852cd22a2169524db2a6f2841699.jpg,exact_cross_class_conflict,6,hotspot|pyoderma
C:\Users\ashis\Desktop\ScanAI\dataset_manager\clean\skin\pyoderma\roboflow__dog-and-cat-skin-disease-identification-2__bacterial_272_jpg.rf.ef781fb5b5414c4d9c4abc912c516280.jpg,exact_cross_class_conflict,6,hotspot|pyoderma
C:\Users\ashis\Desktop\ScanAI\dataset_manager\clean\skin\pyoderma\roboflow__dog-and-cat-skin-disease-identification-2__bacterial_derm_44_jpg.rf.6bcc1cd071bfb3d73394933489a82932.jpg,exact_cross_class_conflict,6,hotspot|pyoderma
C:\Users\ashis\Desktop\ScanAI\dataset_manager\clean\skin\hotspot\roboflow__dog-and-cat-skin-disease-identification-2__Copy-of-hot_sp_20_jpg.rf.b63f702b42e0ad0b522fbc2c8702cd81.jpg,exact_cross_class_conflict,8,hotspot|pyoderma|ringworm
C:\Users\ashis\Desktop\ScanAI\dataset_manager\clean\skin\hotspot\roboflow__dog-and-cat-skin-disease-identification-2__hotspot-61-_jpg.rf.62444d23707bf98e46244de9c6067038.jpg,exact_cross_class_conflict,8,hotspot|pyoderma|ringworm
C:\Users\ashis\Desktop\ScanAI\dataset_manager\clean\skin\hotspot\roboflow__dog-and-cat-skin-disease-identification-2__hotspot-61-_jpg.rf.a96e2af9d95c318cc89ab794038db991.jpg,exact_cross_class_conflict,8,hotspot|pyoderma|ringworm
C:\Users\ashis\Desktop\ScanAI\dataset_manager\clean\skin\hotspot\roboflow__dog-and-cat-skin-disease-identification-2__hotspot-79-_jpg.rf.69b2422326515c8046451538818ba0d2.jpg,exact_cross_class_conflict,8,hotspot|pyoderma|ringworm
C:\Users\ashis\Desktop\ScanAI\dataset_manager\clean\skin\hotspot\roboflow__dog-and-cat-skin-disease-identification-2__preprocessed_HOTSPOT_028_jpg.rf.b304571fd6582d6f73b6815b3501d7cc.jpg,exact_cross_class_conflict,8,hotspot|pyoderma|ringworm
C:\Users\ashis\Desktop\ScanAI\dataset_manager\clean\skin\pyoderma\roboflow__dog-and-cat-skin-disease-identification-2__bacterial_208_jpg.rf.53543f5e91de1ca3a2c4338f7b969de8.jpg,exact_cross_class_conflict,8,hotspot|pyoderma|ringworm
C:\Users\ashis\Desktop\ScanAI\dataset_manager\clean\skin\pyoderma\roboflow__dog-and-cat-skin-disease-identification-2__bacterial_274_jpg.rf.3f3c5b0259fef329e5d8e8065153573a.jpg,exact_cross_class_conflict,8,hotspot|pyoderma|ringworm
C:\Users\ashis\Desktop\ScanAI\dataset_manager\clean\skin\ringworm\roboflow__dog-and-cat-skin-disease-identification-2__hotspot-79-_jpg.rf.60cf91b18906d97e02024328c8930323.jpg,exact_cross_class_conflict,8,hotspot|pyoderma|ringworm
C:\Users\ashis\Desktop\ScanAI\dataset_manager\clean\skin\hotspot\roboflow__dog-and-cat-skin-disease-identification-2__Copy-of-hot_sp_21_jpg.rf.23c05c7b5bfdcfdcb406c08ba976910c.jpg,exact_cross_class_conflict,5,hotspot|pyoderma
C:\Users\ashis\Desktop\ScanAI\dataset_manager\clean\skin\hotspot\roboflow__dog-and-cat-skin-disease-identification-2__hotspot-65-_jpg.rf.bb834d1dcf92435ecc51d9c50afb5f6a.jpg,exact_cross_class_conflict,5,hotspot|pyoderma
C:\Users\ashis\Desktop\ScanAI\dataset_manager\clean\skin\hotspot\roboflow__dog-and-cat-skin-disease-identification-2__hotspot-65-_jpg.rf.eb19f3af9624c98a31969ad6f2aa1501.jpg,exact_cross_class_conflict,5,hotspot|pyoderma
C:\Users\ashis\Desktop\ScanAI\dataset_manager\clean\skin\hotspot\roboflow__dog-and-cat-skin-disease-identification-2__preprocessed_HOTSPOT_029_jpg.rf.221a5fdbe1e8e82c3ef8f024a893d7b3.jpg,exact_cross_class_conflict,5,hotspot|pyoderma
C:\Users\ashis\Desktop\ScanAI\dataset_manager\clean\skin\pyoderma\roboflow__dog-and-cat-skin-disease-identification-2__bacterial_276_jpg.rf.2a30d21721d94e4d6e1d3a81001c21e7.jpg,exact_cross_class_conflict,5,hotspot|pyoderma
C:\Users\ashis\Desktop\ScanAI\dataset_manager\clean\skin\hotspot\roboflow__dog-and-cat-skin-disease-identification-2__Copy-of-hot_sp_22_jpg.rf.8fac13fa1019dcd30f3bc2387d8b6957.jpg,exact_cross_class_conflict,8,hotspot|pyoderma
C:\Users\ashis\Desktop\ScanAI\dataset_manager\clean\skin\hotspot\roboflow__dog-and-cat-skin-disease-identification-2__hotspot-69-_jpg.rf.659acbbd5e2497148f04f64db2fa74ea.jpg,exact_cross_class_conflict,8,hotspot|pyoderma
C:\Users\ashis\Desktop\ScanAI\dataset_manager\clean\skin\hotspot\roboflow__dog-and-cat-skin-disease-identification-2__hotspot-69-_jpg.rf.99e470288ddab9713d2036c8016a2e45.jpg,exact_cross_class_conflict,8,hotspot|pyoderma
C:\Users\ashis\Desktop\ScanAI\dataset_manager\clean\skin\hotspot\roboflow__dog-and-cat-skin-disease-identification-2__hotspot-88-_jpg.rf.11a8f0c1c9fdcc35853fa2d7ddad370c.jpg,exact_cross_class_conflict,8,hotspot|pyoderma
C:\Users\ashis\Desktop\ScanAI\dataset_manager\clean\skin\hotspot\roboflow__dog-and-cat-skin-disease-identification-2__preprocessed_HOTSPOT_030_jpg.rf.243aface392f98696d2faf584e1ed326.jpg,exact_cross_class_conflict,8,hotspot|pyoderma
C:\Users\ashis\Desktop\ScanAI\dataset_manager\clean\skin\pyoderma\roboflow__dog-and-cat-skin-disease-identification-2__bacterial_215_jpg.rf.f76c0f33e535704463306ffb7a004042.jpg,exact_cross_class_conflict,8,hotspot|pyoderma
C:\Users\ashis\Desktop\ScanAI\dataset_manager\clean\skin\pyoderma\roboflow__dog-and-cat-skin-disease-identification-2__bacterial_278_jpg.rf.35a6f6b0d3e4d3841bce06b63535a5da.jpg,exact_cross_class_conflict,8,hotspot|pyoderma
C:\Users\ashis\Desktop\ScanAI\dataset_manager\clean\skin\pyoderma\roboflow__dog-and-cat-skin-disease-identification-2__bacterial_89_jpg.rf.bb9eeab48917eab6440f041fc345f016.jpg,exact_cross_class_conflict,8,hotspot|pyoderma
C:\Users\ashis\Desktop\ScanAI\dataset_manager\clean\skin\hotspot\roboflow__dog-and-cat-skin-disease-identification-2__Copy-of-hot_sp_24_jpg.rf.b9a70256a24f06c51b27ca2623a5e037.jpg,exact_cross_class_conflict,6,hotspot|pyoderma
C:\Users\ashis\Desktop\ScanAI\dataset_manager\clean\skin\hotspot\roboflow__dog-and-cat-skin-disease-identification-2__hotspot-74-_jpg.rf.8f8dc59a09737c9a30723f3b2dbcb132.jpg,exact_cross_class_conflict,6,hotspot|pyoderma
C:\Users\ashis\Desktop\ScanAI\dataset_manager\clean\skin\hotspot\roboflow__dog-and-cat-skin-disease-identification-2__hotspot-74-_jpg.rf.988e8622a11678552b0fa119c7fd42f8.jpg,exact_cross_class_conflict,6,hotspot|pyoderma
C:\Users\ashis\Desktop\ScanAI\dataset_manager\clean\skin\hotspot\roboflow__dog-and-cat-skin-disease-identification-2__hotspot-74-_jpg.rf.d3fbab762c42c90b96129b2fe7b92b3a.jpg,exact_cross_class_conflict,6,hotspot|pyoderma
C:\Users\ashis\Desktop\ScanAI\dataset_manager\clean\skin\hotspot\roboflow__dog-and-cat-skin-disease-identification-2__preprocessed_HOTSPOT_032_jpg.rf.07c4e9a4d0a11e4b9a4a74b6bf0a12c7.jpg,exact_cross_class_conflict,6,hotspot|pyoderma
C:\Users\ashis\Desktop\ScanAI\dataset_manager\clean\skin\pyoderma\roboflow__dog-and-cat-skin-disease-identification-2__bacterial_91_jpg.rf.92a25d7216c9e2ca40e276fde40f8190.jpg,exact_cross_class_conflict,6,hotspot|pyoderma
C:\Users\ashis\Desktop\ScanAI\dataset_manager\clean\skin\hotspot\roboflow__dog-and-cat-skin-disease-identification-2__Copy-of-hot_sp_25_jpg.rf.e9d7ffec99ed43cd878b047ae0993e5a.jpg,exact_cross_class_conflict,5,hotspot|pyoderma
C:\Users\ashis\Desktop\ScanAI\dataset_manager\clean\skin\hotspot\roboflow__dog-and-cat-skin-disease-identification-2__hotspot-77-_jpg.rf.5db4365246f78fbdb9388c17dc35468e.jpg,exact_cross_class_conflict,5,hotspot|pyoderma
C:\Users\ashis\Desktop\ScanAI\dataset_manager\clean\skin\hotspot\roboflow__dog-and-cat-skin-disease-identification-2__hotspot-77-_jpg.rf.c263213690b821c11c3aeb2dc8209236.jpg,exact_cross_class_conflict,5,hotspot|pyoderma
C:\Users\ashis\Desktop\ScanAI\dataset_manager\clean\skin\hotspot\roboflow__dog-and-cat-skin-disease-identification-2__preprocessed_HOTSPOT_033_jpg.rf.16d0849c54f7cd66cf39a328f6f9d936.jpg,exact_cross_class_conflict,5,hotspot|pyoderma
C:\Users\ashis\Desktop\ScanAI\dataset_manager\clean\skin\pyoderma\roboflow__dog-and-cat-skin-disease-identification-2__bacterial_92_jpg.rf.629ebe7f6a76905feaef6a4db8661c46.jpg,exact_cross_class_conflict,5,hotspot|pyoderma
C:\Users\ashis\Desktop\ScanAI\dataset_manager\clean\skin\hotspot\roboflow__dog-and-cat-skin-disease-identification-2__Copy-of-hot_sp_27_jpg.rf.c09b534d77811b12f70a1a38a8b206cb.jpg,exact_cross_class_conflict,6,hotspot|pyoderma
C:\Users\ashis\Desktop\ScanAI\dataset_manager\clean\skin\hotspot\roboflow__dog-and-cat-skin-disease-identification-2__hotspot-82-_jpg.rf.73fa8ae4ce5ff86a0b3a0fd2aff5b54d.jpg,exact_cross_class_conflict,6,hotspot|pyoderma
C:\Users\ashis\Desktop\ScanAI\dataset_manager\clean\skin\hotspot\roboflow__dog-and-cat-skin-disease-identification-2__hotspot-82-_jpg.rf.c2968be8d9f2958159c2d5ff1b7addd2.jpg,exact_cross_class_conflict,6,hotspot|pyoderma
C:\Users\ashis\Desktop\ScanAI\dataset_manager\clean\skin\hotspot\roboflow__dog-and-cat-skin-disease-identification-2__preprocessed_HOTSPOT_035_jpg.rf.6152822333f3e60e35c6e5a0f8048462.jpg,exact_cross_class_conflict,6,hotspot|pyoderma
C:\Users\ashis\Desktop\ScanAI\dataset_manager\clean\skin\pyoderma\roboflow__dog-and-cat-skin-disease-identification-2__bacterial_283_jpg.rf.78b4aae2239c2260ee0e96afaca3f7d7.jpg,exact_cross_class_conflict,6,hotspot|pyoderma
C:\Users\ashis\Desktop\ScanAI\dataset_manager\clean\skin\pyoderma\roboflow__dog-and-cat-skin-disease-identification-2__bacterial_285_jpg.rf.009c1efc0659ea8fe8b212e673ed7f5c.jpg,exact_cross_class_conflict,6,hotspot|pyoderma
C:\Users\ashis\Desktop\ScanAI\dataset_manager\clean\skin\hotspot\roboflow__dog-and-cat-skin-disease-identification-2__Copy-of-hot_sp_28_jpg.rf.9ea54930b866831727988f6ab01d91ce.jpg,exact_cross_class_conflict,7,hotspot|pyoderma
C:\Users\ashis\Desktop\ScanAI\dataset_manager\clean\skin\hotspot\roboflow__dog-and-cat-skin-disease-identification-2__Dog-hot-spot_jpg.rf.355a875da54358607972f61a4d783823.jpg,exact_cross_class_conflict,7,hotspot|pyoderma
C:\Users\ashis\Desktop\ScanAI\dataset_manager\clean\skin\hotspot\roboflow__dog-and-cat-skin-disease-identification-2__hotspot-106-_jpg.rf.09fc0e1b3ecc0264385685c6fafca924.jpg,exact_cross_class_conflict,7,hotspot|pyoderma
C:\Users\ashis\Desktop\ScanAI\dataset_manager\clean\skin\hotspot\roboflow__dog-and-cat-skin-disease-identification-2__hotspot-86-_jpg.rf.7dadf64027d1c9fd1d0138d2de353488.jpg,exact_cross_class_conflict,7,hotspot|pyoderma
C:\Users\ashis\Desktop\ScanAI\dataset_manager\clean\skin\hotspot\roboflow__dog-and-cat-skin-disease-identification-2__preprocessed_HOTSPOT_036_jpg.rf.13ebf611b0e8eeb3b9d58996c9355b4a.jpg,exact_cross_class_conflict,7,hotspot|pyoderma
C:\Users\ashis\Desktop\ScanAI\dataset_manager\clean\skin\pyoderma\roboflow__dog-and-cat-skin-disease-identification-2__bacterial_226_jpg.rf.4a4c9a89ea436f0d1c46b2fe8a1ad011.jpg,exact_cross_class_conflict,7,hotspot|pyoderma
C:\Users\ashis\Desktop\ScanAI\dataset_manager\clean\skin\pyoderma\roboflow__dog-and-cat-skin-disease-identification-2__bacterial_286_jpg.rf.6bafc9103db10fac9cb62920dfe747af.jpg,exact_cross_class_conflict,7,hotspot|pyoderma
C:\Users\ashis\Desktop\ScanAI\dataset_manager\clean\skin\hotspot\roboflow__dog-and-cat-skin-disease-identification-2__hotspot-90-_jpg.rf.04c8be0409e1fb1090e38ec56b842890.jpg,same_class_duplicate,4,hotspot
C:\Users\ashis\Desktop\ScanAI\dataset_manager\clean\skin\hotspot\roboflow__dog-and-cat-skin-disease-identification-2__hotspot-90-_jpg.rf.c366276c9f012f0f70d36b1d525d5ee1.jpg,same_class_duplicate,4,hotspot
C:\Users\ashis\Desktop\ScanAI\dataset_manager\clean\skin\hotspot\roboflow__dog-and-cat-skin-disease-identification-2__preprocessed_HOTSPOT_038_jpg.rf.06face45ee2896bd7ea2d4e8f52044f7.jpg,same_class_duplicate,4,hotspot
C:\Users\ashis\Desktop\ScanAI\dataset_manager\clean\skin\hotspot\roboflow__dog-and-cat-skin-disease-identification-2__Copy-of-hot_sp_2_jpg.rf.45e7d5569fc9e6d4d0adaa7c605610fc.jpg,exact_cross_class_conflict,6,hotspot|pyoderma
C:\Users\ashis\Desktop\ScanAI\dataset_manager\clean\skin\hotspot\roboflow__dog-and-cat-skin-disease-identification-2__hotspot-12-_jpg.rf.deb79244923a00ff17974e3187507527.jpg,exact_cross_class_conflict,6,hotspot|pyoderma
C:\Users\ashis\Desktop\ScanAI\dataset_manager\clean\skin\hotspot\roboflow__dog-and-cat-skin-disease-identification-2__hotspot-9-_jpg.rf.f65e4cd18bc678a6239c79a008ae29df.jpg,exact_cross_class_conflict,6,hotspot|pyoderma
C:\Users\ashis\Desktop\ScanAI\dataset_manager\clean\skin\hotspot\roboflow__dog-and-cat-skin-disease-identification-2__preprocessed_HOTSPOT_037_jpg.rf.52c64a1d29d5a5a98f4bcc219f541fe4.jpg,exact_cross_class_conflict,6,hotspot|pyoderma
C:\Users\ashis\Desktop\ScanAI\dataset_manager\clean\skin\pyoderma\roboflow__dog-and-cat-skin-disease-identification-2__bacterial_178_jpg.rf.72b117ddc067194cc4326154bcc2088c.jpg,exact_cross_class_conflict,6,hotspot|pyoderma
C:\Users\ashis\Desktop\ScanAI\dataset_manager\clean\skin\pyoderma\roboflow__dog-and-cat-skin-disease-identification-2__bacterial_289_jpg.rf.ba7753724c152be4300245d7c9d15ef0.jpg,exact_cross_class_conflict,6,hotspot|pyoderma
C:\Users\ashis\Desktop\ScanAI\dataset_manager\clean\skin\hotspot\roboflow__dog-and-cat-skin-disease-identification-2__Copy-of-hot_sp_30_jpg.rf.ce10f979ba64a152477802c95162f963.jpg,exact_cross_class_conflict,7,hotspot|pyoderma
C:\Users\ashis\Desktop\ScanAI\dataset_manager\clean\skin\hotspot\roboflow__dog-and-cat-skin-disease-identification-2__hotspot-112-_jpg.rf.b8f273bce53aa377ea404755a5e0e016.jpg,exact_cross_class_conflict,7,hotspot|pyoderma
C:\Users\ashis\Desktop\ScanAI\dataset_manager\clean\skin\hotspot\roboflow__dog-and-cat-skin-disease-identification-2__hotspot-92-_jpg.rf.f459690139856c2896ef542e07950db1.jpg,exact_cross_class_conflict,7,hotspot|pyoderma
C:\Users\ashis\Desktop\ScanAI\dataset_manager\clean\skin\hotspot\roboflow__dog-and-cat-skin-disease-identification-2__hotspot-92-_jpg.rf.f62c39864b64be85c8b9203816ac1c82.jpg,exact_cross_class_conflict,7,hotspot|pyoderma
C:\Users\ashis\Desktop\ScanAI\dataset_manager\clean\skin\hotspot\roboflow__dog-and-cat-skin-disease-identification-2__preprocessed_HOTSPOT_039_jpg.rf.08d54d3a9949f4d1d2e77338121d9d54.jpg,exact_cross_class_conflict,7,hotspot|pyoderma
C:\Users\ashis\Desktop\ScanAI\dataset_manager\clean\skin\pyoderma\roboflow__dog-and-cat-skin-disease-identification-2__bacterial_229_jpg.rf.8b14d5f03bf55261d4c6dccebb3914e1.jpg,exact_cross_class_conflict,7,hotspot|pyoderma
C:\Users\ashis\Desktop\ScanAI\dataset_manager\clean\skin\pyoderma\roboflow__dog-and-cat-skin-disease-identification-2__bacterial_291_jpg.rf.a69eadc56c1dca9ac1a82c9b15c4532c.jpg,exact_cross_class_conflict,7,hotspot|pyoderma
C:\Users\ashis\Desktop\ScanAI\dataset_manager\clean\skin\hotspot\roboflow__dog-and-cat-skin-disease-identification-2__Copy-of-hot_sp_31_jpg.rf.1cd097770f31d9c47332d17bd38c5b7b.jpg,exact_cross_class_conflict,7,hotspot|pyoderma|ringworm
C:\Users\ashis\Desktop\ScanAI\dataset_manager\clean\skin\hotspot\roboflow__dog-and-cat-skin-disease-identification-2__hotspot-115-_jpg.rf.527de0a701ccbe01cdc9b91b769178cf.jpg,exact_cross_class_conflict,7,hotspot|pyoderma|ringworm
C:\Users\ashis\Desktop\ScanAI\dataset_manager\clean\skin\hotspot\roboflow__dog-and-cat-skin-disease-identification-2__hotspot-95-_jpg.rf.5054a543ed04c102a16d5f0caf7c8856.jpg,exact_cross_class_conflict,7,hotspot|pyoderma|ringworm
C:\Users\ashis\Desktop\ScanAI\dataset_manager\clean\skin\hotspot\roboflow__dog-and-cat-skin-disease-identification-2__hotspot-95-_jpg.rf.710b9bfd905775e1273c746ad09acb17.jpg,exact_cross_class_conflict,7,hotspot|pyoderma|ringworm
C:\Users\ashis\Desktop\ScanAI\dataset_manager\clean\skin\hotspot\roboflow__dog-and-cat-skin-disease-identification-2__preprocessed_HOTSPOT_040_jpg.rf.e1dece50f6d5ceaf080d566ef532e536.jpg,exact_cross_class_conflict,7,hotspot|pyoderma|ringworm
C:\Users\ashis\Desktop\ScanAI\dataset_manager\clean\skin\pyoderma\roboflow__dog-and-cat-skin-disease-identification-2__bacterial_236_jpg.rf.fe996b05466f3ce46b1b1b32a1ed88b5.jpg,exact_cross_class_conflict,7,hotspot|pyoderma|ringworm
C:\Users\ashis\Desktop\ScanAI\dataset_manager\clean\skin\ringworm\roboflow__dog-and-cat-skin-disease-identification-2__1000010566_x16_jpg.rf.f766c96ecc135e7ee0bcf012c090a409.jpg,exact_cross_class_conflict,7,hotspot|pyoderma|ringworm
C:\Users\ashis\Desktop\ScanAI\dataset_manager\clean\skin\hotspot\roboflow__dog-and-cat-skin-disease-identification-2__hotspot-15-_jpg.rf.65512e7e557af99c5cf28de0908dc308.jpg,same_class_duplicate,4,hotspot
C:\Users\ashis\Desktop\ScanAI\dataset_manager\clean\skin\hotspot\roboflow__dog-and-cat-skin-disease-identification-2__hotspot-15-_jpg.rf.65d7046d3232d7b9e9d1dd8feda0ae4d.jpg,same_class_duplicate,4,hotspot
C:\Users\ashis\Desktop\ScanAI\dataset_manager\clean\skin\hotspot\roboflow__dog-and-cat-skin-disease-identification-2__preprocessed_HOTSPOT_011_jpg.rf.e9f2f506582904bb1e9911ea9bfb498f.jpg,same_class_duplicate,4,hotspot
C:\Users\ashis\Desktop\ScanAI\dataset_manager\clean\skin\hotspot\roboflow__dog-and-cat-skin-disease-identification-2__Copy-of-hot_sp_5_jpg.rf.f93556fb665ea03e1cf18332b310990b.jpg,exact_cross_class_conflict,4,hotspot|pyoderma
C:\Users\ashis\Desktop\ScanAI\dataset_manager\clean\skin\hotspot\roboflow__dog-and-cat-skin-disease-identification-2__hotspot-18-_jpg.rf.ac31a077f2e8bb6fe3e78f6871badf45.jpg,exact_cross_class_conflict,4,hotspot|pyoderma
C:\Users\ashis\Desktop\ScanAI\dataset_manager\clean\skin\hotspot\roboflow__dog-and-cat-skin-disease-identification-2__hotspot-18-_jpg.rf.b632a5e658145cf46984ce1770fb4099.jpg,exact_cross_class_conflict,4,hotspot|pyoderma
C:\Users\ashis\Desktop\ScanAI\dataset_manager\clean\skin\pyoderma\roboflow__dog-and-cat-skin-disease-identification-2__bacterial_180_jpg.rf.a63fb9365b317fdc783b7b00fbd6d1d8.jpg,exact_cross_class_conflict,4,hotspot|pyoderma
C:\Users\ashis\Desktop\ScanAI\dataset_manager\clean\skin\hotspot\roboflow__dog-and-cat-skin-disease-identification-2__Copy-of-hot_sp_9_jpg.rf.ea4955897b381f4ca9f69ebb8e46ea1d.jpg,exact_cross_class_conflict,7,hotspot|pyoderma|ringworm
C:\Users\ashis\Desktop\ScanAI\dataset_manager\clean\skin\hotspot\roboflow__dog-and-cat-skin-disease-identification-2__hotspot-30-_jpg.rf.0b34a0512f5ff6c317cc48cbe2eb052e.jpg,exact_cross_class_conflict,7,hotspot|pyoderma|ringworm
C:\Users\ashis\Desktop\ScanAI\dataset_manager\clean\skin\hotspot\roboflow__dog-and-cat-skin-disease-identification-2__hotspot-30-_jpg.rf.304fb410b90ce0b0065243333c8cd230.jpg,exact_cross_class_conflict,7,hotspot|pyoderma|ringworm
C:\Users\ashis\Desktop\ScanAI\dataset_manager\clean\skin\hotspot\roboflow__dog-and-cat-skin-disease-identification-2__preprocessed_HOTSPOT_016_jpg.rf.14a6e90e3cc426832ef94bd94d7b4431.jpg,exact_cross_class_conflict,7,hotspot|pyoderma|ringworm
C:\Users\ashis\Desktop\ScanAI\dataset_manager\clean\skin\pyoderma\roboflow__dog-and-cat-skin-disease-identification-2__bacterial_266_jpg.rf.084e7987292e41bc972a9c2ba95b6506.jpg,exact_cross_class_conflict,7,hotspot|pyoderma|ringworm
C:\Users\ashis\Desktop\ScanAI\dataset_manager\clean\skin\pyoderma\roboflow__dog-and-cat-skin-disease-identification-2__bacterial_derm_37_jpg.rf.6d3340a9ea7b5419968fd53ec34c1beb.jpg,exact_cross_class_conflict,7,hotspot|pyoderma|ringworm
C:\Users\ashis\Desktop\ScanAI\dataset_manager\clean\skin\ringworm\roboflow__dog-and-cat-skin-disease-identification-2__hotspot-30-_jpg.rf.e884703028ce80effa3060aa83ba710d.jpg,exact_cross_class_conflict,7,hotspot|pyoderma|ringworm
C:\Users\ashis\Desktop\ScanAI\dataset_manager\clean\skin\hotspot\roboflow__dog-and-cat-skin-disease-identification-2__fly_strike_dermatitis_in_dogs_4935_6_600_jpg.rf.4933cc8be62042f7b24ac35cd0b41aae.jpg,exact_cross_class_conflict,2,hotspot|pyoderma
C:\Users\ashis\Desktop\ScanAI\dataset_manager\clean\skin\pyoderma\roboflow__dog-and-cat-skin-disease-identification-2__fly_strike_dermatitis_in_dogs_4935_6_600_jpg.rf.ff4de4d3bcc7cd428af5d38cd76dc3b6.jpg,exact_cross_class_conflict,2,hotspot|pyoderma
C:\Users\ashis\Desktop\ScanAI\dataset_manager\clean\skin\hotspot\roboflow__dog-and-cat-skin-disease-identification-2__folliculitis-two-spiegel_jpg.rf.56e9a5d4798bd95fd45342d6aec76268.jpg,exact_cross_class_conflict,3,hotspot|pyoderma
C:\Users\ashis\Desktop\ScanAI\dataset_manager\clean\skin\pyoderma\roboflow__dog-and-cat-skin-disease-identification-2__bacterial_115_jpg.rf.5ce7437e29d0674ba361099009980c64.jpg,exact_cross_class_conflict,3,hotspot|pyoderma
C:\Users\ashis\Desktop\ScanAI\dataset_manager\clean\skin\pyoderma\roboflow__dog-and-cat-skin-disease-identification-2__folliculitis-two-spiegel_jpg.rf.98e51ee64543f4bf39e92c2d799ef82a.jpg,exact_cross_class_conflict,3,hotspot|pyoderma
C:\Users\ashis\Desktop\ScanAI\dataset_manager\clean\skin\hotspot\roboflow__dog-and-cat-skin-disease-identification-2__food_allergy_dermatitis_4935_5_600_jpg.rf.5c0983159e289de652667da19aa65d35.jpg,exact_cross_class_conflict,2,hotspot|pyoderma
C:\Users\ashis\Desktop\ScanAI\dataset_manager\clean\skin\pyoderma\roboflow__dog-and-cat-skin-disease-identification-2__food_allergy_dermatitis_4935_5_600_jpg.rf.4a56c3820d9fa5991743affea4d1f21f.jpg,exact_cross_class_conflict,2,hotspot|pyoderma
C:\Users\ashis\Desktop\ScanAI\dataset_manager\clean\skin\hotspot\roboflow__dog-and-cat-skin-disease-identification-2__fungal_dermatitis_4935_11_600_webp_jpg.rf.0ecf01e8d568a4120b1bc9f35c6b22e4.jpg,exact_cross_class_conflict,2,hotspot|pyoderma
C:\Users\ashis\Desktop\ScanAI\dataset_manager\clean\skin\pyoderma\roboflow__dog-and-cat-skin-disease-identification-2__fungal_dermatitis_4935_11_600_webp.rf.55a3c2b38be1d7f00c494b2cfd78d40c.jpg,exact_cross_class_conflict,2,hotspot|pyoderma
C:\Users\ashis\Desktop\ScanAI\dataset_manager\clean\skin\hotspot\roboflow__dog-and-cat-skin-disease-identification-2__fxgh_jpg.rf.5193584174870170e075273d9ae212b3.jpg,exact_cross_class_conflict,2,hotspot|pyoderma
C:\Users\ashis\Desktop\ScanAI\dataset_manager\clean\skin\pyoderma\roboflow__dog-and-cat-skin-disease-identification-2__fxgh_jpg.rf.ed702be165d2716a777a8bbec1640e6d.jpg,exact_cross_class_conflict,2,hotspot|pyoderma
C:\Users\ashis\Desktop\ScanAI\dataset_manager\clean\skin\hotspot\roboflow__dog-and-cat-skin-disease-identification-2__hot-spot-dog-paw-sh_1862261590_jpg.rf.08b766874b066d0ebba08581e185f0bf.jpg,exact_cross_class_conflict,3,hotspot|pyoderma
C:\Users\ashis\Desktop\ScanAI\dataset_manager\clean\skin\pyoderma\roboflow__dog-and-cat-skin-disease-identification-2__bacterial_116_jpg.rf.25b9723ffae0c6855e4821362c313032.jpg,exact_cross_class_conflict,3,hotspot|pyoderma
C:\Users\ashis\Desktop\ScanAI\dataset_manager\clean\skin\pyoderma\roboflow__dog-and-cat-skin-disease-identification-2__hot-spot-dog-paw-sh_1862261590_jpg.rf.8f6b88385a86ad8b24892bc4b0a24da1.jpg,exact_cross_class_conflict,3,hotspot|pyoderma
C:\Users\ashis\Desktop\ScanAI\dataset_manager\clean\skin\hotspot\roboflow__dog-and-cat-skin-disease-identification-2__HOT-SPOT-IN-DOG-HOW-vet-treated-symptom-prevention_-flea-bite-moist-eczema_dog-itching-000148_png_jpg.rf.b25a822aee10100e41410df01411bf31.jpg,exact_cross_class_conflict,3,hotspot|pyoderma|ringworm
C:\Users\ashis\Desktop\ScanAI\dataset_manager\clean\skin\pyoderma\roboflow__dog-and-cat-skin-disease-identification-2__bacterial_118_jpg.rf.b97a30bda61dc84bcc93cc432b4a8094.jpg,exact_cross_class_conflict,3,hotspot|pyoderma|ringworm
C:\Users\ashis\Desktop\ScanAI\dataset_manager\clean\skin\ringworm\roboflow__dog-and-cat-skin-disease-identification-2__HOT-SPOT-IN-DOG-HOW-vet-treated-symptom-prevention_-flea-bite-moist-eczema_dog-itching-000148_png_jpg.rf.d4a7742e7d24301c5ef3117261574b68.jpg,exact_cross_class_conflict,3,hotspot|pyoderma|ringworm
C:\Users\ashis\Desktop\ScanAI\dataset_manager\clean\skin\hotspot\roboflow__dog-and-cat-skin-disease-identification-2__HOT-SPOT-IN-DOG-HOW-vet-treated-symptom-prevention_-flea-bite-moist-eczema_dog-itching-000152_png_jpg.rf.b5e8dabf700d32256ab12af639805ee4.jpg,same_class_duplicate,2,hotspot
C:\Users\ashis\Desktop\ScanAI\dataset_manager\clean\skin\hotspot\roboflow__dog-and-cat-skin-disease-identification-2__HOT-SPOT-IN-DOG-HOW-vet-treated-symptom-prevention_-flea-bite-moist-eczema_dog-itching-000355_png_jpg.rf.9393f6301b0f0fa62b4ac261cb6d1dd3.jpg,exact_cross_class_conflict,2,hotspot|ringworm
C:\Users\ashis\Desktop\ScanAI\dataset_manager\clean\skin\ringworm\roboflow__dog-and-cat-skin-disease-identification-2__HOT-SPOT-IN-DOG-HOW-vet-treated-symptom-prevention_-flea-bite-moist-eczema_dog-itching-000355_png_jpg.rf.f95105e31d734a20bebc8775b13468bc.jpg,exact_cross_class_conflict,2,hotspot|ringworm
C:\Users\ashis\Desktop\ScanAI\dataset_manager\clean\skin\hotspot\roboflow__dog-and-cat-skin-disease-identification-2__HOT-SPOT-IN-DOG-HOW-vet-treated-symptom-prevention_-flea-bite-moist-eczema_dog-itching-000359_png_jpg.rf.a23d3cb9e74fcd83fd87539af84d345e.jpg,exact_cross_class_conflict,2,hotspot|ringworm
C:\Users\ashis\Desktop\ScanAI\dataset_manager\clean\skin\ringworm\roboflow__dog-and-cat-skin-disease-identification-2__HOT-SPOT-IN-DOG-HOW-vet-treated-symptom-prevention_-flea-bite-moist-eczema_dog-itching-000359_png_jpg.rf.d83cbbeaf4e5fc28487a66dee8ca685a.jpg,exact_cross_class_conflict,2,hotspot|ringworm
C:\Users\ashis\Desktop\ScanAI\dataset_manager\clean\skin\hotspot\roboflow__dog-and-cat-skin-disease-identification-2__HOT-SPOT-IN-DOG-HOW-vet-treated-symptom-prevention_-flea-bite-moist-eczema_dog-itching-000454_png_jpg.rf.207f4d77352a67e7d5f1bbef06e32c31.jpg,exact_cross_class_conflict,2,hotspot|ringworm
C:\Users\ashis\Desktop\ScanAI\dataset_manager\clean\skin\ringworm\roboflow__dog-and-cat-skin-disease-identification-2__HOT-SPOT-IN-DOG-HOW-vet-treated-symptom-prevention_-flea-bite-moist-eczema_dog-itching-000454_png_jpg.rf.9dec88c215369d8b94aed29676cc19bc.jpg,exact_cross_class_conflict,2,hotspot|ringworm
C:\Users\ashis\Desktop\ScanAI\dataset_manager\clean\skin\hotspot\roboflow__dog-and-cat-skin-disease-identification-2__HOT-SPOT-IN-DOG-HOW-vet-treated-symptom-prevention_-flea-bite-moist-eczema_dog-itching-000455_png_jpg.rf.cc0c27ae146ec33e329b4b630fa60931.jpg,same_class_duplicate,2,hotspot
C:\Users\ashis\Desktop\ScanAI\dataset_manager\clean\skin\hotspot\roboflow__dog-and-cat-skin-disease-identification-2__HOT-SPOT-IN-DOG-HOW-vet-treated-symptom-prevention_-flea-bite-moist-eczema_dog-itching-000455_png_jpg.rf.afa157a7c20c6c8fa4981b05966003b1.jpg,exact_cross_class_conflict,2,hotspot|ringworm
C:\Users\ashis\Desktop\ScanAI\dataset_manager\clean\skin\ringworm\roboflow__dog-and-cat-skin-disease-identification-2__HOT-SPOT-IN-DOG-HOW-vet-treated-symptom-prevention_-flea-bite-moist-eczema_dog-itching-000455_png_jpg.rf.06d1bc9afa6824184ffd34fb40a236a4.jpg,exact_cross_class_conflict,2,hotspot|ringworm
C:\Users\ashis\Desktop\ScanAI\dataset_manager\clean\skin\hotspot\roboflow__dog-and-cat-skin-disease-identification-2__HOT-SPOT-IN-DOG-HOW-vet-treated-symptom-prevention_-flea-bite-moist-eczema_dog-itching-000457_png_jpg.rf.af88cad0d190df9b033d4289ad0558ae.jpg,same_class_duplicate,2,hotspot
C:\Users\ashis\Desktop\ScanAI\dataset_manager\clean\skin\hotspot\roboflow__dog-and-cat-skin-disease-identification-2__HOT-SPOT-IN-DOG-HOW-vet-treated-symptom-prevention_-flea-bite-moist-eczema_dog-itching-000479_png_jpg.rf.d18f90ad20629155d4995771d2ede942.jpg,same_class_duplicate,2,hotspot
C:\Users\ashis\Desktop\ScanAI\dataset_manager\clean\skin\hotspot\roboflow__dog-and-cat-skin-disease-identification-2__HOT-SPOT-IN-DOG-HOW-vet-treated-symptom-prevention_-flea-bite-moist-eczema_dog-itching-000486_png_jpg.rf.fbeb2822acc18c4e7249f10cbcfd27cf.jpg,same_class_duplicate,2,hotspot
C:\Users\ashis\Desktop\ScanAI\dataset_manager\clean\skin\hotspot\roboflow__dog-and-cat-skin-disease-identification-2__HOT-SPOT-IN-DOG-HOW-vet-treated-symptom-prevention_-flea-bite-moist-eczema_dog-itching-000499_png_jpg.rf.5849c5f28aecfb657062eed1d972f376.jpg,same_class_duplicate,2,hotspot
C:\Users\ashis\Desktop\ScanAI\dataset_manager\clean\skin\hotspot\roboflow__dog-and-cat-skin-disease-identification-2__HOT-SPOT-IN-DOG-HOW-vet-treated-symptom-prevention_-flea-bite-moist-eczema_dog-itching-000500_png_jpg.rf.3d27e4099681753bd6be389fb9e52ccd.jpg,same_class_duplicate,3,hotspot
C:\Users\ashis\Desktop\ScanAI\dataset_manager\clean\skin\hotspot\roboflow__dog-and-cat-skin-disease-identification-2__HOT-SPOT-IN-DOG-HOW-vet-treated-symptom-prevention_-flea-bite-moist-eczema_dog-itching-000501_png_jpg.rf.2aa66b99944e59c15a2a9cdfb2948136.jpg,same_class_duplicate,3,hotspot
C:\Users\ashis\Desktop\ScanAI\dataset_manager\clean\skin\hotspot\roboflow__dog-and-cat-skin-disease-identification-2__HOT-SPOT-IN-DOG-HOW-vet-treated-symptom-prevention_-flea-bite-moist-eczema_dog-itching-000501_png_jpg.rf.c2a429392d902b0a1fdedd275d4a491c.jpg,same_class_duplicate,2,hotspot
C:\Users\ashis\Desktop\ScanAI\dataset_manager\clean\skin\hotspot\roboflow__dog-and-cat-skin-disease-identification-2__Hot-Spot-on-_Chance_-How-to-treat-a-dog-that-you-can_t-touch_-000617_png_jpg.rf.b9f3eef68c0e636a3d228edbd8ec1261.jpg,exact_cross_class_conflict,3,hotspot|pyoderma
C:\Users\ashis\Desktop\ScanAI\dataset_manager\clean\skin\pyoderma\roboflow__dog-and-cat-skin-disease-identification-2__bacterial_144_jpg.rf.a64b45207f206c3044401ec696cd7b07.jpg,exact_cross_class_conflict,3,hotspot|pyoderma
C:\Users\ashis\Desktop\ScanAI\dataset_manager\clean\skin\pyoderma\roboflow__dog-and-cat-skin-disease-identification-2__bacterial_145_jpg.rf.a029d04608a3ee0af2cca303543c0f8a.jpg,exact_cross_class_conflict,3,hotspot|pyoderma
C:\Users\ashis\Desktop\ScanAI\dataset_manager\clean\skin\hotspot\roboflow__dog-and-cat-skin-disease-identification-2__Hot-Spot-on-_Chance_-How-to-treat-a-dog-that-you-can_t-touch_-000625_png_jpg.rf.13967df7c2a5603fd83bee9ea18531d7.jpg,exact_cross_class_conflict,5,hotspot|pyoderma
C:\Users\ashis\Desktop\ScanAI\dataset_manager\clean\skin\pyoderma\roboflow__dog-and-cat-skin-disease-identification-2__bacterial_159_jpg.rf.13a534d6ccfaef998bda0d15f5ef5714.jpg,exact_cross_class_conflict,5,hotspot|pyoderma
C:\Users\ashis\Desktop\ScanAI\dataset_manager\clean\skin\pyoderma\roboflow__dog-and-cat-skin-disease-identification-2__bacterial_164_jpg.rf.6fd4e34861c2b964ef9ae7d931ac79b4.jpg,exact_cross_class_conflict,5,hotspot|pyoderma
C:\Users\ashis\Desktop\ScanAI\dataset_manager\clean\skin\pyoderma\roboflow__dog-and-cat-skin-disease-identification-2__bacterial_165_jpg.rf.fa661907536757251c00699b80f0be0f.jpg,exact_cross_class_conflict,5,hotspot|pyoderma
C:\Users\ashis\Desktop\ScanAI\dataset_manager\clean\skin\pyoderma\roboflow__dog-and-cat-skin-disease-identification-2__bacterial_168_jpg.rf.1d84d33b1f13c3071c0bc7fe6dc39606.jpg,exact_cross_class_conflict,5,hotspot|pyoderma
C:\Users\ashis\Desktop\ScanAI\dataset_manager\clean\skin\hotspot\roboflow__dog-and-cat-skin-disease-identification-2__hot-spot-sh_jpg.rf.fd80a77ba284aa9f059c566d6670158f.jpg,exact_cross_class_conflict,3,hotspot|pyoderma
C:\Users\ashis\Desktop\ScanAI\dataset_manager\clean\skin\pyoderma\roboflow__dog-and-cat-skin-disease-identification-2__bacterial_171_jpg.rf.d27d9b38a5bbe71412376403b5143d20.jpg,exact_cross_class_conflict,3,hotspot|pyoderma
C:\Users\ashis\Desktop\ScanAI\dataset_manager\clean\skin\pyoderma\roboflow__dog-and-cat-skin-disease-identification-2__hot-spot-sh_jpg.rf.d6f0a63cc4939d508893a01418cd9da3.jpg,exact_cross_class_conflict,3,hotspot|pyoderma
C:\Users\ashis\Desktop\ScanAI\dataset_manager\clean\skin\hotspot\roboflow__dog-and-cat-skin-disease-identification-2__hot-spot-tail-sh_1072961252-300x300_jpg.rf.b4bba0a7b54835928377b36ed08bbe01.jpg,exact_cross_class_conflict,3,hotspot|pyoderma
C:\Users\ashis\Desktop\ScanAI\dataset_manager\clean\skin\pyoderma\roboflow__dog-and-cat-skin-disease-identification-2__bacterial_172_jpg.rf.1ac6406bcff067d0fd6d2baba212e8ac.jpg,exact_cross_class_conflict,3,hotspot|pyoderma
C:\Users\ashis\Desktop\ScanAI\dataset_manager\clean\skin\pyoderma\roboflow__dog-and-cat-skin-disease-identification-2__hot-spot-tail-sh_1072961252-300x300_jpg.rf.fca2b1d7acc2aee528e7d8bc46e8bf10.jpg,exact_cross_class_conflict,3,hotspot|pyoderma
C:\Users\ashis\Desktop\ScanAI\dataset_manager\clean\skin\hotspot\roboflow__dog-and-cat-skin-disease-identification-2__hot-spots-suck_00028_jpg.rf.9e849271d80e8f0ebb9e08e4e19995ef.jpg,exact_cross_class_conflict,2,hotspot|ringworm
C:\Users\ashis\Desktop\ScanAI\dataset_manager\clean\skin\ringworm\roboflow__dog-and-cat-skin-disease-identification-2__hot-spots-suck_00028_jpg.rf.8d80f2ec6de4a4df453dceacf29c1bed.jpg,exact_cross_class_conflict,2,hotspot|ringworm
C:\Users\ashis\Desktop\ScanAI\dataset_manager\clean\skin\hotspot\roboflow__dog-and-cat-skin-disease-identification-2__hot-spots-suck_00043_jpg.rf.f01db288559f323908c5ffb40027dca9.jpg,exact_cross_class_conflict,2,hotspot|ringworm
C:\Users\ashis\Desktop\ScanAI\dataset_manager\clean\skin\ringworm\roboflow__dog-and-cat-skin-disease-identification-2__hot-spots-suck_00043_jpg.rf.f5e2252ebabd8cf73f18bac8702538e9.jpg,exact_cross_class_conflict,2,hotspot|ringworm
C:\Users\ashis\Desktop\ScanAI\dataset_manager\clean\skin\hotspot\roboflow__dog-and-cat-skin-disease-identification-2__hot-spots-suck_00103_jpg.rf.8b2e12076f096ef0a251b574045fa0ea.jpg,exact_cross_class_conflict,2,hotspot|ringworm
C:\Users\ashis\Desktop\ScanAI\dataset_manager\clean\skin\ringworm\roboflow__dog-and-cat-skin-disease-identification-2__hot-spots-suck_00103_jpg.rf.1c8d5435a91af197d7c4124fce6f1725.jpg,exact_cross_class_conflict,2,hotspot|ringworm
C:\Users\ashis\Desktop\ScanAI\dataset_manager\clean\skin\hotspot\roboflow__dog-and-cat-skin-disease-identification-2__hot-spots-suck_00232_jpg.rf.b3be28079654256a0167bffc071088e8.jpg,exact_cross_class_conflict,2,hotspot|ringworm
C:\Users\ashis\Desktop\ScanAI\dataset_manager\clean\skin\ringworm\roboflow__dog-and-cat-skin-disease-identification-2__hot-spots-suck_00232_jpg.rf.26499a91da82c929b27b322154a911c7.jpg,exact_cross_class_conflict,2,hotspot|ringworm
C:\Users\ashis\Desktop\ScanAI\dataset_manager\clean\skin\hotspot\roboflow__dog-and-cat-skin-disease-identification-2__hot-spots-suck_00235_jpg.rf.7062f15cefb4bebbfea8d20cd5772a70.jpg,exact_cross_class_conflict,2,hotspot|ringworm
C:\Users\ashis\Desktop\ScanAI\dataset_manager\clean\skin\ringworm\roboflow__dog-and-cat-skin-disease-identification-2__hot-spots-suck_00235_jpg.rf.13f66d73ce5ac0f9ddca5684ed49b31f.jpg,exact_cross_class_conflict,2,hotspot|ringworm
C:\Users\ashis\Desktop\ScanAI\dataset_manager\clean\skin\hotspot\roboflow__dog-and-cat-skin-disease-identification-2__hot-spots-suck_00310_jpg.rf.89c2e66faa69734bee07aff263556e7f.jpg,exact_cross_class_conflict,2,hotspot|ringworm
C:\Users\ashis\Desktop\ScanAI\dataset_manager\clean\skin\ringworm\roboflow__dog-and-cat-skin-disease-identification-2__hot-spots-suck_00310_jpg.rf.6a353fc80360e264ae4e6a8b181bc24b.jpg,exact_cross_class_conflict,2,hotspot|ringworm
C:\Users\ashis\Desktop\ScanAI\dataset_manager\clean\skin\hotspot\roboflow__dog-and-cat-skin-disease-identification-2__hot-spots-suck_00322_jpg.rf.8de2949a5aa7069226e1ec37fb8a7420.jpg,exact_cross_class_conflict,2,hotspot|ringworm
C:\Users\ashis\Desktop\ScanAI\dataset_manager\clean\skin\ringworm\roboflow__dog-and-cat-skin-disease-identification-2__hot-spots-suck_00322_jpg.rf.42b6ac659de8eb57fd255c45defd69a9.jpg,exact_cross_class_conflict,2,hotspot|ringworm
C:\Users\ashis\Desktop\ScanAI\dataset_manager\clean\skin\hotspot\roboflow__dog-and-cat-skin-disease-identification-2__hotspot-10-_jpg.rf.15835575b7f72ee41e01ee20bf0d23c5.jpg,exact_cross_class_conflict,4,hotspot|pyoderma
C:\Users\ashis\Desktop\ScanAI\dataset_manager\clean\skin\hotspot\roboflow__dog-and-cat-skin-disease-identification-2__hotspot-10-_jpg.rf.8f6ae9e756412f34db3548d9ab801763.jpg,exact_cross_class_conflict,4,hotspot|pyoderma
C:\Users\ashis\Desktop\ScanAI\dataset_manager\clean\skin\hotspot\roboflow__dog-and-cat-skin-disease-identification-2__hotspot-13-_jpg.rf.f6894b97e6e6f721a2e8cc279411b1ee.jpg,exact_cross_class_conflict,4,hotspot|pyoderma
C:\Users\ashis\Desktop\ScanAI\dataset_manager\clean\skin\pyoderma\roboflow__dog-and-cat-skin-disease-identification-2__bacterial_179_jpg.rf.60a2774d7fe4d65c07571618bd74b290.jpg,exact_cross_class_conflict,4,hotspot|pyoderma
C:\Users\ashis\Desktop\ScanAI\dataset_manager\clean\skin\hotspot\roboflow__dog-and-cat-skin-disease-identification-2__hotspot-7-_jpg.rf.e5eeadc9d1f3215959626b3903bbb9db.jpg,same_class_duplicate,3,hotspot
C:\Users\ashis\Desktop\ScanAI\dataset_manager\clean\skin\hotspot\roboflow__dog-and-cat-skin-disease-identification-2__hotspot-7-_jpg.rf.e7f3b4f37b237f092e98b3228f7d1d2a.jpg,same_class_duplicate,3,hotspot
C:\Users\ashis\Desktop\ScanAI\dataset_manager\clean\skin\hotspot\roboflow__dog-and-cat-skin-disease-identification-2__hotspot-101-_jpg.rf.1d717e046c960093bcdc768a57612f1d.jpg,exact_cross_class_conflict,4,hotspot|pyoderma
C:\Users\ashis\Desktop\ScanAI\dataset_manager\clean\skin\hotspot\roboflow__dog-and-cat-skin-disease-identification-2__hotspot-81-_jpg.rf.cc93eb0e3bdf3a4b2b3a09ffd64c31ef.jpg,exact_cross_class_conflict,4,hotspot|pyoderma
C:\Users\ashis\Desktop\ScanAI\dataset_manager\clean\skin\hotspot\roboflow__dog-and-cat-skin-disease-identification-2__hotspot-81-_jpg.rf.cfb630e3526a930d054f64a9dbcacc11.jpg,exact_cross_class_conflict,4,hotspot|pyoderma
C:\Users\ashis\Desktop\ScanAI\dataset_manager\clean\skin\pyoderma\roboflow__dog-and-cat-skin-disease-identification-2__bacterial_235_jpg.rf.62fe5dda9e583d5743dd7541cf542297.jpg,exact_cross_class_conflict,4,hotspot|pyoderma
C:\Users\ashis\Desktop\ScanAI\dataset_manager\clean\skin\hotspot\roboflow__dog-and-cat-skin-disease-identification-2__hotspot-107-_jpg.rf.d946710103841d438c36710bd0e05d8a.jpg,exact_cross_class_conflict,4,hotspot|pyoderma
C:\Users\ashis\Desktop\ScanAI\dataset_manager\clean\skin\hotspot\roboflow__dog-and-cat-skin-disease-identification-2__hotspot-87-_jpg.rf.0d7e1f5d303adca02b7a55e67065b045.jpg,exact_cross_class_conflict,4,hotspot|pyoderma
C:\Users\ashis\Desktop\ScanAI\dataset_manager\clean\skin\hotspot\roboflow__dog-and-cat-skin-disease-identification-2__hotspot-87-_jpg.rf.9b156ef0289fc248324db70317221838.jpg,exact_cross_class_conflict,4,hotspot|pyoderma
C:\Users\ashis\Desktop\ScanAI\dataset_manager\clean\skin\pyoderma\roboflow__dog-and-cat-skin-disease-identification-2__bacterial_227_jpg.rf.5f8d82bca3edc1b7034e15e7bbbf9d5b.jpg,exact_cross_class_conflict,4,hotspot|pyoderma
C:\Users\ashis\Desktop\ScanAI\dataset_manager\clean\skin\hotspot\roboflow__dog-and-cat-skin-disease-identification-2__hotspot-88-_jpg.rf.47d9886646bbdc3f8276fea56952e7df.jpg,same_class_duplicate,3,hotspot
C:\Users\ashis\Desktop\ScanAI\dataset_manager\clean\skin\hotspot\roboflow__dog-and-cat-skin-disease-identification-2__hotspot-88-_jpg.rf.4f948e0d2ccff198275fe063106541af.jpg,same_class_duplicate,3,hotspot
C:\Users\ashis\Desktop\ScanAI\dataset_manager\clean\skin\hotspot\roboflow__dog-and-cat-skin-disease-identification-2__hotspot-113-_jpg.rf.9335ce9bc000909af57fbae0e404e5fe.jpg,exact_cross_class_conflict,4,hotspot|pyoderma
C:\Users\ashis\Desktop\ScanAI\dataset_manager\clean\skin\hotspot\roboflow__dog-and-cat-skin-disease-identification-2__hotspot-93-_jpg.rf.8f381d391422e633421157d42e65be3c.jpg,exact_cross_class_conflict,4,hotspot|pyoderma
C:\Users\ashis\Desktop\ScanAI\dataset_manager\clean\skin\hotspot\roboflow__dog-and-cat-skin-disease-identification-2__hotspot-93-_jpg.rf.e42cf639dbbfaf6e0fa9566256acfb09.jpg,exact_cross_class_conflict,4,hotspot|pyoderma
C:\Users\ashis\Desktop\ScanAI\dataset_manager\clean\skin\pyoderma\roboflow__dog-and-cat-skin-disease-identification-2__bacterial_230_jpg.rf.7de0b44edf196f474beafdad13c3b1e8.jpg,exact_cross_class_conflict,4,hotspot|pyoderma
C:\Users\ashis\Desktop\ScanAI\dataset_manager\clean\skin\hotspot\roboflow__dog-and-cat-skin-disease-identification-2__hotspot-94-_jpg.rf.915b49c6cdf0be068e89a0299b763cb9.jpg,same_class_duplicate,3,hotspot
C:\Users\ashis\Desktop\ScanAI\dataset_manager\clean\skin\hotspot\roboflow__dog-and-cat-skin-disease-identification-2__hotspot-94-_jpg.rf.dd30f4c082452155d61fa21a69ce4fdf.jpg,same_class_duplicate,3,hotspot
C:\Users\ashis\Desktop\ScanAI\dataset_manager\clean\skin\hotspot\roboflow__dog-and-cat-skin-disease-identification-2__hotspot-116-_jpg.rf.881e43056165aab8e34e5e9cba2fcd86.jpg,exact_cross_class_conflict,3,hotspot|pyoderma
C:\Users\ashis\Desktop\ScanAI\dataset_manager\clean\skin\hotspot\roboflow__dog-and-cat-skin-disease-identification-2__hotspot-96-_jpg.rf.503fac79f9d7dc99c8a9d20bf3de97b8.jpg,exact_cross_class_conflict,3,hotspot|pyoderma
C:\Users\ashis\Desktop\ScanAI\dataset_manager\clean\skin\pyoderma\roboflow__dog-and-cat-skin-disease-identification-2__bacterial_237_jpg.rf.bf4281a750411060e0ab250d9b813220.jpg,exact_cross_class_conflict,3,hotspot|pyoderma
C:\Users\ashis\Desktop\ScanAI\dataset_manager\clean\skin\hotspot\roboflow__dog-and-cat-skin-disease-identification-2__hotspot-12-_jpg.rf.efd7225a8e515e16052b8134962314b0.jpg,same_class_duplicate,2,hotspot
C:\Users\ashis\Desktop\ScanAI\dataset_manager\clean\skin\hotspot\roboflow__dog-and-cat-skin-disease-identification-2__hotspot-13-_jpg.rf.0b22c854c4d7bfb95f9d3e8f634bf108.jpg,exact_cross_class_conflict,3,hotspot|ringworm
C:\Users\ashis\Desktop\ScanAI\dataset_manager\clean\skin\hotspot\roboflow__dog-and-cat-skin-disease-identification-2__hotspot-13-_jpg.rf.6a6d128156f41a58eb2bdd2ee8427e21.jpg,exact_cross_class_conflict,3,hotspot|ringworm
C:\Users\ashis\Desktop\ScanAI\dataset_manager\clean\skin\ringworm\roboflow__dog-and-cat-skin-disease-identification-2__hotspot-16-_jpg.rf.0f1aa432cc2f0d6de117b6ed6100c4c3.jpg,exact_cross_class_conflict,3,hotspot|ringworm
C:\Users\ashis\Desktop\ScanAI\dataset_manager\clean\skin\hotspot\roboflow__dog-and-cat-skin-disease-identification-2__hotspot-14-_jpg.rf.39058837fb8446e376e0b3e1632d56a2.jpg,exact_cross_class_conflict,3,hotspot|ringworm
C:\Users\ashis\Desktop\ScanAI\dataset_manager\clean\skin\hotspot\roboflow__dog-and-cat-skin-disease-identification-2__hotspot-14-_jpg.rf.cb621b41f91b2aaed42d7bef395b63b2.jpg,exact_cross_class_conflict,3,hotspot|ringworm
C:\Users\ashis\Desktop\ScanAI\dataset_manager\clean\skin\ringworm\roboflow__dog-and-cat-skin-disease-identification-2__hotspot-17-_jpg.rf.12a2ce4eebbb2cff25141a24eedce38f.jpg,exact_cross_class_conflict,3,hotspot|ringworm
C:\Users\ashis\Desktop\ScanAI\dataset_manager\clean\skin\hotspot\roboflow__dog-and-cat-skin-disease-identification-2__hotspot-16-_jpg.rf.8a071fb21bc8caa9b44036bfc48d6b74.jpg,exact_cross_class_conflict,5,hotspot|pyoderma
C:\Users\ashis\Desktop\ScanAI\dataset_manager\clean\skin\hotspot\roboflow__dog-and-cat-skin-disease-identification-2__hotspot-16-_jpg.rf.d96122954a96fda4e785080f22a5816c.jpg,exact_cross_class_conflict,5,hotspot|pyoderma
C:\Users\ashis\Desktop\ScanAI\dataset_manager\clean\skin\hotspot\roboflow__dog-and-cat-skin-disease-identification-2__preprocessed_HOTSPOT_012_jpg.rf.d7cc4d8a51eda95ee09cb83e758ac02d.jpg,exact_cross_class_conflict,5,hotspot|pyoderma
C:\Users\ashis\Desktop\ScanAI\dataset_manager\clean\skin\pyoderma\roboflow__dog-and-cat-skin-disease-identification-2__bacterial_262_jpg.rf.bc6e5d3685c193533cd2c41124673c9d.jpg,exact_cross_class_conflict,5,hotspot|pyoderma
C:\Users\ashis\Desktop\ScanAI\dataset_manager\clean\skin\pyoderma\roboflow__dog-and-cat-skin-disease-identification-2__bacterial_derm_30_jpg.rf.5884c83b9f00bba048fe803ecf338b9f.jpg,exact_cross_class_conflict,5,hotspot|pyoderma
C:\Users\ashis\Desktop\ScanAI\dataset_manager\clean\skin\hotspot\roboflow__dog-and-cat-skin-disease-identification-2__hotspot-17-_jpg.rf.e3a12f091c647064b56ec38afcc585a6.jpg,same_class_duplicate,2,hotspot
C:\Users\ashis\Desktop\ScanAI\dataset_manager\clean\skin\hotspot\roboflow__dog-and-cat-skin-disease-identification-2__hotspot-2-_jpg.rf.0e5625547b66ae1b09e95215df80e81e.jpg,exact_cross_class_conflict,4,hotspot|pyoderma
C:\Users\ashis\Desktop\ScanAI\dataset_manager\clean\skin\hotspot\roboflow__dog-and-cat-skin-disease-identification-2__hotspot-2-_jpg.rf.864e12d212c3b7d1497bf898f25b0a9d.jpg,exact_cross_class_conflict,4,hotspot|pyoderma
C:\Users\ashis\Desktop\ScanAI\dataset_manager\clean\skin\hotspot\roboflow__dog-and-cat-skin-disease-identification-2__hotspot-3-_jpg.rf.4e98c2a159845e67086bf88cdcb2f445.jpg,exact_cross_class_conflict,4,hotspot|pyoderma
C:\Users\ashis\Desktop\ScanAI\dataset_manager\clean\skin\pyoderma\roboflow__dog-and-cat-skin-disease-identification-2__bacterial_177_jpg.rf.14b2911af0bb24456b64f8b4c224b7a4.jpg,exact_cross_class_conflict,4,hotspot|pyoderma
C:\Users\ashis\Desktop\ScanAI\dataset_manager\clean\skin\hotspot\roboflow__dog-and-cat-skin-disease-identification-2__hotspot-20-_jpg.rf.cfdccb1c6a8ade93b1efc79801fe9903.jpg,same_class_duplicate,2,hotspot
C:\Users\ashis\Desktop\ScanAI\dataset_manager\clean\skin\hotspot\roboflow__dog-and-cat-skin-disease-identification-2__hotspot-21-_jpg.rf.778a9ec83d2178038d7cc09ef9411f4f.jpg,exact_cross_class_conflict,2,hotspot|pyoderma
C:\Users\ashis\Desktop\ScanAI\dataset_manager\clean\skin\pyoderma\roboflow__dog-and-cat-skin-disease-identification-2__bacterial_181_jpg.rf.8b4369b3e6cbd228fd3a574880238450.jpg,exact_cross_class_conflict,2,hotspot|pyoderma
C:\Users\ashis\Desktop\ScanAI\dataset_manager\clean\skin\hotspot\roboflow__dog-and-cat-skin-disease-identification-2__hotspot-23-_jpg.rf.fedd3ac5b778b1b23ecdee1a3618581a.jpg,same_class_duplicate,2,hotspot
C:\Users\ashis\Desktop\ScanAI\dataset_manager\clean\skin\hotspot\roboflow__dog-and-cat-skin-disease-identification-2__hotspot-24-_jpg.rf.4f26afcca1be97ec560b41e4c5ee412c.jpg,same_class_duplicate,2,hotspot
C:\Users\ashis\Desktop\ScanAI\dataset_manager\clean\skin\hotspot\roboflow__dog-and-cat-skin-disease-identification-2__hotspot-26-_jpg.rf.646916169e184b7e333310f2c811d72f.jpg,exact_cross_class_conflict,4,hotspot|pyoderma
C:\Users\ashis\Desktop\ScanAI\dataset_manager\clean\skin\hotspot\roboflow__dog-and-cat-skin-disease-identification-2__hotspot-26-_jpg.rf.df80eb7288058f68e8cd218d4158b882.jpg,exact_cross_class_conflict,4,hotspot|pyoderma
C:\Users\ashis\Desktop\ScanAI\dataset_manager\clean\skin\hotspot\roboflow__dog-and-cat-skin-disease-identification-2__hotspot-32-_jpg.rf.172aabeddd1c0e2d97c5ea1de12ff41c.jpg,exact_cross_class_conflict,4,hotspot|pyoderma
C:\Users\ashis\Desktop\ScanAI\dataset_manager\clean\skin\pyoderma\roboflow__dog-and-cat-skin-disease-identification-2__bacterial_187_jpg.rf.850e36c3c8d5b061e187994bbd031c1b.jpg,exact_cross_class_conflict,4,hotspot|pyoderma
C:\Users\ashis\Desktop\ScanAI\dataset_manager\clean\skin\hotspot\roboflow__dog-and-cat-skin-disease-identification-2__hotspot-27-_jpg.rf.710226d71ea76cc453cf10a28998f122.jpg,exact_cross_class_conflict,3,hotspot|pyoderma
C:\Users\ashis\Desktop\ScanAI\dataset_manager\clean\skin\hotspot\roboflow__dog-and-cat-skin-disease-identification-2__hotspot-27-_jpg.rf.c44d7b0e49565e3f86444ab34c0a75ad.jpg,exact_cross_class_conflict,3,hotspot|pyoderma
C:\Users\ashis\Desktop\ScanAI\dataset_manager\clean\skin\pyoderma\roboflow__dog-and-cat-skin-disease-identification-2__bacterial_191_jpg.rf.c3cb3e0114c316028d33d6539fbfb1b0.jpg,exact_cross_class_conflict,3,hotspot|pyoderma
C:\Users\ashis\Desktop\ScanAI\dataset_manager\clean\skin\hotspot\roboflow__dog-and-cat-skin-disease-identification-2__hotspot-28-_jpg.rf.ce88e1debe7c853514dded986f1a14d6.jpg,exact_cross_class_conflict,4,hotspot|pyoderma
C:\Users\ashis\Desktop\ScanAI\dataset_manager\clean\skin\hotspot\roboflow__dog-and-cat-skin-disease-identification-2__hotspot-28-_jpg.rf.e7bdd17afeadadcd1f7147111289572e.jpg,exact_cross_class_conflict,4,hotspot|pyoderma
C:\Users\ashis\Desktop\ScanAI\dataset_manager\clean\skin\hotspot\roboflow__dog-and-cat-skin-disease-identification-2__hotspot-36-_jpg.rf.edafe4ac2aad1b0d6d368b60e71c86a2.jpg,exact_cross_class_conflict,4,hotspot|pyoderma
C:\Users\ashis\Desktop\ScanAI\dataset_manager\clean\skin\pyoderma\roboflow__dog-and-cat-skin-disease-identification-2__bacterial_185_jpg.rf.6b11f69edb7f455990201da144011446.jpg,exact_cross_class_conflict,4,hotspot|pyoderma
C:\Users\ashis\Desktop\ScanAI\dataset_manager\clean\skin\hotspot\roboflow__dog-and-cat-skin-disease-identification-2__hotspot-29-_jpg.rf.6ce58072c0e2255c5db21e1cb6d2b562.jpg,exact_cross_class_conflict,4,hotspot|pyoderma
C:\Users\ashis\Desktop\ScanAI\dataset_manager\clean\skin\hotspot\roboflow__dog-and-cat-skin-disease-identification-2__hotspot-29-_jpg.rf.dc6fd99500d15ef19a37845e371ff664.jpg,exact_cross_class_conflict,4,hotspot|pyoderma
C:\Users\ashis\Desktop\ScanAI\dataset_manager\clean\skin\hotspot\roboflow__dog-and-cat-skin-disease-identification-2__hotspot-37-_jpg.rf.d23ef16172fb33246665ca7c748b1a8e.jpg,exact_cross_class_conflict,4,hotspot|pyoderma
C:\Users\ashis\Desktop\ScanAI\dataset_manager\clean\skin\pyoderma\roboflow__dog-and-cat-skin-disease-identification-2__bacterial_186_jpg.rf.536c1ce12e5d29d8802ea4141b5fcdac.jpg,exact_cross_class_conflict,4,hotspot|pyoderma
C:\Users\ashis\Desktop\ScanAI\dataset_manager\clean\skin\hotspot\roboflow__dog-and-cat-skin-disease-identification-2__hotspot-3-_jpg.rf.659efdd286eef4e814d023ccb032f68d.jpg,same_class_duplicate,2,hotspot
C:\Users\ashis\Desktop\ScanAI\dataset_manager\clean\skin\hotspot\roboflow__dog-and-cat-skin-disease-identification-2__hotspot-31-_jpg.rf.8c8dc11438b4a5c45cad3035d6672992.jpg,same_class_duplicate,3,hotspot
C:\Users\ashis\Desktop\ScanAI\dataset_manager\clean\skin\hotspot\roboflow__dog-and-cat-skin-disease-identification-2__hotspot-41-_jpg.rf.70d219a19953091f1d869c541ff23fd2.jpg,same_class_duplicate,3,hotspot
C:\Users\ashis\Desktop\ScanAI\dataset_manager\clean\skin\hotspot\roboflow__dog-and-cat-skin-disease-identification-2__hotspot-32-_jpg.rf.727cee1144ff86d146b9d5083ce57c09.jpg,exact_cross_class_conflict,3,hotspot|pyoderma
C:\Users\ashis\Desktop\ScanAI\dataset_manager\clean\skin\hotspot\roboflow__dog-and-cat-skin-disease-identification-2__hotspot-32-_jpg.rf.f90f8ac803511ba0f3b1a136a78d3021.jpg,exact_cross_class_conflict,3,hotspot|pyoderma
C:\Users\ashis\Desktop\ScanAI\dataset_manager\clean\skin\pyoderma\roboflow__dog-and-cat-skin-disease-identification-2__bacterial_188_jpg.rf.6fb41081751d3259d5a5a02dd4ea0216.jpg,exact_cross_class_conflict,3,hotspot|pyoderma
C:\Users\ashis\Desktop\ScanAI\dataset_manager\clean\skin\hotspot\roboflow__dog-and-cat-skin-disease-identification-2__hotspot-35-_jpg.rf.524f45ae610f1ea4fd73a894ddc68d77.jpg,same_class_duplicate,3,hotspot
C:\Users\ashis\Desktop\ScanAI\dataset_manager\clean\skin\hotspot\roboflow__dog-and-cat-skin-disease-identification-2__hotspot-46-_jpg.rf.8298d56b34771e3dd5f25eb8dd21bec4.jpg,same_class_duplicate,3,hotspot
C:\Users\ashis\Desktop\ScanAI\dataset_manager\clean\skin\hotspot\roboflow__dog-and-cat-skin-disease-identification-2__hotspot-36-_jpg.rf.8b7c4af31de173e208aff0dd212eb7b8.jpg,exact_cross_class_conflict,3,hotspot|pyoderma
C:\Users\ashis\Desktop\ScanAI\dataset_manager\clean\skin\hotspot\roboflow__dog-and-cat-skin-disease-identification-2__hotspot-36-_jpg.rf.dd446a843bf26c772d287d8705f877fd.jpg,exact_cross_class_conflict,3,hotspot|pyoderma
C:\Users\ashis\Desktop\ScanAI\dataset_manager\clean\skin\pyoderma\roboflow__dog-and-cat-skin-disease-identification-2__bacterial_192_jpg.rf.adc07ed51bf17b5df8f1ea9eeef7ea7d.jpg,exact_cross_class_conflict,3,hotspot|pyoderma
C:\Users\ashis\Desktop\ScanAI\dataset_manager\clean\skin\hotspot\roboflow__dog-and-cat-skin-disease-identification-2__hotspot-37-_jpg.rf.72df7c2295eebe71570115f24954dbea.jpg,same_class_duplicate,2,hotspot
C:\Users\ashis\Desktop\ScanAI\dataset_manager\clean\skin\hotspot\roboflow__dog-and-cat-skin-disease-identification-2__hotspot-39-_jpg.rf.fd847a5cbf97bb67afa5aade042a20fd.jpg,same_class_duplicate,2,hotspot
C:\Users\ashis\Desktop\ScanAI\dataset_manager\clean\skin\hotspot\roboflow__dog-and-cat-skin-disease-identification-2__hotspot-41-_jpg.rf.0abcdcc07b11ce5da84a23d28d29680d.jpg,exact_cross_class_conflict,3,hotspot|pyoderma
C:\Users\ashis\Desktop\ScanAI\dataset_manager\clean\skin\hotspot\roboflow__dog-and-cat-skin-disease-identification-2__hotspot-41-_jpg.rf.bff76eacbb037991a329679c46ead189.jpg,exact_cross_class_conflict,3,hotspot|pyoderma
C:\Users\ashis\Desktop\ScanAI\dataset_manager\clean\skin\pyoderma\roboflow__dog-and-cat-skin-disease-identification-2__bacterial_196_jpg.rf.823299d3dfc7d816a5dad68f00405db5.jpg,exact_cross_class_conflict,3,hotspot|pyoderma
C:\Users\ashis\Desktop\ScanAI\dataset_manager\clean\skin\hotspot\roboflow__dog-and-cat-skin-disease-identification-2__hotspot-42-_jpg.rf.66353ba249b0e018938e4156771cd8da.jpg,exact_cross_class_conflict,4,hotspot|pyoderma
C:\Users\ashis\Desktop\ScanAI\dataset_manager\clean\skin\hotspot\roboflow__dog-and-cat-skin-disease-identification-2__hotspot-42-_jpg.rf.9433ebf2515c34136cc3624cfc3e2b7a.jpg,exact_cross_class_conflict,4,hotspot|pyoderma
C:\Users\ashis\Desktop\ScanAI\dataset_manager\clean\skin\hotspot\roboflow__dog-and-cat-skin-disease-identification-2__hotspot-55-_jpg.rf.c6c8e0ea6ce95164f1092f696e89746e.jpg,exact_cross_class_conflict,4,hotspot|pyoderma
C:\Users\ashis\Desktop\ScanAI\dataset_manager\clean\skin\pyoderma\roboflow__dog-and-cat-skin-disease-identification-2__bacterial_197_jpg.rf.57f2bb66590432d55bf190ae648647e2.jpg,exact_cross_class_conflict,4,hotspot|pyoderma
C:\Users\ashis\Desktop\ScanAI\dataset_manager\clean\skin\hotspot\roboflow__dog-and-cat-skin-disease-identification-2__hotspot-44-_jpg.rf.6348cd6c6f5e1cff8c8bcff625b642cc.jpg,exact_cross_class_conflict,3,hotspot|pyoderma
C:\Users\ashis\Desktop\ScanAI\dataset_manager\clean\skin\hotspot\roboflow__dog-and-cat-skin-disease-identification-2__hotspot-44-_jpg.rf.85001c76b69405059bbc1c7bdf9bb90b.jpg,exact_cross_class_conflict,3,hotspot|pyoderma
C:\Users\ashis\Desktop\ScanAI\dataset_manager\clean\skin\pyoderma\roboflow__dog-and-cat-skin-disease-identification-2__bacterial_198_jpg.rf.c0dab02f4eb35307b2aa159a6c5f77ec.jpg,exact_cross_class_conflict,3,hotspot|pyoderma
C:\Users\ashis\Desktop\ScanAI\dataset_manager\clean\skin\hotspot\roboflow__dog-and-cat-skin-disease-identification-2__hotspot-45-_jpg.rf.6964467efc36cfd4f8c44e36f958e34f.jpg,exact_cross_class_conflict,4,hotspot|pyoderma
C:\Users\ashis\Desktop\ScanAI\dataset_manager\clean\skin\hotspot\roboflow__dog-and-cat-skin-disease-identification-2__hotspot-45-_jpg.rf.e962cb5e57db2e8e1e7449f17e061b3c.jpg,exact_cross_class_conflict,4,hotspot|pyoderma
C:\Users\ashis\Desktop\ScanAI\dataset_manager\clean\skin\hotspot\roboflow__dog-and-cat-skin-disease-identification-2__hotspot-60-_jpg.rf.aa0f00c4a251dc50f3d43d8cd0cc3577.jpg,exact_cross_class_conflict,4,hotspot|pyoderma
C:\Users\ashis\Desktop\ScanAI\dataset_manager\clean\skin\pyoderma\roboflow__dog-and-cat-skin-disease-identification-2__bacterial_199_jpg.rf.cfd43a75e1ed4baa2821580265538c5d.jpg,exact_cross_class_conflict,4,hotspot|pyoderma
C:\Users\ashis\Desktop\ScanAI\dataset_manager\clean\skin\hotspot\roboflow__dog-and-cat-skin-disease-identification-2__hotspot-46-_jpg.rf.3940fab82186443542328c4331e1cba2.jpg,exact_cross_class_conflict,3,hotspot|pyoderma
C:\Users\ashis\Desktop\ScanAI\dataset_manager\clean\skin\hotspot\roboflow__dog-and-cat-skin-disease-identification-2__hotspot-46-_jpg.rf.d1ceef267bf2fcfe605156bc889e1b41.jpg,exact_cross_class_conflict,3,hotspot|pyoderma
C:\Users\ashis\Desktop\ScanAI\dataset_manager\clean\skin\pyoderma\roboflow__dog-and-cat-skin-disease-identification-2__bacterial_200_jpg.rf.1019333292b3c77454085dd12986719d.jpg,exact_cross_class_conflict,3,hotspot|pyoderma
C:\Users\ashis\Desktop\ScanAI\dataset_manager\clean\skin\hotspot\roboflow__dog-and-cat-skin-disease-identification-2__hotspot-48-_jpg.rf.90c163447701b6e617b7067ff45ae7c3.jpg,exact_cross_class_conflict,5,hotspot|pyoderma|ringworm
C:\Users\ashis\Desktop\ScanAI\dataset_manager\clean\skin\hotspot\roboflow__dog-and-cat-skin-disease-identification-2__hotspot-48-_jpg.rf.f1e2895d01150c2de572df334562470b.jpg,exact_cross_class_conflict,5,hotspot|pyoderma|ringworm
C:\Users\ashis\Desktop\ScanAI\dataset_manager\clean\skin\hotspot\roboflow__dog-and-cat-skin-disease-identification-2__hotspot-63-_jpg.rf.e1c6ccb4c62112a07beb2fdd131ece3d.jpg,exact_cross_class_conflict,5,hotspot|pyoderma|ringworm
C:\Users\ashis\Desktop\ScanAI\dataset_manager\clean\skin\pyoderma\roboflow__dog-and-cat-skin-disease-identification-2__bacterial_202_jpg.rf.5983292aca7f45f1c4043d5169021a38.jpg,exact_cross_class_conflict,5,hotspot|pyoderma|ringworm
C:\Users\ashis\Desktop\ScanAI\dataset_manager\clean\skin\ringworm\roboflow__dog-and-cat-skin-disease-identification-2__hotspot-63-_jpg.rf.fe35b23f9b4c7db8897009c751b83bb8.jpg,exact_cross_class_conflict,5,hotspot|pyoderma|ringworm
C:\Users\ashis\Desktop\ScanAI\dataset_manager\clean\skin\hotspot\roboflow__dog-and-cat-skin-disease-identification-2__hotspot-49-_jpg.rf.aad3d49b307f6785ec014ae156901dae.jpg,exact_cross_class_conflict,4,hotspot|pyoderma
C:\Users\ashis\Desktop\ScanAI\dataset_manager\clean\skin\hotspot\roboflow__dog-and-cat-skin-disease-identification-2__hotspot-49-_jpg.rf.c33589a0161d19fcb05565fbb8187366.jpg,exact_cross_class_conflict,4,hotspot|pyoderma
C:\Users\ashis\Desktop\ScanAI\dataset_manager\clean\skin\hotspot\roboflow__dog-and-cat-skin-disease-identification-2__hotspot-64-_jpg.rf.5c3d8468c2c805218ba0cef45f93177c.jpg,exact_cross_class_conflict,4,hotspot|pyoderma
C:\Users\ashis\Desktop\ScanAI\dataset_manager\clean\skin\pyoderma\roboflow__dog-and-cat-skin-disease-identification-2__bacterial_203_jpg.rf.5624d5bcb6e6f7977d1c425bec1a7b3b.jpg,exact_cross_class_conflict,4,hotspot|pyoderma
C:\Users\ashis\Desktop\ScanAI\dataset_manager\clean\skin\hotspot\roboflow__dog-and-cat-skin-disease-identification-2__hotspot-51-_jpg.rf.30cfea2879637e9111455d9fb69edb86.jpg,exact_cross_class_conflict,4,hotspot|pyoderma
C:\Users\ashis\Desktop\ScanAI\dataset_manager\clean\skin\hotspot\roboflow__dog-and-cat-skin-disease-identification-2__hotspot-51-_jpg.rf.fd98da1afcb331b0df76bbbc338e6252.jpg,exact_cross_class_conflict,4,hotspot|pyoderma
C:\Users\ashis\Desktop\ScanAI\dataset_manager\clean\skin\hotspot\roboflow__dog-and-cat-skin-disease-identification-2__hotspot-66-_jpg.rf.bb80865618d788fee517257af14e5067.jpg,exact_cross_class_conflict,4,hotspot|pyoderma
C:\Users\ashis\Desktop\ScanAI\dataset_manager\clean\skin\pyoderma\roboflow__dog-and-cat-skin-disease-identification-2__bacterial_212_jpg.rf.bc62106132866528528d3d9053c953b2.jpg,exact_cross_class_conflict,4,hotspot|pyoderma
C:\Users\ashis\Desktop\ScanAI\dataset_manager\clean\skin\hotspot\roboflow__dog-and-cat-skin-disease-identification-2__hotspot-53-_jpg.rf.cca2aa58ac1d2a5280b4851399e6dd42.jpg,exact_cross_class_conflict,4,hotspot|pyoderma
C:\Users\ashis\Desktop\ScanAI\dataset_manager\clean\skin\hotspot\roboflow__dog-and-cat-skin-disease-identification-2__hotspot-53-_jpg.rf.e87a4a28f8bd170b813fe281fac86b9b.jpg,exact_cross_class_conflict,4,hotspot|pyoderma
C:\Users\ashis\Desktop\ScanAI\dataset_manager\clean\skin\hotspot\roboflow__dog-and-cat-skin-disease-identification-2__hotspot-68-_jpg.rf.9db7e393c3ba476c62859a7fef429717.jpg,exact_cross_class_conflict,4,hotspot|pyoderma
C:\Users\ashis\Desktop\ScanAI\dataset_manager\clean\skin\pyoderma\roboflow__dog-and-cat-skin-disease-identification-2__bacterial_204_jpg.rf.7f7d3ae224d894acf98cae43919c1fd5.jpg,exact_cross_class_conflict,4,hotspot|pyoderma
C:\Users\ashis\Desktop\ScanAI\dataset_manager\clean\skin\hotspot\roboflow__dog-and-cat-skin-disease-identification-2__hotspot-54-_jpg.rf.04cacbcb458ae843226506dd8767f77c.jpg,exact_cross_class_conflict,4,hotspot|pyoderma
C:\Users\ashis\Desktop\ScanAI\dataset_manager\clean\skin\hotspot\roboflow__dog-and-cat-skin-disease-identification-2__hotspot-54-_jpg.rf.f76392f7168f936e1ca0a22806be4577.jpg,exact_cross_class_conflict,4,hotspot|pyoderma
C:\Users\ashis\Desktop\ScanAI\dataset_manager\clean\skin\hotspot\roboflow__dog-and-cat-skin-disease-identification-2__hotspot-69-_jpg.rf.46df4308a8085421b55156d4f25959f9.jpg,exact_cross_class_conflict,4,hotspot|pyoderma
C:\Users\ashis\Desktop\ScanAI\dataset_manager\clean\skin\pyoderma\roboflow__dog-and-cat-skin-disease-identification-2__bacterial_205_jpg.rf.121a4010db87fac19c7ed450dac75536.jpg,exact_cross_class_conflict,4,hotspot|pyoderma
C:\Users\ashis\Desktop\ScanAI\dataset_manager\clean\skin\hotspot\roboflow__dog-and-cat-skin-disease-identification-2__hotspot-55-_jpg.rf.ff0efdf860de9159bece52e07fcec2b1.jpg,same_class_duplicate,3,hotspot
C:\Users\ashis\Desktop\ScanAI\dataset_manager\clean\skin\hotspot\roboflow__dog-and-cat-skin-disease-identification-2__hotspot-71-_jpg.rf.925516d9f712b60163a701995fd92417.jpg,same_class_duplicate,3,hotspot
C:\Users\ashis\Desktop\ScanAI\dataset_manager\clean\skin\hotspot\roboflow__dog-and-cat-skin-disease-identification-2__hotspot-56-_jpg.rf.b1f468e731417b4c95a1e0d46d17230e.jpg,same_class_duplicate,2,hotspot
C:\Users\ashis\Desktop\ScanAI\dataset_manager\clean\skin\hotspot\roboflow__dog-and-cat-skin-disease-identification-2__hotspot-59-_jpg.rf.2746a155da2caec765f1c5189206259a.jpg,exact_cross_class_conflict,3,hotspot|pyoderma
C:\Users\ashis\Desktop\ScanAI\dataset_manager\clean\skin\hotspot\roboflow__dog-and-cat-skin-disease-identification-2__hotspot-59-_jpg.rf.d1a280fb6534193bd1b6f86a21cc8a7e.jpg,exact_cross_class_conflict,3,hotspot|pyoderma
C:\Users\ashis\Desktop\ScanAI\dataset_manager\clean\skin\pyoderma\roboflow__dog-and-cat-skin-disease-identification-2__bacterial_216_jpg.rf.3849f7cc9b596776a346408568c7131f.jpg,exact_cross_class_conflict,3,hotspot|pyoderma
C:\Users\ashis\Desktop\ScanAI\dataset_manager\clean\skin\hotspot\roboflow__dog-and-cat-skin-disease-identification-2__hotspot-6-_jpg.rf.7033570169a4f62073bb705eb4cb2ccd.jpg,same_class_duplicate,3,hotspot
C:\Users\ashis\Desktop\ScanAI\dataset_manager\clean\skin\hotspot\roboflow__dog-and-cat-skin-disease-identification-2__hotspot-8-_jpg.rf.ae6d4cc17961cae46448a339edf33b6c.jpg,same_class_duplicate,3,hotspot
C:\Users\ashis\Desktop\ScanAI\dataset_manager\clean\skin\hotspot\roboflow__dog-and-cat-skin-disease-identification-2__hotspot-60-_jpg.rf.5ed1761f1e87a882f9b02415230c145a.jpg,exact_cross_class_conflict,4,hotspot|pyoderma
C:\Users\ashis\Desktop\ScanAI\dataset_manager\clean\skin\hotspot\roboflow__dog-and-cat-skin-disease-identification-2__hotspot-60-_jpg.rf.8c8ef7357847c530136dd20b76c8b774.jpg,exact_cross_class_conflict,4,hotspot|pyoderma
C:\Users\ashis\Desktop\ScanAI\dataset_manager\clean\skin\hotspot\roboflow__dog-and-cat-skin-disease-identification-2__hotspot-78-_jpg.rf.0a3cd2bf616c33967e2b8d2565bb354a.jpg,exact_cross_class_conflict,4,hotspot|pyoderma
C:\Users\ashis\Desktop\ScanAI\dataset_manager\clean\skin\pyoderma\roboflow__dog-and-cat-skin-disease-identification-2__bacterial_207_jpg.rf.f709b4049cd36c4800433abf1b8f36a2.jpg,exact_cross_class_conflict,4,hotspot|pyoderma
C:\Users\ashis\Desktop\ScanAI\dataset_manager\clean\skin\hotspot\roboflow__dog-and-cat-skin-disease-identification-2__hotspot-62-_jpg.rf.0b3961c2de82b97199bb24cfb3f6289f.jpg,exact_cross_class_conflict,4,hotspot|pyoderma
C:\Users\ashis\Desktop\ScanAI\dataset_manager\clean\skin\hotspot\roboflow__dog-and-cat-skin-disease-identification-2__hotspot-62-_jpg.rf.4f93d050be78a1fe983443c74e80db42.jpg,exact_cross_class_conflict,4,hotspot|pyoderma
C:\Users\ashis\Desktop\ScanAI\dataset_manager\clean\skin\hotspot\roboflow__dog-and-cat-skin-disease-identification-2__hotspot-80-_jpg.rf.8eb3bc5e10f94fadbb5a601b945d92cc.jpg,exact_cross_class_conflict,4,hotspot|pyoderma
C:\Users\ashis\Desktop\ScanAI\dataset_manager\clean\skin\pyoderma\roboflow__dog-and-cat-skin-disease-identification-2__bacterial_209_jpg.rf.a7048621eae9223d41ad5766e3d1c963.jpg,exact_cross_class_conflict,4,hotspot|pyoderma
C:\Users\ashis\Desktop\ScanAI\dataset_manager\clean\skin\hotspot\roboflow__dog-and-cat-skin-disease-identification-2__hotspot-63-_jpg.rf.7154a8c55f00b870d08a54c8bfd81388.jpg,same_class_duplicate,3,hotspot
C:\Users\ashis\Desktop\ScanAI\dataset_manager\clean\skin\hotspot\roboflow__dog-and-cat-skin-disease-identification-2__hotspot-81-_jpg.rf.ee5d2c5f8bbf619ce040237871dec0cf.jpg,same_class_duplicate,3,hotspot
C:\Users\ashis\Desktop\ScanAI\dataset_manager\clean\skin\hotspot\roboflow__dog-and-cat-skin-disease-identification-2__hotspot-64-_jpg.rf.e577597d5937facbc0c26b3c6a5e34eb.jpg,same_class_duplicate,3,hotspot
C:\Users\ashis\Desktop\ScanAI\dataset_manager\clean\skin\hotspot\roboflow__dog-and-cat-skin-disease-identification-2__hotspot-82-_jpg.rf.70a7f84d91b847b013874ef3040dc891.jpg,same_class_duplicate,3,hotspot
C:\Users\ashis\Desktop\ScanAI\dataset_manager\clean\skin\hotspot\roboflow__dog-and-cat-skin-disease-identification-2__hotspot-66-_jpg.rf.bc92e2706e71a6beabe721785c888d3b.jpg,same_class_duplicate,3,hotspot
C:\Users\ashis\Desktop\ScanAI\dataset_manager\clean\skin\hotspot\roboflow__dog-and-cat-skin-disease-identification-2__hotspot-84-_jpg.rf.1ebf594cbf0665aaa84b9815351c7787.jpg,same_class_duplicate,3,hotspot
C:\Users\ashis\Desktop\ScanAI\dataset_manager\clean\skin\hotspot\roboflow__dog-and-cat-skin-disease-identification-2__hotspot-67-_jpg.rf.73a0ab823fbfc8d476e0036a5251ebb1.jpg,exact_cross_class_conflict,4,hotspot|pyoderma
C:\Users\ashis\Desktop\ScanAI\dataset_manager\clean\skin\hotspot\roboflow__dog-and-cat-skin-disease-identification-2__hotspot-67-_jpg.rf.757205e6ce8f754516f40629e971a4d0.jpg,exact_cross_class_conflict,4,hotspot|pyoderma
C:\Users\ashis\Desktop\ScanAI\dataset_manager\clean\skin\hotspot\roboflow__dog-and-cat-skin-disease-identification-2__hotspot-85-_jpg.rf.e0f841152f539ceb60deb84438128a5b.jpg,exact_cross_class_conflict,4,hotspot|pyoderma
C:\Users\ashis\Desktop\ScanAI\dataset_manager\clean\skin\pyoderma\roboflow__dog-and-cat-skin-disease-identification-2__bacterial_213_jpg.rf.92eff4b3d428aa131d43a0ae9f27c809.jpg,exact_cross_class_conflict,4,hotspot|pyoderma
C:\Users\ashis\Desktop\ScanAI\dataset_manager\clean\skin\hotspot\roboflow__dog-and-cat-skin-disease-identification-2__hotspot-68-_jpg.rf.43a9a2a78ad383f3bf15417a1d79e690.jpg,exact_cross_class_conflict,3,hotspot|pyoderma
C:\Users\ashis\Desktop\ScanAI\dataset_manager\clean\skin\hotspot\roboflow__dog-and-cat-skin-disease-identification-2__hotspot-68-_jpg.rf.808d224cbf14e18fd00765e4bb67e16b.jpg,exact_cross_class_conflict,3,hotspot|pyoderma
C:\Users\ashis\Desktop\ScanAI\dataset_manager\clean\skin\pyoderma\roboflow__dog-and-cat-skin-disease-identification-2__bacterial_214_jpg.rf.c1d54301c1b06155add756d9d3f73a98.jpg,exact_cross_class_conflict,3,hotspot|pyoderma
C:\Users\ashis\Desktop\ScanAI\dataset_manager\clean\skin\hotspot\roboflow__dog-and-cat-skin-disease-identification-2__hotspot-70-_jpg.rf.c5756ec48acf18ea2137b41ec54439b1.jpg,exact_cross_class_conflict,3,hotspot|ringworm
C:\Users\ashis\Desktop\ScanAI\dataset_manager\clean\skin\hotspot\roboflow__dog-and-cat-skin-disease-identification-2__hotspot-70-_jpg.rf.e85a015cb161608ff332a6a38a8384b4.jpg,exact_cross_class_conflict,3,hotspot|ringworm
C:\Users\ashis\Desktop\ScanAI\dataset_manager\clean\skin\ringworm\roboflow__dog-and-cat-skin-disease-identification-2__hotspot-70-_jpg.rf.92d35f2763ffe0ce56e3e484f5d1126d.jpg,exact_cross_class_conflict,3,hotspot|ringworm
C:\Users\ashis\Desktop\ScanAI\dataset_manager\clean\skin\hotspot\roboflow__dog-and-cat-skin-disease-identification-2__hotspot-71-_jpg.rf.3ca7d634d549669d27f19e8ab13170e7.jpg,same_class_duplicate,3,hotspot
C:\Users\ashis\Desktop\ScanAI\dataset_manager\clean\skin\hotspot\roboflow__dog-and-cat-skin-disease-identification-2__hotspot-90-_jpg.rf.1fd98db77f78c90cc503113a515a9c43.jpg,same_class_duplicate,3,hotspot
C:\Users\ashis\Desktop\ScanAI\dataset_manager\clean\skin\hotspot\roboflow__dog-and-cat-skin-disease-identification-2__hotspot-73-_jpg.rf.8da28c2ac6cd3395edcf1eb5a9629df1.jpg,same_class_duplicate,2,hotspot
C:\Users\ashis\Desktop\ScanAI\dataset_manager\clean\skin\hotspot\roboflow__dog-and-cat-skin-disease-identification-2__hotspot-75-_jpg.rf.4d7a23a4f7dd2b0d6f1467ce18ce6877.jpg,same_class_duplicate,3,hotspot
C:\Users\ashis\Desktop\ScanAI\dataset_manager\clean\skin\hotspot\roboflow__dog-and-cat-skin-disease-identification-2__hotspot-94-_jpg.rf.d15df7fc6ec8feb2ac5a81d4565e3d5f.jpg,same_class_duplicate,3,hotspot
C:\Users\ashis\Desktop\ScanAI\dataset_manager\clean\skin\hotspot\roboflow__dog-and-cat-skin-disease-identification-2__hotspot-76-_jpg.rf.e64b0cd056222657e4b3403ad04d6c03.jpg,same_class_duplicate,3,hotspot
C:\Users\ashis\Desktop\ScanAI\dataset_manager\clean\skin\hotspot\roboflow__dog-and-cat-skin-disease-identification-2__hotspot-95-_jpg.rf.06288474e1a2627cb14f66b04b2edc70.jpg,same_class_duplicate,3,hotspot
C:\Users\ashis\Desktop\ScanAI\dataset_manager\clean\skin\hotspot\roboflow__dog-and-cat-skin-disease-identification-2__hotspot-78-_jpg.rf.0026684c48b578f11443787a53ac8fcb.jpg,exact_cross_class_conflict,4,hotspot|pyoderma
C:\Users\ashis\Desktop\ScanAI\dataset_manager\clean\skin\hotspot\roboflow__dog-and-cat-skin-disease-identification-2__hotspot-78-_jpg.rf.55c875631e75f5131d07e21fc72c738d.jpg,exact_cross_class_conflict,4,hotspot|pyoderma
C:\Users\ashis\Desktop\ScanAI\dataset_manager\clean\skin\hotspot\roboflow__dog-and-cat-skin-disease-identification-2__hotspot-98-_jpg.rf.3b93b96f1d60980dce840dd1ce884adc.jpg,exact_cross_class_conflict,4,hotspot|pyoderma
C:\Users\ashis\Desktop\ScanAI\dataset_manager\clean\skin\pyoderma\roboflow__dog-and-cat-skin-disease-identification-2__bacterial_217_jpg.rf.519e0adbc1631740561c76cb260f5574.jpg,exact_cross_class_conflict,4,hotspot|pyoderma
C:\Users\ashis\Desktop\ScanAI\dataset_manager\clean\skin\hotspot\roboflow__dog-and-cat-skin-disease-identification-2__hotspot-79-_jpg.rf.b936eebd4f1738add7b42859f06d0c31.jpg,exact_cross_class_conflict,3,hotspot|pyoderma
C:\Users\ashis\Desktop\ScanAI\dataset_manager\clean\skin\hotspot\roboflow__dog-and-cat-skin-disease-identification-2__hotspot-79-_jpg.rf.db86ece15c989a9af780a81dee8a064d.jpg,exact_cross_class_conflict,3,hotspot|pyoderma
C:\Users\ashis\Desktop\ScanAI\dataset_manager\clean\skin\pyoderma\roboflow__dog-and-cat-skin-disease-identification-2__bacterial_233_jpg.rf.549ee0d949f4206ca4fbfcadf61aad04.jpg,exact_cross_class_conflict,3,hotspot|pyoderma
C:\Users\ashis\Desktop\ScanAI\dataset_manager\clean\skin\hotspot\roboflow__dog-and-cat-skin-disease-identification-2__hotspot-8-_jpg.rf.ef678b0b6c570f69ea5e52fb8fecc09d.jpg,same_class_duplicate,2,hotspot
C:\Users\ashis\Desktop\ScanAI\dataset_manager\clean\skin\hotspot\roboflow__dog-and-cat-skin-disease-identification-2__hotspot-85-_jpg.rf.75cf8a6bbc28528588fc148abfecd827.jpg,exact_cross_class_conflict,3,hotspot|pyoderma
C:\Users\ashis\Desktop\ScanAI\dataset_manager\clean\skin\hotspot\roboflow__dog-and-cat-skin-disease-identification-2__hotspot-85-_jpg.rf.bea30004133982631432079f2d73c028.jpg,exact_cross_class_conflict,3,hotspot|pyoderma
C:\Users\ashis\Desktop\ScanAI\dataset_manager\clean\skin\pyoderma\roboflow__dog-and-cat-skin-disease-identification-2__bacterial_225_jpg.rf.2edcb5abfa0988d2b3d08f167d9940ee.jpg,exact_cross_class_conflict,3,hotspot|pyoderma
C:\Users\ashis\Desktop\ScanAI\dataset_manager\clean\skin\hotspot\roboflow__dog-and-cat-skin-disease-identification-2__hotspot-89-_jpg.rf.6de7ca3e3606a89fa3c731ea7c894011.jpg,same_class_duplicate,2,hotspot
C:\Users\ashis\Desktop\ScanAI\dataset_manager\clean\skin\hotspot\roboflow__dog-and-cat-skin-disease-identification-2__hotspot-91-_jpg.rf.50c72d12a5991f1ed92783d542580600.jpg,exact_cross_class_conflict,3,hotspot|pyoderma
C:\Users\ashis\Desktop\ScanAI\dataset_manager\clean\skin\hotspot\roboflow__dog-and-cat-skin-disease-identification-2__hotspot-91-_jpg.rf.ba1d3f7b73378dd30aaef6ece233de32.jpg,exact_cross_class_conflict,3,hotspot|pyoderma
C:\Users\ashis\Desktop\ScanAI\dataset_manager\clean\skin\pyoderma\roboflow__dog-and-cat-skin-disease-identification-2__bacterial_228_jpg.rf.d14fd2afe98e8667635e87178dbf0075.jpg,exact_cross_class_conflict,3,hotspot|pyoderma
C:\Users\ashis\Desktop\ScanAI\dataset_manager\clean\skin\hotspot\roboflow__dog-and-cat-skin-disease-identification-2__Lick_granuloma_1_jpg.rf.e8253ab5f35f0c0df1990e9233e49a0f.jpg,exact_cross_class_conflict,2,hotspot|ringworm
C:\Users\ashis\Desktop\ScanAI\dataset_manager\clean\skin\ringworm\roboflow__dog-and-cat-skin-disease-identification-2__Lick_granuloma_1_jpg.rf.980f0d82644ba7c6ce453cddfe9bee32.jpg,exact_cross_class_conflict,2,hotspot|ringworm
C:\Users\ashis\Desktop\ScanAI\dataset_manager\clean\skin\hotspot\roboflow__dog-and-cat-skin-disease-identification-2__May-is-allergy-awareness-month-here-at-The-Shot-Spot_00028_jpg.rf.291834af2abc34d06b6eb10adab9687d.jpg,same_class_duplicate,2,hotspot
C:\Users\ashis\Desktop\ScanAI\dataset_manager\clean\skin\hotspot\roboflow__dog-and-cat-skin-disease-identification-2__May-is-allergy-awareness-month-here-at-The-Shot-Spot_01552_jpg.rf.4637241668fcf553448c35ad3997c3aa.jpg,exact_cross_class_conflict,2,hotspot|ringworm
C:\Users\ashis\Desktop\ScanAI\dataset_manager\clean\skin\ringworm\roboflow__dog-and-cat-skin-disease-identification-2__May-is-allergy-awareness-month-here-at-The-Shot-Spot_01552_jpg.rf.ec632389d9a339e4481dec4128c46eae.jpg,exact_cross_class_conflict,2,hotspot|ringworm
C:\Users\ashis\Desktop\ScanAI\dataset_manager\clean\skin\hotspot\roboflow__dog-and-cat-skin-disease-identification-2__May-is-allergy-awareness-month-here-at-The-Shot-Spot_01654_jpg.rf.e04f8920f9d736b4bbc5bf60251af22b.jpg,same_class_duplicate,2,hotspot
C:\Users\ashis\Desktop\ScanAI\dataset_manager\clean\skin\hotspot\roboflow__dog-and-cat-skin-disease-identification-2__May-is-allergy-awareness-month-here-at-The-Shot-Spot_02797_jpg.rf.5782c7c27dd3f109093f92e4588d5eb6.jpg,exact_cross_class_conflict,2,hotspot|ringworm
C:\Users\ashis\Desktop\ScanAI\dataset_manager\clean\skin\ringworm\roboflow__dog-and-cat-skin-disease-identification-2__May-is-allergy-awareness-month-here-at-The-Shot-Spot_02797_jpg.rf.19881a774a9736bfac9704531c5c3d26.jpg,exact_cross_class_conflict,2,hotspot|ringworm
C:\Users\ashis\Desktop\ScanAI\dataset_manager\clean\skin\hotspot\roboflow__dog-and-cat-skin-disease-identification-2__OIP-8-_x16_jpg.rf.0ffb9cce876d59ddcf422c387cdd43c6.jpg,exact_cross_class_conflict,2,hotspot|ringworm
C:\Users\ashis\Desktop\ScanAI\dataset_manager\clean\skin\ringworm\roboflow__dog-and-cat-skin-disease-identification-2__OIP-8-_x16_jpg.rf.fc01cd1c8bf96e0bd3ca5880ff6198d0.jpg,exact_cross_class_conflict,2,hotspot|ringworm
C:\Users\ashis\Desktop\ScanAI\dataset_manager\clean\skin\hotspot\roboflow__dog-and-cat-skin-disease-identification-2__pic9_jpg.rf.0c8d3d873e9c5e5e63712ad08f540dfb.jpg,exact_cross_class_conflict,2,hotspot|pyoderma
C:\Users\ashis\Desktop\ScanAI\dataset_manager\clean\skin\pyoderma\roboflow__dog-and-cat-skin-disease-identification-2__pic9_jpg.rf.dbf7b9faeaee38e845d82d9e2319158d.jpg,exact_cross_class_conflict,2,hotspot|pyoderma
C:\Users\ashis\Desktop\ScanAI\dataset_manager\clean\skin\hotspot\roboflow__dog-and-cat-skin-disease-identification-2__preprocessed_HOTSPOT_003_png_png.rf.1bbc44fc067a2851f7f0f3b5647ef37d.jpg,exact_cross_class_conflict,2,hotspot|pyoderma
C:\Users\ashis\Desktop\ScanAI\dataset_manager\clean\skin\pyoderma\roboflow__dog-and-cat-skin-disease-identification-2__bacterial_247_jpg.rf.d16c957a66568a808b6c7ff0b1be480c.jpg,exact_cross_class_conflict,2,hotspot|pyoderma
C:\Users\ashis\Desktop\ScanAI\dataset_manager\clean\skin\hotspot\roboflow__dog-and-cat-skin-disease-identification-2__preprocessed_HOTSPOT_004_jpg.rf.673f82605ca7367a57c13bd93556a9e7.jpg,exact_cross_class_conflict,2,hotspot|pyoderma
C:\Users\ashis\Desktop\ScanAI\dataset_manager\clean\skin\pyoderma\roboflow__dog-and-cat-skin-disease-identification-2__bacterial_248_jpg.rf.dca895b9962cc1d1bd58137bf8ade104.jpg,exact_cross_class_conflict,2,hotspot|pyoderma
C:\Users\ashis\Desktop\ScanAI\dataset_manager\clean\skin\hotspot\roboflow__dog-and-cat-skin-disease-identification-2__preprocessed_HOTSPOT_006_jpg.rf.186c355637a344e6fc65aa28b078fdbb.jpg,exact_cross_class_conflict,2,hotspot|pyoderma
C:\Users\ashis\Desktop\ScanAI\dataset_manager\clean\skin\pyoderma\roboflow__dog-and-cat-skin-disease-identification-2__bacterial_252_jpg.rf.db4c629baf858f77661d10912383e720.jpg,exact_cross_class_conflict,2,hotspot|pyoderma
C:\Users\ashis\Desktop\ScanAI\dataset_manager\clean\skin\hotspot\roboflow__dog-and-cat-skin-disease-identification-2__preprocessed_HOTSPOT_009_jpg.rf.386c48d46c0c92e82ec33a0f9c8ffa27.jpg,exact_cross_class_conflict,3,hotspot|pyoderma
C:\Users\ashis\Desktop\ScanAI\dataset_manager\clean\skin\pyoderma\roboflow__dog-and-cat-skin-disease-identification-2__bacterial_256_jpg.rf.ab4cae95ec697e68dced5aa97963a553.jpg,exact_cross_class_conflict,3,hotspot|pyoderma
C:\Users\ashis\Desktop\ScanAI\dataset_manager\clean\skin\pyoderma\roboflow__dog-and-cat-skin-disease-identification-2__bacterial_derm_25_jpg.rf.d1779e69bfed23785e1d36341da1efef.jpg,exact_cross_class_conflict,3,hotspot|pyoderma
C:\Users\ashis\Desktop\ScanAI\dataset_manager\clean\skin\hotspot\roboflow__dog-and-cat-skin-disease-identification-2__preprocessed_HOTSPOT_041_jpg.rf.b78cb54ee95b7fa78818164eec07dc9c.jpg,exact_cross_class_conflict,2,hotspot|pyoderma
C:\Users\ashis\Desktop\ScanAI\dataset_manager\clean\skin\pyoderma\roboflow__dog-and-cat-skin-disease-identification-2__bacterial_293_jpg.rf.baae9714daf0e2ec53da0d30c60d63be.jpg,exact_cross_class_conflict,2,hotspot|pyoderma
C:\Users\ashis\Desktop\ScanAI\dataset_manager\clean\skin\hotspot\roboflow__dog-and-cat-skin-disease-identification-2__preprocessed_HOTSPOT_043_jpg.rf.1d2c82f747f20b8a9136927ffe0f2c2a.jpg,exact_cross_class_conflict,2,hotspot|pyoderma
C:\Users\ashis\Desktop\ScanAI\dataset_manager\clean\skin\pyoderma\roboflow__dog-and-cat-skin-disease-identification-2__bacterial_300_jpg.rf.9a54da273347e8537ec0c3c3eb66f98c.jpg,exact_cross_class_conflict,2,hotspot|pyoderma
C:\Users\ashis\Desktop\ScanAI\dataset_manager\clean\skin\hotspot\roboflow__dog-and-cat-skin-disease-identification-2__preprocessed_HOTSPOT_044_jpg.rf.10d77e16fa634cf975f74f9d76c1caf5.jpg,exact_cross_class_conflict,2,hotspot|pyoderma
C:\Users\ashis\Desktop\ScanAI\dataset_manager\clean\skin\pyoderma\roboflow__dog-and-cat-skin-disease-identification-2__bacterial_303_jpg.rf.a667d6b538c6e2a95e15f41983a3079d.jpg,exact_cross_class_conflict,2,hotspot|pyoderma
C:\Users\ashis\Desktop\ScanAI\dataset_manager\clean\skin\hotspot\roboflow__dog-and-cat-skin-disease-identification-2__preprocessed_HOTSPOT_046_jpg.rf.d8042cc4529e1541517e38092c678d94.jpg,exact_cross_class_conflict,2,hotspot|pyoderma
C:\Users\ashis\Desktop\ScanAI\dataset_manager\clean\skin\pyoderma\roboflow__dog-and-cat-skin-disease-identification-2__bacterial_307_jpg.rf.cb179901d2e2039eda61ca9b060df728.jpg,exact_cross_class_conflict,2,hotspot|pyoderma
C:\Users\ashis\Desktop\ScanAI\dataset_manager\clean\skin\hotspot\roboflow__dog-and-cat-skin-disease-identification-2__preprocessed_HOTSPOT_047_jpg.rf.1c1bfc5b1410a47f9bc8afd1aef04141.jpg,exact_cross_class_conflict,2,hotspot|pyoderma
C:\Users\ashis\Desktop\ScanAI\dataset_manager\clean\skin\pyoderma\roboflow__dog-and-cat-skin-disease-identification-2__bacterial_308_jpg.rf.12cf9b14483c255669e39d03f097546c.jpg,exact_cross_class_conflict,2,hotspot|pyoderma
C:\Users\ashis\Desktop\ScanAI\dataset_manager\clean\skin\hotspot\roboflow__dog-and-cat-skin-disease-identification-2__preprocessed_HOTSPOT_050_jpg.rf.e5c34c5830e7d15d9370b75d978bfa4f.jpg,exact_cross_class_conflict,2,hotspot|pyoderma
C:\Users\ashis\Desktop\ScanAI\dataset_manager\clean\skin\pyoderma\roboflow__dog-and-cat-skin-disease-identification-2__bacterial_311_jpg.rf.bae22fe804807ccb66f7d974f617754d.jpg,exact_cross_class_conflict,2,hotspot|pyoderma
C:\Users\ashis\Desktop\ScanAI\dataset_manager\clean\skin\hotspot\roboflow__dog-and-cat-skin-disease-identification-2__preprocessed_HOTSPOT_052_jpg.rf.8891ab99eb015d606ff49bc3e945b7dc.jpg,exact_cross_class_conflict,5,hotspot|pyoderma|ringworm
C:\Users\ashis\Desktop\ScanAI\dataset_manager\clean\skin\pyoderma\roboflow__dog-and-cat-skin-disease-identification-2__bacterial_316_jpg.rf.77b3c1585837f6ad72232a199a9f328f.jpg,exact_cross_class_conflict,5,hotspot|pyoderma|ringworm
C:\Users\ashis\Desktop\ScanAI\dataset_manager\clean\skin\pyoderma\roboflow__dog-and-cat-skin-disease-identification-2__bacterial_318_jpg.rf.b09c8d0c90d8aa96d212f5e98a207aca.jpg,exact_cross_class_conflict,5,hotspot|pyoderma|ringworm
C:\Users\ashis\Desktop\ScanAI\dataset_manager\clean\skin\ringworm\roboflow__dog-and-cat-skin-disease-identification-2__ringworm-22-_jpg.rf.067dff19a182963fb826532c4b3c6ee6.jpg,exact_cross_class_conflict,5,hotspot|pyoderma|ringworm
C:\Users\ashis\Desktop\ScanAI\dataset_manager\clean\skin\ringworm\roboflow__dog-and-cat-skin-disease-identification-2__ringworm-30-_jpg.rf.b49cb3e022fca08d23649e93f22c3989.jpg,exact_cross_class_conflict,5,hotspot|pyoderma|ringworm
C:\Users\ashis\Desktop\ScanAI\dataset_manager\clean\skin\hotspot\roboflow__dog-and-cat-skin-disease-identification-2__preprocessed_HOTSPOT_053_jpg.rf.33c5bc39b05158b9cc0485890fe49115.jpg,exact_cross_class_conflict,3,hotspot|pyoderma
C:\Users\ashis\Desktop\ScanAI\dataset_manager\clean\skin\pyoderma\roboflow__dog-and-cat-skin-disease-identification-2__bacterial_324_jpg.rf.73490ad0229606403f75831949c7b2c9.jpg,exact_cross_class_conflict,3,hotspot|pyoderma
C:\Users\ashis\Desktop\ScanAI\dataset_manager\clean\skin\pyoderma\roboflow__dog-and-cat-skin-disease-identification-2__bacterial_58_jpg.rf.d0b5cb0ad87b6a4ab7b4014ed4f57f94.jpg,exact_cross_class_conflict,3,hotspot|pyoderma
C:\Users\ashis\Desktop\ScanAI\dataset_manager\clean\skin\hotspot\roboflow__dog-and-cat-skin-disease-identification-2__preprocessed_HOTSPOT_055_jpg.rf.8752816656adc3aab69282dd280308e2.jpg,exact_cross_class_conflict,3,hotspot|pyoderma
C:\Users\ashis\Desktop\ScanAI\dataset_manager\clean\skin\pyoderma\roboflow__dog-and-cat-skin-disease-identification-2__bacterial4_jpg.rf.96d41db6a53b343fd131ad7b3c40b2a6.jpg,exact_cross_class_conflict,3,hotspot|pyoderma
C:\Users\ashis\Desktop\ScanAI\dataset_manager\clean\skin\pyoderma\roboflow__dog-and-cat-skin-disease-identification-2__bacterial_83_jpg.rf.64b55aaef1e229608f4bf96e196ba787.jpg,exact_cross_class_conflict,3,hotspot|pyoderma
C:\Users\ashis\Desktop\ScanAI\dataset_manager\clean\skin\hotspot\roboflow__dog-and-cat-skin-disease-identification-2__red-circle-ri-1mo-450_jpg.rf.cf734a5e2e8ae6f43aa59faf9d6e3ed2.jpg,exact_cross_class_conflict,2,hotspot|pyoderma
C:\Users\ashis\Desktop\ScanAI\dataset_manager\clean\skin\pyoderma\roboflow__dog-and-cat-skin-disease-identification-2__red-circle-ri-1mo-450_jpg.rf.28817d7e238dbae8c4f3b2660a7bbee4.jpg,exact_cross_class_conflict,2,hotspot|pyoderma
C:\Users\ashis\Desktop\ScanAI\dataset_manager\clean\skin\hotspot\roboflow__dog-and-cat-skin-disease-identification-2__Reply-to-don-t-let-your-dog-suffer-in-silence_00009_jpg.rf.3383cbd6e4cf4474b3c11d41bf433bdd.jpg,same_class_duplicate,3,hotspot
C:\Users\ashis\Desktop\ScanAI\dataset_manager\clean\skin\hotspot\roboflow__dog-and-cat-skin-disease-identification-2__Reply-to-don-t-let-your-dog-suffer-in-silence_00011_jpg.rf.5eec014f51a6c44c0a38f4da2af98be8.jpg,same_class_duplicate,3,hotspot
C:\Users\ashis\Desktop\ScanAI\dataset_manager\clean\skin\hotspot\roboflow__dog-and-cat-skin-disease-identification-2__seborrheic_dermatitis_4935_10_600_webp_jpg.rf.d69890de3dd50ad106162258886bcfdc.jpg,exact_cross_class_conflict,2,hotspot|pyoderma
C:\Users\ashis\Desktop\ScanAI\dataset_manager\clean\skin\pyoderma\roboflow__dog-and-cat-skin-disease-identification-2__seborrheic_dermatitis_4935_10_600_webp.rf.1ef4881977fb97787b2174d625d2ec46.jpg,exact_cross_class_conflict,2,hotspot|pyoderma
C:\Users\ashis\Desktop\ScanAI\dataset_manager\clean\skin\hotspot\roboflow__dog-and-cat-skin-disease-identification-2__Thank-you-all-for-your-support_00001_jpg.rf.61c155b9c168c95e22da1578e582fe1c.jpg,exact_cross_class_conflict,4,hotspot|ringworm
C:\Users\ashis\Desktop\ScanAI\dataset_manager\clean\skin\hotspot\roboflow__dog-and-cat-skin-disease-identification-2__Thank-you-all-for-your-support_00004_jpg.rf.3f81a7f68e1dde9a15281ff2d0f85af0.jpg,exact_cross_class_conflict,4,hotspot|ringworm
C:\Users\ashis\Desktop\ScanAI\dataset_manager\clean\skin\hotspot\roboflow__dog-and-cat-skin-disease-identification-2__Thank-you-all-for-your-support_00016_jpg.rf.c6d60ca0bc3b314a48f4f6ef2993f74f.jpg,exact_cross_class_conflict,4,hotspot|ringworm
C:\Users\ashis\Desktop\ScanAI\dataset_manager\clean\skin\ringworm\roboflow__dog-and-cat-skin-disease-identification-2__Thank-you-all-for-your-support_00004_jpg.rf.064faf685a45038ce92fb8d396757ab2.jpg,exact_cross_class_conflict,4,hotspot|ringworm
C:\Users\ashis\Desktop\ScanAI\dataset_manager\clean\skin\hotspot\roboflow__dog-and-cat-skin-disease-identification-2__Thank-you-all-for-your-support_00085_jpg.rf.2c8787f367efcf57ba10b7291a2aa806.jpg,same_class_duplicate,2,hotspot
C:\Users\ashis\Desktop\ScanAI\dataset_manager\clean\skin\lumpy_skin_disease\roboflow__cattle-diseases__100_jpg.rf.367714eee6a6503f72df72a352a66101.jpg,same_class_duplicate,2,lumpy_skin_disease
C:\Users\ashis\Desktop\ScanAI\dataset_manager\clean\skin\lumpy_skin_disease\roboflow__cattle-diseases__10_jpg.rf.fa0d603c4e10eda5ef077f42be708976.jpg,same_class_duplicate,2,lumpy_skin_disease
C:\Users\ashis\Desktop\ScanAI\dataset_manager\clean\skin\lumpy_skin_disease\roboflow__cattle-diseases__11_jpg.rf.f1efc693719b5f638a481970fa959014.jpg,same_class_duplicate,6,lumpy_skin_disease
C:\Users\ashis\Desktop\ScanAI\dataset_manager\clean\skin\lumpy_skin_disease\roboflow__cattle-diseases__18_jpg.rf.6830a6dc98d17a3f7683e4f0365e79c9.jpg,same_class_duplicate,6,lumpy_skin_disease
C:\Users\ashis\Desktop\ScanAI\dataset_manager\clean\skin\lumpy_skin_disease\roboflow__cattle-diseases__66_jpg.rf.71385eebbddbe4b1c531b158b35b8148.jpg,same_class_duplicate,6,lumpy_skin_disease
C:\Users\ashis\Desktop\ScanAI\dataset_manager\clean\skin\lumpy_skin_disease\roboflow__lumpy-skin-disease-detection__Lumpy_Skin_12_png.rf.523f17828360af286aa070227e830129.jpg,same_class_duplicate,6,lumpy_skin_disease
C:\Users\ashis\Desktop\ScanAI\dataset_manager\clean\skin\lumpy_skin_disease\roboflow__lumpy-skin-disease-detection__Lumpy_Skin_64_png.rf.70d7a488ea6abe9888e42e4f25ae2d58.jpg,same_class_duplicate,6,lumpy_skin_disease
C:\Users\ashis\Desktop\ScanAI\dataset_manager\clean\skin\lumpy_skin_disease\roboflow__cattle-diseases__12_jpg.rf.a4398707e3f7923c166d88a7a15ff459.jpg,same_class_duplicate,4,lumpy_skin_disease
C:\Users\ashis\Desktop\ScanAI\dataset_manager\clean\skin\lumpy_skin_disease\roboflow__cattle-diseases__54_jpg.rf.339d37fed82a3f1a2b1f7ec7abe0eb60.jpg,same_class_duplicate,4,lumpy_skin_disease
C:\Users\ashis\Desktop\ScanAI\dataset_manager\clean\skin\lumpy_skin_disease\roboflow__lumpy-skin-disease-detection__Lumpy_Skin_66_png.rf.e4067da43c81b42e937ebd73dae899f0.jpg,same_class_duplicate,4,lumpy_skin_disease
C:\Users\ashis\Desktop\ScanAI\dataset_manager\clean\skin\lumpy_skin_disease\roboflow__lumpy-skin-disease-detection__Lumpy_Skin_289_png.rf.f52327a0fce680493842d023db8d26f3.jpg,same_class_duplicate,3,lumpy_skin_disease
C:\Users\ashis\Desktop\ScanAI\dataset_manager\clean\skin\lumpy_skin_disease\roboflow__lumpy-skin-disease-detection__Lumpy_Skin_55_png.rf.b4de1b993884f6b1d93a9175aba74491.jpg,same_class_duplicate,3,lumpy_skin_disease
C:\Users\ashis\Desktop\ScanAI\dataset_manager\clean\skin\lumpy_skin_disease\roboflow__cattle-diseases__16_jpg.rf.cb83010bde75f287fdedbb7052b42b1d.jpg,same_class_duplicate,2,lumpy_skin_disease
C:\Users\ashis\Desktop\ScanAI\dataset_manager\clean\skin\lumpy_skin_disease\roboflow__cattle-diseases__17_jpg.rf.0e438ee41f32dcc184c1c285740f198c.jpg,same_class_duplicate,4,lumpy_skin_disease
C:\Users\ashis\Desktop\ScanAI\dataset_manager\clean\skin\lumpy_skin_disease\roboflow__lumpy-skin-disease-detection__Lumpy_Skin_303_png.rf.5d388e21de5bfdb56228956b53fc00e1.jpg,same_class_duplicate,4,lumpy_skin_disease
C:\Users\ashis\Desktop\ScanAI\dataset_manager\clean\skin\lumpy_skin_disease\roboflow__lumpy-skin-disease-detection__Lumpy_Skin_57_png.rf.450d5c9c709557b270500649d1443408.jpg,same_class_duplicate,4,lumpy_skin_disease
C:\Users\ashis\Desktop\ScanAI\dataset_manager\clean\skin\lumpy_skin_disease\roboflow__cattle-diseases__1_jpg.rf.00e88f8ef39261e24f8c9bd4412c5209.jpg,same_class_duplicate,2,lumpy_skin_disease
C:\Users\ashis\Desktop\ScanAI\dataset_manager\clean\skin\lumpy_skin_disease\roboflow__cattle-diseases__1_jpg.rf.8f2f68538e8f432ca05aeee4dbed9abe.jpg,same_class_duplicate,4,lumpy_skin_disease
C:\Users\ashis\Desktop\ScanAI\dataset_manager\clean\skin\lumpy_skin_disease\roboflow__lumpy-skin-disease-detection__Lumpy_Skin_295_png.rf.8b003ce8749ee1586141be38639df475.jpg,same_class_duplicate,4,lumpy_skin_disease
C:\Users\ashis\Desktop\ScanAI\dataset_manager\clean\skin\lumpy_skin_disease\roboflow__lumpy-skin-disease-detection__Lumpy_Skin_63_png.rf.704e9ce776207af5c76b2d97a629f77e.jpg,same_class_duplicate,4,lumpy_skin_disease
C:\Users\ashis\Desktop\ScanAI\dataset_manager\clean\skin\lumpy_skin_disease\roboflow__cattle-diseases__20_jpg.rf.cb50af054c8cf91c236b9b79ecf72ab9.jpg,same_class_duplicate,2,lumpy_skin_disease
C:\Users\ashis\Desktop\ScanAI\dataset_manager\clean\skin\lumpy_skin_disease\roboflow__cattle-diseases__21_jpg.rf.7ca2e6ae7a7f0e00c2d361b04617686e.jpg,same_class_duplicate,2,lumpy_skin_disease
C:\Users\ashis\Desktop\ScanAI\dataset_manager\clean\skin\lumpy_skin_disease\roboflow__cattle-diseases__25_jpg.rf.6ba5020d715724e01690c9c0331e16a2.jpg,same_class_duplicate,2,lumpy_skin_disease
C:\Users\ashis\Desktop\ScanAI\dataset_manager\clean\skin\lumpy_skin_disease\roboflow__cattle-diseases__28_jpg.rf.97ebad37aabd8d670e5051a17577d2ee.jpg,same_class_duplicate,2,lumpy_skin_disease
C:\Users\ashis\Desktop\ScanAI\dataset_manager\clean\skin\lumpy_skin_disease\roboflow__cattle-diseases__2_jpg.rf.b656d3b519970246d5ad43f5997037a6.jpg,same_class_duplicate,2,lumpy_skin_disease
C:\Users\ashis\Desktop\ScanAI\dataset_manager\clean\skin\lumpy_skin_disease\roboflow__cattle-diseases__30_jpg.rf.cde61e8122d881035861c1d42a174b31.jpg,same_class_duplicate,4,lumpy_skin_disease
C:\Users\ashis\Desktop\ScanAI\dataset_manager\clean\skin\lumpy_skin_disease\roboflow__lumpy-skin-disease-detection__Lumpy_Skin_34_png.rf.75aacdf6b3232b44bb5353314628b854.jpg,same_class_duplicate,4,lumpy_skin_disease
C:\Users\ashis\Desktop\ScanAI\dataset_manager\clean\skin\lumpy_skin_disease\roboflow__lumpy-skin-disease-detection__Lumpy_Skin_93_png.rf.812bdd20791d7b639c7ac8ba2a317bfe.jpg,same_class_duplicate,4,lumpy_skin_disease
C:\Users\ashis\Desktop\ScanAI\dataset_manager\clean\skin\lumpy_skin_disease\roboflow__cattle-diseases__33_jpg.rf.b0b675a75dc90ace54bbe52d0371d03a.jpg,same_class_duplicate,3,lumpy_skin_disease
C:\Users\ashis\Desktop\ScanAI\dataset_manager\clean\skin\lumpy_skin_disease\roboflow__lumpy-skin-disease-detection__Lumpy_Skin_197_png.rf.8bcc78e22eb57daa0dccdda7a17a62d9.jpg,same_class_duplicate,3,lumpy_skin_disease
C:\Users\ashis\Desktop\ScanAI\dataset_manager\clean\skin\lumpy_skin_disease\roboflow__cattle-diseases__40_jpg.rf.596e90abdb92431e8682b150793d830e.jpg,same_class_duplicate,2,lumpy_skin_disease
C:\Users\ashis\Desktop\ScanAI\dataset_manager\clean\skin\lumpy_skin_disease\roboflow__cattle-diseases__41_jpg.rf.12253e3205c8f11f924c463ac0c70f5e.jpg,same_class_duplicate,4,lumpy_skin_disease
C:\Users\ashis\Desktop\ScanAI\dataset_manager\clean\skin\lumpy_skin_disease\roboflow__lumpy-skin-disease-detection__Lumpy_Skin_23_png.rf.81916411490e9ce000436cfdd39ca685.jpg,same_class_duplicate,4,lumpy_skin_disease
C:\Users\ashis\Desktop\ScanAI\dataset_manager\clean\skin\lumpy_skin_disease\roboflow__lumpy-skin-disease-detection__Lumpy_Skin_54_png.rf.74e602f61989c35cc18aa0ec11a8eb74.jpg,same_class_duplicate,4,lumpy_skin_disease
C:\Users\ashis\Desktop\ScanAI\dataset_manager\clean\skin\lumpy_skin_disease\roboflow__cattle-diseases__44_jpg.rf.b23351ea96059609b19e5d006f102bf5.jpg,same_class_duplicate,2,lumpy_skin_disease
C:\Users\ashis\Desktop\ScanAI\dataset_manager\clean\skin\lumpy_skin_disease\roboflow__cattle-diseases__46_jpg.rf.d09b52115224b21c0e4f31d6b2764ac5.jpg,same_class_duplicate,2,lumpy_skin_disease
C:\Users\ashis\Desktop\ScanAI\dataset_manager\clean\skin\lumpy_skin_disease\roboflow__cattle-diseases__47_jpg.rf.4f0c7bd1dd4a9458636ca65038186d1a.jpg,same_class_duplicate,4,lumpy_skin_disease
C:\Users\ashis\Desktop\ScanAI\dataset_manager\clean\skin\lumpy_skin_disease\roboflow__cattle-diseases__71_jpg.rf.f2336e689a9cd79617ff0222e501e30f.jpg,same_class_duplicate,4,lumpy_skin_disease
C:\Users\ashis\Desktop\ScanAI\dataset_manager\clean\skin\lumpy_skin_disease\roboflow__lumpy-skin-disease-detection__Lumpy_Skin_116_png.rf.6f3e6fd829566f755701cb5ba2c13c87.jpg,same_class_duplicate,4,lumpy_skin_disease
C:\Users\ashis\Desktop\ScanAI\dataset_manager\clean\skin\lumpy_skin_disease\roboflow__cattle-diseases__48_jpg.rf.04cf75508736037304f9e10825e49282.jpg,same_class_duplicate,2,lumpy_skin_disease
C:\Users\ashis\Desktop\ScanAI\dataset_manager\clean\skin\lumpy_skin_disease\roboflow__cattle-diseases__49_jpg.rf.f6838d7f1617507186fcc119b1b692d3.jpg,same_class_duplicate,2,lumpy_skin_disease
C:\Users\ashis\Desktop\ScanAI\dataset_manager\clean\skin\lumpy_skin_disease\roboflow__cattle-diseases__50_jpg.rf.5641b892eb6494395547b3decca89755.jpg,same_class_duplicate,2,lumpy_skin_disease
C:\Users\ashis\Desktop\ScanAI\dataset_manager\clean\skin\lumpy_skin_disease\roboflow__cattle-diseases__51_jpg.rf.68133d5b1df28734fa1c88fb55960dbb.jpg,same_class_duplicate,4,lumpy_skin_disease
C:\Users\ashis\Desktop\ScanAI\dataset_manager\clean\skin\lumpy_skin_disease\roboflow__lumpy-skin-disease-detection__Lumpy_Skin_249_png.rf.e7d8924b5f14090a2c4d9ea8d6f089cf.jpg,same_class_duplicate,4,lumpy_skin_disease
C:\Users\ashis\Desktop\ScanAI\dataset_manager\clean\skin\lumpy_skin_disease\roboflow__lumpy-skin-disease-detection__Lumpy_Skin_39_png.rf.f6766604482bbac1875a1fb9f277f92e.jpg,same_class_duplicate,4,lumpy_skin_disease
C:\Users\ashis\Desktop\ScanAI\dataset_manager\clean\skin\lumpy_skin_disease\roboflow__cattle-diseases__53_jpg.rf.7ab91fc93455282aa8357a54463228b4.jpg,same_class_duplicate,2,lumpy_skin_disease
C:\Users\ashis\Desktop\ScanAI\dataset_manager\clean\skin\lumpy_skin_disease\roboflow__cattle-diseases__55_jpg.rf.3a99638bbd65fff5ddd8770b2dec8ab1.jpg,same_class_duplicate,3,lumpy_skin_disease
C:\Users\ashis\Desktop\ScanAI\dataset_manager\clean\skin\lumpy_skin_disease\roboflow__lumpy-skin-disease-detection__Lumpy_Skin_59_png.rf.d382d5aebb5bf8cdfa743abd141ea797.jpg,same_class_duplicate,3,lumpy_skin_disease
C:\Users\ashis\Desktop\ScanAI\dataset_manager\clean\skin\lumpy_skin_disease\roboflow__cattle-diseases__60_jpg.rf.e32455b84e1e5fbecbed2307e39d7446.jpg,same_class_duplicate,2,lumpy_skin_disease
C:\Users\ashis\Desktop\ScanAI\dataset_manager\clean\skin\lumpy_skin_disease\roboflow__cattle-diseases__65_jpg.rf.d57077562df9574df6bcad5d4cbd9014.jpg,same_class_duplicate,2,lumpy_skin_disease
C:\Users\ashis\Desktop\ScanAI\dataset_manager\clean\skin\lumpy_skin_disease\roboflow__cattle-diseases__67_jpg.rf.3c33118e0b4c8d0a74454bb3b7b2d1f5.jpg,same_class_duplicate,2,lumpy_skin_disease
C:\Users\ashis\Desktop\ScanAI\dataset_manager\clean\skin\lumpy_skin_disease\roboflow__cattle-diseases__69_jpg.rf.9ff5b2c7ae402ca325fcf7ff298f68cd.jpg,same_class_duplicate,2,lumpy_skin_disease
C:\Users\ashis\Desktop\ScanAI\dataset_manager\clean\skin\lumpy_skin_disease\roboflow__cattle-diseases__70_jpg.rf.e8e7a55e533f62029c8b1bb2b851ea63.jpg,same_class_duplicate,4,lumpy_skin_disease
C:\Users\ashis\Desktop\ScanAI\dataset_manager\clean\skin\lumpy_skin_disease\roboflow__cattle-diseases__84_jpg.rf.5cdb7c4a5d0727777b2ce88ba796b06c.jpg,same_class_duplicate,4,lumpy_skin_disease
C:\Users\ashis\Desktop\ScanAI\dataset_manager\clean\skin\lumpy_skin_disease\roboflow__cattle-diseases__88_jpg.rf.c8fc19327d4a4679765334094165968c.jpg,same_class_duplicate,4,lumpy_skin_disease
C:\Users\ashis\Desktop\ScanAI\dataset_manager\clean\skin\lumpy_skin_disease\roboflow__cattle-diseases__76_jpg.rf.90ce63fefcdd7a0aba6cde18ea5ebb55.jpg,same_class_duplicate,4,lumpy_skin_disease
C:\Users\ashis\Desktop\ScanAI\dataset_manager\clean\skin\lumpy_skin_disease\roboflow__cattle-diseases__83_jpg.rf.c30ec745dda4f42367eb58cc9a2f01ee.jpg,same_class_duplicate,4,lumpy_skin_disease
C:\Users\ashis\Desktop\ScanAI\dataset_manager\clean\skin\lumpy_skin_disease\roboflow__lumpy-skin-disease-detection__Lumpy_Skin_300_png.rf.a7f7653168472f814621e4afa02736cb.jpg,same_class_duplicate,4,lumpy_skin_disease
C:\Users\ashis\Desktop\ScanAI\dataset_manager\clean\skin\lumpy_skin_disease\roboflow__cattle-diseases__80_jpg.rf.1e7270e14463eac293d9a197b8afb372.jpg,same_class_duplicate,2,lumpy_skin_disease
C:\Users\ashis\Desktop\ScanAI\dataset_manager\clean\skin\lumpy_skin_disease\roboflow__cattle-diseases__81_jpg.rf.f22d846d25ab0a50bb52ecac9c87f0f1.jpg,same_class_duplicate,2,lumpy_skin_disease
C:\Users\ashis\Desktop\ScanAI\dataset_manager\clean\skin\lumpy_skin_disease\roboflow__cattle-diseases__85_jpg.rf.c7e7871d4d7409a241eb224d54349d63.jpg,same_class_duplicate,2,lumpy_skin_disease
C:\Users\ashis\Desktop\ScanAI\dataset_manager\clean\skin\lumpy_skin_disease\roboflow__cattle-diseases__86_jpg.rf.cb72f06aad4fb9d5648d5a8ba6caff3a.jpg,same_class_duplicate,2,lumpy_skin_disease
C:\Users\ashis\Desktop\ScanAI\dataset_manager\clean\skin\lumpy_skin_disease\roboflow__cattle-diseases__87_jpg.rf.ea214b2fd3946376a8f7b00df85935d0.jpg,same_class_duplicate,2,lumpy_skin_disease
C:\Users\ashis\Desktop\ScanAI\dataset_manager\clean\skin\lumpy_skin_disease\roboflow__cattle-diseases__93_jpg.rf.80860a6be57f980e95e50c1422df23e1.jpg,same_class_duplicate,2,lumpy_skin_disease
C:\Users\ashis\Desktop\ScanAI\dataset_manager\clean\skin\lumpy_skin_disease\roboflow__cattle-diseases__96_jpg.rf.92d4b459ddd8c58df7f8312398ecc858.jpg,same_class_duplicate,2,lumpy_skin_disease
C:\Users\ashis\Desktop\ScanAI\dataset_manager\clean\skin\lumpy_skin_disease\roboflow__lumpy-skin-disease-detection__Lumpy_Skin_265_png.rf.0fa94ac2a213edeec7ce1d499cc77014.jpg,same_class_duplicate,2,lumpy_skin_disease
C:\Users\ashis\Desktop\ScanAI\dataset_manager\clean\skin\lumpy_skin_disease\roboflow__lumpy-skin-disease-detection__Lumpy_Skin_153_png.rf.c94d7fb63fbcec573ab316d9b1e43943.jpg,same_class_duplicate,3,lumpy_skin_disease
C:\Users\ashis\Desktop\ScanAI\dataset_manager\clean\skin\lumpy_skin_disease\roboflow__lumpy-skin-disease-detection__Lumpy_Skin_42_png.rf.621fcbe57fd4b3b935eacc13790ad5c4.jpg,same_class_duplicate,3,lumpy_skin_disease
C:\Users\ashis\Desktop\ScanAI\dataset_manager\clean\skin\lumpy_skin_disease\roboflow__cattle-diseases__Gallery_1661885931901_jpg.rf.209ed03cf4055403ba02a3357a7a1231.jpg,same_class_duplicate,2,lumpy_skin_disease
C:\Users\ashis\Desktop\ScanAI\dataset_manager\clean\skin\lumpy_skin_disease\roboflow__cattle-diseases__Gallery_1661886020452_jpg.rf.14a8336885199f6d87f5389eb1b4b544.jpg,same_class_duplicate,2,lumpy_skin_disease
C:\Users\ashis\Desktop\ScanAI\dataset_manager\clean\skin\lumpy_skin_disease\roboflow__cattle-diseases__images-1-_jpg.rf.ef959fb3109d0a157d8192ca6bcabcb2.jpg,same_class_duplicate,2,lumpy_skin_disease
C:\Users\ashis\Desktop\ScanAI\dataset_manager\clean\skin\lumpy_skin_disease\roboflow__cattle-diseases__images-2-_jpg.rf.03fc966a1173f27df8c8ad6354368a58.jpg,same_class_duplicate,2,lumpy_skin_disease
C:\Users\ashis\Desktop\ScanAI\dataset_manager\clean\skin\lumpy_skin_disease\roboflow__cattle-diseases__images-2-_jpg.rf.3c00ee8de0451c898f9555419211fc4e.jpg,same_class_duplicate,2,lumpy_skin_disease
C:\Users\ashis\Desktop\ScanAI\dataset_manager\clean\skin\lumpy_skin_disease\roboflow__cattle-diseases__images_jpg.rf.9bbeb663cd11421cebe9d191689eb336.jpg,same_class_duplicate,2,lumpy_skin_disease
C:\Users\ashis\Desktop\ScanAI\dataset_manager\clean\skin\lumpy_skin_disease\roboflow__cattle-diseases__images_jpg.rf.837fefe37173b149878d572b3d113f4b.jpg,same_class_duplicate,2,lumpy_skin_disease
C:\Users\ashis\Desktop\ScanAI\dataset_manager\clean\skin\lumpy_skin_disease\roboflow__cattle-diseases__IMG-20220830-WA0047_jpg.rf.236337ee53da624cbe2badb549922a8a.jpg,same_class_duplicate,2,lumpy_skin_disease
C:\Users\ashis\Desktop\ScanAI\dataset_manager\clean\skin\lumpy_skin_disease\roboflow__cattle-diseases__IMG-20220830-WA0048_jpg.rf.abaa8d3d8e343eb8f3c095f3f708ce55.jpg,same_class_duplicate,2,lumpy_skin_disease
C:\Users\ashis\Desktop\ScanAI\dataset_manager\clean\skin\lumpy_skin_disease\roboflow__cattle-diseases__IMG-20220830-WA0048_jpg.rf.3d8646bc406e3a1151545d26e924cb2b.jpg,same_class_duplicate,2,lumpy_skin_disease
C:\Users\ashis\Desktop\ScanAI\dataset_manager\clean\skin\lumpy_skin_disease\roboflow__cattle-diseases__IMG-20220830-WA0050_jpg.rf.bf3a929973c2c06ac7c618dea6477785.jpg,same_class_duplicate,2,lumpy_skin_disease
C:\Users\ashis\Desktop\ScanAI\dataset_manager\clean\skin\lumpy_skin_disease\roboflow__lumpy-skin-disease-detection__Lumpy_Skin_121_png.rf.ab284286d980dcea27cd8449edf7e5cd.jpg,same_class_duplicate,2,lumpy_skin_disease
C:\Users\ashis\Desktop\ScanAI\dataset_manager\clean\skin\lumpy_skin_disease\roboflow__cattle-diseases__IMG-20220830-WA0052_jpg.rf.37cf626ae384a2ed268ffc43fb8fa1b3.jpg,same_class_duplicate,2,lumpy_skin_disease
C:\Users\ashis\Desktop\ScanAI\dataset_manager\clean\skin\lumpy_skin_disease\roboflow__cattle-diseases__IMG-20220830-WA0053_jpg.rf.dc8513e3afac6c8d111ea35c170a186b.jpg,same_class_duplicate,2,lumpy_skin_disease
C:\Users\ashis\Desktop\ScanAI\dataset_manager\clean\skin\lumpy_skin_disease\roboflow__cattle-diseases__IMG-20220830-WA0054_jpg.rf.508013505b80df23c2931d2758c6c90d.jpg,same_class_duplicate,2,lumpy_skin_disease
C:\Users\ashis\Desktop\ScanAI\dataset_manager\clean\skin\lumpy_skin_disease\roboflow__cattle-diseases__IMG-20220830-WA0062_jpg.rf.7c6e74ab6e1774b69c0bda7dd63690fe.jpg,same_class_duplicate,2,lumpy_skin_disease
C:\Users\ashis\Desktop\ScanAI\dataset_manager\clean\skin\lumpy_skin_disease\roboflow__cattle-diseases__IMG-20220830-WA0062_jpg.rf.a4a79e61935817f66a6edb62692c1f91.jpg,same_class_duplicate,2,lumpy_skin_disease
C:\Users\ashis\Desktop\ScanAI\dataset_manager\clean\skin\lumpy_skin_disease\roboflow__cattle-diseases__IMG-20220830-WA0065_jpg.rf.3389d094d3d5fdcac152cc21c51d1756.jpg,same_class_duplicate,2,lumpy_skin_disease
C:\Users\ashis\Desktop\ScanAI\dataset_manager\clean\skin\lumpy_skin_disease\roboflow__cattle-diseases__IMG-20220830-WA0070_jpg.rf.f158c671c52a16976de6c9b3ac5ee5a2.jpg,same_class_duplicate,2,lumpy_skin_disease
C:\Users\ashis\Desktop\ScanAI\dataset_manager\clean\skin\lumpy_skin_disease\roboflow__cattle-diseases__IMG-20220830-WA0074_jpg.rf.c660cbcad542892411d6004d4821258f.jpg,same_class_duplicate,2,lumpy_skin_disease
C:\Users\ashis\Desktop\ScanAI\dataset_manager\clean\skin\lumpy_skin_disease\roboflow__cattle-diseases__IMG-20220830-WA0074_jpg.rf.132f7b12224afa649466da922725d4dd.jpg,same_class_duplicate,2,lumpy_skin_disease
C:\Users\ashis\Desktop\ScanAI\dataset_manager\clean\skin\lumpy_skin_disease\roboflow__cattle-diseases__IMG-20220830-WA0079_jpg.rf.fdfe889c62b05f743d734313dc75cb05.jpg,same_class_duplicate,2,lumpy_skin_disease
C:\Users\ashis\Desktop\ScanAI\dataset_manager\clean\skin\lumpy_skin_disease\roboflow__cattle-diseases__IMG-20220830-WA0082_jpg.rf.f85e5f81188e87f0d4527c73bea1add2.jpg,same_class_duplicate,2,lumpy_skin_disease
C:\Users\ashis\Desktop\ScanAI\dataset_manager\clean\skin\lumpy_skin_disease\roboflow__cattle-diseases__IMG-20220830-WA0084_jpg.rf.f9457b6ddf4a2f5d9b7cd00330df6bf9.jpg,same_class_duplicate,2,lumpy_skin_disease
C:\Users\ashis\Desktop\ScanAI\dataset_manager\clean\skin\lumpy_skin_disease\roboflow__cattle-diseases__IMG-20220830-WA0084_jpg.rf.754716192be8b42b21f8235b6133ac33.jpg,same_class_duplicate,2,lumpy_skin_disease
C:\Users\ashis\Desktop\ScanAI\dataset_manager\clean\skin\lumpy_skin_disease\roboflow__cattle-diseases__IMG-20220830-WA0087_jpg.rf.a95529d12b0636b56e0683b96ba36649.jpg,same_class_duplicate,2,lumpy_skin_disease
C:\Users\ashis\Desktop\ScanAI\dataset_manager\clean\skin\lumpy_skin_disease\roboflow__cattle-diseases__IMG-20220830-WA0105_jpg.rf.5eaac750f94cb86303fc6daa3ef99ff8.jpg,same_class_duplicate,2,lumpy_skin_disease
C:\Users\ashis\Desktop\ScanAI\dataset_manager\clean\skin\lumpy_skin_disease\roboflow__cattle-diseases__IMG-20220830-WA0105_jpg.rf.7fe2ae793297c53ad433e51c3d5bc96d.jpg,same_class_duplicate,2,lumpy_skin_disease
C:\Users\ashis\Desktop\ScanAI\dataset_manager\clean\skin\lumpy_skin_disease\roboflow__cattle-diseases__IMG-20220830-WA0107_jpg.rf.c85c4025e7b6a124c2f33497c13c71f8.jpg,same_class_duplicate,2,lumpy_skin_disease
C:\Users\ashis\Desktop\ScanAI\dataset_manager\clean\skin\lumpy_skin_disease\roboflow__cattle-diseases__IMG-20220830-WA0107_jpg.rf.3fd10f908bd6ba412d959b4abfc194fe.jpg,same_class_duplicate,2,lumpy_skin_disease
C:\Users\ashis\Desktop\ScanAI\dataset_manager\clean\skin\lumpy_skin_disease\roboflow__cattle-diseases__IMG-20220830-WA0112_jpg.rf.4b36b3496e8bf95ec86d53738023e72d.jpg,same_class_duplicate,2,lumpy_skin_disease
C:\Users\ashis\Desktop\ScanAI\dataset_manager\clean\skin\lumpy_skin_disease\roboflow__cattle-diseases__IMG-20220830-WA0120_jpg.rf.fdfbef1e563b002cfa8788bf2ec84c9c.jpg,same_class_duplicate,2,lumpy_skin_disease
C:\Users\ashis\Desktop\ScanAI\dataset_manager\clean\skin\lumpy_skin_disease\roboflow__cattle-diseases__IMG-20220830-WA0125_jpg.rf.22888ec1418e305dded0bab5e187adc8.jpg,same_class_duplicate,2,lumpy_skin_disease
C:\Users\ashis\Desktop\ScanAI\dataset_manager\clean\skin\lumpy_skin_disease\roboflow__cattle-diseases__IMG-20220830-WA0125_jpg.rf.4c368f9338f8d9b21cb68fd41cffaee2.jpg,same_class_duplicate,2,lumpy_skin_disease
C:\Users\ashis\Desktop\ScanAI\dataset_manager\clean\skin\lumpy_skin_disease\roboflow__cattle-diseases__IMG-20220830-WA0125_jpg.rf.d3d4a65ec50bd826b872359c5b4cea23.jpg,same_class_duplicate,2,lumpy_skin_disease
C:\Users\ashis\Desktop\ScanAI\dataset_manager\clean\skin\lumpy_skin_disease\roboflow__cattle-diseases__IMG-20220830-WA0126_jpg.rf.8d116d630b43933a883b6d91d3494341.jpg,same_class_duplicate,2,lumpy_skin_disease
C:\Users\ashis\Desktop\ScanAI\dataset_manager\clean\skin\lumpy_skin_disease\roboflow__cattle-diseases__IMG-20220830-WA0126_jpg.rf.e9ff96cfb551ece6627dade9cf140345.jpg,same_class_duplicate,2,lumpy_skin_disease
C:\Users\ashis\Desktop\ScanAI\dataset_manager\clean\skin\lumpy_skin_disease\roboflow__cattle-diseases__IMG-20220830-WA0127_jpg.rf.e470b6fe476dc04acea7e57459c2a3dd.jpg,same_class_duplicate,2,lumpy_skin_disease
C:\Users\ashis\Desktop\ScanAI\dataset_manager\clean\skin\lumpy_skin_disease\roboflow__cattle-diseases__IMG-20220830-WA0127_jpg.rf.b21497d2b3fcb79abc6edddb84f0ce7d.jpg,same_class_duplicate,2,lumpy_skin_disease
C:\Users\ashis\Desktop\ScanAI\dataset_manager\clean\skin\lumpy_skin_disease\roboflow__cattle-diseases__IMG-20220830-WA0141_jpg.rf.e5fbaedc7051f2429616d223ba118e6f.jpg,same_class_duplicate,2,lumpy_skin_disease
C:\Users\ashis\Desktop\ScanAI\dataset_manager\clean\skin\lumpy_skin_disease\roboflow__cattle-diseases__IMG-20220830-WA0141_jpg.rf.06d781344e6459c36dfb33a98a34bec1.jpg,same_class_duplicate,2,lumpy_skin_disease
C:\Users\ashis\Desktop\ScanAI\dataset_manager\clean\skin\lumpy_skin_disease\roboflow__cattle-diseases__IMG-20220830-WA0141_jpg.rf.923f347150f6fdc5f5c93e8fd4a5af55.jpg,same_class_duplicate,2,lumpy_skin_disease
C:\Users\ashis\Desktop\ScanAI\dataset_manager\clean\skin\lumpy_skin_disease\roboflow__cattle-diseases__IMG-20220830-WA0151_jpg.rf.6e90dcd430a30c446a487cfc3204ea1a.jpg,same_class_duplicate,2,lumpy_skin_disease
C:\Users\ashis\Desktop\ScanAI\dataset_manager\clean\skin\lumpy_skin_disease\roboflow__cattle-diseases__IMG-20220830-WA0151_jpg.rf.05966fe7bfee72fb21817f97521ebd27.jpg,same_class_duplicate,2,lumpy_skin_disease
C:\Users\ashis\Desktop\ScanAI\dataset_manager\clean\skin\lumpy_skin_disease\roboflow__cattle-diseases__IMG-20220830-WA0153_jpg.rf.9dd739cf9d78cb910b31f736960b1445.jpg,same_class_duplicate,2,lumpy_skin_disease
C:\Users\ashis\Desktop\ScanAI\dataset_manager\clean\skin\lumpy_skin_disease\roboflow__cattle-diseases__IMG-20220830-WA0164_jpg.rf.82adb1d3cb02e34842d811a5e7d84915.jpg,same_class_duplicate,2,lumpy_skin_disease
C:\Users\ashis\Desktop\ScanAI\dataset_manager\clean\skin\lumpy_skin_disease\roboflow__cattle-diseases__IMG-20220830-WA0164_jpg.rf.d31bb63a817a0e39afc43142f8023811.jpg,same_class_duplicate,2,lumpy_skin_disease
C:\Users\ashis\Desktop\ScanAI\dataset_manager\clean\skin\lumpy_skin_disease\roboflow__cattle-diseases__IMG-20220830-WA0166_jpg.rf.2fa08c27bac4b2c505f3be8e7d99f961.jpg,same_class_duplicate,2,lumpy_skin_disease
C:\Users\ashis\Desktop\ScanAI\dataset_manager\clean\skin\lumpy_skin_disease\roboflow__cattle-diseases__IMG-20220830-WA0187_jpg.rf.43b22a22ce14ffd8b7f8a359afae9aea.jpg,same_class_duplicate,2,lumpy_skin_disease
C:\Users\ashis\Desktop\ScanAI\dataset_manager\clean\skin\lumpy_skin_disease\roboflow__cattle-diseases__IMG-20220830-WA0187_jpg.rf.2f2a37d390f492b5c2054d896484cb72.jpg,same_class_duplicate,2,lumpy_skin_disease
C:\Users\ashis\Desktop\ScanAI\dataset_manager\clean\skin\lumpy_skin_disease\roboflow__cattle-diseases__IMG-20220830-WA0189_jpg.rf.e01c2d0628785a1cbd011f38d4ab738b.jpg,same_class_duplicate,2,lumpy_skin_disease
C:\Users\ashis\Desktop\ScanAI\dataset_manager\clean\skin\lumpy_skin_disease\roboflow__cattle-diseases__IMG-20220830-WA0189_jpg.rf.3022f9774470ccc6c115a5f96f4ff27a.jpg,same_class_duplicate,2,lumpy_skin_disease
C:\Users\ashis\Desktop\ScanAI\dataset_manager\clean\skin\lumpy_skin_disease\roboflow__cattle-diseases__IMG-20220830-WA0190_jpg.rf.79fbe984646bb370826be8e7dcefe8af.jpg,same_class_duplicate,2,lumpy_skin_disease
C:\Users\ashis\Desktop\ScanAI\dataset_manager\clean\skin\lumpy_skin_disease\roboflow__cattle-diseases__IMG-20220830-WA0190_jpg.rf.d73f05306735c34d72ef60d1c7e3985f.jpg,same_class_duplicate,2,lumpy_skin_disease
C:\Users\ashis\Desktop\ScanAI\dataset_manager\clean\skin\lumpy_skin_disease\roboflow__cattle-diseases__IMG-20220830-WA0191_jpg.rf.0a8c3cd15d575c8ba2efe2278a20dc03.jpg,same_class_duplicate,2,lumpy_skin_disease
C:\Users\ashis\Desktop\ScanAI\dataset_manager\clean\skin\lumpy_skin_disease\roboflow__cattle-diseases__IMG-20220830-WA0191_jpg.rf.ce3a97c06a892e35662721a801a5fe49.jpg,same_class_duplicate,2,lumpy_skin_disease
C:\Users\ashis\Desktop\ScanAI\dataset_manager\clean\skin\lumpy_skin_disease\roboflow__cattle-diseases__IMG-20220830-WA0192_jpg.rf.96746c7d5b74de40e8baa9e4ef50ea5e.jpg,same_class_duplicate,2,lumpy_skin_disease
C:\Users\ashis\Desktop\ScanAI\dataset_manager\clean\skin\lumpy_skin_disease\roboflow__cattle-diseases__IMG-20220830-WA0192_jpg.rf.fce31166e840a81b5ed52f9394d4d589.jpg,same_class_duplicate,2,lumpy_skin_disease
C:\Users\ashis\Desktop\ScanAI\dataset_manager\clean\skin\lumpy_skin_disease\roboflow__cattle-diseases__IMG-20220830-WA0192_jpg.rf.c8d9a467856892811affa16eefbe02be.jpg,same_class_duplicate,2,lumpy_skin_disease
C:\Users\ashis\Desktop\ScanAI\dataset_manager\clean\skin\lumpy_skin_disease\roboflow__cattle-diseases__IMG-20220830-WA0194_jpg.rf.af3d3ddd31c04e5b1eae24efb4781011.jpg,same_class_duplicate,2,lumpy_skin_disease
C:\Users\ashis\Desktop\ScanAI\dataset_manager\clean\skin\lumpy_skin_disease\roboflow__cattle-diseases__IMG-20220830-WA0194_jpg.rf.94e42e3dabb0e518c4eeff569869ba64.jpg,same_class_duplicate,2,lumpy_skin_disease
C:\Users\ashis\Desktop\ScanAI\dataset_manager\clean\skin\lumpy_skin_disease\roboflow__cattle-diseases__IMG-20220830-WA0195_jpg.rf.b2244e7f9691735120cee36d2a68a0ff.jpg,same_class_duplicate,2,lumpy_skin_disease
C:\Users\ashis\Desktop\ScanAI\dataset_manager\clean\skin\lumpy_skin_disease\roboflow__cattle-diseases__IMG-20220830-WA0195_jpg.rf.00ae728b9eef51da276a8a45444c31a2.jpg,same_class_duplicate,2,lumpy_skin_disease
C:\Users\ashis\Desktop\ScanAI\dataset_manager\clean\skin\lumpy_skin_disease\roboflow__cattle-diseases__IMG-20220830-WA0197_jpg.rf.90ed0b53f8e49fb168f9f5b87ab8fa21.jpg,same_class_duplicate,2,lumpy_skin_disease
C:\Users\ashis\Desktop\ScanAI\dataset_manager\clean\skin\lumpy_skin_disease\roboflow__cattle-diseases__IMG-20220830-WA0197_jpg.rf.fffcafb499cfb168ab8824afe2aeae39.jpg,same_class_duplicate,2,lumpy_skin_disease
C:\Users\ashis\Desktop\ScanAI\dataset_manager\clean\skin\lumpy_skin_disease\roboflow__cattle-diseases__IMG-20220830-WA0197_jpg.rf.df9999b625d1f6274008c4d971b520ce.jpg,same_class_duplicate,2,lumpy_skin_disease
C:\Users\ashis\Desktop\ScanAI\dataset_manager\clean\skin\lumpy_skin_disease\roboflow__cattle-diseases__IMG-20220830-WA0200_jpg.rf.e2b25d565276cddda577a0e44deed626.jpg,same_class_duplicate,2,lumpy_skin_disease
C:\Users\ashis\Desktop\ScanAI\dataset_manager\clean\skin\lumpy_skin_disease\roboflow__cattle-diseases__IMG-20220830-WA0200_jpg.rf.d924c8501acec88b70924b10f648aa51.jpg,same_class_duplicate,2,lumpy_skin_disease
C:\Users\ashis\Desktop\ScanAI\dataset_manager\clean\skin\lumpy_skin_disease\roboflow__cattle-diseases__IMG-20220830-WA0205_jpg.rf.f506e8bc1c118350fba039c7c7538163.jpg,same_class_duplicate,2,lumpy_skin_disease
C:\Users\ashis\Desktop\ScanAI\dataset_manager\clean\skin\lumpy_skin_disease\roboflow__cattle-diseases__IMG-20220830-WA0205_jpg.rf.1a90b264681d4a0b022899f1f4768e43.jpg,same_class_duplicate,2,lumpy_skin_disease
C:\Users\ashis\Desktop\ScanAI\dataset_manager\clean\skin\lumpy_skin_disease\roboflow__cattle-diseases__IMG-20220830-WA0218_jpg.rf.ed84fee7197ca4e9aba23d58eaf3a593.jpg,same_class_duplicate,2,lumpy_skin_disease
C:\Users\ashis\Desktop\ScanAI\dataset_manager\clean\skin\lumpy_skin_disease\roboflow__cattle-diseases__IMG-20220830-WA0218_jpg.rf.4fb3affd9f6e14c9ab3ff84861e214a8.jpg,same_class_duplicate,2,lumpy_skin_disease
C:\Users\ashis\Desktop\ScanAI\dataset_manager\clean\skin\lumpy_skin_disease\roboflow__cattle-diseases__IMG-20220830-WA0237_jpg.rf.6792d73c073665e1fe2f4302e520cfd4.jpg,same_class_duplicate,2,lumpy_skin_disease
C:\Users\ashis\Desktop\ScanAI\dataset_manager\clean\skin\lumpy_skin_disease\roboflow__cattle-diseases__IMG-20220830-WA0237_jpg.rf.ca7e3bc52fb1855f8715aa693b43cac5.jpg,same_class_duplicate,2,lumpy_skin_disease
C:\Users\ashis\Desktop\ScanAI\dataset_manager\clean\skin\lumpy_skin_disease\roboflow__cattle-diseases__IMG-20220830-WA0238_jpg.rf.18945eb154b13752357779c52d8154e7.jpg,same_class_duplicate,2,lumpy_skin_disease
C:\Users\ashis\Desktop\ScanAI\dataset_manager\clean\skin\lumpy_skin_disease\roboflow__cattle-diseases__IMG-20220830-WA0238_jpg.rf.87ca71e15fced9915d1ab8717c514f19.jpg,same_class_duplicate,2,lumpy_skin_disease
C:\Users\ashis\Desktop\ScanAI\dataset_manager\clean\skin\lumpy_skin_disease\roboflow__cattle-diseases__IMG-20220830-WA0239_jpg.rf.1f7b8ad2bbba734f0085b05dde9d4704.jpg,same_class_duplicate,2,lumpy_skin_disease
C:\Users\ashis\Desktop\ScanAI\dataset_manager\clean\skin\lumpy_skin_disease\roboflow__cattle-diseases__IMG-20220830-WA0252_jpg.rf.f7ceb0bc8d5cb870a4086ea699d809a2.jpg,same_class_duplicate,2,lumpy_skin_disease
C:\Users\ashis\Desktop\ScanAI\dataset_manager\clean\skin\lumpy_skin_disease\roboflow__cattle-diseases__IMG-20220830-WA0252_jpg.rf.d6b55c15fe98c2c86b31ee013aa8003a.jpg,same_class_duplicate,2,lumpy_skin_disease
C:\Users\ashis\Desktop\ScanAI\dataset_manager\clean\skin\lumpy_skin_disease\roboflow__cattle-diseases__IMG-20220830-WA0253_jpg.rf.61d431b66ec1b0ef0f2e8bccdcd789b3.jpg,same_class_duplicate,2,lumpy_skin_disease
C:\Users\ashis\Desktop\ScanAI\dataset_manager\clean\skin\lumpy_skin_disease\roboflow__cattle-diseases__IMG-20220831-WA0007_jpg.rf.6263d3bcb8e8a725ceb938dd88e9250e.jpg,same_class_duplicate,2,lumpy_skin_disease
C:\Users\ashis\Desktop\ScanAI\dataset_manager\clean\skin\lumpy_skin_disease\roboflow__lumpy-skin-disease-detection__Lumpy_Skin_109_png.rf.6ac6358b96dd1d7a100a6f9004e0c9cc.jpg,same_class_duplicate,3,lumpy_skin_disease
C:\Users\ashis\Desktop\ScanAI\dataset_manager\clean\skin\lumpy_skin_disease\roboflow__lumpy-skin-disease-detection__Lumpy_Skin_27_png.rf.2ad6afe9d763aeac170ff90945fe5cd1.jpg,same_class_duplicate,3,lumpy_skin_disease
C:\Users\ashis\Desktop\ScanAI\dataset_manager\clean\skin\lumpy_skin_disease\roboflow__lumpy-skin-disease-detection__Lumpy_Skin_222_png.rf.6895c011f05f12546465e69bce16d466.jpg,same_class_duplicate,2,lumpy_skin_disease
C:\Users\ashis\Desktop\ScanAI\dataset_manager\clean\skin\lumpy_skin_disease\kaggle__devang03mgr__cattle-diseases-datasets__Lumpy_Skin_224_png.rf.4d1bd721d53245d687d9ebbbbae39403.jpg,same_class_duplicate,4,lumpy_skin_disease
C:\Users\ashis\Desktop\ScanAI\dataset_manager\clean\skin\lumpy_skin_disease\roboflow__lumpy-skin-disease-detection__Lumpy_Skin_224_png.rf.2e3660b4680d880729e810d0ca90a42a.jpg,same_class_duplicate,4,lumpy_skin_disease
C:\Users\ashis\Desktop\ScanAI\dataset_manager\clean\skin\lumpy_skin_disease\roboflow__lumpy-skin-disease-detection__Lumpy_Skin_299_png.rf.9fc833aeccdd40f8880a75d167549674.jpg,same_class_duplicate,4,lumpy_skin_disease
C:\Users\ashis\Desktop\ScanAI\dataset_manager\clean\skin\lumpy_skin_disease\roboflow__lumpy-skin-disease-detection__Lumpy_Skin_114_png.rf.cc68659043a78ab5a0dc0f2fb680c655.jpg,same_class_duplicate,3,lumpy_skin_disease
C:\Users\ashis\Desktop\ScanAI\dataset_manager\clean\skin\lumpy_skin_disease\roboflow__lumpy-skin-disease-detection__Lumpy_Skin_305_png.rf.c93c58abdef0ec7a7963ee3e04eba723.jpg,same_class_duplicate,3,lumpy_skin_disease
C:\Users\ashis\Desktop\ScanAI\dataset_manager\clean\skin\lumpy_skin_disease\kaggle__devang03mgr__cattle-diseases-datasets__Lumpy_Skin_200_png.rf.39ff89fe09c476f7915fd98568076e7b.jpg,same_class_duplicate,5,lumpy_skin_disease
C:\Users\ashis\Desktop\ScanAI\dataset_manager\clean\skin\lumpy_skin_disease\roboflow__lumpy-skin-disease-detection__Lumpy_Skin_110_png.rf.2017de9ee5e9a006124b8a21f0a1a045.jpg,same_class_duplicate,5,lumpy_skin_disease
C:\Users\ashis\Desktop\ScanAI\dataset_manager\clean\skin\lumpy_skin_disease\roboflow__lumpy-skin-disease-detection__Lumpy_Skin_200_png.rf.2a9e19fc0e0b3716b7fee87d5e759ceb.jpg,same_class_duplicate,5,lumpy_skin_disease
C:\Users\ashis\Desktop\ScanAI\dataset_manager\clean\skin\lumpy_skin_disease\roboflow__lumpy-skin-disease-detection__Lumpy_Skin_312_png.rf.ab7b06567cacf6234886dbe54f48657b.jpg,same_class_duplicate,5,lumpy_skin_disease
C:\Users\ashis\Desktop\ScanAI\dataset_manager\clean\skin\lumpy_skin_disease\roboflow__lumpy-skin-disease-detection__Lumpy_Skin_112_png.rf.6648f50875d1887da901a327358c1fc6.jpg,same_class_duplicate,2,lumpy_skin_disease
C:\Users\ashis\Desktop\ScanAI\dataset_manager\clean\skin\lumpy_skin_disease\roboflow__lumpy-skin-disease-detection__Lumpy_Skin_243_png.rf.3f128f95700b8e5936080d02636c9201.jpg,same_class_duplicate,2,lumpy_skin_disease
C:\Users\ashis\Desktop\ScanAI\dataset_manager\clean\skin\lumpy_skin_disease\roboflow__lumpy-skin-disease-detection__Lumpy_Skin_187_png.rf.22c09b93378d114221bced5d955ef5d7.jpg,same_class_duplicate,2,lumpy_skin_disease
C:\Users\ashis\Desktop\ScanAI\dataset_manager\clean\skin\lumpy_skin_disease\roboflow__lumpy-skin-disease-detection__Lumpy_Skin_199_png.rf.e6dba42152f040e8d5b7c2b41590c4c6.jpg,same_class_duplicate,2,lumpy_skin_disease
C:\Users\ashis\Desktop\ScanAI\dataset_manager\clean\skin\lumpy_skin_disease\roboflow__lumpy-skin-disease-detection__Lumpy_Skin_281_png.rf.aa6c42aadf40ddd7ab52a66fad0df335.jpg,same_class_duplicate,2,lumpy_skin_disease
C:\Users\ashis\Desktop\ScanAI\dataset_manager\clean\skin\lumpy_skin_disease\roboflow__lumpy-skin-disease-detection__Lumpy_Skin_144_png.rf.32176606e9ee23ba07d97f860455965e.jpg,same_class_duplicate,4,lumpy_skin_disease
C:\Users\ashis\Desktop\ScanAI\dataset_manager\clean\skin\lumpy_skin_disease\roboflow__lumpy-skin-disease-detection__Lumpy_Skin_324_png.rf.dc68da8cbb6fbea876bdd1adbedc57a2.jpg,same_class_duplicate,4,lumpy_skin_disease
C:\Users\ashis\Desktop\ScanAI\dataset_manager\clean\skin\lumpy_skin_disease\roboflow__lumpy-skin-disease-detection__Lumpy_Skin_84_png.rf.c3931eb46b10f20c99b305b36af206df.jpg,same_class_duplicate,4,lumpy_skin_disease
C:\Users\ashis\Desktop\ScanAI\dataset_manager\clean\skin\lumpy_skin_disease\roboflow__lumpy-skin-disease-detection__Lumpy_Skin_231_png.rf.9bf10a734820fd333cdf3a90b0123953.jpg,same_class_duplicate,2,lumpy_skin_disease
C:\Users\ashis\Desktop\ScanAI\dataset_manager\clean\skin\lumpy_skin_disease\roboflow__lumpy-skin-disease-detection__Lumpy_Skin_14_png.rf.d2c529ee49d4f1805ab63d66046c860b.jpg,same_class_duplicate,2,lumpy_skin_disease
C:\Users\ashis\Desktop\ScanAI\dataset_manager\clean\skin\lumpy_skin_disease\roboflow__lumpy-skin-disease-detection__Lumpy_Skin_102_png.rf.382595ba9792b88a87ee665532ab54ad.jpg,same_class_duplicate,2,lumpy_skin_disease
C:\Users\ashis\Desktop\ScanAI\dataset_manager\clean\skin\lumpy_skin_disease\roboflow__lumpy-skin-disease-detection__Lumpy_Skin_61_png.rf.4715b38cf90b65b781abe13a43555f81.jpg,same_class_duplicate,2,lumpy_skin_disease
C:\Users\ashis\Desktop\ScanAI\dataset_manager\clean\skin\lumpy_skin_disease\roboflow__lumpy-skin-disease-detection__Lumpy_Skin_111_png.rf.5e3a55afbdca7a4ebb92457f2bb1fdfb.jpg,same_class_duplicate,2,lumpy_skin_disease
C:\Users\ashis\Desktop\ScanAI\dataset_manager\clean\skin\lumpy_skin_disease\roboflow__lumpy-skin-disease-detection__Lumpy_Skin_247_png.rf.6fab12c7684d9d8ce945b310886f8026.jpg,same_class_duplicate,3,lumpy_skin_disease
C:\Users\ashis\Desktop\ScanAI\dataset_manager\clean\skin\lumpy_skin_disease\roboflow__lumpy-skin-disease-detection__Lumpy_Skin_33_png.rf.a84856529bc1e255286d77f2846ca521.jpg,same_class_duplicate,3,lumpy_skin_disease
C:\Users\ashis\Desktop\ScanAI\dataset_manager\clean\skin\lumpy_skin_disease\roboflow__lumpy-skin-disease-detection__Lumpy_Skin_142_png.rf.d5a1fd47a8210d6b48aa806cf5dd6f07.jpg,same_class_duplicate,2,lumpy_skin_disease
C:\Users\ashis\Desktop\ScanAI\dataset_manager\clean\skin\lumpy_skin_disease\roboflow__lumpy-skin-disease-detection__Lumpy_Skin_175_png.rf.8ebaf07288d175c7aa1b513a04aa33e4.jpg,same_class_duplicate,3,lumpy_skin_disease
C:\Users\ashis\Desktop\ScanAI\dataset_manager\clean\skin\lumpy_skin_disease\roboflow__lumpy-skin-disease-detection__Lumpy_Skin_21_png.rf.6ea49f939d1e412bf39a3c5db139076c.jpg,same_class_duplicate,3,lumpy_skin_disease
C:\Users\ashis\Desktop\ScanAI\dataset_manager\clean\skin\lumpy_skin_disease\roboflow__lumpy-skin-disease-detection__Lumpy_Skin_271_png.rf.0b96f8ca1ddb8198df0e83b5e005df32.jpg,same_class_duplicate,2,lumpy_skin_disease
C:\Users\ashis\Desktop\ScanAI\dataset_manager\clean\skin\lumpy_skin_disease\roboflow__lumpy-skin-disease-detection__Lumpy_Skin_143_png.rf.c91dfe0c44692a950242ab7693ffceba.jpg,same_class_duplicate,2,lumpy_skin_disease
C:\Users\ashis\Desktop\ScanAI\dataset_manager\clean\skin\lumpy_skin_disease\roboflow__lumpy-skin-disease-detection__Lumpy_Skin_94_png.rf.1c0518cf222433fb52c265a3e55c3688.jpg,same_class_duplicate,2,lumpy_skin_disease
C:\Users\ashis\Desktop\ScanAI\dataset_manager\clean\skin\lumpy_skin_disease\roboflow__lumpy-skin-disease-detection__Lumpy_Skin_108_png.rf.b43672e0f695392afe79b01c95ac1c1d.jpg,same_class_duplicate,2,lumpy_skin_disease
C:\Users\ashis\Desktop\ScanAI\dataset_manager\clean\skin\lumpy_skin_disease\roboflow__lumpy-skin-disease-detection__Lumpy_Skin_170_png.rf.6c6f695e5d6c345d933fa0d3b42e2e12.jpg,same_class_duplicate,2,lumpy_skin_disease
C:\Users\ashis\Desktop\ScanAI\dataset_manager\clean\skin\lumpy_skin_disease\roboflow__lumpy-skin-disease-detection__Lumpy_Skin_92_png.rf.5638933fe2fd4c2ae46a709327f20b23.jpg,same_class_duplicate,2,lumpy_skin_disease
C:\Users\ashis\Desktop\ScanAI\dataset_manager\clean\skin\lumpy_skin_disease\roboflow__lumpy-skin-disease-detection__Lumpy_Skin_192_png.rf.76dc6b678438a5fac07e505620a05b4d.jpg,same_class_duplicate,2,lumpy_skin_disease
C:\Users\ashis\Desktop\ScanAI\dataset_manager\clean\skin\lumpy_skin_disease\roboflow__lumpy-skin-disease-detection__Lumpy_Skin_248_png.rf.d1e8187a2ceb253015144b8a6e282cc3.jpg,same_class_duplicate,3,lumpy_skin_disease
C:\Users\ashis\Desktop\ScanAI\dataset_manager\clean\skin\lumpy_skin_disease\roboflow__lumpy-skin-disease-detection__Lumpy_Skin_287_png.rf.3926dbac76e31465624ea0b28d04b18b.jpg,same_class_duplicate,3,lumpy_skin_disease
C:\Users\ashis\Desktop\ScanAI\dataset_manager\clean\skin\lumpy_skin_disease\roboflow__lumpy-skin-disease-detection__Lumpy_Skin_90_png.rf.0c2501adc1266e2ee1100896e2c436d2.jpg,same_class_duplicate,2,lumpy_skin_disease
C:\Users\ashis\Desktop\ScanAI\dataset_manager\clean\skin\lumpy_skin_disease\roboflow__lumpy-skin-disease-detection__Lumpy_Skin_138_png.rf.a57a48399692ea28e835adb450d783fb.jpg,same_class_duplicate,2,lumpy_skin_disease
C:\Users\ashis\Desktop\ScanAI\dataset_manager\clean\skin\lumpy_skin_disease\roboflow__lumpy-skin-disease-detection__Lumpy_Skin_214_png.rf.83bf9d00aa92caadde1add614651ab65.jpg,same_class_duplicate,3,lumpy_skin_disease
C:\Users\ashis\Desktop\ScanAI\dataset_manager\clean\skin\lumpy_skin_disease\roboflow__lumpy-skin-disease-detection__Lumpy_Skin_327_png.rf.6d105ea364d02e6a6d5e19b2ee8f1c81.jpg,same_class_duplicate,3,lumpy_skin_disease
C:\Users\ashis\Desktop\ScanAI\dataset_manager\clean\skin\lumpy_skin_disease\roboflow__lumpy-skin-disease-detection__Lumpy_Skin_19_png.rf.bba4a5cbac92dad1a46e86ec5ba399c9.jpg,same_class_duplicate,3,lumpy_skin_disease
C:\Users\ashis\Desktop\ScanAI\dataset_manager\clean\skin\lumpy_skin_disease\roboflow__lumpy-skin-disease-detection__Lumpy_Skin_53_png.rf.a3a6e5182696295c2ed5ae692f1893ef.jpg,same_class_duplicate,3,lumpy_skin_disease
C:\Users\ashis\Desktop\ScanAI\dataset_manager\clean\skin\lumpy_skin_disease\roboflow__lumpy-skin-disease-detection__Lumpy_Skin_164_png.rf.d6dfac3293c2a56dd14372946487da0d.jpg,same_class_duplicate,2,lumpy_skin_disease
C:\Users\ashis\Desktop\ScanAI\dataset_manager\clean\skin\lumpy_skin_disease\roboflow__lumpy-skin-disease-detection__Lumpy_Skin_106_png.rf.2dc32cfd720db04b99599b4717124841.jpg,same_class_duplicate,3,lumpy_skin_disease
C:\Users\ashis\Desktop\ScanAI\dataset_manager\clean\skin\lumpy_skin_disease\roboflow__lumpy-skin-disease-detection__Lumpy_Skin_293_png.rf.392b207699c22a95fff7e156c86e134f.jpg,same_class_duplicate,3,lumpy_skin_disease
C:\Users\ashis\Desktop\ScanAI\dataset_manager\clean\skin\lumpy_skin_disease\roboflow__lumpy-skin-disease-detection__Lumpy_Skin_81_png.rf.de32c8fd88c8f003113251b9c6794f58.jpg,same_class_duplicate,2,lumpy_skin_disease
C:\Users\ashis\Desktop\ScanAI\dataset_manager\clean\skin\lumpy_skin_disease\roboflow__lumpy-skin-disease-detection__Lumpy_Skin_125_png.rf.8caccbdde659b73bd8b2635fcfc2306b.jpg,same_class_duplicate,2,lumpy_skin_disease
C:\Users\ashis\Desktop\ScanAI\dataset_manager\clean\skin\lumpy_skin_disease\roboflow__lumpy-skin-disease-detection__Lumpy_Skin_236_png.rf.f658d8fa667433150f52be7e14a7f53a.jpg,same_class_duplicate,2,lumpy_skin_disease
C:\Users\ashis\Desktop\ScanAI\dataset_manager\clean\skin\lumpy_skin_disease\roboflow__lumpy-skin-disease-detection__Lumpy_Skin_255_png.rf.16c493c55e56ee8ce4efa2cfe6e0368c.jpg,same_class_duplicate,2,lumpy_skin_disease
C:\Users\ashis\Desktop\ScanAI\dataset_manager\clean\skin\lumpy_skin_disease\roboflow__lumpy-skin-disease-detection__Lumpy_Skin_124_png.rf.d50e4d6aa42d914727d5e93ff18a9898.jpg,same_class_duplicate,2,lumpy_skin_disease
C:\Users\ashis\Desktop\ScanAI\dataset_manager\clean\skin\lumpy_skin_disease\roboflow__lumpy-skin-disease-detection__Lumpy_Skin_136_png.rf.d4c8f9b414fb9e9a142ce5a09fbba752.jpg,same_class_duplicate,3,lumpy_skin_disease
C:\Users\ashis\Desktop\ScanAI\dataset_manager\clean\skin\lumpy_skin_disease\roboflow__lumpy-skin-disease-detection__Lumpy_Skin_290_png.rf.d4a13aed8b7c3c5be744a451c3bd9a97.jpg,same_class_duplicate,3,lumpy_skin_disease
C:\Users\ashis\Desktop\ScanAI\dataset_manager\clean\skin\lumpy_skin_disease\roboflow__lumpy-skin-disease-detection__Lumpy_Skin_4_png.rf.16dbce8b3fa71e26e3ac6e83331a5fa5.jpg,same_class_duplicate,2,lumpy_skin_disease
C:\Users\ashis\Desktop\ScanAI\dataset_manager\clean\skin\lumpy_skin_disease\roboflow__lumpy-skin-disease-detection__Lumpy_Skin_182_png.rf.212dc56e6860c36719ae32fe33c97971.jpg,same_class_duplicate,2,lumpy_skin_disease
C:\Users\ashis\Desktop\ScanAI\dataset_manager\clean\skin\lumpy_skin_disease\roboflow__lumpy-skin-disease-detection__Lumpy_Skin_98_png.rf.354c26c9fbc46d95bb0cfa0127c41ee8.jpg,same_class_duplicate,2,lumpy_skin_disease
C:\Users\ashis\Desktop\ScanAI\dataset_manager\clean\skin\lumpy_skin_disease\roboflow__lumpy-skin-disease-detection__Lumpy_Skin_135_png.rf.2949c345416577511e16a2ab7c96aae3.jpg,same_class_duplicate,2,lumpy_skin_disease
C:\Users\ashis\Desktop\ScanAI\dataset_manager\clean\skin\lumpy_skin_disease\roboflow__lumpy-skin-disease-detection__Lumpy_Skin_132_png.rf.b639942e56f7f0e2f4e725f17547f893.jpg,same_class_duplicate,2,lumpy_skin_disease
C:\Users\ashis\Desktop\ScanAI\dataset_manager\clean\skin\lumpy_skin_disease\roboflow__lumpy-skin-disease-detection__Lumpy_Skin_91_png.rf.da7d6bb77df277f5a03061b2e5097b8e.jpg,same_class_duplicate,2,lumpy_skin_disease
C:\Users\ashis\Desktop\ScanAI\dataset_manager\clean\skin\lumpy_skin_disease\roboflow__lumpy-skin-disease-detection__Lumpy_Skin_282_png.rf.1393db5c26e4d71907609467e4967a33.jpg,same_class_duplicate,2,lumpy_skin_disease
C:\Users\ashis\Desktop\ScanAI\dataset_manager\clean\skin\lumpy_skin_disease\roboflow__lumpy-skin-disease-detection__Lumpy_Skin_233_png.rf.6cd00c4d8af29bc76c6222e6bd9ee8f3.jpg,same_class_duplicate,2,lumpy_skin_disease
C:\Users\ashis\Desktop\ScanAI\dataset_manager\clean\skin\lumpy_skin_disease\roboflow__lumpy-skin-disease-detection__Lumpy_Skin_276_png.rf.0fb7b5b34028ee7423fd37e4290b0cab.jpg,same_class_duplicate,2,lumpy_skin_disease
C:\Users\ashis\Desktop\ScanAI\dataset_manager\clean\skin\lumpy_skin_disease\roboflow__lumpy-skin-disease-detection__Lumpy_Skin_242_png.rf.bf9e7b43b92e3eb05049eaf732009e23.jpg,same_class_duplicate,2,lumpy_skin_disease
C:\Users\ashis\Desktop\ScanAI\dataset_manager\clean\skin\lumpy_skin_disease\roboflow__lumpy-skin-disease-detection__Lumpy_Skin_195_png.rf.5584236f514fadea3d401b1d31e76151.jpg,same_class_duplicate,2,lumpy_skin_disease
C:\Users\ashis\Desktop\ScanAI\dataset_manager\clean\skin\lumpy_skin_disease\roboflow__lumpy-skin-disease-detection__Lumpy_Skin_134_png.rf.04ca312f9bf0815df1ddecfc4fbe188e.jpg,same_class_duplicate,2,lumpy_skin_disease
C:\Users\ashis\Desktop\ScanAI\dataset_manager\clean\skin\lumpy_skin_disease\roboflow__lumpy-skin-disease-detection__Lumpy_Skin_209_png.rf.28c80ba0c1db12ebf7b251d588a24642.jpg,same_class_duplicate,2,lumpy_skin_disease
C:\Users\ashis\Desktop\ScanAI\dataset_manager\clean\skin\lumpy_skin_disease\roboflow__lumpy-skin-disease-detection__Lumpy_Skin_213_png.rf.d1ba8978a91f8bec73c48bb8fa7b023d.jpg,same_class_duplicate,2,lumpy_skin_disease
C:\Users\ashis\Desktop\ScanAI\dataset_manager\clean\skin\lumpy_skin_disease\roboflow__lumpy-skin-disease-detection__Lumpy_Skin_155_png.rf.cd2c44fc04969a6752071b7b3f43670a.jpg,same_class_duplicate,2,lumpy_skin_disease
C:\Users\ashis\Desktop\ScanAI\dataset_manager\clean\skin\lumpy_skin_disease\roboflow__lumpy-skin-disease-detection__Lumpy_Skin_78_png.rf.103e4e16fbdf4c27d07ad6e72ae33950.jpg,same_class_duplicate,2,lumpy_skin_disease
C:\Users\ashis\Desktop\ScanAI\dataset_manager\clean\skin\lumpy_skin_disease\roboflow__lumpy-skin-disease-detection__Lumpy_Skin_174_png.rf.26ad0fd442b721601ff6c82d6c40d3bc.jpg,same_class_duplicate,2,lumpy_skin_disease
C:\Users\ashis\Desktop\ScanAI\dataset_manager\clean\skin\lumpy_skin_disease\roboflow__lumpy-skin-disease-detection__Lumpy_Skin_62_png.rf.93e875aeca20afb4d2ef87874230b20c.jpg,same_class_duplicate,3,lumpy_skin_disease
C:\Users\ashis\Desktop\ScanAI\dataset_manager\clean\skin\lumpy_skin_disease\roboflow__lumpy-skin-disease-detection__Lumpy_Skin_9_png.rf.3d37c7cdf5cba28cb3849b71bf33ba22.jpg,same_class_duplicate,3,lumpy_skin_disease
C:\Users\ashis\Desktop\ScanAI\dataset_manager\clean\skin\lumpy_skin_disease\roboflow__lumpy-skin-disease-detection__Lumpy_Skin_148_png.rf.3ba8a9c60f4bbc468fe28e2161952ea5.jpg,same_class_duplicate,2,lumpy_skin_disease
C:\Users\ashis\Desktop\ScanAI\dataset_manager\clean\skin\lumpy_skin_disease\roboflow__lumpy-skin-disease-detection__Lumpy_Skin_194_png.rf.c86644b65968421fb3b394ab08f6189d.jpg,same_class_duplicate,2,lumpy_skin_disease
C:\Users\ashis\Desktop\ScanAI\dataset_manager\clean\skin\lumpy_skin_disease\roboflow__lumpy-skin-disease-detection__Lumpy_Skin_97_png.rf.2e083506b7872ffcf65e7b2a66275911.jpg,same_class_duplicate,2,lumpy_skin_disease
C:\Users\ashis\Desktop\ScanAI\dataset_manager\clean\skin\lumpy_skin_disease\roboflow__lumpy-skin-disease-detection__Lumpy_Skin_190_png.rf.0c334e1344d8021b0608a952fa9669a7.jpg,same_class_duplicate,2,lumpy_skin_disease
C:\Users\ashis\Desktop\ScanAI\dataset_manager\clean\skin\lumpy_skin_disease\roboflow__lumpy-skin-disease-detection__Lumpy_Skin_181_png.rf.e89cc79e35fe054ab11633ce6937db64.jpg,same_class_duplicate,3,lumpy_skin_disease
C:\Users\ashis\Desktop\ScanAI\dataset_manager\clean\skin\lumpy_skin_disease\roboflow__lumpy-skin-disease-detection__Lumpy_Skin_207_png.rf.011ff5541ad6f050cd610d7cd96f12fe.jpg,same_class_duplicate,3,lumpy_skin_disease
C:\Users\ashis\Desktop\ScanAI\dataset_manager\clean\skin\lumpy_skin_disease\roboflow__lumpy-skin-disease-detection__Lumpy_Skin_72_png.rf.5a23982c5036a909ef9bd80cabced811.jpg,same_class_duplicate,2,lumpy_skin_disease
C:\Users\ashis\Desktop\ScanAI\dataset_manager\clean\skin\lumpy_skin_disease\roboflow__lumpy-skin-disease-detection__Lumpy_Skin_151_png.rf.34b9e8800c6543501197fadb4b887b93.jpg,same_class_duplicate,2,lumpy_skin_disease
C:\Users\ashis\Desktop\ScanAI\dataset_manager\clean\skin\lumpy_skin_disease\roboflow__lumpy-skin-disease-detection__Lumpy_Skin_118_png.rf.69a9f30357dd7356d3b84080650392f3.jpg,same_class_duplicate,3,lumpy_skin_disease
C:\Users\ashis\Desktop\ScanAI\dataset_manager\clean\skin\lumpy_skin_disease\roboflow__lumpy-skin-disease-detection__Lumpy_Skin_313_png.rf.7cb5524a5db9a177fe947679b1dc8850.jpg,same_class_duplicate,3,lumpy_skin_disease
C:\Users\ashis\Desktop\ScanAI\dataset_manager\clean\skin\lumpy_skin_disease\roboflow__lumpy-skin-disease-detection__Lumpy_Skin_291_png.rf.049dc5ae3cf5f6148c68498af3db93f0.jpg,same_class_duplicate,3,lumpy_skin_disease
C:\Users\ashis\Desktop\ScanAI\dataset_manager\clean\skin\lumpy_skin_disease\roboflow__lumpy-skin-disease-detection__Lumpy_Skin_60_png.rf.df0276d807217e8ebeb77477ee6808c3.jpg,same_class_duplicate,3,lumpy_skin_disease
C:\Users\ashis\Desktop\ScanAI\dataset_manager\clean\skin\lumpy_skin_disease\roboflow__lumpy-skin-disease-detection__Lumpy_Skin_3_png.rf.ea094a2f8ab87d0a3a11afb38800d1e6.jpg,same_class_duplicate,3,lumpy_skin_disease
C:\Users\ashis\Desktop\ScanAI\dataset_manager\clean\skin\lumpy_skin_disease\roboflow__lumpy-skin-disease-detection__Lumpy_Skin_88_png.rf.503be3d42c3ee5a1598d7af166b15877.jpg,same_class_duplicate,3,lumpy_skin_disease
C:\Users\ashis\Desktop\ScanAI\dataset_manager\clean\skin\lumpy_skin_disease\roboflow__lumpy-skin-disease-detection__Lumpy_Skin_230_png.rf.73a47c0bc72f28e7423b137c38df84a0.jpg,same_class_duplicate,2,lumpy_skin_disease
C:\Users\ashis\Desktop\ScanAI\dataset_manager\clean\skin\lumpy_skin_disease\roboflow__lumpy-skin-disease-detection__Lumpy_Skin_122_png.rf.f1e608bc4b7f7ce1785a0acfa01909cd.jpg,same_class_duplicate,3,lumpy_skin_disease
C:\Users\ashis\Desktop\ScanAI\dataset_manager\clean\skin\lumpy_skin_disease\roboflow__lumpy-skin-disease-detection__Lumpy_Skin_292_png.rf.a95dcf33c28751a5789218dc5dac69cf.jpg,same_class_duplicate,3,lumpy_skin_disease
C:\Users\ashis\Desktop\ScanAI\dataset_manager\clean\skin\lumpy_skin_disease\roboflow__lumpy-skin-disease-detection__Lumpy_Skin_176_png.rf.c4e34d6b8d6dd0bd4c7aa962cf4b81eb.jpg,same_class_duplicate,3,lumpy_skin_disease
C:\Users\ashis\Desktop\ScanAI\dataset_manager\clean\skin\lumpy_skin_disease\roboflow__lumpy-skin-disease-detection__Lumpy_Skin_8_png.rf.6fbe0477958daa4c16dfbede6d29c1a0.jpg,same_class_duplicate,3,lumpy_skin_disease
C:\Users\ashis\Desktop\ScanAI\dataset_manager\clean\skin\lumpy_skin_disease\roboflow__lumpy-skin-disease-detection__Lumpy_Skin_267_png.rf.87fc9011a7df1c7149873a976681f2aa.jpg,same_class_duplicate,3,lumpy_skin_disease
C:\Users\ashis\Desktop\ScanAI\dataset_manager\clean\skin\lumpy_skin_disease\roboflow__lumpy-skin-disease-detection__Lumpy_Skin_317_png.rf.7c810c93e493a9bc8799e6d8fec23ea6.jpg,same_class_duplicate,3,lumpy_skin_disease
C:\Users\ashis\Desktop\ScanAI\dataset_manager\clean\skin\lumpy_skin_disease\roboflow__lumpy-skin-disease-detection__Lumpy_Skin_145_png.rf.01f8523370d90380be8720263c95d32e.jpg,same_class_duplicate,2,lumpy_skin_disease
C:\Users\ashis\Desktop\ScanAI\dataset_manager\clean\skin\lumpy_skin_disease\roboflow__lumpy-skin-disease-detection__Lumpy_Skin_80_png.rf.de569c2a953e485d87f449d14ab8bc27.jpg,same_class_duplicate,2,lumpy_skin_disease
C:\Users\ashis\Desktop\ScanAI\dataset_manager\clean\skin\lumpy_skin_disease\roboflow__lumpy-skin-disease-detection__Lumpy_Skin_13_png.rf.5bdca24223bcf318b7cc04fc4b8c0ef2.jpg,same_class_duplicate,3,lumpy_skin_disease
C:\Users\ashis\Desktop\ScanAI\dataset_manager\clean\skin\lumpy_skin_disease\roboflow__lumpy-skin-disease-detection__Lumpy_Skin_211_png.rf.f031928c36698cad461fe06f69141b79.jpg,same_class_duplicate,3,lumpy_skin_disease
C:\Users\ashis\Desktop\ScanAI\dataset_manager\clean\skin\lumpy_skin_disease\roboflow__cattle-diseases__IMG_20220829_124417_jpg.rf.575f6d77317351408ad7f03769069d4f.jpg,same_class_duplicate,2,lumpy_skin_disease
C:\Users\ashis\Desktop\ScanAI\dataset_manager\clean\skin\lumpy_skin_disease\roboflow__cattle-diseases__IMG_20220829_124417_jpg.rf.8a5114cba241c0f56f015222624e865f.jpg,same_class_duplicate,2,lumpy_skin_disease
C:\Users\ashis\Desktop\ScanAI\dataset_manager\clean\skin\lumpy_skin_disease\roboflow__cattle-diseases__IMG_20220830_075746_jpg.rf.f4e031589543863edffa62247bb1538f.jpg,same_class_duplicate,2,lumpy_skin_disease
C:\Users\ashis\Desktop\ScanAI\dataset_manager\clean\skin\lumpy_skin_disease\roboflow__cattle-diseases__IMG_20220830_075746_jpg.rf.fc4c83595b48cd20906bcba46f3413d6.jpg,same_class_duplicate,2,lumpy_skin_disease
C:\Users\ashis\Desktop\ScanAI\dataset_manager\clean\skin\lumpy_skin_disease\roboflow__cattle-diseases__IMG_20220830_075845_jpg.rf.68b3f2c7bdb96ceb3f7872c09c659ee7.jpg,same_class_duplicate,2,lumpy_skin_disease
C:\Users\ashis\Desktop\ScanAI\dataset_manager\clean\skin\lumpy_skin_disease\roboflow__cattle-diseases__IMG_20220830_080456_jpg.rf.39631377709c1afc6c9d55d9b7f71317.jpg,same_class_duplicate,2,lumpy_skin_disease
C:\Users\ashis\Desktop\ScanAI\dataset_manager\clean\skin\lumpy_skin_disease\roboflow__cattle-diseases__IMG_20220830_081329_jpg.rf.c2c697c63b6a22e49793177e870a4ee5.jpg,same_class_duplicate,2,lumpy_skin_disease
C:\Users\ashis\Desktop\ScanAI\dataset_manager\clean\skin\lumpy_skin_disease\roboflow__cattle-diseases__IMG_20220830_081329_jpg.rf.b69301b370f38bbfc25ffa3c6ee18c31.jpg,same_class_duplicate,2,lumpy_skin_disease
C:\Users\ashis\Desktop\ScanAI\dataset_manager\clean\skin\lumpy_skin_disease\roboflow__cattle-diseases__IMG_20220830_081402_jpg.rf.b799140644d26dfaf5acc09c3b800dbe.jpg,same_class_duplicate,2,lumpy_skin_disease
C:\Users\ashis\Desktop\ScanAI\dataset_manager\clean\skin\lumpy_skin_disease\roboflow__cattle-diseases__IMG_20220830_081402_jpg.rf.f39bd4c1f4733de6fe46fe8bcc299542.jpg,same_class_duplicate,2,lumpy_skin_disease
C:\Users\ashis\Desktop\ScanAI\dataset_manager\clean\skin\lumpy_skin_disease\roboflow__cattle-diseases__IMG_20220830_081529_jpg.rf.d2611a408aff6d0b1ae76f234c602360.jpg,same_class_duplicate,2,lumpy_skin_disease
C:\Users\ashis\Desktop\ScanAI\dataset_manager\clean\skin\lumpy_skin_disease\roboflow__cattle-diseases__IMG_20220830_081529_jpg.rf.a4486b4fcb01ffa6dd127e5a5b12efd1.jpg,same_class_duplicate,2,lumpy_skin_disease
C:\Users\ashis\Desktop\ScanAI\dataset_manager\clean\skin\lumpy_skin_disease\roboflow__cattle-diseases__IMG_20220830_081529_jpg.rf.34037015c6fc4c4f54052dc99345ffb7.jpg,same_class_duplicate,2,lumpy_skin_disease
C:\Users\ashis\Desktop\ScanAI\dataset_manager\clean\skin\lumpy_skin_disease\roboflow__cattle-diseases__IMG_20220830_081709_jpg.rf.d7d39e233168bc3b7d743f17ec19ac0a.jpg,same_class_duplicate,2,lumpy_skin_disease
C:\Users\ashis\Desktop\ScanAI\dataset_manager\clean\skin\lumpy_skin_disease\roboflow__cattle-diseases__IMG_20220830_081728_jpg.rf.33dc95f1d7f9ea1c8f7d136a07556892.jpg,same_class_duplicate,2,lumpy_skin_disease
C:\Users\ashis\Desktop\ScanAI\dataset_manager\clean\skin\lumpy_skin_disease\roboflow__cattle-diseases__IMG_20220830_081728_jpg.rf.dea0dd6d4130933407c389a92254bb66.jpg,same_class_duplicate,2,lumpy_skin_disease
C:\Users\ashis\Desktop\ScanAI\dataset_manager\clean\skin\lumpy_skin_disease\roboflow__cattle-diseases__IMG_20220830_081728_jpg.rf.74da3fcb07128cf7b361a3bb8a99250b.jpg,same_class_duplicate,2,lumpy_skin_disease
C:\Users\ashis\Desktop\ScanAI\dataset_manager\clean\skin\lumpy_skin_disease\roboflow__cattle-diseases__IMG_20220830_103804_jpg.rf.030e57a69b48f5dd954c588ddef04a11.jpg,same_class_duplicate,2,lumpy_skin_disease
C:\Users\ashis\Desktop\ScanAI\dataset_manager\clean\skin\lumpy_skin_disease\roboflow__cattle-diseases__IMG_20220830_104851_jpg.rf.9886761396f2acc618f6a19b0094ef22.jpg,same_class_duplicate,2,lumpy_skin_disease
C:\Users\ashis\Desktop\ScanAI\dataset_manager\clean\skin\lumpy_skin_disease\roboflow__cattle-diseases__IMG_20220830_105903_jpg.rf.541e58c9bb83e5b112f2dd54a7b767ae.jpg,same_class_duplicate,2,lumpy_skin_disease
C:\Users\ashis\Desktop\ScanAI\dataset_manager\clean\skin\lumpy_skin_disease\roboflow__cattle-diseases__IMG_20220830_105903_jpg.rf.478122713109f9e6cba178a5c086f4de.jpg,same_class_duplicate,2,lumpy_skin_disease
C:\Users\ashis\Desktop\ScanAI\dataset_manager\clean\skin\lumpy_skin_disease\roboflow__cattle-diseases__IMG_20220830_105903_jpg.rf.fe08fbc36d8487eb9f9d0dd23bc3d9fb.jpg,same_class_duplicate,2,lumpy_skin_disease
C:\Users\ashis\Desktop\ScanAI\dataset_manager\clean\skin\lumpy_skin_disease\roboflow__cattle-diseases__IMG_20220830_110005_jpg.rf.16544340085d20c8be259ef9d0709d9f.jpg,same_class_duplicate,2,lumpy_skin_disease
C:\Users\ashis\Desktop\ScanAI\dataset_manager\clean\skin\lumpy_skin_disease\roboflow__cattle-diseases__IMG_20220830_110005_jpg.rf.d193e8ba1bb4aae5599d1a0f0f9c55f6.jpg,same_class_duplicate,2,lumpy_skin_disease
C:\Users\ashis\Desktop\ScanAI\dataset_manager\clean\skin\lumpy_skin_disease\roboflow__cattle-diseases__IMG_20220830_110005_jpg.rf.0fc89b35d81d37dd158109fb808a3ccf.jpg,same_class_duplicate,2,lumpy_skin_disease
C:\Users\ashis\Desktop\ScanAI\dataset_manager\clean\skin\lumpy_skin_disease\roboflow__cattle-diseases__IMG_20220830_110235_jpg.rf.06e5b543bb417c855bd0bc532ff3bc7f.jpg,same_class_duplicate,2,lumpy_skin_disease
C:\Users\ashis\Desktop\ScanAI\dataset_manager\clean\skin\lumpy_skin_disease\roboflow__cattle-diseases__IMG_20220830_110358_jpg.rf.22c3287de367a1c351880ff14960c21a.jpg,same_class_duplicate,2,lumpy_skin_disease
C:\Users\ashis\Desktop\ScanAI\dataset_manager\clean\skin\lumpy_skin_disease\roboflow__cattle-diseases__IMG_20220830_111220_jpg.rf.6eabef3633271a17d0b5071e0a3d7b6c.jpg,same_class_duplicate,2,lumpy_skin_disease
C:\Users\ashis\Desktop\ScanAI\dataset_manager\clean\skin\lumpy_skin_disease\roboflow__cattle-diseases__IMG_20220830_111220_jpg.rf.4becd250ae8f415a14a0e75a384fd903.jpg,same_class_duplicate,2,lumpy_skin_disease
C:\Users\ashis\Desktop\ScanAI\dataset_manager\clean\skin\lumpy_skin_disease\roboflow__cattle-diseases__IMG_20220830_113832_jpg.rf.bc577b838c74df9884f699e5b7d0676e.jpg,same_class_duplicate,2,lumpy_skin_disease
C:\Users\ashis\Desktop\ScanAI\dataset_manager\clean\skin\lumpy_skin_disease\roboflow__cattle-diseases__IMG_20220830_113832_jpg.rf.f4d7dbfca15793ec5a316b0cff0303a6.jpg,same_class_duplicate,2,lumpy_skin_disease
C:\Users\ashis\Desktop\ScanAI\dataset_manager\clean\skin\lumpy_skin_disease\roboflow__cattle-diseases__IMG_20220906_172314_jpg.rf.78e2ca6d69add768680f2d33f3cad3ac.jpg,same_class_duplicate,2,lumpy_skin_disease
C:\Users\ashis\Desktop\ScanAI\dataset_manager\clean\skin\lumpy_skin_disease\roboflow__cattle-diseases__IMG_20220906_172416_jpg.rf.d1f625a6052cafb914c245d54fe07294.jpg,same_class_duplicate,2,lumpy_skin_disease
C:\Users\ashis\Desktop\ScanAI\dataset_manager\clean\skin\lumpy_skin_disease\roboflow__cattle-diseases__IMG_20220906_172416_jpg.rf.ad9634ae35712597bff69bd6e2427336.jpg,same_class_duplicate,2,lumpy_skin_disease
C:\Users\ashis\Desktop\ScanAI\dataset_manager\clean\skin\lumpy_skin_disease\roboflow__cattle-diseases__IMG_20220906_174444_jpg.rf.fe8a7c39b5357fc6e9462d92cd1793ba.jpg,same_class_duplicate,2,lumpy_skin_disease
C:\Users\ashis\Desktop\ScanAI\dataset_manager\clean\skin\lumpy_skin_disease\roboflow__cattle-diseases__IMG_20220906_174657_jpg.rf.a478ae1ae19e614298167e40d81c4fc1.jpg,same_class_duplicate,2,lumpy_skin_disease
C:\Users\ashis\Desktop\ScanAI\dataset_manager\clean\skin\lumpy_skin_disease\roboflow__cattle-diseases__IMG_20220906_174657_jpg.rf.cfa85a501993fc75fba73688ca872cda.jpg,same_class_duplicate,2,lumpy_skin_disease
C:\Users\ashis\Desktop\ScanAI\dataset_manager\clean\skin\lumpy_skin_disease\roboflow__cattle-diseases__IMG_20220907_184051_jpg.rf.3742d25cbaaa9f7bd17214f3847076e5.jpg,same_class_duplicate,2,lumpy_skin_disease
C:\Users\ashis\Desktop\ScanAI\dataset_manager\clean\skin\lumpy_skin_disease\roboflow__cattle-diseases__IMG_20220907_184051_jpg.rf.fc68896c04425ccb95ad365395959179.jpg,same_class_duplicate,2,lumpy_skin_disease
C:\Users\ashis\Desktop\ScanAI\dataset_manager\clean\skin\lumpy_skin_disease\roboflow__cattle-diseases__IMG_Lumpy_skin_disease_i_2_1_MAA9R3GQ_jpg.rf.ea138ada9bb5de968b7ea244edd0315c.jpg,same_class_duplicate,2,lumpy_skin_disease
C:\Users\ashis\Desktop\ScanAI\dataset_manager\clean\skin\lumpy_skin_disease\roboflow__lumpy-skin-disease-detection__Lumpy_Skin_310_png.rf.e1a20e6d5047eb024c8fe8e07092203e.jpg,same_class_duplicate,2,lumpy_skin_disease
C:\Users\ashis\Desktop\ScanAI\dataset_manager\clean\skin\lumpy_skin_disease\roboflow__lumpy-skin-disease-detection__Lumpy_Skin_113_png.rf.a5bf3614cc7d4ef2a9ef084e6e2ff390.jpg,same_class_duplicate,2,lumpy_skin_disease
C:\Users\ashis\Desktop\ScanAI\dataset_manager\clean\skin\lumpy_skin_disease\roboflow__lumpy-skin-disease-detection__Lumpy_Skin_117_png.rf.71b9856cb6c74e67a1c915687092fdaa.jpg,same_class_duplicate,2,lumpy_skin_disease
C:\Users\ashis\Desktop\ScanAI\dataset_manager\clean\skin\lumpy_skin_disease\roboflow__lumpy-skin-disease-detection__Lumpy_Skin_120_png.rf.a6ad5db6f22161990b2c1c928ccb4ac1.jpg,same_class_duplicate,2,lumpy_skin_disease
C:\Users\ashis\Desktop\ScanAI\dataset_manager\clean\skin\lumpy_skin_disease\roboflow__lumpy-skin-disease-detection__Lumpy_Skin_123_png.rf.3129fa39d1b6c2fe6f3a5110644e2786.jpg,same_class_duplicate,2,lumpy_skin_disease
C:\Users\ashis\Desktop\ScanAI\dataset_manager\clean\skin\lumpy_skin_disease\roboflow__lumpy-skin-disease-detection__Lumpy_Skin_128_png.rf.da512a3c2c67fe605de7aaffbc3bef05.jpg,same_class_duplicate,2,lumpy_skin_disease
C:\Users\ashis\Desktop\ScanAI\dataset_manager\clean\skin\lumpy_skin_disease\roboflow__lumpy-skin-disease-detection__Lumpy_Skin_130_png.rf.e9e850e94de1e80ba2ae6e1018db5987.jpg,same_class_duplicate,2,lumpy_skin_disease
C:\Users\ashis\Desktop\ScanAI\dataset_manager\clean\skin\lumpy_skin_disease\roboflow__lumpy-skin-disease-detection__Lumpy_Skin_131_png.rf.88807c2ee2367c1d88b236ffbf9f9232.jpg,same_class_duplicate,2,lumpy_skin_disease
C:\Users\ashis\Desktop\ScanAI\dataset_manager\clean\skin\lumpy_skin_disease\roboflow__lumpy-skin-disease-detection__Lumpy_Skin_146_png.rf.0198e2c6ef0ace82780c3463ad59f9a2.jpg,same_class_duplicate,3,lumpy_skin_disease
C:\Users\ashis\Desktop\ScanAI\dataset_manager\clean\skin\lumpy_skin_disease\roboflow__lumpy-skin-disease-detection__Lumpy_Skin_302_png.rf.0d109a0f17ea0f8b56fa4add3977349e.jpg,same_class_duplicate,3,lumpy_skin_disease
C:\Users\ashis\Desktop\ScanAI\dataset_manager\clean\skin\lumpy_skin_disease\roboflow__lumpy-skin-disease-detection__Lumpy_Skin_147_png.rf.106f329fe2db9934403254bc67af6bc0.jpg,same_class_duplicate,3,lumpy_skin_disease
C:\Users\ashis\Desktop\ScanAI\dataset_manager\clean\skin\lumpy_skin_disease\roboflow__lumpy-skin-disease-detection__Lumpy_Skin_266_png.rf.61790c085cd75344816e38d223a1c14f.jpg,same_class_duplicate,3,lumpy_skin_disease
C:\Users\ashis\Desktop\ScanAI\dataset_manager\clean\skin\lumpy_skin_disease\roboflow__lumpy-skin-disease-detection__Lumpy_Skin_152_png.rf.7afa6afdb318f61ca5cd1efaa19feb79.jpg,same_class_duplicate,2,lumpy_skin_disease
C:\Users\ashis\Desktop\ScanAI\dataset_manager\clean\skin\lumpy_skin_disease\roboflow__lumpy-skin-disease-detection__Lumpy_Skin_158_png.rf.7fee2f5383bf4b6cbc09ea2a7a21b7c4.jpg,same_class_duplicate,2,lumpy_skin_disease
C:\Users\ashis\Desktop\ScanAI\dataset_manager\clean\skin\lumpy_skin_disease\roboflow__lumpy-skin-disease-detection__Lumpy_Skin_159_png.rf.5c142f3a97084ab00fccf5b9947f93c7.jpg,same_class_duplicate,3,lumpy_skin_disease
C:\Users\ashis\Desktop\ScanAI\dataset_manager\clean\skin\lumpy_skin_disease\roboflow__lumpy-skin-disease-detection__Lumpy_Skin_5_png.rf.d252327fc563595bdd46b33317dd0a49.jpg,same_class_duplicate,3,lumpy_skin_disease
C:\Users\ashis\Desktop\ScanAI\dataset_manager\clean\skin\lumpy_skin_disease\roboflow__lumpy-skin-disease-detection__Lumpy_Skin_163_png.rf.ee6d95c11f92c8efcb3934032a4a3ed7.jpg,same_class_duplicate,2,lumpy_skin_disease
C:\Users\ashis\Desktop\ScanAI\dataset_manager\clean\skin\lumpy_skin_disease\roboflow__lumpy-skin-disease-detection__Lumpy_Skin_166_png.rf.cbae7f798235be5f5e194d774f7d9bdd.jpg,same_class_duplicate,2,lumpy_skin_disease
C:\Users\ashis\Desktop\ScanAI\dataset_manager\clean\skin\lumpy_skin_disease\roboflow__lumpy-skin-disease-detection__Lumpy_Skin_167_png.rf.33d3513e2cac7535fc5874d463e8d4dd.jpg,same_class_duplicate,2,lumpy_skin_disease
C:\Users\ashis\Desktop\ScanAI\dataset_manager\clean\skin\lumpy_skin_disease\roboflow__lumpy-skin-disease-detection__Lumpy_Skin_169_png.rf.ba96b3e729e30940edcdcbf7fa2ffdef.jpg,same_class_duplicate,2,lumpy_skin_disease
C:\Users\ashis\Desktop\ScanAI\dataset_manager\clean\skin\lumpy_skin_disease\roboflow__lumpy-skin-disease-detection__Lumpy_Skin_16_png.rf.2dfb5e257025aef7f26c716ca41d58ae.jpg,same_class_duplicate,2,lumpy_skin_disease
C:\Users\ashis\Desktop\ScanAI\dataset_manager\clean\skin\lumpy_skin_disease\roboflow__lumpy-skin-disease-detection__Lumpy_Skin_171_png.rf.a37604ce79f22f3df895cf121b0a69e4.jpg,same_class_duplicate,2,lumpy_skin_disease
C:\Users\ashis\Desktop\ScanAI\dataset_manager\clean\skin\lumpy_skin_disease\roboflow__lumpy-skin-disease-detection__Lumpy_Skin_178_png.rf.33227c63203c250f89b28c536c48dd6f.jpg,same_class_duplicate,2,lumpy_skin_disease
C:\Users\ashis\Desktop\ScanAI\dataset_manager\clean\skin\lumpy_skin_disease\roboflow__lumpy-skin-disease-detection__Lumpy_Skin_179_png.rf.fc575c5b075563de14b4feaa61088ab2.jpg,same_class_duplicate,2,lumpy_skin_disease
C:\Users\ashis\Desktop\ScanAI\dataset_manager\clean\skin\lumpy_skin_disease\roboflow__lumpy-skin-disease-detection__Lumpy_Skin_183_png.rf.5d77b5d358e8a36e6a41bf4bdddc3cc7.jpg,same_class_duplicate,2,lumpy_skin_disease
C:\Users\ashis\Desktop\ScanAI\dataset_manager\clean\skin\lumpy_skin_disease\roboflow__lumpy-skin-disease-detection__Lumpy_Skin_185_png.rf.eb09a1bf08f904a6dc6d58db1d0c568f.jpg,same_class_duplicate,2,lumpy_skin_disease
C:\Users\ashis\Desktop\ScanAI\dataset_manager\clean\skin\lumpy_skin_disease\roboflow__lumpy-skin-disease-detection__Lumpy_Skin_191_png.rf.ee8ca127411771b1a218225228332a1e.jpg,same_class_duplicate,2,lumpy_skin_disease
C:\Users\ashis\Desktop\ScanAI\dataset_manager\clean\skin\lumpy_skin_disease\roboflow__lumpy-skin-disease-detection__Lumpy_Skin_126_png.rf.81c211074c06a98726817d0d24e91993.jpg,same_class_duplicate,3,lumpy_skin_disease
C:\Users\ashis\Desktop\ScanAI\dataset_manager\clean\skin\lumpy_skin_disease\roboflow__lumpy-skin-disease-detection__Lumpy_Skin_18_png.rf.7fc94f5e07e416e2964ed25a2d02f32c.jpg,same_class_duplicate,3,lumpy_skin_disease
C:\Users\ashis\Desktop\ScanAI\dataset_manager\clean\skin\lumpy_skin_disease\roboflow__lumpy-skin-disease-detection__Lumpy_Skin_193_png.rf.59080627a39bdde575e702141ca57346.jpg,same_class_duplicate,2,lumpy_skin_disease
C:\Users\ashis\Desktop\ScanAI\dataset_manager\clean\skin\lumpy_skin_disease\roboflow__lumpy-skin-disease-detection__Lumpy_Skin_196_png.rf.9e7d64e8816c9d6c570301d4debe0936.jpg,same_class_duplicate,2,lumpy_skin_disease
C:\Users\ashis\Desktop\ScanAI\dataset_manager\clean\skin\lumpy_skin_disease\roboflow__lumpy-skin-disease-detection__Lumpy_Skin_198_png.rf.a2c14e68db7b06beec69ab2b934151c2.jpg,same_class_duplicate,2,lumpy_skin_disease
C:\Users\ashis\Desktop\ScanAI\dataset_manager\clean\skin\lumpy_skin_disease\roboflow__lumpy-skin-disease-detection__Lumpy_Skin_201_png.rf.215685c429f9a46566cafa304a282ec1.jpg,same_class_duplicate,2,lumpy_skin_disease
C:\Users\ashis\Desktop\ScanAI\dataset_manager\clean\skin\lumpy_skin_disease\roboflow__lumpy-skin-disease-detection__Lumpy_Skin_202_png.rf.f931f663648caa06adae21fd2deafde8.jpg,same_class_duplicate,2,lumpy_skin_disease
C:\Users\ashis\Desktop\ScanAI\dataset_manager\clean\skin\lumpy_skin_disease\roboflow__lumpy-skin-disease-detection__Lumpy_Skin_205_png.rf.d766f64a66d0a9417f62393c1c66024f.jpg,same_class_duplicate,2,lumpy_skin_disease
C:\Users\ashis\Desktop\ScanAI\dataset_manager\clean\skin\lumpy_skin_disease\roboflow__lumpy-skin-disease-detection__Lumpy_Skin_208_png.rf.9810ab4c9f23e3ba54fd5cbe932c87d0.jpg,same_class_duplicate,2,lumpy_skin_disease
C:\Users\ashis\Desktop\ScanAI\dataset_manager\clean\skin\lumpy_skin_disease\roboflow__lumpy-skin-disease-detection__Lumpy_Skin_2_png.rf.7fa6e818afe35cf7e6cb11578bfe2ce4.jpg,same_class_duplicate,2,lumpy_skin_disease
C:\Users\ashis\Desktop\ScanAI\dataset_manager\clean\skin\lumpy_skin_disease\roboflow__lumpy-skin-disease-detection__Lumpy_Skin_20_png.rf.87f97de002eb61b8cccbc581d7400b10.jpg,same_class_duplicate,2,lumpy_skin_disease
C:\Users\ashis\Desktop\ScanAI\dataset_manager\clean\skin\lumpy_skin_disease\roboflow__lumpy-skin-disease-detection__Lumpy_Skin_215_png.rf.6568d554709b9cf2fbd9f9cf20c761f5.jpg,same_class_duplicate,2,lumpy_skin_disease
C:\Users\ashis\Desktop\ScanAI\dataset_manager\clean\skin\lumpy_skin_disease\roboflow__lumpy-skin-disease-detection__Lumpy_Skin_216_png.rf.fc9acedfea8e8c5fe5b74c01beb8742b.jpg,same_class_duplicate,2,lumpy_skin_disease
C:\Users\ashis\Desktop\ScanAI\dataset_manager\clean\skin\lumpy_skin_disease\roboflow__lumpy-skin-disease-detection__Lumpy_Skin_218_png.rf.f6da20861a176e7051d615bedea78173.jpg,same_class_duplicate,2,lumpy_skin_disease
C:\Users\ashis\Desktop\ScanAI\dataset_manager\clean\skin\lumpy_skin_disease\roboflow__lumpy-skin-disease-detection__Lumpy_Skin_223_png.rf.55194eaec29d39bf729349b7a0120f1c.jpg,same_class_duplicate,3,lumpy_skin_disease
C:\Users\ashis\Desktop\ScanAI\dataset_manager\clean\skin\lumpy_skin_disease\roboflow__lumpy-skin-disease-detection__Lumpy_Skin_309_png.rf.fd7bbcf6bbc0b2db2ecb6d20d1232611.jpg,same_class_duplicate,3,lumpy_skin_disease
C:\Users\ashis\Desktop\ScanAI\dataset_manager\clean\skin\lumpy_skin_disease\roboflow__lumpy-skin-disease-detection__Lumpy_Skin_235_png.rf.cd561291bb0554f7a7c27df312104427.jpg,same_class_duplicate,3,lumpy_skin_disease
C:\Users\ashis\Desktop\ScanAI\dataset_manager\clean\skin\lumpy_skin_disease\roboflow__lumpy-skin-disease-detection__Lumpy_Skin_316_png.rf.c50521ca66224fed82869a388c3546c1.jpg,same_class_duplicate,3,lumpy_skin_disease
C:\Users\ashis\Desktop\ScanAI\dataset_manager\clean\skin\lumpy_skin_disease\roboflow__lumpy-skin-disease-detection__Lumpy_Skin_254_png.rf.3d9bdd206de98c5d34eeb59bf33b47cc.jpg,same_class_duplicate,2,lumpy_skin_disease
C:\Users\ashis\Desktop\ScanAI\dataset_manager\clean\skin\lumpy_skin_disease\roboflow__lumpy-skin-disease-detection__Lumpy_Skin_24_png.rf.179d514d6a1ba2cb2b9679eafdd9232f.jpg,same_class_duplicate,3,lumpy_skin_disease
C:\Users\ashis\Desktop\ScanAI\dataset_manager\clean\skin\lumpy_skin_disease\roboflow__lumpy-skin-disease-detection__Lumpy_Skin_257_png.rf.dee3a319790989f37cdcb1b6074ddb55.jpg,same_class_duplicate,3,lumpy_skin_disease
C:\Users\ashis\Desktop\ScanAI\dataset_manager\clean\skin\lumpy_skin_disease\roboflow__lumpy-skin-disease-detection__Lumpy_Skin_261_png.rf.f1d54671bf7996893a5a8a618cbd03ff.jpg,same_class_duplicate,2,lumpy_skin_disease
C:\Users\ashis\Desktop\ScanAI\dataset_manager\clean\skin\lumpy_skin_disease\roboflow__lumpy-skin-disease-detection__Lumpy_Skin_277_png.rf.1af42565e44ca5d91366e95cac3e608e.jpg,same_class_duplicate,2,lumpy_skin_disease
C:\Users\ashis\Desktop\ScanAI\dataset_manager\clean\skin\lumpy_skin_disease\roboflow__lumpy-skin-disease-detection__Lumpy_Skin_279_png.rf.e98d2e21a7b8a2a60367604b1ee45c5d.jpg,same_class_duplicate,2,lumpy_skin_disease
C:\Users\ashis\Desktop\ScanAI\dataset_manager\clean\skin\lumpy_skin_disease\roboflow__lumpy-skin-disease-detection__Lumpy_Skin_283_png.rf.47eb964d92838a3f1c25f1957c94bf49.jpg,same_class_duplicate,2,lumpy_skin_disease
C:\Users\ashis\Desktop\ScanAI\dataset_manager\clean\skin\lumpy_skin_disease\roboflow__lumpy-skin-disease-detection__Lumpy_Skin_286_png.rf.39b8118bda062b7742ff6367a90964fe.jpg,same_class_duplicate,2,lumpy_skin_disease
C:\Users\ashis\Desktop\ScanAI\dataset_manager\clean\skin\lumpy_skin_disease\roboflow__lumpy-skin-disease-detection__Lumpy_Skin_26_png.rf.a3bb566cd0b74ae82b45b551cd7390ea.jpg,same_class_duplicate,3,lumpy_skin_disease
C:\Users\ashis\Desktop\ScanAI\dataset_manager\clean\skin\lumpy_skin_disease\roboflow__lumpy-skin-disease-detection__Lumpy_Skin_87_png.rf.f862ead7ab0d7cbab1e31c0e375bfda7.jpg,same_class_duplicate,3,lumpy_skin_disease
C:\Users\ashis\Desktop\ScanAI\dataset_manager\clean\skin\lumpy_skin_disease\roboflow__lumpy-skin-disease-detection__Lumpy_Skin_273_png.rf.2c5c44e87bb29494d5d8c7a4342bbeb3.jpg,same_class_duplicate,3,lumpy_skin_disease
C:\Users\ashis\Desktop\ScanAI\dataset_manager\clean\skin\lumpy_skin_disease\roboflow__lumpy-skin-disease-detection__Lumpy_Skin_297_png.rf.77d028eed4b32a9b7d22aa39638d4f17.jpg,same_class_duplicate,3,lumpy_skin_disease
C:\Users\ashis\Desktop\ScanAI\dataset_manager\clean\skin\lumpy_skin_disease\roboflow__lumpy-skin-disease-detection__Lumpy_Skin_105_png.rf.ab8733b0d0058c34cda1f2e0f449b293.jpg,same_class_duplicate,3,lumpy_skin_disease
C:\Users\ashis\Desktop\ScanAI\dataset_manager\clean\skin\lumpy_skin_disease\roboflow__lumpy-skin-disease-detection__Lumpy_Skin_301_png.rf.bf5b633c91454e0f173b389bb50fb0b7.jpg,same_class_duplicate,3,lumpy_skin_disease
C:\Users\ashis\Desktop\ScanAI\dataset_manager\clean\skin\lumpy_skin_disease\roboflow__lumpy-skin-disease-detection__Lumpy_Skin_29_png.rf.bd3b84293d44f2164d3241eb99e66f43.jpg,same_class_duplicate,2,lumpy_skin_disease
C:\Users\ashis\Desktop\ScanAI\dataset_manager\clean\skin\lumpy_skin_disease\roboflow__lumpy-skin-disease-detection__Lumpy_Skin_319_png.rf.11e6d651e9f5349f2b6403362da37e47.jpg,same_class_duplicate,2,lumpy_skin_disease
C:\Users\ashis\Desktop\ScanAI\dataset_manager\clean\skin\lumpy_skin_disease\roboflow__lumpy-skin-disease-detection__Lumpy_Skin_321_png.rf.5a9a6b75029aaa28e311294e68e288d7.jpg,same_class_duplicate,2,lumpy_skin_disease
C:\Users\ashis\Desktop\ScanAI\dataset_manager\clean\skin\lumpy_skin_disease\roboflow__lumpy-skin-disease-detection__Lumpy_Skin_30_png.rf.aff094c6cc299dd371619bcaaa9aa2fd.jpg,same_class_duplicate,2,lumpy_skin_disease
C:\Users\ashis\Desktop\ScanAI\dataset_manager\clean\skin\lumpy_skin_disease\roboflow__lumpy-skin-disease-detection__Lumpy_Skin_31_png.rf.3215cf93f64f9778f365d0b4b491b1dd.jpg,same_class_duplicate,2,lumpy_skin_disease
C:\Users\ashis\Desktop\ScanAI\dataset_manager\clean\skin\lumpy_skin_disease\roboflow__lumpy-skin-disease-detection__Lumpy_Skin_36_png.rf.35881345b32a50cdcdce115b9222c33b.jpg,same_class_duplicate,2,lumpy_skin_disease
C:\Users\ashis\Desktop\ScanAI\dataset_manager\clean\skin\lumpy_skin_disease\roboflow__lumpy-skin-disease-detection__Lumpy_Skin_41_png.rf.7d3246728a6f97740d8152ed21376462.jpg,same_class_duplicate,2,lumpy_skin_disease
C:\Users\ashis\Desktop\ScanAI\dataset_manager\clean\skin\lumpy_skin_disease\roboflow__lumpy-skin-disease-detection__Lumpy_Skin_47_png.rf.c2ea5b8416f3454deb8b038d876f92b5.jpg,same_class_duplicate,2,lumpy_skin_disease
C:\Users\ashis\Desktop\ScanAI\dataset_manager\clean\skin\lumpy_skin_disease\roboflow__lumpy-skin-disease-detection__Lumpy_Skin_48_png.rf.2377a0f424a34f6189ecf5031d472882.jpg,same_class_duplicate,2,lumpy_skin_disease
C:\Users\ashis\Desktop\ScanAI\dataset_manager\clean\skin\lumpy_skin_disease\roboflow__lumpy-skin-disease-detection__Lumpy_Skin_56_png.rf.0dbb8557ae3512763e70865df432b0da.jpg,same_class_duplicate,2,lumpy_skin_disease
C:\Users\ashis\Desktop\ScanAI\dataset_manager\clean\skin\lumpy_skin_disease\roboflow__lumpy-skin-disease-detection__Lumpy_Skin_76_png.rf.2f2f6e918fa8a9aff8f580458c7b93ec.jpg,same_class_duplicate,2,lumpy_skin_disease
C:\Users\ashis\Desktop\ScanAI\dataset_manager\clean\skin\lumpy_skin_disease\roboflow__lumpy-skin-disease-detection__Lumpy_Skin_82_png.rf.4c3f7a8ebbe7b3e64f770759ec836f1b.jpg,same_class_duplicate,2,lumpy_skin_disease
C:\Users\ashis\Desktop\ScanAI\dataset_manager\clean\skin\lumpy_skin_disease\roboflow__lumpy-skin-disease-detection__Lumpy_Skin_83_png.rf.6a0bee572fe5dea6cf9b7761e24bda67.jpg,same_class_duplicate,2,lumpy_skin_disease
C:\Users\ashis\Desktop\ScanAI\dataset_manager\clean\skin\lumpy_skin_disease\roboflow__lumpy-skin-disease-detection__Lumpy_Skin_89_png.rf.c090aee0e426c6848cb21a88c0074979.jpg,same_class_duplicate,2,lumpy_skin_disease
C:\Users\ashis\Desktop\ScanAI\dataset_manager\clean\skin\lumpy_skin_disease\roboflow__lumpy-skin-disease-detection__Lumpy_Skin_95_png.rf.ec30e1ac1bd373710d62c712e4729362.jpg,same_class_duplicate,2,lumpy_skin_disease
C:\Users\ashis\Desktop\ScanAI\dataset_manager\clean\skin\lumpy_skin_disease\roboflow__lumpy-skin-disease-detection__Lumpy_Skin_96_png.rf.7a36a5cb4007b14ae69052cfd895b469.jpg,same_class_duplicate,2,lumpy_skin_disease
C:\Users\ashis\Desktop\ScanAI\dataset_manager\clean\skin\lumpy_skin_disease\roboflow__lumpy-skin-disease-detection__Lumpy_Skin_100_png.rf.5b13aa8c293e25939c7e4262c17009b3.jpg,same_class_duplicate,2,lumpy_skin_disease
C:\Users\ashis\Desktop\ScanAI\dataset_manager\clean\skin\lumpy_skin_disease\roboflow__lumpy-skin-disease-detection__Lumpy_Skin_png.rf.2ed4b8b88837de46f89f10cba6b17848.jpg,same_class_duplicate,2,lumpy_skin_disease
C:\Users\ashis\Desktop\ScanAI\dataset_manager\clean\skin\lumpy_skin_disease\roboflow__lumpy-skin-disease-detection__Lumpy_Skin_10_png.rf.e68daba369909be1ee5b871cc95a12b1.jpg,same_class_duplicate,2,lumpy_skin_disease
C:\Users\ashis\Desktop\ScanAI\dataset_manager\clean\skin\lumpy_skin_disease\roboflow__lumpy-skin-disease-detection__Lumpy_Skin_103_png.rf.c76ddf66b06576f6f2aa848d41d6be84.jpg,same_class_duplicate,2,lumpy_skin_disease
C:\Users\ashis\Desktop\ScanAI\dataset_manager\clean\skin\lumpy_skin_disease\roboflow__lumpy-skin-disease-detection__Lumpy_Skin_107_png.rf.75ac144c0997c5e986164d92f37cabb9.jpg,same_class_duplicate,2,lumpy_skin_disease
C:\Users\ashis\Desktop\ScanAI\dataset_manager\clean\skin\lumpy_skin_disease\roboflow__lumpy-skin-disease-detection__Lumpy_Skin_11_png.rf.05a1766bc41c2992171df1b5fc0867ae.jpg,same_class_duplicate,2,lumpy_skin_disease
C:\Users\ashis\Desktop\ScanAI\dataset_manager\clean\skin\lumpy_skin_disease\roboflow__lumpy-skin-disease-detection__Lumpy_Skin_119_png.rf.23d8f1e2e2759b1659839692902d68be.jpg,same_class_duplicate,2,lumpy_skin_disease
C:\Users\ashis\Desktop\ScanAI\dataset_manager\clean\skin\lumpy_skin_disease\roboflow__lumpy-skin-disease-detection__Lumpy_Skin_137_png.rf.1f6f508a995d418cb600f09bab098243.jpg,same_class_duplicate,2,lumpy_skin_disease
C:\Users\ashis\Desktop\ScanAI\dataset_manager\clean\skin\lumpy_skin_disease\roboflow__lumpy-skin-disease-detection__Lumpy_Skin_140_png.rf.fdb03eac06951ad90c083df67cd40068.jpg,same_class_duplicate,2,lumpy_skin_disease
C:\Users\ashis\Desktop\ScanAI\dataset_manager\clean\skin\lumpy_skin_disease\roboflow__lumpy-skin-disease-detection__Lumpy_Skin_149_png.rf.43ee0d18b0363370352031eea1fc9a83.jpg,same_class_duplicate,2,lumpy_skin_disease
C:\Users\ashis\Desktop\ScanAI\dataset_manager\clean\skin\lumpy_skin_disease\roboflow__lumpy-skin-disease-detection__Lumpy_Skin_150_png.rf.784ffdc523e866ac15edb55d28666db8.jpg,same_class_duplicate,2,lumpy_skin_disease
C:\Users\ashis\Desktop\ScanAI\dataset_manager\clean\skin\lumpy_skin_disease\roboflow__lumpy-skin-disease-detection__Lumpy_Skin_157_png.rf.bf1feb72f11119e514863f1d29f8d5ad.jpg,same_class_duplicate,2,lumpy_skin_disease
C:\Users\ashis\Desktop\ScanAI\dataset_manager\clean\skin\lumpy_skin_disease\roboflow__lumpy-skin-disease-detection__Lumpy_Skin_160_png.rf.ad6057c6be662f9e0df6a00a08e1906b.jpg,same_class_duplicate,2,lumpy_skin_disease
C:\Users\ashis\Desktop\ScanAI\dataset_manager\clean\skin\lumpy_skin_disease\roboflow__lumpy-skin-disease-detection__Lumpy_Skin_161_png.rf.0d4041da4c78b0d9fb5343ca59bc502c.jpg,same_class_duplicate,2,lumpy_skin_disease
C:\Users\ashis\Desktop\ScanAI\dataset_manager\clean\skin\lumpy_skin_disease\roboflow__lumpy-skin-disease-detection__Lumpy_Skin_168_png.rf.c7dee56385031f8a3a1c5b80ab8eb5e3.jpg,same_class_duplicate,3,lumpy_skin_disease
C:\Users\ashis\Desktop\ScanAI\dataset_manager\clean\skin\lumpy_skin_disease\roboflow__lumpy-skin-disease-detection__Lumpy_Skin_294_png.rf.b0c997052dad6d1421b29617f5b05607.jpg,same_class_duplicate,3,lumpy_skin_disease
C:\Users\ashis\Desktop\ScanAI\dataset_manager\clean\skin\lumpy_skin_disease\roboflow__lumpy-skin-disease-detection__Lumpy_Skin_172_png.rf.4f8468b828e4ca7e69b670c023084905.jpg,same_class_duplicate,2,lumpy_skin_disease
C:\Users\ashis\Desktop\ScanAI\dataset_manager\clean\skin\lumpy_skin_disease\roboflow__lumpy-skin-disease-detection__Lumpy_Skin_173_png.rf.373f6c387527357900be9bafbe26f1f9.jpg,same_class_duplicate,2,lumpy_skin_disease
C:\Users\ashis\Desktop\ScanAI\dataset_manager\clean\skin\lumpy_skin_disease\roboflow__lumpy-skin-disease-detection__Lumpy_Skin_17_png.rf.bb962a86756bd434580cdd95298becd3.jpg,same_class_duplicate,2,lumpy_skin_disease
C:\Users\ashis\Desktop\ScanAI\dataset_manager\clean\skin\lumpy_skin_disease\roboflow__lumpy-skin-disease-detection__Lumpy_Skin_189_png.rf.620e8cf1f5d060b32cdfe0d820a8c29b.jpg,same_class_duplicate,2,lumpy_skin_disease
C:\Users\ashis\Desktop\ScanAI\dataset_manager\clean\skin\lumpy_skin_disease\roboflow__lumpy-skin-disease-detection__Lumpy_Skin_203_png.rf.802da74485406b4d9ae41f9021f19d56.jpg,same_class_duplicate,2,lumpy_skin_disease
C:\Users\ashis\Desktop\ScanAI\dataset_manager\clean\skin\lumpy_skin_disease\roboflow__lumpy-skin-disease-detection__Lumpy_Skin_204_png.rf.198b89431ff5ed79a3393c1b616b9de6.jpg,same_class_duplicate,2,lumpy_skin_disease
C:\Users\ashis\Desktop\ScanAI\dataset_manager\clean\skin\lumpy_skin_disease\roboflow__lumpy-skin-disease-detection__Lumpy_Skin_220_png.rf.a5099497f50a6a363440479fcdb87758.jpg,same_class_duplicate,2,lumpy_skin_disease
C:\Users\ashis\Desktop\ScanAI\dataset_manager\clean\skin\lumpy_skin_disease\roboflow__lumpy-skin-disease-detection__Lumpy_Skin_232_png.rf.69bbb558de0cbf5b6dae11b30f6509c5.jpg,same_class_duplicate,2,lumpy_skin_disease
C:\Users\ashis\Desktop\ScanAI\dataset_manager\clean\skin\lumpy_skin_disease\roboflow__lumpy-skin-disease-detection__Lumpy_Skin_234_png.rf.08f1ed142e35678ce45474ba9861af1b.jpg,same_class_duplicate,2,lumpy_skin_disease
C:\Users\ashis\Desktop\ScanAI\dataset_manager\clean\skin\lumpy_skin_disease\roboflow__lumpy-skin-disease-detection__Lumpy_Skin_252_png.rf.ffa0f8be5be137a09d5547cc719f0c58.jpg,same_class_duplicate,2,lumpy_skin_disease
C:\Users\ashis\Desktop\ScanAI\dataset_manager\clean\skin\lumpy_skin_disease\roboflow__lumpy-skin-disease-detection__Lumpy_Skin_260_png.rf.1a1cf35b496bc34566cb782b4b2b0fcf.jpg,same_class_duplicate,2,lumpy_skin_disease
C:\Users\ashis\Desktop\ScanAI\dataset_manager\clean\skin\lumpy_skin_disease\roboflow__lumpy-skin-disease-detection__Lumpy_Skin_263_png.rf.88bdf86d1e083515db5b5e379188dcc5.jpg,same_class_duplicate,3,lumpy_skin_disease
C:\Users\ashis\Desktop\ScanAI\dataset_manager\clean\skin\lumpy_skin_disease\roboflow__lumpy-skin-disease-detection__Lumpy_Skin_43_png.rf.1f0fb427de5efd2a190fac60f8f95e32.jpg,same_class_duplicate,3,lumpy_skin_disease
C:\Users\ashis\Desktop\ScanAI\dataset_manager\clean\skin\lumpy_skin_disease\roboflow__lumpy-skin-disease-detection__Lumpy_Skin_264_png.rf.b225a14d6cd88a8e40692fe7a9f766b6.jpg,same_class_duplicate,3,lumpy_skin_disease
C:\Users\ashis\Desktop\ScanAI\dataset_manager\clean\skin\lumpy_skin_disease\roboflow__lumpy-skin-disease-detection__Lumpy_Skin_304_png.rf.f5960b1c4cf6a8d3b84e2b2afd50d1e8.jpg,same_class_duplicate,3,lumpy_skin_disease
C:\Users\ashis\Desktop\ScanAI\dataset_manager\clean\skin\lumpy_skin_disease\roboflow__lumpy-skin-disease-detection__Lumpy_Skin_268_png.rf.18057a551cdcc3058c72739bb2368442.jpg,same_class_duplicate,2,lumpy_skin_disease
C:\Users\ashis\Desktop\ScanAI\dataset_manager\clean\skin\lumpy_skin_disease\roboflow__lumpy-skin-disease-detection__Lumpy_Skin_278_png.rf.1575e0489de6ba6a3ec1ac700fc1d45a.jpg,same_class_duplicate,2,lumpy_skin_disease
C:\Users\ashis\Desktop\ScanAI\dataset_manager\clean\skin\lumpy_skin_disease\roboflow__lumpy-skin-disease-detection__Lumpy_Skin_308_png.rf.b6fba51900f18d9270d255a12094c1d4.jpg,same_class_duplicate,2,lumpy_skin_disease
C:\Users\ashis\Desktop\ScanAI\dataset_manager\clean\skin\lumpy_skin_disease\roboflow__lumpy-skin-disease-detection__Lumpy_Skin_314_png.rf.65a4e6f9359454c4355dcfedd06c9172.jpg,same_class_duplicate,2,lumpy_skin_disease
C:\Users\ashis\Desktop\ScanAI\dataset_manager\clean\skin\lumpy_skin_disease\roboflow__lumpy-skin-disease-detection__Lumpy_Skin_32_png.rf.71b23d0acfae19f9b0c5412cac0b7a4a.jpg,same_class_duplicate,2,lumpy_skin_disease
C:\Users\ashis\Desktop\ScanAI\dataset_manager\clean\skin\lumpy_skin_disease\roboflow__lumpy-skin-disease-detection__Lumpy_Skin_322_png.rf.a7e690766060d85c412ade4c4402bfdc.jpg,same_class_duplicate,2,lumpy_skin_disease
C:\Users\ashis\Desktop\ScanAI\dataset_manager\clean\skin\lumpy_skin_disease\roboflow__lumpy-skin-disease-detection__Lumpy_Skin_323_png.rf.e4d74fb6111448df6e7bc7d278fd7bed.jpg,same_class_duplicate,2,lumpy_skin_disease
C:\Users\ashis\Desktop\ScanAI\dataset_manager\clean\skin\lumpy_skin_disease\roboflow__lumpy-skin-disease-detection__Lumpy_Skin_329_png.rf.d520dc6db50d8ec395830683f4145052.jpg,same_class_duplicate,2,lumpy_skin_disease
C:\Users\ashis\Desktop\ScanAI\dataset_manager\clean\skin\lumpy_skin_disease\roboflow__lumpy-skin-disease-detection__Lumpy_Skin_35_png.rf.e991b97ca59e606a4efc9e0aa5f8ff18.jpg,same_class_duplicate,2,lumpy_skin_disease
C:\Users\ashis\Desktop\ScanAI\dataset_manager\clean\skin\lumpy_skin_disease\roboflow__lumpy-skin-disease-detection__Lumpy_Skin_38_png.rf.90017455f40fcebc773f23a40b8bc380.jpg,same_class_duplicate,2,lumpy_skin_disease
C:\Users\ashis\Desktop\ScanAI\dataset_manager\clean\skin\lumpy_skin_disease\roboflow__lumpy-skin-disease-detection__Lumpy_Skin_45_png.rf.b0163e07016b8f46d943dfef34065f09.jpg,same_class_duplicate,2,lumpy_skin_disease
C:\Users\ashis\Desktop\ScanAI\dataset_manager\clean\skin\lumpy_skin_disease\roboflow__lumpy-skin-disease-detection__Lumpy_Skin_46_png.rf.33eeb02d5c4e37df643826e91f683401.jpg,same_class_duplicate,2,lumpy_skin_disease
C:\Users\ashis\Desktop\ScanAI\dataset_manager\clean\skin\lumpy_skin_disease\roboflow__lumpy-skin-disease-detection__Lumpy_Skin_49_png.rf.acc8686f7ae9222bbca96e0cd3e69355.jpg,same_class_duplicate,2,lumpy_skin_disease
C:\Users\ashis\Desktop\ScanAI\dataset_manager\clean\skin\lumpy_skin_disease\roboflow__lumpy-skin-disease-detection__Lumpy_Skin_73_png.rf.90bf55fca9239cbe6665d3e24236f287.jpg,same_class_duplicate,2,lumpy_skin_disease
C:\Users\ashis\Desktop\ScanAI\dataset_manager\clean\skin\lumpy_skin_disease\roboflow__lumpy-skin-disease-detection__Lumpy_Skin_74_png.rf.76896ff5a4a48f56e32369af38f10a9f.jpg,same_class_duplicate,2,lumpy_skin_disease
C:\Users\ashis\Desktop\ScanAI\dataset_manager\clean\skin\lumpy_skin_disease\roboflow__lumpy-skin-disease-detection__Lumpy_Skin_75_png.rf.5f83173b9aa67716df3bcbf9f079c8e7.jpg,same_class_duplicate,2,lumpy_skin_disease
C:\Users\ashis\Desktop\ScanAI\dataset_manager\clean\skin\lumpy_skin_disease\roboflow__lumpy-skin-disease-detection__Lumpy_Skin_99_png.rf.03d9d7ed8d87ef97bc67302449a6c8ac.jpg,same_class_duplicate,2,lumpy_skin_disease
C:\Users\ashis\Desktop\ScanAI\dataset_manager\clean\skin\lumpy_skin_disease\roboflow__lumpy-skin-disease-detection__Lumpy_Skin_52_png.rf.0f2fabb49f1a1a9f13ef8d852b3b9af4.jpg,same_class_duplicate,2,lumpy_skin_disease
C:\Users\ashis\Desktop\ScanAI\dataset_manager\clean\skin\lumpy_skin_disease\roboflow__lumpy-skin-disease-detection__Lumpy_Skin_296_png.rf.1b93260ef22efb9bfcc05fdcc969e8e9.jpg,same_class_duplicate,3,lumpy_skin_disease
C:\Users\ashis\Desktop\ScanAI\dataset_manager\clean\skin\lumpy_skin_disease\roboflow__lumpy-skin-disease-detection__Lumpy_Skin_65_png.rf.6b8188946d18bb60ce079836adfa44c0.jpg,same_class_duplicate,3,lumpy_skin_disease
C:\Users\ashis\Desktop\ScanAI\dataset_manager\clean\skin\lumpy_skin_disease\roboflow__lumpy-skin-disease-detection__Lumpy_Skin_71_png.rf.d26caae9fc13f1f9c2c4802c8dbe41bc.jpg,same_class_duplicate,2,lumpy_skin_disease
C:\Users\ashis\Desktop\ScanAI\dataset_manager\clean\skin\lumpy_skin_disease\roboflow__lumpy-skin-disease-detection__Lumpy_Skin_40_png.rf.9b20a313ea636050f6f269bf27e8c285.jpg,same_class_duplicate,2,lumpy_skin_disease
C:\Users\ashis\Desktop\ScanAI\dataset_manager\clean\skin\lumpy_skin_disease\roboflow__lumpy-skin-disease-detection__Lumpy_Skin_320_png.rf.f9a149ae672b269e5e1ce856074298d9.jpg,same_class_duplicate,2,lumpy_skin_disease
C:\Users\ashis\Desktop\ScanAI\dataset_manager\clean\skin\mange\roboflow__dog-and-cat-skin-disease-identification-2__Image_1_jpg.rf.dea20ab86a47dd8c5f7265eed3c6f7f5.jpg,same_class_duplicate,2,mange
C:\Users\ashis\Desktop\ScanAI\dataset_manager\clean\skin\mange\roboflow__dog-and-cat-skin-disease-identification-2__Image_10_jpg.rf.6973c72c1820da65c3d9ad4a025744d6.jpg,same_class_duplicate,2,mange
C:\Users\ashis\Desktop\ScanAI\dataset_manager\clean\skin\mange\kaggle__smadive__pet-disease-images__Image_88.jpg,same_class_duplicate,2,mange
C:\Users\ashis\Desktop\ScanAI\dataset_manager\clean\skin\mange\kaggle__smadive__pet-disease-images__Image_35.jpg,same_class_duplicate,3,mange
C:\Users\ashis\Desktop\ScanAI\dataset_manager\clean\skin\mange\kaggle__smadive__pet-disease-images__Image_43.jpg,same_class_duplicate,3,mange
C:\Users\ashis\Desktop\ScanAI\dataset_manager\clean\skin\mange\kaggle__smadive__pet-disease-images__Image_33.jpg,same_class_duplicate,2,mange
C:\Users\ashis\Desktop\ScanAI\dataset_manager\clean\skin\mange\kaggle__smadive__pet-disease-images__Image_65.jpg,same_class_duplicate,2,mange
C:\Users\ashis\Desktop\ScanAI\dataset_manager\clean\skin\mange\roboflow__dog-and-cat-skin-disease-identification-2__Image_26_jpg.rf.2ea275d69babfda0e34e58bd49d1db15.jpg,same_class_duplicate,2,mange
C:\Users\ashis\Desktop\ScanAI\dataset_manager\clean\skin\mange\kaggle__smadive__pet-disease-images__Image_3.jpg,exact_cross_class_conflict,3,mange|scabies
C:\Users\ashis\Desktop\ScanAI\dataset_manager\clean\skin\mange\roboflow__dog-and-cat-skin-disease-identification-2__Image_3_jpg.rf.0e2f978f58fae7962cf0f7f75f114f5d.jpg,exact_cross_class_conflict,3,mange|scabies
C:\Users\ashis\Desktop\ScanAI\dataset_manager\clean\skin\scabies\kaggle__smadive__pet-disease-images__Image_99.jpg,exact_cross_class_conflict,3,mange|scabies
C:\Users\ashis\Desktop\ScanAI\dataset_manager\clean\skin\mange\roboflow__dog-and-cat-skin-disease-identification-2__Image_31_jpg.rf.5c2196ba3f8d8f02e13297bfb79996dd.jpg,same_class_duplicate,2,mange
C:\Users\ashis\Desktop\ScanAI\dataset_manager\clean\skin\mange\roboflow__dog-and-cat-skin-disease-identification-2__Image_37_jpg.rf.6c7756e75909efe8eeb844f383a56aad.jpg,same_class_duplicate,2,mange
C:\Users\ashis\Desktop\ScanAI\dataset_manager\clean\skin\mange\kaggle__smadive__pet-disease-images__Image_4.jpg,same_class_duplicate,2,mange
C:\Users\ashis\Desktop\ScanAI\dataset_manager\clean\skin\mange\kaggle__smadive__pet-disease-images__Image_41.jpg,same_class_duplicate,2,mange
C:\Users\ashis\Desktop\ScanAI\dataset_manager\clean\skin\mange\kaggle__smadive__pet-disease-images__Image_41.png,same_class_duplicate,3,mange
C:\Users\ashis\Desktop\ScanAI\dataset_manager\clean\skin\mange\roboflow__dog-and-cat-skin-disease-identification-2__Image_39_png_jpg.rf.2fb29ad15e29228535f9710e34148218.jpg,same_class_duplicate,3,mange
C:\Users\ashis\Desktop\ScanAI\dataset_manager\clean\skin\mange\roboflow__dog-and-cat-skin-disease-identification-2__Image_5_jpg.rf.5ac2aded354cca795f5842951efc1e28.jpg,same_class_duplicate,2,mange
C:\Users\ashis\Desktop\ScanAI\dataset_manager\clean\skin\mange\roboflow__dog-and-cat-skin-disease-identification-2__Image_64_jpg.rf.7eb32d37091328562d9be2044951914a.jpg,same_class_duplicate,2,mange
C:\Users\ashis\Desktop\ScanAI\dataset_manager\clean\skin\mange\roboflow__dog-and-cat-skin-disease-identification-2__1-1-_jpg.rf.d2dacce95deea61c52e674e99bf4c4a3.jpg,same_class_duplicate,2,mange
C:\Users\ashis\Desktop\ScanAI\dataset_manager\clean\skin\mange\roboflow__dog-and-cat-skin-disease-identification-2__1-10-_jpg.rf.9b0c6c8f342ee3ae0774e70b7a7c2e44.jpg,same_class_duplicate,2,mange
C:\Users\ashis\Desktop\ScanAI\dataset_manager\clean\skin\mange\roboflow__dog-and-cat-skin-disease-identification-2__1-11-_jpg.rf.e4a2b259cfd24e1b9fdff5f6e4038f92.jpg,same_class_duplicate,2,mange
C:\Users\ashis\Desktop\ScanAI\dataset_manager\clean\skin\mange\roboflow__dog-and-cat-skin-disease-identification-2__1-12-_jpg.rf.d14dfafd5261b50e19da600d887e1e0a.jpg,same_class_duplicate,2,mange
C:\Users\ashis\Desktop\ScanAI\dataset_manager\clean\skin\mange\roboflow__dog-and-cat-skin-disease-identification-2__1-14-_png_jpg.rf.5cef3b063848b0dd72680b7d96ec24e2.jpg,same_class_duplicate,2,mange
C:\Users\ashis\Desktop\ScanAI\dataset_manager\clean\skin\mange\roboflow__dog-and-cat-skin-disease-identification-2__1-23-_png_jpg.rf.964350f0173bcdc801722e378621c17c.jpg,same_class_duplicate,2,mange
C:\Users\ashis\Desktop\ScanAI\dataset_manager\clean\skin\mange\roboflow__dog-and-cat-skin-disease-identification-2__1-26-_png_jpg.rf.e0a3ffa50d43e545d42184d07452ce75.jpg,same_class_duplicate,2,mange
C:\Users\ashis\Desktop\ScanAI\dataset_manager\clean\skin\mange\roboflow__dog-and-cat-skin-disease-identification-2__1-27-_png_jpg.rf.ddda5f57380a1b07d7201871d8059dca.jpg,same_class_duplicate,2,mange
C:\Users\ashis\Desktop\ScanAI\dataset_manager\clean\skin\mange\roboflow__dog-and-cat-skin-disease-identification-2__1-27-_png_jpg.rf.e9c2dae38c47abe15ca6c02be884fbb5.jpg,same_class_duplicate,2,mange
C:\Users\ashis\Desktop\ScanAI\dataset_manager\clean\skin\mange\roboflow__dog-and-cat-skin-disease-identification-2__1-3-_jpg.rf.e890311782be05b1865e09446d24771d.jpg,same_class_duplicate,2,mange
C:\Users\ashis\Desktop\ScanAI\dataset_manager\clean\skin\mange\roboflow__dog-and-cat-skin-disease-identification-2__1-33-_png_jpg.rf.56816dc93070b977e8a72d748ca5ef45.jpg,same_class_duplicate,2,mange
C:\Users\ashis\Desktop\ScanAI\dataset_manager\clean\skin\mange\roboflow__dog-and-cat-skin-disease-identification-2__1-36-_png_jpg.rf.d69b12c1ca50354d4cce1894f1ea2e71.jpg,same_class_duplicate,2,mange
C:\Users\ashis\Desktop\ScanAI\dataset_manager\clean\skin\mange\roboflow__dog-and-cat-skin-disease-identification-2__1-38-_png_jpg.rf.5a3b34266e6bc397387222d50292dcb5.jpg,same_class_duplicate,2,mange
C:\Users\ashis\Desktop\ScanAI\dataset_manager\clean\skin\mange\roboflow__dog-and-cat-skin-disease-identification-2__1-43-_png_jpg.rf.6c96521351fecefd663ba99ee54f5016.jpg,same_class_duplicate,2,mange
C:\Users\ashis\Desktop\ScanAI\dataset_manager\clean\skin\mange\roboflow__dog-and-cat-skin-disease-identification-2__1-46-_png_jpg.rf.8529305f4169fec32cd6f7fed9812c72.jpg,same_class_duplicate,2,mange
C:\Users\ashis\Desktop\ScanAI\dataset_manager\clean\skin\mange\roboflow__dog-and-cat-skin-disease-identification-2__1-5-_jpg.rf.58627e1dbb9f4f795a842bc6799ed6cd.jpg,same_class_duplicate,2,mange
C:\Users\ashis\Desktop\ScanAI\dataset_manager\clean\skin\mange\roboflow__dog-and-cat-skin-disease-identification-2__1-51-_png_jpg.rf.92fca6e68b31910bf46da6205e153316.jpg,same_class_duplicate,2,mange
C:\Users\ashis\Desktop\ScanAI\dataset_manager\clean\skin\mange\roboflow__dog-and-cat-skin-disease-identification-2__1-53-_png_jpg.rf.32c923a435b2b77e3563f1e235db231c.jpg,same_class_duplicate,2,mange
C:\Users\ashis\Desktop\ScanAI\dataset_manager\clean\skin\mange\roboflow__dog-and-cat-skin-disease-identification-2__1-58-_png_jpg.rf.cf8ecd360e5b25d3335b36cd11071078.jpg,same_class_duplicate,2,mange
C:\Users\ashis\Desktop\ScanAI\dataset_manager\clean\skin\mange\roboflow__dog-and-cat-skin-disease-identification-2__1-62-_png_jpg.rf.f15eebe8b7f65ec13536729bc09bdb18.jpg,same_class_duplicate,2,mange
C:\Users\ashis\Desktop\ScanAI\dataset_manager\clean\skin\mange\roboflow__dog-and-cat-skin-disease-identification-2__1-63-_png_jpg.rf.58a5d4257ac527c29358dff9a2b7856f.jpg,same_class_duplicate,2,mange
C:\Users\ashis\Desktop\ScanAI\dataset_manager\clean\skin\mange\roboflow__dog-and-cat-skin-disease-identification-2__1-65-_png_jpg.rf.aff39caeb0a0d2ea258d4d67b4b4d149.jpg,same_class_duplicate,2,mange
C:\Users\ashis\Desktop\ScanAI\dataset_manager\clean\skin\mange\roboflow__dog-and-cat-skin-disease-identification-2__1-67-_png_jpg.rf.b1e0b0f90c9a2414f548f6470a24cf69.jpg,same_class_duplicate,2,mange
C:\Users\ashis\Desktop\ScanAI\dataset_manager\clean\skin\mange\roboflow__dog-and-cat-skin-disease-identification-2__1-69-_png_jpg.rf.1665fad762541bfae52a95552ff969af.jpg,same_class_duplicate,2,mange
C:\Users\ashis\Desktop\ScanAI\dataset_manager\clean\skin\mange\roboflow__dog-and-cat-skin-disease-identification-2__1-8-_png_jpg.rf.6d32e696662b57f590e7a9821be8ecb8.jpg,same_class_duplicate,2,mange
C:\Users\ashis\Desktop\ScanAI\dataset_manager\clean\skin\mange\roboflow__dog-and-cat-skin-disease-identification-2__2024-05-13-133205_2_jpg.rf.e84762d8e0469d4cf66b303e6291e397.jpg,same_class_duplicate,2,mange
C:\Users\ashis\Desktop\ScanAI\dataset_manager\clean\skin\mange\roboflow__dog-and-cat-skin-disease-identification-2__2024-05-13-133458_4_jpg.rf.b83f6d0c8e3810dab113eda56a908577.jpg,same_class_duplicate,2,mange
C:\Users\ashis\Desktop\ScanAI\dataset_manager\clean\skin\mange\roboflow__dog-and-cat-skin-disease-identification-2__2024-05-13-133920_2_jpg.rf.9ed1198a82018fb45a48cacb321a4bcd.jpg,same_class_duplicate,2,mange
C:\Users\ashis\Desktop\ScanAI\dataset_manager\clean\skin\mange\roboflow__dog-and-cat-skin-disease-identification-2__2024-05-13-134023_1_jpg.rf.6e104da3832926167afeb9ffd2fabea7.jpg,same_class_duplicate,2,mange
C:\Users\ashis\Desktop\ScanAI\dataset_manager\clean\skin\mange\roboflow__dog-and-cat-skin-disease-identification-2__2024-05-13-134023_1_jpg.rf.bc4b76985dc77aafb8f59aa9d61ca560.jpg,same_class_duplicate,2,mange
C:\Users\ashis\Desktop\ScanAI\dataset_manager\clean\skin\mange\roboflow__dog-and-cat-skin-disease-identification-2__2024-05-13-134023_4_jpg.rf.c0422bd91b94afe62e3ed898ce1e05c2.jpg,same_class_duplicate,2,mange
C:\Users\ashis\Desktop\ScanAI\dataset_manager\clean\skin\mange\roboflow__dog-and-cat-skin-disease-identification-2__2024-05-13-134023_4_jpg.rf.dddd5a4c5afaded77df58dfa93b48fec.jpg,same_class_duplicate,2,mange
C:\Users\ashis\Desktop\ScanAI\dataset_manager\clean\skin\mange\roboflow__dog-and-cat-skin-disease-identification-2__2024-05-13-134130_4_jpg.rf.b461ed82edcf1f8dba72fe33c1b1fbcb.jpg,same_class_duplicate,2,mange
C:\Users\ashis\Desktop\ScanAI\dataset_manager\clean\skin\mange\roboflow__dog-and-cat-skin-disease-identification-2__2024-05-13-134258_3_jpg.rf.4fc1092170537ba1a52cb91d60f0634c.jpg,same_class_duplicate,2,mange
C:\Users\ashis\Desktop\ScanAI\dataset_manager\clean\skin\mange\roboflow__dog-and-cat-skin-disease-identification-2__2024-05-13-134258_3_jpg.rf.9762614dde36302083a218f97e12a104.jpg,same_class_duplicate,2,mange
C:\Users\ashis\Desktop\ScanAI\dataset_manager\clean\skin\mange\roboflow__dog-and-cat-skin-disease-identification-2__2024-05-13-134316_4_jpg.rf.7d1301a2104b9a926086665e33a9c669.jpg,same_class_duplicate,2,mange
C:\Users\ashis\Desktop\ScanAI\dataset_manager\clean\skin\mange\roboflow__dog-and-cat-skin-disease-identification-2__2024-05-13-161913_jpg.rf.d2bdbf92773b9e8c159bce74a0d43ece.jpg,same_class_duplicate,2,mange
C:\Users\ashis\Desktop\ScanAI\dataset_manager\clean\skin\mange\roboflow__dog-and-cat-skin-disease-identification-2__2024-05-13-162242_jpg.rf.f4e8aa3170ad34aae63033996c6667a1.jpg,same_class_duplicate,2,mange
C:\Users\ashis\Desktop\ScanAI\dataset_manager\clean\skin\mange\roboflow__dog-and-cat-skin-disease-identification-2__2024-05-13-162254_jpg.rf.4421e5342f432d20a0a00b51e2211664.jpg,same_class_duplicate,2,mange
C:\Users\ashis\Desktop\ScanAI\dataset_manager\clean\skin\mange\roboflow__dog-and-cat-skin-disease-identification-2__2024-05-13-162429_jpg.rf.9a2d13e31761efb2dfcbbc2bb5bfdd95.jpg,same_class_duplicate,2,mange
C:\Users\ashis\Desktop\ScanAI\dataset_manager\clean\skin\mange\roboflow__dog-and-cat-skin-disease-identification-2__2024-05-13-162700_jpg.rf.c2da2112d4ce661ca09e8d167d759e8b.jpg,same_class_duplicate,2,mange
C:\Users\ashis\Desktop\ScanAI\dataset_manager\clean\skin\mange\roboflow__dog-and-cat-skin-disease-identification-2__2024-05-13-162811_jpg.rf.7918df25b19505778a9dbe303416f398.jpg,same_class_duplicate,2,mange
C:\Users\ashis\Desktop\ScanAI\dataset_manager\clean\skin\mange\roboflow__dog-and-cat-skin-disease-identification-2__2024-05-13-162923_jpg.rf.d799c9ff2aa81fc60d56bb452a083ac8.jpg,same_class_duplicate,2,mange
C:\Users\ashis\Desktop\ScanAI\dataset_manager\clean\skin\mange\roboflow__dog-and-cat-skin-disease-identification-2__2024-05-13-163800_jpg.rf.dd05165a3aa993c7e8bda8d41456c898.jpg,same_class_duplicate,2,mange
C:\Users\ashis\Desktop\ScanAI\dataset_manager\clean\skin\mange\roboflow__dog-and-cat-skin-disease-identification-2__2024-05-13-164000_jpg.rf.c4a96acb68f81244804eb4b1ab0c0e75.jpg,same_class_duplicate,2,mange
C:\Users\ashis\Desktop\ScanAI\dataset_manager\clean\skin\mange\roboflow__dog-and-cat-skin-disease-identification-2__2024-05-13-164224_4_jpg.rf.2691f42740be0bfb325beada2f1ff0d3.jpg,same_class_duplicate,2,mange
C:\Users\ashis\Desktop\ScanAI\dataset_manager\clean\skin\mange\roboflow__dog-and-cat-skin-disease-identification-2__2024-05-13-164224_4_jpg.rf.ed0c8c0da4c0155d59d89a35edb527d6.jpg,same_class_duplicate,2,mange
C:\Users\ashis\Desktop\ScanAI\dataset_manager\clean\skin\mange\roboflow__dog-and-cat-skin-disease-identification-2__2024-05-13-164256_1_jpg.rf.19a44a12b2372ea88b75772047b47698.jpg,same_class_duplicate,2,mange
C:\Users\ashis\Desktop\ScanAI\dataset_manager\clean\skin\mange\roboflow__dog-and-cat-skin-disease-identification-2__2024-05-13-164256_2_jpg.rf.975cb3af8372aff8b48230f0761ff101.jpg,same_class_duplicate,2,mange
C:\Users\ashis\Desktop\ScanAI\dataset_manager\clean\skin\mange\roboflow__dog-and-cat-skin-disease-identification-2__2024-05-13-164325_3_jpg.rf.c45ba46b087b51cc9fc7d98c75556aee.jpg,same_class_duplicate,2,mange
C:\Users\ashis\Desktop\ScanAI\dataset_manager\clean\skin\mange\roboflow__dog-and-cat-skin-disease-identification-2__2024-05-13-165218_jpg.rf.ccc6dbffad38d62db6d494a8b1f77e0a.jpg,same_class_duplicate,2,mange
C:\Users\ashis\Desktop\ScanAI\dataset_manager\clean\skin\mange\roboflow__dog-and-cat-skin-disease-identification-2__2024-05-13-165246_jpg.rf.53d40038f8656eb0becd489258066036.jpg,same_class_duplicate,2,mange
C:\Users\ashis\Desktop\ScanAI\dataset_manager\clean\skin\mange\roboflow__dog-and-cat-skin-disease-identification-2__2024-05-13-165441_jpg.rf.8326bdbab960cd09becf6fb70ab303ea.jpg,same_class_duplicate,2,mange
C:\Users\ashis\Desktop\ScanAI\dataset_manager\clean\skin\mange\roboflow__dog-and-cat-skin-disease-identification-2__D105_png_jpg.rf.c58dba840c7f552dc5913f7c5c68c38c.jpg,same_class_duplicate,2,mange
C:\Users\ashis\Desktop\ScanAI\dataset_manager\clean\skin\mange\roboflow__dog-and-cat-skin-disease-identification-2__D108_png_jpg.rf.c8481bc312b3c668d6eb0c816913f27e.jpg,same_class_duplicate,2,mange
C:\Users\ashis\Desktop\ScanAI\dataset_manager\clean\skin\mange\roboflow__dog-and-cat-skin-disease-identification-2__D115_png_jpg.rf.efaa803ac5b1c9d6ae6fa0e9a4e9b852.jpg,same_class_duplicate,2,mange
C:\Users\ashis\Desktop\ScanAI\dataset_manager\clean\skin\mange\roboflow__dog-and-cat-skin-disease-identification-2__D116_png_jpg.rf.ba3e011cbd26c5d3ac8e915630b8f897.jpg,same_class_duplicate,2,mange
C:\Users\ashis\Desktop\ScanAI\dataset_manager\clean\skin\mange\roboflow__dog-and-cat-skin-disease-identification-2__D120_png_jpg.rf.95197b79f4094edd325174a0a576a340.jpg,same_class_duplicate,2,mange
C:\Users\ashis\Desktop\ScanAI\dataset_manager\clean\skin\mange\roboflow__dog-and-cat-skin-disease-identification-2__D120_png_jpg.rf.6215451c8024b49a506863c330748131.jpg,same_class_duplicate,2,mange
C:\Users\ashis\Desktop\ScanAI\dataset_manager\clean\skin\mange\roboflow__dog-and-cat-skin-disease-identification-2__D123_png_jpg.rf.344350ebb22465affd17b5afae578600.jpg,same_class_duplicate,3,mange
C:\Users\ashis\Desktop\ScanAI\dataset_manager\clean\skin\mange\roboflow__dog-and-cat-skin-disease-identification-2__IMG_5264_jpeg_jpg.rf.e24c8738cf13b0ceb34859ee85ffcff5.jpg,same_class_duplicate,3,mange
C:\Users\ashis\Desktop\ScanAI\dataset_manager\clean\skin\mange\roboflow__dog-and-cat-skin-disease-identification-2__D124_png_jpg.rf.ce0d0e0feaff85e05d83a946d854b958.jpg,same_class_duplicate,2,mange
C:\Users\ashis\Desktop\ScanAI\dataset_manager\clean\skin\mange\roboflow__dog-and-cat-skin-disease-identification-2__D126_png_jpg.rf.dfcb39f9f3a53d5b25c4ad5ede449db5.jpg,same_class_duplicate,2,mange
C:\Users\ashis\Desktop\ScanAI\dataset_manager\clean\skin\mange\roboflow__dog-and-cat-skin-disease-identification-2__D126_png_jpg.rf.f2c7a72d9408fd53b8e63f22657cbd79.jpg,same_class_duplicate,2,mange
C:\Users\ashis\Desktop\ScanAI\dataset_manager\clean\skin\mange\roboflow__dog-and-cat-skin-disease-identification-2__D130_png_jpg.rf.8ccf9ac2be0678fd3addba508aa92bc0.jpg,same_class_duplicate,2,mange
C:\Users\ashis\Desktop\ScanAI\dataset_manager\clean\skin\mange\roboflow__dog-and-cat-skin-disease-identification-2__D133_png_jpg.rf.ab185bfb911e721ec111a8bfea91f55c.jpg,same_class_duplicate,2,mange
C:\Users\ashis\Desktop\ScanAI\dataset_manager\clean\skin\mange\roboflow__dog-and-cat-skin-disease-identification-2__D134_png_jpg.rf.76d367ff85a37e15fc939c8d6c0b3967.jpg,same_class_duplicate,2,mange
C:\Users\ashis\Desktop\ScanAI\dataset_manager\clean\skin\mange\roboflow__dog-and-cat-skin-disease-identification-2__IMG_5147_jpeg_jpg.rf.d7d9dab383594f97531fdf2d38f33c9d.jpg,same_class_duplicate,2,mange
C:\Users\ashis\Desktop\ScanAI\dataset_manager\clean\skin\mange\roboflow__dog-and-cat-skin-disease-identification-2__IMG_5147_jpeg_jpg.rf.f0f304406a4088cead06cffe5ef426ae.jpg,same_class_duplicate,2,mange
C:\Users\ashis\Desktop\ScanAI\dataset_manager\clean\skin\mange\roboflow__dog-and-cat-skin-disease-identification-2__IMG_5150_jpeg_jpg.rf.afc1f8bb85431a42aa89af13c3879c3b.jpg,same_class_duplicate,2,mange
C:\Users\ashis\Desktop\ScanAI\dataset_manager\clean\skin\mange\roboflow__dog-and-cat-skin-disease-identification-2__IMG_5160_jpeg_jpg.rf.a7f214b9c8c70c011a0db9a0a0605904.jpg,same_class_duplicate,2,mange
C:\Users\ashis\Desktop\ScanAI\dataset_manager\clean\skin\mange\roboflow__dog-and-cat-skin-disease-identification-2__IMG_5161_jpeg_jpg.rf.e620fe68c616c0aa549a9ecf3776f9d3.jpg,same_class_duplicate,2,mange
C:\Users\ashis\Desktop\ScanAI\dataset_manager\clean\skin\mange\roboflow__dog-and-cat-skin-disease-identification-2__IMG_5164_jpeg_jpg.rf.c603433f203a886ccba04dae0ee58ded.jpg,same_class_duplicate,2,mange
C:\Users\ashis\Desktop\ScanAI\dataset_manager\clean\skin\mange\roboflow__dog-and-cat-skin-disease-identification-2__IMG_5168_jpeg_jpg.rf.ecc2eb5100e03ab90fa8b789ad1c35c7.jpg,same_class_duplicate,2,mange
C:\Users\ashis\Desktop\ScanAI\dataset_manager\clean\skin\mange\roboflow__dog-and-cat-skin-disease-identification-2__IMG_5184_jpeg_jpg.rf.4f25abe143e7a5b2b085e5b4ba48402a.jpg,same_class_duplicate,2,mange
C:\Users\ashis\Desktop\ScanAI\dataset_manager\clean\skin\mange\roboflow__dog-and-cat-skin-disease-identification-2__IMG_5188_jpeg_jpg.rf.61267a1e332686d620cf0e61333d1c3b.jpg,same_class_duplicate,2,mange
C:\Users\ashis\Desktop\ScanAI\dataset_manager\clean\skin\mange\roboflow__dog-and-cat-skin-disease-identification-2__IMG_5214_jpeg_jpg.rf.c058131738560c7e6b5862d0139cbb84.jpg,same_class_duplicate,2,mange
C:\Users\ashis\Desktop\ScanAI\dataset_manager\clean\skin\mange\roboflow__dog-and-cat-skin-disease-identification-2__IMG_5219_jpeg_jpg.rf.a4f6767159cb36e93b971e1425a9dd1c.jpg,same_class_duplicate,2,mange
C:\Users\ashis\Desktop\ScanAI\dataset_manager\clean\skin\mange\roboflow__dog-and-cat-skin-disease-identification-2__IMG_5265_jpeg_jpg.rf.3fb7fb53070c66c21fcb4f982d185dcd.jpg,same_class_duplicate,2,mange
C:\Users\ashis\Desktop\ScanAI\dataset_manager\clean\skin\mange\roboflow__dog-and-cat-skin-disease-identification-2__IMG_5278_jpeg_jpg.rf.40d4717bbd2e3915e2af5ab99739fe3a.jpg,same_class_duplicate,2,mange
C:\Users\ashis\Desktop\ScanAI\dataset_manager\clean\skin\mange\roboflow__dog-and-cat-skin-disease-identification-2__IMG_5291_jpeg_jpg.rf.ab06ad4ef6d3fdc968fa7d63e34ae1a1.jpg,same_class_duplicate,2,mange
C:\Users\ashis\Desktop\ScanAI\dataset_manager\clean\skin\mange\roboflow__dog-and-cat-skin-disease-identification-2__IMG_5298_jpeg_jpg.rf.dfb1529667757cf49e68c5a58940daa4.jpg,same_class_duplicate,2,mange
C:\Users\ashis\Desktop\ScanAI\dataset_manager\clean\skin\mange\roboflow__dog-and-cat-skin-disease-identification-2__IMG_5302_jpeg_jpg.rf.bde7f59642b2872e2c57e93694c141ab.jpg,same_class_duplicate,2,mange
C:\Users\ashis\Desktop\ScanAI\dataset_manager\clean\skin\mange\roboflow__dog-and-cat-skin-disease-identification-2__mange-11-_jpg.rf.578a9b9213801bbd41ed5bf93f7837f3.jpg,same_class_duplicate,2,mange
C:\Users\ashis\Desktop\ScanAI\dataset_manager\clean\skin\mange\roboflow__dog-and-cat-skin-disease-identification-2__mange-13-_jpg.rf.a76265254089dce838c3b2c7f88014d0.jpg,same_class_duplicate,2,mange
C:\Users\ashis\Desktop\ScanAI\dataset_manager\clean\skin\mange\roboflow__dog-and-cat-skin-disease-identification-2__mange-31-_jpg.rf.812debbd85be098ce93b0f462aed62cd.jpg,same_class_duplicate,2,mange
C:\Users\ashis\Desktop\ScanAI\dataset_manager\clean\skin\mange\roboflow__dog-and-cat-skin-disease-identification-2__mange-37-_jpg.rf.9b8fb65b01c592d52a8e3c63ed0fabd6.jpg,same_class_duplicate,2,mange
C:\Users\ashis\Desktop\ScanAI\dataset_manager\clean\skin\mange\roboflow__dog-and-cat-skin-disease-identification-2__mange-41-_jpg.rf.d94fb1a6b6b3d3f04c854643609bbbea.jpg,same_class_duplicate,2,mange
C:\Users\ashis\Desktop\ScanAI\dataset_manager\clean\skin\mange\roboflow__dog-and-cat-skin-disease-identification-2__mange-44-_jpg.rf.fdf39b66ea34640f6a4d138356708330.jpg,same_class_duplicate,2,mange
C:\Users\ashis\Desktop\ScanAI\dataset_manager\clean\skin\mange\roboflow__dog-and-cat-skin-disease-identification-2__mange-58-_jpg.rf.e46c6c275d76b500dc31cc86064bfef7.jpg,same_class_duplicate,2,mange
C:\Users\ashis\Desktop\ScanAI\dataset_manager\clean\skin\mange\roboflow__dog-and-cat-skin-disease-identification-2__mange-60-_jpg.rf.de2776980742df59a612de503eb96e7f.jpg,same_class_duplicate,2,mange
C:\Users\ashis\Desktop\ScanAI\dataset_manager\clean\skin\mange\roboflow__dog-and-cat-skin-disease-identification-2__P24_png_jpg.rf.e2213a524f61d4c22589807608973499.jpg,same_class_duplicate,2,mange
C:\Users\ashis\Desktop\ScanAI\dataset_manager\clean\skin\mange\roboflow__dog-and-cat-skin-disease-identification-2__P27_png_jpg.rf.e3908c28785782e50a0c2f87f5f2812d.jpg,same_class_duplicate,2,mange
C:\Users\ashis\Desktop\ScanAI\dataset_manager\clean\skin\mange\roboflow__dog-and-cat-skin-disease-identification-2__P30_png_jpg.rf.8d47391b59bb0573812dfe006088b272.jpg,same_class_duplicate,2,mange
C:\Users\ashis\Desktop\ScanAI\dataset_manager\clean\skin\mange\roboflow__dog-and-cat-skin-disease-identification-2__P33_png_jpg.rf.f2aaf6097f1da45e54416072a3c9d53e.jpg,same_class_duplicate,2,mange
C:\Users\ashis\Desktop\ScanAI\dataset_manager\clean\skin\mange\roboflow__dog-and-cat-skin-disease-identification-2__P47_jpg.rf.8fd6f27a642ec063ef2dd14013498cfe.jpg,same_class_duplicate,2,mange
C:\Users\ashis\Desktop\ScanAI\dataset_manager\clean\skin\mange\roboflow__dog-and-cat-skin-disease-identification-2__P52_jpg.rf.cf636f9dfc9029912c2a990c400fdad0.jpg,same_class_duplicate,2,mange
C:\Users\ashis\Desktop\ScanAI\dataset_manager\clean\skin\mange\roboflow__dog-and-cat-skin-disease-identification-2__scabies_111_png_jpg.rf.413e0e11a71cc220b38fcc176c334772.jpg,same_class_duplicate,2,mange
C:\Users\ashis\Desktop\ScanAI\dataset_manager\clean\skin\mange\roboflow__dog-and-cat-skin-disease-identification-2__scabies_115_png_jpg.rf.573a22d248e081e0186dbc3a6dabec21.jpg,same_class_duplicate,2,mange
C:\Users\ashis\Desktop\ScanAI\dataset_manager\clean\skin\mange\roboflow__dog-and-cat-skin-disease-identification-2__scabies_89_png_jpg.rf.b53542a1301f890cd9010f9844e91db4.jpg,same_class_duplicate,2,mange
C:\Users\ashis\Desktop\ScanAI\dataset_manager\clean\skin\mange\roboflow__dog-and-cat-skin-disease-identification-2__scabies_90_png_jpg.rf.b78128baa3b8de68dacb5fa50b0d90aa.jpg,same_class_duplicate,2,mange
C:\Users\ashis\Desktop\ScanAI\dataset_manager\clean\skin\pyoderma\roboflow__dog-and-cat-skin-disease-identification-2__bacterial_derm_15_jpg.rf.c1aca1d150a04dfb770b7f2bc779e10f.jpg,same_class_duplicate,2,pyoderma
C:\Users\ashis\Desktop\ScanAI\dataset_manager\clean\skin\pyoderma\roboflow__dog-and-cat-skin-disease-identification-2__bacterial_derm_13_jpg.rf.9bef477fb000eaadfa93b79c62ca9c34.jpg,same_class_duplicate,2,pyoderma
C:\Users\ashis\Desktop\ScanAI\dataset_manager\clean\skin\pyoderma\roboflow__dog-and-cat-skin-disease-identification-2__bacterial_derm_18_jpg.rf.390fbf3680d9489af30ec25b22965b5a.jpg,same_class_duplicate,2,pyoderma
C:\Users\ashis\Desktop\ScanAI\dataset_manager\clean\skin\pyoderma\roboflow__dog-and-cat-skin-disease-identification-2__bacterial_derm_19_jpg.rf.0c24c6ea845a40bcc4826e009cfdb652.jpg,same_class_duplicate,2,pyoderma
C:\Users\ashis\Desktop\ScanAI\dataset_manager\clean\skin\pyoderma\roboflow__dog-and-cat-skin-disease-identification-2__bacterial_2_jpg.rf.f506256534f47d32417c49a0c94c266e.jpg,same_class_duplicate,2,pyoderma
C:\Users\ashis\Desktop\ScanAI\dataset_manager\clean\skin\pyoderma\roboflow__dog-and-cat-skin-disease-identification-2__bacterial_4_jpg.rf.3ab35b447b66d9fe1c0d68414b2e48f4.jpg,same_class_duplicate,2,pyoderma
C:\Users\ashis\Desktop\ScanAI\dataset_manager\clean\skin\pyoderma\roboflow__dog-and-cat-skin-disease-identification-2__bacterial_105_jpg.rf.d2ab1a238ff662b11d9c1fb5a5cbd6ab.jpg,same_class_duplicate,4,pyoderma
C:\Users\ashis\Desktop\ScanAI\dataset_manager\clean\skin\pyoderma\roboflow__dog-and-cat-skin-disease-identification-2__bacterial_3_jpg.rf.0a83046b860c444e5bb2290b021d8313.jpg,same_class_duplicate,4,pyoderma
C:\Users\ashis\Desktop\ScanAI\dataset_manager\clean\skin\pyoderma\roboflow__dog-and-cat-skin-disease-identification-2__bacterial_408_jpg.rf.0f54c5d50533f89822020ad4b47cce13.jpg,same_class_duplicate,4,pyoderma
C:\Users\ashis\Desktop\ScanAI\dataset_manager\clean\skin\pyoderma\roboflow__dog-and-cat-skin-disease-identification-2__bacc2_jpg.rf.751654c9e057fe3c8d5a9396a13bd4e4.jpg,exact_cross_class_conflict,5,pyoderma|ringworm
C:\Users\ashis\Desktop\ScanAI\dataset_manager\clean\skin\pyoderma\roboflow__dog-and-cat-skin-disease-identification-2__bacterial11_jpg.rf.6548a45d5fbbe749d1925692077f2382.jpg,exact_cross_class_conflict,5,pyoderma|ringworm
C:\Users\ashis\Desktop\ScanAI\dataset_manager\clean\skin\pyoderma\roboflow__dog-and-cat-skin-disease-identification-2__bacterial_44_jpg.rf.9a5beb8175907827562a1367ec828bb1.jpg,exact_cross_class_conflict,5,pyoderma|ringworm
C:\Users\ashis\Desktop\ScanAI\dataset_manager\clean\skin\pyoderma\roboflow__dog-and-cat-skin-disease-identification-2__bacterial_6_jpg.rf.d3084d4d8ee8883e30968c5dbd7a9915.jpg,exact_cross_class_conflict,5,pyoderma|ringworm
C:\Users\ashis\Desktop\ScanAI\dataset_manager\clean\skin\ringworm\roboflow__dog-and-cat-skin-disease-identification-2__80b5eb_799a7e6d4c1444318ee3e4280_jpg.rf.fdade8af7ff88b25c6bdf63d906c9c69.jpg,exact_cross_class_conflict,5,pyoderma|ringworm
C:\Users\ashis\Desktop\ScanAI\dataset_manager\clean\skin\pyoderma\roboflow__dog-and-cat-skin-disease-identification-2__bacterial19_jpg.rf.ed2f906112a415a4bb6bf956652c3db2.jpg,same_class_duplicate,5,pyoderma
C:\Users\ashis\Desktop\ScanAI\dataset_manager\clean\skin\pyoderma\roboflow__dog-and-cat-skin-disease-identification-2__bacterial_406_jpg.rf.58b25a9e04fd65217f8fd0fd369f53fe.jpg,same_class_duplicate,5,pyoderma
C:\Users\ashis\Desktop\ScanAI\dataset_manager\clean\skin\pyoderma\roboflow__dog-and-cat-skin-disease-identification-2__bacterial_52_jpg.rf.5a8920326604c4870ff89c4c7c407377.jpg,same_class_duplicate,5,pyoderma
C:\Users\ashis\Desktop\ScanAI\dataset_manager\clean\skin\pyoderma\roboflow__dog-and-cat-skin-disease-identification-2__bacterial_9_jpg.rf.fcc403c328a03d47831395dc7a6cac0b.jpg,same_class_duplicate,5,pyoderma
C:\Users\ashis\Desktop\ScanAI\dataset_manager\clean\skin\pyoderma\roboflow__dog-and-cat-skin-disease-identification-2__bacterial_13_jpg.rf.554e729003650578e42e32d84ecab18b.jpg,same_class_duplicate,2,pyoderma
C:\Users\ashis\Desktop\ScanAI\dataset_manager\clean\skin\pyoderma\roboflow__dog-and-cat-skin-disease-identification-2__bacterial_17_jpg.rf.56f6ed5146a20dc5893db6301a7fbf96.jpg,same_class_duplicate,2,pyoderma
C:\Users\ashis\Desktop\ScanAI\dataset_manager\clean\skin\pyoderma\roboflow__dog-and-cat-skin-disease-identification-2__bacterial_15_jpg.rf.faf2449ba1a62acd3ac4e26487a21554.jpg,same_class_duplicate,2,pyoderma
C:\Users\ashis\Desktop\ScanAI\dataset_manager\clean\skin\pyoderma\roboflow__dog-and-cat-skin-disease-identification-2__bacterial_16_jpg.rf.97bc67b2fbbb0155c327e768ab28c919.jpg,same_class_duplicate,2,pyoderma
C:\Users\ashis\Desktop\ScanAI\dataset_manager\clean\skin\pyoderma\roboflow__dog-and-cat-skin-disease-identification-2__bacterial_45_jpg.rf.370ca7bbd214912cfd28fee24d53498d.jpg,same_class_duplicate,2,pyoderma
C:\Users\ashis\Desktop\ScanAI\dataset_manager\clean\skin\pyoderma\roboflow__dog-and-cat-skin-disease-identification-2__bacterial_114_jpg.rf.70f6fee4b1e6f7bb86e3cddaa4dfd2f6.jpg,same_class_duplicate,2,pyoderma
C:\Users\ashis\Desktop\ScanAI\dataset_manager\clean\skin\pyoderma\roboflow__dog-and-cat-skin-disease-identification-2__bacterial_320_jpg.rf.67fb76bd58f1bec8fa4e64fd7fd9d72b.jpg,same_class_duplicate,2,pyoderma
C:\Users\ashis\Desktop\ScanAI\dataset_manager\clean\skin\pyoderma\roboflow__dog-and-cat-skin-disease-identification-2__bacterial_109_jpg.rf.a04599e1d9385f6637e5c4ea4a3a670d.jpg,same_class_duplicate,2,pyoderma
C:\Users\ashis\Desktop\ScanAI\dataset_manager\clean\skin\pyoderma\roboflow__dog-and-cat-skin-disease-identification-2__bacterial_39_jpg.rf.0898d0849035a48c9272df77a7a6c5d8.jpg,same_class_duplicate,2,pyoderma
C:\Users\ashis\Desktop\ScanAI\dataset_manager\clean\skin\pyoderma\roboflow__dog-and-cat-skin-disease-identification-2__bacterial_403_jpg.rf.be5c115cc3e35d2759ddbbf3dec37dec.jpg,same_class_duplicate,2,pyoderma
C:\Users\ashis\Desktop\ScanAI\dataset_manager\clean\skin\pyoderma\roboflow__dog-and-cat-skin-disease-identification-2__bacterial_134_jpg.rf.b22cf1b709c0852b64704c0b1e907c8f.jpg,same_class_duplicate,2,pyoderma
C:\Users\ashis\Desktop\ScanAI\dataset_manager\clean\skin\pyoderma\roboflow__dog-and-cat-skin-disease-identification-2__bacterial_152_jpg.rf.b4f6879f6325bd722296d75fc75886f9.jpg,same_class_duplicate,2,pyoderma
C:\Users\ashis\Desktop\ScanAI\dataset_manager\clean\skin\pyoderma\roboflow__dog-and-cat-skin-disease-identification-2__bacterial_154_jpg.rf.3dd0b40c8fd97aface4b6efe7638a518.jpg,same_class_duplicate,3,pyoderma
C:\Users\ashis\Desktop\ScanAI\dataset_manager\clean\skin\pyoderma\roboflow__dog-and-cat-skin-disease-identification-2__bacterial_156_jpg.rf.c04d445f64ee98958b1f42a80442fcdc.jpg,same_class_duplicate,3,pyoderma
C:\Users\ashis\Desktop\ScanAI\dataset_manager\clean\skin\pyoderma\roboflow__dog-and-cat-skin-disease-identification-2__bacterial_166_jpg.rf.00a3d44edd2a92ea18624ea2a04bcf32.jpg,same_class_duplicate,2,pyoderma
C:\Users\ashis\Desktop\ScanAI\dataset_manager\clean\skin\pyoderma\roboflow__dog-and-cat-skin-disease-identification-2__bacterial_20_jpg.rf.129a7e38995a62dcea11f7784ec2261f.jpg,same_class_duplicate,2,pyoderma
C:\Users\ashis\Desktop\ScanAI\dataset_manager\clean\skin\pyoderma\roboflow__dog-and-cat-skin-disease-identification-2__Bacterial_2_jpg.rf.1faac992b72876f98e89d2cb1e845507.jpg,same_class_duplicate,2,pyoderma
C:\Users\ashis\Desktop\ScanAI\dataset_manager\clean\skin\pyoderma\roboflow__dog-and-cat-skin-disease-identification-2__bacterial_Image_1_jpg.rf.8b067932794dae36d1803658064ac198.jpg,same_class_duplicate,2,pyoderma
C:\Users\ashis\Desktop\ScanAI\dataset_manager\clean\skin\pyoderma\roboflow__dog-and-cat-skin-disease-identification-2__bacterial_279_jpg.rf.32eee95140b3ac8eae77f09a51e787e5.jpg,same_class_duplicate,2,pyoderma
C:\Users\ashis\Desktop\ScanAI\dataset_manager\clean\skin\pyoderma\roboflow__dog-and-cat-skin-disease-identification-2__Bacterial_Image_2_jpg.rf.02b0c4ab9451a804b974f5b165619400.jpg,same_class_duplicate,2,pyoderma
C:\Users\ashis\Desktop\ScanAI\dataset_manager\clean\skin\pyoderma\roboflow__dog-and-cat-skin-disease-identification-2__bacterial_294_jpg.rf.95d2c7fa55324917b403883a5ae5ea4c.jpg,same_class_duplicate,2,pyoderma
C:\Users\ashis\Desktop\ScanAI\dataset_manager\clean\skin\pyoderma\roboflow__dog-and-cat-skin-disease-identification-2__Bacterial_Image_2_jpg.rf.ec3c6a844d1128d42a8f4a9d005b9c04.jpg,same_class_duplicate,2,pyoderma
C:\Users\ashis\Desktop\ScanAI\dataset_manager\clean\skin\pyoderma\roboflow__dog-and-cat-skin-disease-identification-2__bacterial_53_jpg.rf.33d1998fd62596352da78c08153233aa.jpg,same_class_duplicate,2,pyoderma
C:\Users\ashis\Desktop\ScanAI\dataset_manager\clean\skin\pyoderma\roboflow__dog-and-cat-skin-disease-identification-2__bacterial_329_jpg.rf.b2608ccc248a88f6143ee66f035dc7cf.jpg,same_class_duplicate,3,pyoderma
C:\Users\ashis\Desktop\ScanAI\dataset_manager\clean\skin\pyoderma\roboflow__dog-and-cat-skin-disease-identification-2__bacterial_61_jpg.rf.375c0e74e36262a0bb69223677aaefa1.jpg,same_class_duplicate,3,pyoderma
C:\Users\ashis\Desktop\ScanAI\dataset_manager\clean\skin\pyoderma\roboflow__dog-and-cat-skin-disease-identification-2__bacterial_64_jpg.rf.fc1f4a10b0c760c1b67a246d9fca998a.jpg,same_class_duplicate,2,pyoderma
C:\Users\ashis\Desktop\ScanAI\dataset_manager\clean\skin\pyoderma\roboflow__dog-and-cat-skin-disease-identification-2__bacterial_68_jpg.rf.529139c0b167b5d661d06f55519e32bd.jpg,same_class_duplicate,2,pyoderma
C:\Users\ashis\Desktop\ScanAI\dataset_manager\clean\skin\pyoderma\roboflow__dog-and-cat-skin-disease-identification-2__bacterial_70_jpg.rf.b5c3e29d66b9946826b0a2e90e1e7e90.jpg,same_class_duplicate,2,pyoderma
C:\Users\ashis\Desktop\ScanAI\dataset_manager\clean\skin\pyoderma\roboflow__dog-and-cat-skin-disease-identification-2__bacterial_352_jpg.rf.8ff1e1db852633a3e3dadb74cc5d56f2.jpg,same_class_duplicate,2,pyoderma
C:\Users\ashis\Desktop\ScanAI\dataset_manager\clean\skin\pyoderma\roboflow__dog-and-cat-skin-disease-identification-2__bacterial_Image_4_jpg.rf.0d14787e5e90dcfd339599ca2cc9b14e.jpg,same_class_duplicate,2,pyoderma
C:\Users\ashis\Desktop\ScanAI\dataset_manager\clean\skin\pyoderma\roboflow__dog-and-cat-skin-disease-identification-2__bacterial_77_jpg.rf.789de1153d6f39e00937b03af658b6fb.jpg,same_class_duplicate,2,pyoderma
C:\Users\ashis\Desktop\ScanAI\dataset_manager\clean\skin\pyoderma\roboflow__dog-and-cat-skin-disease-identification-2__bacterial_79_jpg.rf.998949dcab45d8949f5270269ac408ac.jpg,same_class_duplicate,2,pyoderma
C:\Users\ashis\Desktop\ScanAI\dataset_manager\clean\skin\pyoderma\roboflow__dog-and-cat-skin-disease-identification-2__bacterial_374_jpg.rf.54dc19c509f4e7dba55d45ead36182e0.jpg,same_class_duplicate,2,pyoderma
C:\Users\ashis\Desktop\ScanAI\dataset_manager\clean\skin\pyoderma\roboflow__dog-and-cat-skin-disease-identification-2__bacterial_377_jpg.rf.96a78e754251b025287879d3905d91c3.jpg,same_class_duplicate,2,pyoderma
C:\Users\ashis\Desktop\ScanAI\dataset_manager\clean\skin\pyoderma\roboflow__dog-and-cat-skin-disease-identification-2__bacterial_396_jpg.rf.140c7b6874657383d527ad9a2aeb970d.jpg,same_class_duplicate,2,pyoderma
C:\Users\ashis\Desktop\ScanAI\dataset_manager\clean\skin\pyoderma\roboflow__dog-and-cat-skin-disease-identification-2__bacterial_73_jpg.rf.6b2c1781f5d79be7a3c5dfd9d4731976.jpg,same_class_duplicate,2,pyoderma
C:\Users\ashis\Desktop\ScanAI\dataset_manager\clean\skin\pyoderma\roboflow__dog-and-cat-skin-disease-identification-2__bacterial_417_jpg.rf.9277295b3f615e4cee87a64fbc3768cc.jpg,same_class_duplicate,2,pyoderma
C:\Users\ashis\Desktop\ScanAI\dataset_manager\clean\skin\pyoderma\roboflow__dog-and-cat-skin-disease-identification-2__bacterial_422_jpg.rf.740f52f456163da1efe12c83bae27641.jpg,same_class_duplicate,2,pyoderma
C:\Users\ashis\Desktop\ScanAI\dataset_manager\clean\skin\pyoderma\roboflow__dog-and-cat-skin-disease-identification-2__bacterial_75_jpg.rf.6506a19c6bf7b295735eaa8dfbf6d8ca.jpg,same_class_duplicate,2,pyoderma
C:\Users\ashis\Desktop\ScanAI\dataset_manager\clean\skin\pyoderma\roboflow__dog-and-cat-skin-disease-identification-2__bacterial_derm_3_jpg.rf.6be573641ae86a03b908297d923b75e1.jpg,exact_cross_class_conflict,2,pyoderma|ringworm
C:\Users\ashis\Desktop\ScanAI\dataset_manager\clean\skin\ringworm\roboflow__dog-and-cat-skin-disease-identification-2__1000010644_x16_jpg.rf.9a049d9d7d292ed29f31de24bcc33b46.jpg,exact_cross_class_conflict,2,pyoderma|ringworm
C:\Users\ashis\Desktop\ScanAI\dataset_manager\clean\skin\ringworm\kaggle__smadive__pet-disease-images__Image_46.png,same_class_duplicate,4,ringworm
C:\Users\ashis\Desktop\ScanAI\dataset_manager\clean\skin\ringworm\kaggle__smadive__pet-disease-images__Image_48.png,same_class_duplicate,4,ringworm
C:\Users\ashis\Desktop\ScanAI\dataset_manager\clean\skin\ringworm\roboflow__dog-and-cat-skin-disease-identification-2__Screenshot-2024-11-16-183007_png.rf.ccff5b57ad4c21cfda65d46983d76797.jpg,same_class_duplicate,4,ringworm
C:\Users\ashis\Desktop\ScanAI\dataset_manager\clean\skin\ringworm\roboflow__dog-and-cat-skin-disease-identification-2__Screenshot-2024-11-16-181047_png.rf.d5c390f525262e5487fc3f90b39ca1a0.jpg,same_class_duplicate,2,ringworm
C:\Users\ashis\Desktop\ScanAI\dataset_manager\clean\skin\ringworm\roboflow__dog-and-cat-skin-disease-identification-2__Image_14-2-_jpg.rf.bfd97e4cf8bc2c32325dd75d63fcc4ca.jpg,same_class_duplicate,2,ringworm
C:\Users\ashis\Desktop\ScanAI\dataset_manager\clean\skin\ringworm\roboflow__dog-and-cat-skin-disease-identification-2__ringworm45_jpg.rf.1907bcaf3ded331622d67181034eb3df.jpg,same_class_duplicate,2,ringworm
C:\Users\ashis\Desktop\ScanAI\dataset_manager\clean\skin\ringworm\kaggle__smadive__pet-disease-images__Image_38.jpg,same_class_duplicate,2,ringworm
C:\Users\ashis\Desktop\ScanAI\dataset_manager\clean\skin\ringworm\kaggle__smadive__pet-disease-images__Image_76.jpg,same_class_duplicate,2,ringworm
C:\Users\ashis\Desktop\ScanAI\dataset_manager\clean\skin\ringworm\roboflow__dog-and-cat-skin-disease-identification-2__Screenshot-2024-11-16-181513_png.rf.7a1be84e3b109bd56207a090d88f2830.jpg,same_class_duplicate,2,ringworm
C:\Users\ashis\Desktop\ScanAI\dataset_manager\clean\skin\ringworm\kaggle__smadive__pet-disease-images__Image_40.png,same_class_duplicate,2,ringworm
C:\Users\ashis\Desktop\ScanAI\dataset_manager\clean\skin\ringworm\kaggle__smadive__pet-disease-images__Image_42.jpg,same_class_duplicate,2,ringworm
C:\Users\ashis\Desktop\ScanAI\dataset_manager\clean\skin\ringworm\kaggle__smadive__pet-disease-images__Image_41.jpeg,same_class_duplicate,2,ringworm
C:\Users\ashis\Desktop\ScanAI\dataset_manager\clean\skin\ringworm\kaggle__smadive__pet-disease-images__Image_43.jpg,same_class_duplicate,2,ringworm
C:\Users\ashis\Desktop\ScanAI\dataset_manager\clean\skin\ringworm\roboflow__dog-and-cat-skin-disease-identification-2__1000010581_x16_jpg.rf.fcd9ec96d966435fdad262a6da54d040.jpg,same_class_duplicate,4,ringworm
C:\Users\ashis\Desktop\ScanAI\dataset_manager\clean\skin\ringworm\roboflow__dog-and-cat-skin-disease-identification-2__ringworm-46-_jpg.rf.a043428fdf5477ce21d9d4656589ff3c.jpg,same_class_duplicate,4,ringworm
C:\Users\ashis\Desktop\ScanAI\dataset_manager\clean\skin\ringworm\roboflow__dog-and-cat-skin-disease-identification-2__ringworm-57-_jpg.rf.c37aa2ff605c741b635fb4740c4ef8e5.jpg,same_class_duplicate,4,ringworm
C:\Users\ashis\Desktop\ScanAI\dataset_manager\clean\skin\ringworm\kaggle__smadive__pet-disease-images__Image_48.jpg,same_class_duplicate,2,ringworm
C:\Users\ashis\Desktop\ScanAI\dataset_manager\clean\skin\ringworm\roboflow__dog-and-cat-skin-disease-identification-2__Image_54_jpg.rf.dc65af9b25fc21bc0f20ee22f8b176a3.jpg,same_class_duplicate,5,ringworm
C:\Users\ashis\Desktop\ScanAI\dataset_manager\clean\skin\ringworm\roboflow__dog-and-cat-skin-disease-identification-2__Image_62_jpg.rf.470e55ccaa3575213c9ab173623552cb.jpg,same_class_duplicate,5,ringworm
C:\Users\ashis\Desktop\ScanAI\dataset_manager\clean\skin\ringworm\roboflow__dog-and-cat-skin-disease-identification-2__Screenshot-2024-11-16-181809_png.rf.80b6b21ea5b574802109a5796c0f1b2f.jpg,same_class_duplicate,5,ringworm
C:\Users\ashis\Desktop\ScanAI\dataset_manager\clean\skin\ringworm\roboflow__dog-and-cat-skin-disease-identification-2__Screenshot-2024-11-16-183050_png.rf.869c803543db10702aa0025972ac4ac6.jpg,same_class_duplicate,5,ringworm
C:\Users\ashis\Desktop\ScanAI\dataset_manager\clean\skin\ringworm\kaggle__smadive__pet-disease-images__Image_6.jpg,same_class_duplicate,3,ringworm
C:\Users\ashis\Desktop\ScanAI\dataset_manager\clean\skin\ringworm\kaggle__smadive__pet-disease-images__Image_61.jpg,same_class_duplicate,3,ringworm
C:\Users\ashis\Desktop\ScanAI\dataset_manager\clean\skin\ringworm\roboflow__dog-and-cat-skin-disease-identification-2__Screenshot-2024-11-16-182620_png.rf.a82b91689ea923d3a464677bd13099cf.jpg,same_class_duplicate,2,ringworm
C:\Users\ashis\Desktop\ScanAI\dataset_manager\clean\parasites\ear_mites\kaggle__smadive__pet-disease-images__Image_99.jpg,exact_cross_class_conflict,2,ear_mites|ringworm
C:\Users\ashis\Desktop\ScanAI\dataset_manager\clean\skin\ringworm\kaggle__smadive__pet-disease-images__Image_94.jpg,exact_cross_class_conflict,2,ear_mites|ringworm
C:\Users\ashis\Desktop\ScanAI\dataset_manager\clean\skin\ringworm\roboflow__dog-and-cat-skin-disease-identification-2__ringworm-123-_jpg.rf.7384ee6076d80ba80cfa6517412ce86f.jpg,same_class_duplicate,3,ringworm
C:\Users\ashis\Desktop\ScanAI\dataset_manager\clean\skin\ringworm\roboflow__dog-and-cat-skin-disease-identification-2__ringworm-123-_jpg.rf.8d9413f5544e8a5f02c78384d02a8ca9.jpg,same_class_duplicate,3,ringworm
C:\Users\ashis\Desktop\ScanAI\dataset_manager\clean\skin\ringworm\roboflow__dog-and-cat-skin-disease-identification-2__1000010503_x16_jpg.rf.b00c1eccd34815ad8a5e758d90afc56a.jpg,same_class_duplicate,2,ringworm
C:\Users\ashis\Desktop\ScanAI\dataset_manager\clean\skin\ringworm\roboflow__dog-and-cat-skin-disease-identification-2__1000010528_x4_jpg.rf.a7db894c70b7348705b01faefe074238.jpg,same_class_duplicate,2,ringworm
C:\Users\ashis\Desktop\ScanAI\dataset_manager\clean\skin\ringworm\roboflow__dog-and-cat-skin-disease-identification-2__1000011982_x4_jpg.rf.5653cefa6bd6a2cd4c3553485a425b16.jpg,same_class_duplicate,2,ringworm
C:\Users\ashis\Desktop\ScanAI\dataset_manager\clean\skin\ringworm\roboflow__dog-and-cat-skin-disease-identification-2__1000010696_x4_jpg.rf.8fc9b0e8a9e979d3a96245c16cdd775d.jpg,same_class_duplicate,2,ringworm
C:\Users\ashis\Desktop\ScanAI\dataset_manager\clean\skin\ringworm\roboflow__dog-and-cat-skin-disease-identification-2__141309628_3721209851319478_6017019068231788383_n_jpg.rf.8bee20518b6e6b8882f706c3ba243253.jpg,same_class_duplicate,2,ringworm
C:\Users\ashis\Desktop\ScanAI\dataset_manager\clean\skin\ringworm\roboflow__dog-and-cat-skin-disease-identification-2__436886639_984826669663928_3052914574866382434_n_jpg.rf.dbe7e9b7f79cc437d083dc3cae59dbc3.jpg,same_class_duplicate,3,ringworm
C:\Users\ashis\Desktop\ScanAI\dataset_manager\clean\skin\ringworm\roboflow__dog-and-cat-skin-disease-identification-2__436886639_984826669663928_3052914574866382434_n_jpg.rf.e5ce4bc65ccf58060b2581a7504c5779.jpg,same_class_duplicate,3,ringworm
C:\Users\ashis\Desktop\ScanAI\dataset_manager\clean\skin\ringworm\roboflow__dog-and-cat-skin-disease-identification-2__5A4BF21E-2505-406C-9A43-30E236CE08FE_jpeg_jpg.rf.d02e497b545efccbb224d4b68fe546c1.jpg,same_class_duplicate,2,ringworm
C:\Users\ashis\Desktop\ScanAI\dataset_manager\clean\skin\ringworm\roboflow__dog-and-cat-skin-disease-identification-2__436683782_1098077884800614_1582428900067857663_n_jpg.rf.dfd82cf067d19d47959499c82b3f97d7.jpg,same_class_duplicate,3,ringworm
C:\Users\ashis\Desktop\ScanAI\dataset_manager\clean\skin\ringworm\roboflow__dog-and-cat-skin-disease-identification-2__985C54F8-C941-44C1-BCEC-EA23D0DBD810_jpeg_jpg.rf.0bf2404fe6d7be854a321d91f4b95d61.jpg,same_class_duplicate,3,ringworm
C:\Users\ashis\Desktop\ScanAI\dataset_manager\clean\skin\ringworm\roboflow__dog-and-cat-skin-disease-identification-2__72AF7C39-5E76-4D59-ABE8-A26A7A74B28B_jpeg_jpg.rf.cd82b4cbf6daaa27e6ce3663fea110a9.jpg,same_class_duplicate,2,ringworm
C:\Users\ashis\Desktop\ScanAI\dataset_manager\clean\skin\ringworm\roboflow__dog-and-cat-skin-disease-identification-2__438065176_410071371966337_678127791024855360_n_jpg.rf.e57f1eca81ea71c705348d710aac9b49.jpg,same_class_duplicate,2,ringworm
C:\Users\ashis\Desktop\ScanAI\dataset_manager\clean\skin\ringworm\roboflow__dog-and-cat-skin-disease-identification-2__436815977_459940293272172_9180748049987512532_n_jpg.rf.aff162f9401e7e27830ef0718e16e35e.jpg,same_class_duplicate,2,ringworm
C:\Users\ashis\Desktop\ScanAI\dataset_manager\clean\skin\ringworm\roboflow__dog-and-cat-skin-disease-identification-2__NEWR54_jpeg_jpg.rf.1c8d05c27d5f33e97356fed0f405331b.jpg,same_class_duplicate,2,ringworm
C:\Users\ashis\Desktop\ScanAI\dataset_manager\clean\skin\ringworm\roboflow__dog-and-cat-skin-disease-identification-2__F6C9DE00-6537-4BBA-9190-139E3276427E_jpeg_jpg.rf.c4a57af18b3adeb6f536bcc5f196c4ec.jpg,same_class_duplicate,2,ringworm
C:\Users\ashis\Desktop\ScanAI\dataset_manager\clean\skin\ringworm\roboflow__dog-and-cat-skin-disease-identification-2__Day-1-of-ringworm-treatment_00211_jpg.rf.a608186a3fff6df5f859d3b2d33be594.jpg,same_class_duplicate,2,ringworm
C:\Users\ashis\Desktop\ScanAI\dataset_manager\clean\skin\ringworm\roboflow__dog-and-cat-skin-disease-identification-2__Day-28-of-ringworm-treatment_00151_jpg.rf.ba950d00b27b81dbccb092372d20528b.jpg,same_class_duplicate,2,ringworm
C:\Users\ashis\Desktop\ScanAI\dataset_manager\clean\skin\ringworm\roboflow__dog-and-cat-skin-disease-identification-2__Day-4-of-ringworm-treatment_00171_jpg.rf.f4b30369ea0b470d54122f5abc9e54e0.jpg,same_class_duplicate,2,ringworm
C:\Users\ashis\Desktop\ScanAI\dataset_manager\clean\skin\ringworm\roboflow__dog-and-cat-skin-disease-identification-2__Day-4-of-ringworm-treatment_00431_jpg.rf.cd01c629e03a4df9f88f5cf64d9893e3.jpg,same_class_duplicate,2,ringworm
C:\Users\ashis\Desktop\ScanAI\dataset_manager\clean\skin\ringworm\roboflow__dog-and-cat-skin-disease-identification-2__images-36-_jpeg_jpg.rf.ab003a47b07b3a7d81303b781f34dae6.jpg,same_class_duplicate,2,ringworm
C:\Users\ashis\Desktop\ScanAI\dataset_manager\clean\skin\ringworm\roboflow__dog-and-cat-skin-disease-identification-2__j21_jpeg_jpg.rf.aa659d4c3e4cafa89a18039efb9a5574.jpg,same_class_duplicate,2,ringworm
C:\Users\ashis\Desktop\ScanAI\dataset_manager\clean\skin\ringworm\roboflow__dog-and-cat-skin-disease-identification-2__j25_jpeg_jpg.rf.a1dc0a61fefe7e5fc371d1ccc98614d7.jpg,same_class_duplicate,2,ringworm
C:\Users\ashis\Desktop\ScanAI\dataset_manager\clean\skin\ringworm\roboflow__dog-and-cat-skin-disease-identification-2__jamur15_jpeg_jpg.rf.d001ba807aaa00a8d708e0b90f04c594.jpg,same_class_duplicate,2,ringworm
C:\Users\ashis\Desktop\ScanAI\dataset_manager\clean\skin\ringworm\roboflow__dog-and-cat-skin-disease-identification-2__NEWR37_png_jpg.rf.9783a0e6a1fc109f3b093aa4ded4d585.jpg,same_class_duplicate,2,ringworm
C:\Users\ashis\Desktop\ScanAI\dataset_manager\clean\skin\ringworm\roboflow__dog-and-cat-skin-disease-identification-2__NEWR5_jpeg_jpg.rf.2a2a51d4531fea12b182105a4649b2ce.jpg,same_class_duplicate,2,ringworm
C:\Users\ashis\Desktop\ScanAI\dataset_manager\clean\skin\ringworm\roboflow__dog-and-cat-skin-disease-identification-2__R9_png_jpg.rf.136d37a1f9ec29d2e7e5926fdf75969f.jpg,same_class_duplicate,2,ringworm
C:\Users\ashis\Desktop\ScanAI\dataset_manager\clean\skin\ringworm\roboflow__dog-and-cat-skin-disease-identification-2__R41_png_jpg.rf.f70f530d91bc0dd4def7a315014e664f.jpg,same_class_duplicate,3,ringworm
C:\Users\ashis\Desktop\ScanAI\dataset_manager\clean\skin\ringworm\roboflow__dog-and-cat-skin-disease-identification-2__R42_png_jpg.rf.755bd84d960c3f6c1adf462be0ade997.jpg,same_class_duplicate,3,ringworm
C:\Users\ashis\Desktop\ScanAI\dataset_manager\clean\skin\ringworm\roboflow__dog-and-cat-skin-disease-identification-2__R60_png_jpg.rf.6f0e32959f1cbdd49d53f96f4e59b035.jpg,same_class_duplicate,2,ringworm
C:\Users\ashis\Desktop\ScanAI\dataset_manager\clean\skin\ringworm\roboflow__dog-and-cat-skin-disease-identification-2__ringworm-13-_jpg.rf.aae74dbe7930b108ea36994095f0a0b1.jpg,same_class_duplicate,2,ringworm
C:\Users\ashis\Desktop\ScanAI\dataset_manager\clean\skin\ringworm\roboflow__dog-and-cat-skin-disease-identification-2__ringworm-86-_jpg.rf.afb56a7590489bac11850a75f971d670.jpg,same_class_duplicate,2,ringworm
C:\Users\ashis\Desktop\ScanAI\dataset_manager\clean\skin\ringworm\roboflow__dog-and-cat-skin-disease-identification-2__ringworm-116-_jpg.rf.6553ca9ad10d7f55d4d0d002a5089aba.jpg,same_class_duplicate,2,ringworm
C:\Users\ashis\Desktop\ScanAI\dataset_manager\clean\skin\ringworm\roboflow__dog-and-cat-skin-disease-identification-2__ringworm-117-_jpg.rf.319c28b5d8404c04cf5e7f2afb888fef.jpg,same_class_duplicate,2,ringworm
C:\Users\ashis\Desktop\ScanAI\dataset_manager\clean\skin\ringworm\roboflow__dog-and-cat-skin-disease-identification-2__ringworm-87-_jpg.rf.054ad442da39cf8135a4f735ac52bcc3.jpg,same_class_duplicate,2,ringworm
C:\Users\ashis\Desktop\ScanAI\dataset_manager\clean\skin\ringworm\roboflow__dog-and-cat-skin-disease-identification-2__ringworm-88-_jpg.rf.3a08cb60d96d23f2b058183694c3a77f.jpg,same_class_duplicate,2,ringworm
C:\Users\ashis\Desktop\ScanAI\dataset_manager\clean\skin\ringworm\roboflow__dog-and-cat-skin-disease-identification-2__ringworm-118-_jpg.rf.623e170ebb77558d09e0af31dce8b879.jpg,same_class_duplicate,3,ringworm
C:\Users\ashis\Desktop\ScanAI\dataset_manager\clean\skin\ringworm\roboflow__dog-and-cat-skin-disease-identification-2__ringworm-118-_jpg.rf.e040126f1866b854925fa26f5e68b808.jpg,same_class_duplicate,3,ringworm
C:\Users\ashis\Desktop\ScanAI\dataset_manager\clean\skin\ringworm\roboflow__dog-and-cat-skin-disease-identification-2__ringworm-89-_jpg.rf.fdb0ada5a9fa8934886a2cd18d00b742.jpg,same_class_duplicate,2,ringworm
C:\Users\ashis\Desktop\ScanAI\dataset_manager\clean\skin\ringworm\roboflow__dog-and-cat-skin-disease-identification-2__ringworm-119-_jpg.rf.da4422fa4d479bb6e0d28a8dea50a1dd.jpg,same_class_duplicate,2,ringworm
C:\Users\ashis\Desktop\ScanAI\dataset_manager\clean\skin\ringworm\roboflow__dog-and-cat-skin-disease-identification-2__ringworm-104-_jpg.rf.c9d59aaea996032380f89e9d2137f9c3.jpg,same_class_duplicate,2,ringworm
C:\Users\ashis\Desktop\ScanAI\dataset_manager\clean\skin\ringworm\roboflow__dog-and-cat-skin-disease-identification-2__ringworm-121-_jpg.rf.6f37f9ead40e5036e1be880b5ab61bd9.jpg,same_class_duplicate,3,ringworm
C:\Users\ashis\Desktop\ScanAI\dataset_manager\clean\skin\ringworm\roboflow__dog-and-cat-skin-disease-identification-2__ringworm-121-_jpg.rf.86bc6b8ec09db6c25027571a8c91970e.jpg,same_class_duplicate,3,ringworm
C:\Users\ashis\Desktop\ScanAI\dataset_manager\clean\skin\ringworm\roboflow__dog-and-cat-skin-disease-identification-2__ringworm-90-_jpg.rf.e607cbd211d05b44b6a1cb9d6e4101f2.jpg,same_class_duplicate,2,ringworm
C:\Users\ashis\Desktop\ScanAI\dataset_manager\clean\skin\ringworm\roboflow__dog-and-cat-skin-disease-identification-2__ringworm-91-_jpg.rf.b491937c2987ed464952146870f42fc6.jpg,same_class_duplicate,2,ringworm
C:\Users\ashis\Desktop\ScanAI\dataset_manager\clean\skin\ringworm\roboflow__dog-and-cat-skin-disease-identification-2__ringworm-92-_jpg.rf.bf17f0fad535ea12a2bd66e2f5c5736a.jpg,same_class_duplicate,2,ringworm
C:\Users\ashis\Desktop\ScanAI\dataset_manager\clean\skin\ringworm\roboflow__dog-and-cat-skin-disease-identification-2__ringworm-84-_jpg.rf.6a2da32483ea46b49247dbe5c98ca7d9.jpg,same_class_duplicate,2,ringworm
C:\Users\ashis\Desktop\ScanAI\dataset_manager\clean\skin\ringworm\roboflow__dog-and-cat-skin-disease-identification-2__ringworm-128-_jpg.rf.34c457daca4aafcc77ffbacad8d61cb2.jpg,same_class_duplicate,2,ringworm
C:\Users\ashis\Desktop\ScanAI\dataset_manager\clean\skin\ringworm\roboflow__dog-and-cat-skin-disease-identification-2__ringworm-8-_jpg.rf.f490d5f2a2aaa89ebbb99571e64fd5c2.jpg,same_class_duplicate,2,ringworm
C:\Users\ashis\Desktop\ScanAI\dataset_manager\clean\skin\ringworm\roboflow__dog-and-cat-skin-disease-identification-2__ringworm-130-_jpg.rf.36beb895e87cc397e77e3b27a5a85c7c.jpg,same_class_duplicate,2,ringworm
C:\Users\ashis\Desktop\ScanAI\dataset_manager\clean\skin\ringworm\roboflow__dog-and-cat-skin-disease-identification-2__ringworm-94-_jpg.rf.acd3b6a9ba0fe606cd41f31042052ee0.jpg,same_class_duplicate,2,ringworm
C:\Users\ashis\Desktop\ScanAI\dataset_manager\clean\skin\ringworm\roboflow__dog-and-cat-skin-disease-identification-2__ringworm-111-_jpg.rf.043e1fb073d9eacf16751e89b9defeca.jpg,same_class_duplicate,3,ringworm
C:\Users\ashis\Desktop\ScanAI\dataset_manager\clean\skin\ringworm\roboflow__dog-and-cat-skin-disease-identification-2__ringworm-95-_jpg.rf.a75ce86d42f9d3a67b63800327771800.jpg,same_class_duplicate,3,ringworm
C:\Users\ashis\Desktop\ScanAI\dataset_manager\clean\skin\ringworm\roboflow__dog-and-cat-skin-disease-identification-2__ringworm-131-_jpg.rf.90cc95f6d68bd078e8cf8de78fbb336b.jpg,same_class_duplicate,3,ringworm
C:\Users\ashis\Desktop\ScanAI\dataset_manager\clean\skin\ringworm\roboflow__dog-and-cat-skin-disease-identification-2__ringworm-131-_jpg.rf.bb464fde768895015295fb9084071640.jpg,same_class_duplicate,3,ringworm
C:\Users\ashis\Desktop\ScanAI\dataset_manager\clean\skin\ringworm\roboflow__dog-and-cat-skin-disease-identification-2__ringworm-132-_jpg.rf.ffef2c523481637abdeeb507ac476247.jpg,same_class_duplicate,2,ringworm
C:\Users\ashis\Desktop\ScanAI\dataset_manager\clean\skin\ringworm\roboflow__dog-and-cat-skin-disease-identification-2__ringworm-96-_jpg.rf.4ac714d8a620752125c61cc47b6e633d.jpg,same_class_duplicate,2,ringworm
C:\Users\ashis\Desktop\ScanAI\dataset_manager\clean\skin\ringworm\roboflow__dog-and-cat-skin-disease-identification-2__ringworm-97-_jpg.rf.4d7e5a8272950baace2844d37fe6b289.jpg,same_class_duplicate,2,ringworm
C:\Users\ashis\Desktop\ScanAI\dataset_manager\clean\skin\ringworm\roboflow__dog-and-cat-skin-disease-identification-2__ringworm-133-_jpg.rf.9a44508b4055a0d6df46220409c47dcf.jpg,same_class_duplicate,2,ringworm
C:\Users\ashis\Desktop\ScanAI\dataset_manager\clean\skin\ringworm\roboflow__dog-and-cat-skin-disease-identification-2__ringworm-134-_jpg.rf.193b756feb00da8de66049822ea36079.jpg,same_class_duplicate,3,ringworm
C:\Users\ashis\Desktop\ScanAI\dataset_manager\clean\skin\ringworm\roboflow__dog-and-cat-skin-disease-identification-2__ringworm-134-_jpg.rf.60274e66b6f79a9d288df18732eaba66.jpg,same_class_duplicate,3,ringworm
C:\Users\ashis\Desktop\ScanAI\dataset_manager\clean\skin\ringworm\roboflow__dog-and-cat-skin-disease-identification-2__ringworm-135-_jpg.rf.cc9b25450c44940232ce00d9da8a098d.jpg,same_class_duplicate,2,ringworm
C:\Users\ashis\Desktop\ScanAI\dataset_manager\clean\skin\ringworm\roboflow__dog-and-cat-skin-disease-identification-2__ringworm-99-_jpg.rf.845d724356629156e4f2e2946d1555a8.jpg,same_class_duplicate,2,ringworm
C:\Users\ashis\Desktop\ScanAI\dataset_manager\clean\skin\ringworm\roboflow__dog-and-cat-skin-disease-identification-2__ringworm-136-_jpg.rf.8d75d1c19a65fd9a575b9cebb10e3b16.jpg,same_class_duplicate,2,ringworm
C:\Users\ashis\Desktop\ScanAI\dataset_manager\clean\skin\ringworm\roboflow__dog-and-cat-skin-disease-identification-2__ringworm-137-_jpg.rf.2057bd0fb2580a3dffdb6f4459d2ac36.jpg,same_class_duplicate,2,ringworm
C:\Users\ashis\Desktop\ScanAI\dataset_manager\clean\skin\ringworm\roboflow__dog-and-cat-skin-disease-identification-2__ringworm-138-_jpg.rf.0154ba45c0e3e1fcca9ad60b130bf957.jpg,same_class_duplicate,2,ringworm
C:\Users\ashis\Desktop\ScanAI\dataset_manager\clean\skin\ringworm\roboflow__dog-and-cat-skin-disease-identification-2__ringworm-139-_jpg.rf.b50a1dabee5b2b5c7a67c5c096813498.jpg,same_class_duplicate,2,ringworm
C:\Users\ashis\Desktop\ScanAI\dataset_manager\clean\skin\ringworm\roboflow__dog-and-cat-skin-disease-identification-2__ringworm-140-_jpg.rf.ec3ba307ede2f6da8fbf060429ded4e3.jpg,same_class_duplicate,2,ringworm
C:\Users\ashis\Desktop\ScanAI\dataset_manager\clean\skin\ringworm\roboflow__dog-and-cat-skin-disease-identification-2__ringworm-141-_jpg.rf.727b70a3f854a08f37ba90bb98adf848.jpg,same_class_duplicate,2,ringworm
C:\Users\ashis\Desktop\ScanAI\dataset_manager\clean\skin\ringworm\roboflow__dog-and-cat-skin-disease-identification-2__ringworm-122-_jpg.rf.fc8e3386c7f45635d8538f3ae16f7c14.jpg,same_class_duplicate,2,ringworm
C:\Users\ashis\Desktop\ScanAI\dataset_manager\clean\skin\ringworm\roboflow__dog-and-cat-skin-disease-identification-2__ringworm-145-_jpg.rf.0ab25cf33181788cb45f90226152d097.jpg,same_class_duplicate,2,ringworm
C:\Users\ashis\Desktop\ScanAI\dataset_manager\clean\skin\ringworm\roboflow__dog-and-cat-skin-disease-identification-2__ringworm-126-_jpg.rf.2b4278bef75128689ad1f92c3e536ac6.jpg,same_class_duplicate,2,ringworm
C:\Users\ashis\Desktop\ScanAI\dataset_manager\clean\skin\ringworm\roboflow__dog-and-cat-skin-disease-identification-2__ringworm-147-_jpg.rf.4046966ea454e7fe5c3ee58fc8fd4f85.jpg,same_class_duplicate,2,ringworm
C:\Users\ashis\Desktop\ScanAI\dataset_manager\clean\skin\ringworm\roboflow__dog-and-cat-skin-disease-identification-2__ringworm-148-_jpg.rf.c854a79ce2b9f40913b0f1d4e68c64ba.jpg,same_class_duplicate,2,ringworm
C:\Users\ashis\Desktop\ScanAI\dataset_manager\clean\skin\ringworm\roboflow__dog-and-cat-skin-disease-identification-2__ringworm-129-_jpg.rf.be00860c510a34dd9f73f87c26ddc5f5.jpg,same_class_duplicate,2,ringworm
C:\Users\ashis\Desktop\ScanAI\dataset_manager\clean\skin\ringworm\roboflow__dog-and-cat-skin-disease-identification-2__ringworm-19-_jpg.rf.657de0a9db0b8f977805254950b2c536.jpg,same_class_duplicate,2,ringworm
C:\Users\ashis\Desktop\ScanAI\dataset_manager\clean\skin\ringworm\roboflow__dog-and-cat-skin-disease-identification-2__ringworm-150-_jpg.rf.2adfb2dee066604b3ec4deedcc63d148.jpg,same_class_duplicate,2,ringworm
C:\Users\ashis\Desktop\ScanAI\dataset_manager\clean\skin\ringworm\roboflow__dog-and-cat-skin-disease-identification-2__ringworm-151-_jpg.rf.6a3f505a31abc4eb0b9088a75dac41fa.jpg,same_class_duplicate,2,ringworm
C:\Users\ashis\Desktop\ScanAI\dataset_manager\clean\skin\ringworm\roboflow__dog-and-cat-skin-disease-identification-2__ringworm-152-_jpg.rf.db71a0e1df6ac68f1e12188db4b8ebd9.jpg,same_class_duplicate,2,ringworm
C:\Users\ashis\Desktop\ScanAI\dataset_manager\clean\skin\ringworm\roboflow__dog-and-cat-skin-disease-identification-2__ringworm-156-_jpg.rf.8110708c842f1e26688a6ed82587bb89.jpg,same_class_duplicate,2,ringworm
C:\Users\ashis\Desktop\ScanAI\dataset_manager\clean\skin\ringworm\roboflow__dog-and-cat-skin-disease-identification-2__ringworm-157-_jpg.rf.e1a226a53be26d6be80a1bfa04460efa.jpg,same_class_duplicate,2,ringworm
C:\Users\ashis\Desktop\ScanAI\dataset_manager\clean\skin\ringworm\roboflow__dog-and-cat-skin-disease-identification-2__ringworm-158-_jpg.rf.5a86aee5ea93265d2ec782e5570edcee.jpg,same_class_duplicate,2,ringworm
C:\Users\ashis\Desktop\ScanAI\dataset_manager\clean\skin\ringworm\roboflow__dog-and-cat-skin-disease-identification-2__ringworm-14-_jpg.rf.56fac182c789d10d7608e2a76fbd1362.jpg,same_class_duplicate,2,ringworm
C:\Users\ashis\Desktop\ScanAI\dataset_manager\clean\skin\ringworm\roboflow__dog-and-cat-skin-disease-identification-2__ringworm-23-_jpg.rf.c63e1ce99f418973812f94b7faa09bfc.jpg,same_class_duplicate,2,ringworm
C:\Users\ashis\Desktop\ScanAI\dataset_manager\clean\skin\ringworm\roboflow__dog-and-cat-skin-disease-identification-2__ringworm-17-_jpg.rf.ddff3aefa475bbcec10a69449095f482.jpg,same_class_duplicate,2,ringworm
C:\Users\ashis\Desktop\ScanAI\dataset_manager\clean\skin\ringworm\roboflow__dog-and-cat-skin-disease-identification-2__ringworm-18-_jpg.rf.63b0ed6ea5850c2c8ccb3a54d4e33b2f.jpg,same_class_duplicate,2,ringworm
C:\Users\ashis\Desktop\ScanAI\dataset_manager\clean\skin\ringworm\roboflow__dog-and-cat-skin-disease-identification-2__ringworm-26-_jpg.rf.4ccae07c4820ea5d2b2a8a6ebada327f.jpg,same_class_duplicate,2,ringworm
C:\Users\ashis\Desktop\ScanAI\dataset_manager\clean\skin\ringworm\roboflow__dog-and-cat-skin-disease-identification-2__ringworm-2-_jpg.rf.ad50cfcfdf78880ee4fbbbe0c412e5b4.jpg,same_class_duplicate,2,ringworm
C:\Users\ashis\Desktop\ScanAI\dataset_manager\clean\skin\ringworm\roboflow__dog-and-cat-skin-disease-identification-2__ringworm-27-_jpg.rf.7d8667dca474b34b2901d7eff6bf29ee.jpg,same_class_duplicate,2,ringworm
C:\Users\ashis\Desktop\ScanAI\dataset_manager\clean\skin\ringworm\roboflow__dog-and-cat-skin-disease-identification-2__ringworm-21-_jpg.rf.834c979bad4dee02138dbea3c108f432.jpg,same_class_duplicate,2,ringworm
C:\Users\ashis\Desktop\ScanAI\dataset_manager\clean\skin\ringworm\roboflow__dog-and-cat-skin-disease-identification-2__ringworm-29-_jpg.rf.51a9984f495ee502301c3bb1157ebcfd.jpg,same_class_duplicate,2,ringworm
C:\Users\ashis\Desktop\ScanAI\dataset_manager\clean\skin\ringworm\roboflow__dog-and-cat-skin-disease-identification-2__ringworm-30-_jpg.rf.e847d0bd1902ed3b113b4a8b5689e3ae.jpg,same_class_duplicate,2,ringworm
C:\Users\ashis\Desktop\ScanAI\dataset_manager\clean\skin\ringworm\roboflow__dog-and-cat-skin-disease-identification-2__ringworm-32-_jpg.rf.5f8d6686c2203cf199aa4e760e43f3ac.jpg,same_class_duplicate,2,ringworm
C:\Users\ashis\Desktop\ScanAI\dataset_manager\clean\skin\ringworm\roboflow__dog-and-cat-skin-disease-identification-2__ringworm-33-_jpg.rf.42ccd00a6974237680f260ba779a030d.jpg,same_class_duplicate,2,ringworm
C:\Users\ashis\Desktop\ScanAI\dataset_manager\clean\skin\ringworm\roboflow__dog-and-cat-skin-disease-identification-2__ringworm-34-_jpg.rf.0f53e8a9009db0e294c4c414827582e4.jpg,same_class_duplicate,2,ringworm
C:\Users\ashis\Desktop\ScanAI\dataset_manager\clean\skin\ringworm\roboflow__dog-and-cat-skin-disease-identification-2__ringworm-35-_jpg.rf.cf12b6aa4f073154af31274287d16e0a.jpg,same_class_duplicate,2,ringworm
C:\Users\ashis\Desktop\ScanAI\dataset_manager\clean\skin\ringworm\roboflow__dog-and-cat-skin-disease-identification-2__ringworm-36-_jpg.rf.662488bbdeeab435ddaab84d6a92859f.jpg,same_class_duplicate,3,ringworm
C:\Users\ashis\Desktop\ScanAI\dataset_manager\clean\skin\ringworm\roboflow__dog-and-cat-skin-disease-identification-2__ringworm-36-_jpg.rf.aeb047d7d0f2dbd20a22de5d2f4af12f.jpg,same_class_duplicate,3,ringworm
C:\Users\ashis\Desktop\ScanAI\dataset_manager\clean\skin\ringworm\roboflow__dog-and-cat-skin-disease-identification-2__ringworm-38-_jpg.rf.d9a33eed490101f0bc25514c4cbb9ef2.jpg,same_class_duplicate,2,ringworm
C:\Users\ashis\Desktop\ScanAI\dataset_manager\clean\skin\ringworm\roboflow__dog-and-cat-skin-disease-identification-2__ringworm-3-_jpg.rf.c48af896f9f0f57f0c62555558f8d0f8.jpg,same_class_duplicate,2,ringworm
C:\Users\ashis\Desktop\ScanAI\dataset_manager\clean\skin\ringworm\roboflow__dog-and-cat-skin-disease-identification-2__ringworm-31-_jpg.rf.cc5ae69abdb5c30bf9866708780ac278.jpg,same_class_duplicate,3,ringworm
C:\Users\ashis\Desktop\ScanAI\dataset_manager\clean\skin\ringworm\roboflow__dog-and-cat-skin-disease-identification-2__ringworm-31-_jpg.rf.def6f1067010e44351fdcb5b1b484095.jpg,same_class_duplicate,3,ringworm
C:\Users\ashis\Desktop\ScanAI\dataset_manager\clean\skin\ringworm\roboflow__dog-and-cat-skin-disease-identification-2__ringworm-42-_jpg.rf.2858e90b86f1f02ddf84ac96703004bc.jpg,same_class_duplicate,2,ringworm
C:\Users\ashis\Desktop\ScanAI\dataset_manager\clean\skin\ringworm\roboflow__dog-and-cat-skin-disease-identification-2__ringworm-43-_jpg.rf.54717f17a5b0f2ed0291eee77fdb3b11.jpg,same_class_duplicate,2,ringworm
C:\Users\ashis\Desktop\ScanAI\dataset_manager\clean\skin\ringworm\roboflow__dog-and-cat-skin-disease-identification-2__ringworm-44-_jpg.rf.0be27fa5b3b8b87a4f9be6d4f651bac4.jpg,same_class_duplicate,2,ringworm
C:\Users\ashis\Desktop\ScanAI\dataset_manager\clean\skin\ringworm\roboflow__dog-and-cat-skin-disease-identification-2__ringworm-45-_jpg.rf.04e34363d8a1280d16c40856cfcb8057.jpg,same_class_duplicate,2,ringworm
C:\Users\ashis\Desktop\ScanAI\dataset_manager\clean\skin\ringworm\roboflow__dog-and-cat-skin-disease-identification-2__ringworm-47-_jpg.rf.c7db6321c5e0fbc0dc3f8505ce8e7a85.jpg,same_class_duplicate,2,ringworm
C:\Users\ashis\Desktop\ScanAI\dataset_manager\clean\skin\ringworm\roboflow__dog-and-cat-skin-disease-identification-2__ringworm-5-_jpg.rf.f86b7d08aac2b7e25ba1a0df9e809ec1.jpg,same_class_duplicate,2,ringworm
C:\Users\ashis\Desktop\ScanAI\dataset_manager\clean\skin\ringworm\roboflow__dog-and-cat-skin-disease-identification-2__ringworm-49-_jpg.rf.9c8a43aa96d59632f0b1b8f5fd170bc2.jpg,same_class_duplicate,2,ringworm
C:\Users\ashis\Desktop\ScanAI\dataset_manager\clean\skin\ringworm\roboflow__dog-and-cat-skin-disease-identification-2__ringworm-50-_jpg.rf.d2f306b61b1adf1c5e4f9da1a38d2a02.jpg,same_class_duplicate,2,ringworm
C:\Users\ashis\Desktop\ScanAI\dataset_manager\clean\skin\ringworm\roboflow__dog-and-cat-skin-disease-identification-2__ringworm-42-_jpg.rf.073bfc85f6348f2e28391282a034e35f.jpg,same_class_duplicate,2,ringworm
C:\Users\ashis\Desktop\ScanAI\dataset_manager\clean\skin\ringworm\roboflow__dog-and-cat-skin-disease-identification-2__ringworm-52-_jpg.rf.f2c8b27f7520b2f9369ff59e1914f582.jpg,same_class_duplicate,2,ringworm
C:\Users\ashis\Desktop\ScanAI\dataset_manager\clean\skin\ringworm\roboflow__dog-and-cat-skin-disease-identification-2__ringworm-44-_jpg.rf.a5c611d06fdc2e4fefe81670e6d2a86a.jpg,same_class_duplicate,2,ringworm
C:\Users\ashis\Desktop\ScanAI\dataset_manager\clean\skin\ringworm\roboflow__dog-and-cat-skin-disease-identification-2__ringworm-53-_jpg.rf.67aebca060c427e1f251912c3bf7e968.jpg,same_class_duplicate,2,ringworm
C:\Users\ashis\Desktop\ScanAI\dataset_manager\clean\skin\ringworm\roboflow__dog-and-cat-skin-disease-identification-2__ringworm-55-_jpg.rf.97e084335145b4eac09d8e8c520ef846.jpg,same_class_duplicate,2,ringworm
C:\Users\ashis\Desktop\ScanAI\dataset_manager\clean\skin\ringworm\roboflow__dog-and-cat-skin-disease-identification-2__ringworm-59-_jpg.rf.887ca2ff85677f301014c785f88d13a1.jpg,same_class_duplicate,2,ringworm
C:\Users\ashis\Desktop\ScanAI\dataset_manager\clean\skin\ringworm\roboflow__dog-and-cat-skin-disease-identification-2__ringworm-51-_jpg.rf.47fcb3b00af6db72dd6a781e23f2536d.jpg,same_class_duplicate,4,ringworm
C:\Users\ashis\Desktop\ScanAI\dataset_manager\clean\skin\ringworm\roboflow__dog-and-cat-skin-disease-identification-2__ringworm-60-_jpg.rf.ff77f66fc2fdc9f5465fecd5eddbb00f.jpg,same_class_duplicate,4,ringworm
C:\Users\ashis\Desktop\ScanAI\dataset_manager\clean\skin\ringworm\roboflow__dog-and-cat-skin-disease-identification-2__ringworm-63-_jpg.rf.e4ecd33bb81bb2d130ebdc3bac5876cb.jpg,same_class_duplicate,4,ringworm
C:\Users\ashis\Desktop\ScanAI\dataset_manager\clean\skin\ringworm\roboflow__dog-and-cat-skin-disease-identification-2__ringworm-62-_jpg.rf.86b209c47d3fab7d7804961e0832a882.jpg,same_class_duplicate,2,ringworm
C:\Users\ashis\Desktop\ScanAI\dataset_manager\clean\skin\ringworm\roboflow__dog-and-cat-skin-disease-identification-2__ringworm-54-_jpg.rf.e09d265cc83292061f42fab7e655230c.jpg,same_class_duplicate,2,ringworm
C:\Users\ashis\Desktop\ScanAI\dataset_manager\clean\skin\ringworm\roboflow__dog-and-cat-skin-disease-identification-2__ringworm-67-_jpg.rf.6414a840a616ea78a808d9b562ef4278.jpg,same_class_duplicate,3,ringworm
C:\Users\ashis\Desktop\ScanAI\dataset_manager\clean\skin\ringworm\roboflow__dog-and-cat-skin-disease-identification-2__ringworm-67-_jpg.rf.dedea6aab567ecf7c220fa2df7d4ffe2.jpg,same_class_duplicate,3,ringworm
C:\Users\ashis\Desktop\ScanAI\dataset_manager\clean\skin\ringworm\roboflow__dog-and-cat-skin-disease-identification-2__ringworm-56-_jpg.rf.ded55f6c825dc1f71834c4c95b1a0dfd.jpg,same_class_duplicate,2,ringworm
C:\Users\ashis\Desktop\ScanAI\dataset_manager\clean\skin\ringworm\roboflow__dog-and-cat-skin-disease-identification-2__ringworm-70-_jpg.rf.6fdb1627b2ff26648d6fe355a68dc447.jpg,same_class_duplicate,3,ringworm
C:\Users\ashis\Desktop\ScanAI\dataset_manager\clean\skin\ringworm\roboflow__dog-and-cat-skin-disease-identification-2__ringworm-70-_jpg.rf.e74b62c148234c962fa72ff48525d3df.jpg,same_class_duplicate,3,ringworm
C:\Users\ashis\Desktop\ScanAI\dataset_manager\clean\skin\ringworm\roboflow__dog-and-cat-skin-disease-identification-2__ringworm-71-_jpg.rf.1e94cc88f29d7af5eba6852c8af08c08.jpg,same_class_duplicate,2,ringworm
C:\Users\ashis\Desktop\ScanAI\dataset_manager\clean\skin\ringworm\roboflow__dog-and-cat-skin-disease-identification-2__ringworm-6-_jpg.rf.fe9ca1d9e8d29040a1b84d6dab5426b7.jpg,same_class_duplicate,2,ringworm
C:\Users\ashis\Desktop\ScanAI\dataset_manager\clean\skin\ringworm\roboflow__dog-and-cat-skin-disease-identification-2__ringworm-63-_jpg.rf.2394f1d4cde71e0b95dbbd019519d743.jpg,same_class_duplicate,2,ringworm
C:\Users\ashis\Desktop\ScanAI\dataset_manager\clean\skin\ringworm\roboflow__dog-and-cat-skin-disease-identification-2__ringworm-61-_jpg.rf.7f4483d61436d7606596be19918e17da.jpg,same_class_duplicate,2,ringworm
C:\Users\ashis\Desktop\ScanAI\dataset_manager\clean\skin\ringworm\roboflow__dog-and-cat-skin-disease-identification-2__ringworm-76-_jpg.rf.906bfe591f4104adcd5f9cd220efe98f.jpg,same_class_duplicate,2,ringworm
C:\Users\ashis\Desktop\ScanAI\dataset_manager\clean\skin\ringworm\roboflow__dog-and-cat-skin-disease-identification-2__ringworm-77-_jpg.rf.184459af9096a17a75f954fd6706d139.jpg,same_class_duplicate,2,ringworm
C:\Users\ashis\Desktop\ScanAI\dataset_manager\clean\skin\ringworm\roboflow__dog-and-cat-skin-disease-identification-2__ringworm-78-_jpg.rf.53620e9c2f2cc868590bf2d53ad9b10c.jpg,same_class_duplicate,2,ringworm
C:\Users\ashis\Desktop\ScanAI\dataset_manager\clean\skin\ringworm\roboflow__dog-and-cat-skin-disease-identification-2__ringworm-79-_jpg.rf.f80243638c01f85cf7b8807cebfb9f61.jpg,same_class_duplicate,2,ringworm
C:\Users\ashis\Desktop\ScanAI\dataset_manager\clean\skin\ringworm\roboflow__dog-and-cat-skin-disease-identification-2__ringworm-82-_jpg.rf.a7447ad5d1deffd97c4493fbb49941c7.jpg,same_class_duplicate,2,ringworm
C:\Users\ashis\Desktop\ScanAI\dataset_manager\clean\skin\ringworm\roboflow__dog-and-cat-skin-disease-identification-2__ringworm-69-_jpg.rf.d4da79e1b7dafd714d31c48b55f111bc.jpg,same_class_duplicate,2,ringworm
C:\Users\ashis\Desktop\ScanAI\dataset_manager\clean\skin\ringworm\roboflow__dog-and-cat-skin-disease-identification-2__ringworm-7-_jpg.rf.48e331a7d32bd57ba29775d381c576d9.jpg,same_class_duplicate,2,ringworm
C:\Users\ashis\Desktop\ScanAI\dataset_manager\clean\skin\ringworm\roboflow__dog-and-cat-skin-disease-identification-2__ringworm-86-_jpg.rf.2972fb274758aae2236b05b94b595dc7.jpg,same_class_duplicate,2,ringworm
C:\Users\ashis\Desktop\ScanAI\dataset_manager\clean\skin\ringworm\roboflow__dog-and-cat-skin-disease-identification-2__ringworm-74-_jpg.rf.8885b1c8cf25a5e78f21cd21a2e4a6df.jpg,same_class_duplicate,3,ringworm
C:\Users\ashis\Desktop\ScanAI\dataset_manager\clean\skin\ringworm\roboflow__dog-and-cat-skin-disease-identification-2__ringworm-74-_jpg.rf.8fe3e433411da477c0e2d16efc9882a3.jpg,same_class_duplicate,3,ringworm
C:\Users\ashis\Desktop\ScanAI\dataset_manager\clean\skin\ringworm\roboflow__dog-and-cat-skin-disease-identification-2__ringworm-89-_jpg.rf.8fb37f46a3b8dfd6585dfacae25683d5.jpg,same_class_duplicate,2,ringworm
C:\Users\ashis\Desktop\ScanAI\dataset_manager\clean\skin\ringworm\roboflow__dog-and-cat-skin-disease-identification-2__ringworm-90-_jpg.rf.8604c80f63d718cc462539ae79d11a05.jpg,same_class_duplicate,3,ringworm
C:\Users\ashis\Desktop\ScanAI\dataset_manager\clean\skin\ringworm\roboflow__dog-and-cat-skin-disease-identification-2__ringworm-90-_jpg.rf.ea95c873ade81a88c0a67a797f14dffd.jpg,same_class_duplicate,3,ringworm
C:\Users\ashis\Desktop\ScanAI\dataset_manager\clean\skin\ringworm\roboflow__dog-and-cat-skin-disease-identification-2__ringworm-93-_jpg.rf.e6d8cdc58f011792bd13a81ec5b0ee7d.jpg,same_class_duplicate,2,ringworm
C:\Users\ashis\Desktop\ScanAI\dataset_manager\clean\skin\ringworm\roboflow__dog-and-cat-skin-disease-identification-2__ringworm-94-_jpg.rf.5eba86363a0938cfe5b6caf63d1b529e.jpg,same_class_duplicate,2,ringworm
C:\Users\ashis\Desktop\ScanAI\dataset_manager\clean\skin\ringworm\roboflow__dog-and-cat-skin-disease-identification-2__ringworm-95-_jpg.rf.41b644a3c2fd393644c018b9f30e72d6.jpg,same_class_duplicate,2,ringworm
C:\Users\ashis\Desktop\ScanAI\dataset_manager\clean\skin\ringworm\roboflow__dog-and-cat-skin-disease-identification-2__ringworm-96-_jpg.rf.a8a9d97344f5c44c3a072c62ca5f63ec.jpg,same_class_duplicate,2,ringworm
C:\Users\ashis\Desktop\ScanAI\dataset_manager\clean\skin\ringworm\roboflow__dog-and-cat-skin-disease-identification-2__ringworm-99-_jpg.rf.cceccaa338c2f98b378b629924798342.jpg,same_class_duplicate,2,ringworm
C:\Users\ashis\Desktop\ScanAI\dataset_manager\clean\skin\ringworm\roboflow__dog-and-cat-skin-disease-identification-2__ringworm-9-_jpg.rf.8b91968244bcd0402d57a309152c8ee7.jpg,same_class_duplicate,3,ringworm
C:\Users\ashis\Desktop\ScanAI\dataset_manager\clean\skin\ringworm\roboflow__dog-and-cat-skin-disease-identification-2__ringworm-9-_jpg.rf.9166092ad3917fb9320a247f5b3ea056.jpg,same_class_duplicate,3,ringworm
C:\Users\ashis\Desktop\ScanAI\dataset_manager\clean\skin\ringworm\roboflow__dog-and-cat-skin-disease-identification-2__ringworm10_jpg.rf.af013a15a222edd2d784fbfd8063c026.jpg,same_class_duplicate,2,ringworm
C:\Users\ashis\Desktop\ScanAI\dataset_manager\clean\skin\ringworm\roboflow__dog-and-cat-skin-disease-identification-2__ringworm16_jpg.rf.f7b956e0b44024707cdf9e2ebf13d402.jpg,same_class_duplicate,2,ringworm
C:\Users\ashis\Desktop\ScanAI\dataset_manager\clean\skin\ringworm\roboflow__dog-and-cat-skin-disease-identification-2__ringworm40_jpg.rf.db699089f8d4047b00eaab0825f3550f.jpg,same_class_duplicate,2,ringworm
C:\Users\ashis\Desktop\ScanAI\dataset_manager\clean\skin\ringworm\roboflow__dog-and-cat-skin-disease-identification-2__ringworm47_png_jpg.rf.10e230c77fefe41633134a48b55a3b06.jpg,same_class_duplicate,2,ringworm
C:\Users\ashis\Desktop\ScanAI\dataset_manager\clean\skin\ringworm\roboflow__dog-and-cat-skin-disease-identification-2__Screenshot-2024-11-16-183716_png.rf.c76729c01c1f81d7bda4ecb087045890.jpg,same_class_duplicate,2,ringworm
C:\Users\ashis\Desktop\ScanAI\dataset_manager\clean\skin\ringworm\roboflow__dog-and-cat-skin-disease-identification-2__WIN_20240514_17_25_33_Pro_jpg.rf.04b8fe3d895a25cb40f211c5069a1a94.jpg,same_class_duplicate,2,ringworm
C:\Users\ashis\Desktop\ScanAI\dataset_manager\clean\skin\ringworm\roboflow__dog-and-cat-skin-disease-identification-2__WIN_20240514_17_26_41_Pro_jpg.rf.514e99fbe4e1539873f2c0165d435fb7.jpg,same_class_duplicate,2,ringworm
C:\Users\ashis\Desktop\ScanAI\dataset_manager\clean\skin\ringworm\roboflow__dog-and-cat-skin-disease-identification-2__WIN_20240514_17_26_50_Pro_jpg.rf.7244dc71d701057bed7de2fd4f177e29.jpg,same_class_duplicate,2,ringworm
C:\Users\ashis\Desktop\ScanAI\dataset_manager\clean\skin\ringworm\roboflow__dog-and-cat-skin-disease-identification-2__WIN_20240514_17_26_59_Pro_jpg.rf.0c224d4091a5b6180f2d844b0e7457bf.jpg,same_class_duplicate,2,ringworm
C:\Users\ashis\Desktop\ScanAI\dataset_manager\clean\skin\ringworm\roboflow__dog-and-cat-skin-disease-identification-2__WIN_20240514_17_27_21_Pro_jpg.rf.7c822215288a6c5367e20fc41c1d0341.jpg,same_class_duplicate,2,ringworm
C:\Users\ashis\Desktop\ScanAI\dataset_manager\clean\skin\ringworm\roboflow__dog-and-cat-skin-disease-identification-2__WIN_20240514_17_29_33_Pro_jpg.rf.bd6b74b127229f6d03f30a4ccb0a5d52.jpg,same_class_duplicate,2,ringworm
C:\Users\ashis\Desktop\ScanAI\dataset_manager\clean\skin\ringworm\roboflow__dog-and-cat-skin-disease-identification-2__WIN_20240514_17_41_29_Pro_jpg.rf.140d08838775fb84d3bce4bb0709bd5f.jpg,same_class_duplicate,2,ringworm
C:\Users\ashis\Desktop\ScanAI\dataset_manager\clean\skin\ringworm\roboflow__dog-and-cat-skin-disease-identification-2__WIN_20240514_17_42_05_Pro_jpg.rf.b3cf6100b4e0b1f9198babbb3e1639f1.jpg,same_class_duplicate,2,ringworm
C:\Users\ashis\Desktop\ScanAI\dataset_manager\clean\skin\ringworm\roboflow__dog-and-cat-skin-disease-identification-2__WIN_20240514_17_43_19_Pro_jpg.rf.4417a4556b010ca9ecb753a090f008dc.jpg,same_class_duplicate,2,ringworm
C:\Users\ashis\Desktop\ScanAI\dataset_manager\clean\skin\scabies\roboflow__dog-and-cat-skin-disease-identification-2__images_jpeg_jpg.rf.f4ac0d70b403f25c49506b05b2967632.jpg,same_class_duplicate,2,scabies
C:\Users\ashis\Desktop\ScanAI\dataset_manager\clean\skin\scabies\roboflow__dog-and-cat-skin-disease-identification-2__download-2-_jpeg_jpg.rf.4b62a2d8715b24026dba11d000fbb498.jpg,same_class_duplicate,2,scabies
C:\Users\ashis\Desktop\ScanAI\dataset_manager\clean\skin\scabies\kaggle__smadive__pet-disease-images__Image_2.jpg,same_class_duplicate,3,scabies
C:\Users\ashis\Desktop\ScanAI\dataset_manager\clean\skin\scabies\kaggle__smadive__pet-disease-images__Image_85.jpeg,same_class_duplicate,3,scabies
C:\Users\ashis\Desktop\ScanAI\dataset_manager\clean\skin\scabies\kaggle__smadive__pet-disease-images__Image_45.jpg,same_class_duplicate,2,scabies
C:\Users\ashis\Desktop\ScanAI\dataset_manager\clean\skin\scabies\kaggle__smadive__pet-disease-images__Image_8.jpg,same_class_duplicate,2,scabies
C:\Users\ashis\Desktop\ScanAI\dataset_manager\clean\skin\scabies\kaggle__smadive__pet-disease-images__Image_7.jpg,same_class_duplicate,3,scabies
C:\Users\ashis\Desktop\ScanAI\dataset_manager\clean\skin\scabies\kaggle__smadive__pet-disease-images__Image_73.jpg,same_class_duplicate,3,scabies
C:\Users\ashis\Desktop\ScanAI\dataset_manager\clean\skin\scabies\kaggle__smadive__pet-disease-images__Image_57.jpg,same_class_duplicate,2,scabies
C:\Users\ashis\Desktop\ScanAI\dataset_manager\clean\skin\scabies\kaggle__smadive__pet-disease-images__Image_96.jpg,same_class_duplicate,3,scabies
C:\Users\ashis\Desktop\ScanAI\dataset_manager\clean\skin\scabies\kaggle__smadive__pet-disease-images__Image_98.jpg,same_class_duplicate,3,scabies
C:\Users\ashis\Desktop\ScanAI\dataset_manager\clean\skin\scabies\kaggle__smadive__pet-disease-images__Image_3.jpg,same_class_duplicate,2,scabies
C:\Users\ashis\Desktop\ScanAI\dataset_manager\clean\skin\scabies\kaggle__smadive__pet-disease-images__Image_47.jpg,same_class_duplicate,2,scabies
C:\Users\ashis\Desktop\ScanAI\dataset_manager\clean\skin\scabies\kaggle__smadive__pet-disease-images__Image_50.jpg,same_class_duplicate,2,scabies
C:\Users\ashis\Desktop\ScanAI\dataset_manager\clean\skin\scabies\kaggle__smadive__pet-disease-images__Image_67.jpg,same_class_duplicate,3,scabies
C:\Users\ashis\Desktop\ScanAI\dataset_manager\clean\skin\scabies\kaggle__smadive__pet-disease-images__Image_94.jpg,same_class_duplicate,3,scabies
C:\Users\ashis\Desktop\ScanAI\dataset_manager\clean\skin\scabies\kaggle__smadive__pet-disease-images__Image_90.jpg,same_class_duplicate,2,scabies
C:\Users\ashis\Desktop\ScanAI\dataset_manager\clean\skin\scabies\roboflow__dog-and-cat-skin-disease-identification-2__Screenshot-2024-11-16-185049_png.rf.3f61948fbe475dc3790d6b4f9b9f2ee5.jpg,same_class_duplicate,2,scabies
C:\Users\ashis\Desktop\ScanAI\dataset_manager\clean\skin\scabies\roboflow__dog-and-cat-skin-disease-identification-2__frame10_100_jpg.rf.fc0a373757d99ad11c50b2c21462fb27.jpg,same_class_duplicate,2,scabies
C:\Users\ashis\Desktop\ScanAI\dataset_manager\clean\skin\scabies\roboflow__dog-and-cat-skin-disease-identification-2__frame5_563_jpg.rf.8c31c80b6ac7820c23d00274c53fc8a9.jpg,same_class_duplicate,2,scabies
C:\Users\ashis\Desktop\ScanAI\dataset_manager\clean\parasites\ear_mites\kaggle__smadive__pet-disease-images__Image_49.jpg,same_class_duplicate,2,ear_mites
C:\Users\ashis\Desktop\ScanAI\dataset_manager\clean\parasites\ear_mites\kaggle__smadive__pet-disease-images__Image_32.jpg,same_class_duplicate,3,ear_mites
C:\Users\ashis\Desktop\ScanAI\dataset_manager\clean\parasites\ear_mites\kaggle__smadive__pet-disease-images__Image_43.jpg,same_class_duplicate,3,ear_mites
C:\Users\ashis\Desktop\ScanAI\dataset_manager\clean\parasites\ear_mites\kaggle__smadive__pet-disease-images__Image_22.webp,same_class_duplicate,2,ear_mites
C:\Users\ashis\Desktop\ScanAI\dataset_manager\clean\parasites\ear_mites\kaggle__smadive__pet-disease-images__Image_23.jpeg,same_class_duplicate,2,ear_mites
C:\Users\ashis\Desktop\ScanAI\dataset_manager\clean\parasites\ear_mites\kaggle__smadive__pet-disease-images__Image_34.jpg,same_class_duplicate,2,ear_mites
C:\Users\ashis\Desktop\ScanAI\dataset_manager\clean\parasites\ear_mites\kaggle__smadive__pet-disease-images__Image_36.jpeg,same_class_duplicate,2,ear_mites
C:\Users\ashis\Desktop\ScanAI\dataset_manager\clean\parasites\ear_mites\kaggle__smadive__pet-disease-images__Image_40.jpg,same_class_duplicate,2,ear_mites
C:\Users\ashis\Desktop\ScanAI\dataset_manager\clean\parasites\ear_mites\kaggle__smadive__pet-disease-images__Image_30.png,same_class_duplicate,2,ear_mites
C:\Users\ashis\Desktop\ScanAI\dataset_manager\clean\parasites\ear_mites\kaggle__smadive__pet-disease-images__Image_41.jpg,same_class_duplicate,2,ear_mites
C:\Users\ashis\Desktop\ScanAI\dataset_manager\clean\parasites\ear_mites\kaggle__smadive__pet-disease-images__Image_32.png,same_class_duplicate,2,ear_mites
C:\Users\ashis\Desktop\ScanAI\dataset_manager\clean\parasites\ear_mites\kaggle__smadive__pet-disease-images__Image_64.jpg,same_class_duplicate,2,ear_mites
C:\Users\ashis\Desktop\ScanAI\dataset_manager\clean\parasites\ear_mites\kaggle__smadive__pet-disease-images__Image_76.jpg,same_class_duplicate,2,ear_mites
C:\Users\ashis\Desktop\ScanAI\dataset_manager\clean\parasites\ear_mites\kaggle__smadive__pet-disease-images__Image_53.jpg,same_class_duplicate,2,ear_mites
C:\Users\ashis\Desktop\ScanAI\dataset_manager\clean\parasites\ear_mites\kaggle__smadive__pet-disease-images__Image_9.jpg,same_class_duplicate,2,ear_mites
C:\Users\ashis\Desktop\ScanAI\dataset_manager\clean\parasites\ear_mites\kaggle__smadive__pet-disease-images__Image_8.jpg,same_class_duplicate,2,ear_mites
C:\Users\ashis\Desktop\ScanAI\dataset_manager\clean\parasites\tick_infestation\kaggle__smadive__pet-disease-images__Image_40.jpg,same_class_duplicate,3,tick_infestation
C:\Users\ashis\Desktop\ScanAI\dataset_manager\clean\parasites\tick_infestation\kaggle__smadive__pet-disease-images__Image_50.jpg,same_class_duplicate,3,tick_infestation
C:\Users\ashis\Desktop\ScanAI\dataset_manager\clean\parasites\tick_infestation\kaggle__smadive__pet-disease-images__Image_59.jpg,same_class_duplicate,2,tick_infestation
C:\Users\ashis\Desktop\ScanAI\dataset_manager\clean\parasites\tick_infestation\kaggle__smadive__pet-disease-images__Image_72.jpg,same_class_duplicate,2,tick_infestation
C:\Users\ashis\Desktop\ScanAI\dataset_manager\clean\eye\eye_infection\kaggle__smadive__pet-disease-images__Image_52.jpg,same_class_duplicate,2,eye_infection
C:\Users\ashis\Desktop\ScanAI\dataset_manager\clean\eye\eye_infection\kaggle__smadive__pet-disease-images__Image_68.jpg,same_class_duplicate,2,eye_infection
C:\Users\ashis\Desktop\ScanAI\dataset_manager\clean\eye\eye_infection\kaggle__smadive__pet-disease-images__Image_55.jpg,same_class_duplicate,2,eye_infection
C:\Users\ashis\Desktop\ScanAI\dataset_manager\clean\eye\eye_infection\kaggle__smadive__pet-disease-images__Image_30.png,same_class_duplicate,2,eye_infection
C:\Users\ashis\Desktop\ScanAI\dataset_manager\clean\eye\eye_infection\kaggle__smadive__pet-disease-images__Image_33.png,same_class_duplicate,2,eye_infection
C:\Users\ashis\Desktop\ScanAI\dataset_manager\clean\eye\eye_infection\kaggle__smadive__pet-disease-images__Image_33.jpg,same_class_duplicate,2,eye_infection
C:\Users\ashis\Desktop\ScanAI\dataset_manager\clean\eye\eye_infection\kaggle__smadive__pet-disease-images__Image_31.jpeg,same_class_duplicate,2,eye_infection
C:\Users\ashis\Desktop\ScanAI\dataset_manager\clean\eye\eye_infection\kaggle__smadive__pet-disease-images__Image_44.jpg,same_class_duplicate,2,eye_infection
C:\Users\ashis\Desktop\ScanAI\dataset_manager\clean\eye\eye_infection\kaggle__smadive__pet-disease-images__Image_45.webp,same_class_duplicate,2,eye_infection
C:\Users\ashis\Desktop\ScanAI\dataset_manager\clean\eye\eye_infection\kaggle__smadive__pet-disease-images__Image_90.jpg,same_class_duplicate,2,eye_infection
