path,split,filename
expansion\dog_conjunctivitis\test_D0_0e49d71d-60a5-11ec-8402-0a7404972c70_jpg.rf.WV8mVlnd5VD3jq4BEaiG.jpg,test,test_D0_0e49d71d-60a5-11ec-8402-0a7404972c70_jpg.rf.WV8mVlnd5VD3jq4BEaiG.jpg
expansion\dog_conjunctivitis\test_D0_10779029-60a5-11ec-8402-0a7404972c70_jpg.rf.nszMDDDpIxukJRh96PcY.jpg,test,test_D0_10779029-60a5-11ec-8402-0a7404972c70_jpg.rf.nszMDDDpIxukJRh96PcY.jpg
expansion\dog_conjunctivitis\test_D0_10c05bc8-60a5-11ec-8402-0a7404972c70_jpg.rf.yVV7Jyhr8u4olw0hE3oF.jpg,test,test_D0_10c05bc8-60a5-11ec-8402-0a7404972c70_jpg.rf.yVV7Jyhr8u4olw0hE3oF.jpg
expansion\dog_conjunctivitis\test_D0_1112bdf8-60a5-11ec-8402-0a7404972c70_jpg.rf.a9s7UqCHFOB2ly3LwvPh.jpg,test,test_D0_1112bdf8-60a5-11ec-8402-0a7404972c70_jpg.rf.a9s7UqCHFOB2ly3LwvPh.jpg
expansion\dog_conjunctivitis\test_D0_11271ccd-60a5-11ec-8402-0a7404972c70_jpg.rf.EKZ9RCHa3e4nE5qf3nzY.jpg,test,test_D0_11271ccd-60a5-11ec-8402-0a7404972c70_jpg.rf.EKZ9RCHa3e4nE5qf3nzY.jpg
expansion\dog_conjunctivitis\test_D0_12b0bb75-60a5-11ec-8402-0a7404972c70_jpg.rf.cKGHEUNpKncFzUPaTLc7.jpg,test,test_D0_12b0bb75-60a5-11ec-8402-0a7404972c70_jpg.rf.cKGHEUNpKncFzUPaTLc7.jpg
expansion\dog_conjunctivitis\test_D0_12eca4a5-60a5-11ec-8402-0a7404972c70_jpg.rf.1bj0Pv6NYWkoiFkoLOmZ.jpg,test,test_D0_12eca4a5-60a5-11ec-8402-0a7404972c70_jpg.rf.1bj0Pv6NYWkoiFkoLOmZ.jpg
expansion\dog_conjunctivitis\test_D0_185811e5-60a5-11ec-8402-0a7404972c70_jpg.rf.L4mjpibzVEjbQT8KzJHv.jpg,test,test_D0_185811e5-60a5-11ec-8402-0a7404972c70_jpg.rf.L4mjpibzVEjbQT8KzJHv.jpg
expansion\dog_conjunctivitis\test_D0_18ce5f63-60a5-11ec-8402-0a7404972c70_jpg.rf.2ZNK5WLlsy2UtE3U8Q0D.jpg,test,test_D0_18ce5f63-60a5-11ec-8402-0a7404972c70_jpg.rf.2ZNK5WLlsy2UtE3U8Q0D.jpg
expansion\dog_conjunctivitis\test_D0_1907d9b0-60a5-11ec-8402-0a7404972c70_jpg.rf.IxHd8zEg10u4mFyatGAF.jpg,test,test_D0_1907d9b0-60a5-11ec-8402-0a7404972c70_jpg.rf.IxHd8zEg10u4mFyatGAF.jpg
expansion\dog_conjunctivitis\test_D0_1ce19296-60a5-11ec-8402-0a7404972c70_jpg.rf.ALUNFv7KCGJDzrvq5Sba.jpg,test,test_D0_1ce19296-60a5-11ec-8402-0a7404972c70_jpg.rf.ALUNFv7KCGJDzrvq5Sba.jpg
expansion\dog_conjunctivitis\test_D0_211390b3-60a5-11ec-8402-0a7404972c70_jpg.rf.dosi5SpbbkuDimq2xRE6.jpg,test,test_D0_211390b3-60a5-11ec-8402-0a7404972c70_jpg.rf.dosi5SpbbkuDimq2xRE6.jpg
expansion\dog_conjunctivitis\test_D0_211d82a7-60a5-11ec-8402-0a7404972c70_jpg.rf.7ozI6YDyjPyoPdxPkzt9.jpg,test,test_D0_211d82a7-60a5-11ec-8402-0a7404972c70_jpg.rf.7ozI6YDyjPyoPdxPkzt9.jpg
expansion\dog_conjunctivitis\test_D0_213a8966-60a5-11ec-8402-0a7404972c70_jpg.rf.P7WappP0VFWc1HdzbGTc.jpg,test,test_D0_213a8966-60a5-11ec-8402-0a7404972c70_jpg.rf.P7WappP0VFWc1HdzbGTc.jpg
expansion\dog_conjunctivitis\test_D0_3089b03e-60a5-11ec-8402-0a7404972c70_jpg.rf.CeolFlh5HrHkJbooZdjI.jpg,test,test_D0_3089b03e-60a5-11ec-8402-0a7404972c70_jpg.rf.CeolFlh5HrHkJbooZdjI.jpg
expansion\dog_conjunctivitis\test_D0_30d5eac8-60a5-11ec-8402-0a7404972c70_jpg.rf.ZsJiNtp92IDn3VbCHVhX.jpg,test,test_D0_30d5eac8-60a5-11ec-8402-0a7404972c70_jpg.rf.ZsJiNtp92IDn3VbCHVhX.jpg
expansion\dog_conjunctivitis\test_D0_315024ef-60a5-11ec-8402-0a7404972c70_jpg.rf.8SmOM8mRcOls171xE6Dj.jpg,test,test_D0_315024ef-60a5-11ec-8402-0a7404972c70_jpg.rf.8SmOM8mRcOls171xE6Dj.jpg
expansion\dog_conjunctivitis\test_D18_101159db-60a5-11ec-8402-0a7404972c70_jpg.rf.EbcDXCwuvpIWTrrns51h.jpg,test,test_D18_101159db-60a5-11ec-8402-0a7404972c70_jpg.rf.EbcDXCwuvpIWTrrns51h.jpg
expansion\dog_conjunctivitis\test_D18_16584c55-60a5-11ec-8402-0a7404972c70_jpg.rf.8OFW7eaOKY7XSlNcMuTO.jpg,test,test_D18_16584c55-60a5-11ec-8402-0a7404972c70_jpg.rf.8OFW7eaOKY7XSlNcMuTO.jpg
expansion\dog_conjunctivitis\test_D18_3088faec-60a5-11ec-8402-0a7404972c70_jpg.rf.wHNHDC3HdSOvJF2nxXMg.jpg,test,test_D18_3088faec-60a5-11ec-8402-0a7404972c70_jpg.rf.wHNHDC3HdSOvJF2nxXMg.jpg
expansion\dog_conjunctivitis\test_D18_3141dae8-60a5-11ec-8402-0a7404972c70_jpg.rf.jL05RrYkrwbVHN1mj540.jpg,test,test_D18_3141dae8-60a5-11ec-8402-0a7404972c70_jpg.rf.jL05RrYkrwbVHN1mj540.jpg
expansion\dog_conjunctivitis\test_D19_0d4c9746-60a5-11ec-8402-0a7404972c70_jpg.rf.aE2nKiPq0rUnQZbDaInR.jpg,test,test_D19_0d4c9746-60a5-11ec-8402-0a7404972c70_jpg.rf.aE2nKiPq0rUnQZbDaInR.jpg
expansion\dog_conjunctivitis\test_D19_0d4f5110-60a5-11ec-8402-0a7404972c70_jpg.rf.eDWBHY4xACdmjrYzBH3J.jpg,test,test_D19_0d4f5110-60a5-11ec-8402-0a7404972c70_jpg.rf.eDWBHY4xACdmjrYzBH3J.jpg
expansion\dog_conjunctivitis\test_D19_0dd0b7ff-60a5-11ec-8402-0a7404972c70_jpg.rf.JmH1XN93AUr9vDUffGHa.jpg,test,test_D19_0dd0b7ff-60a5-11ec-8402-0a7404972c70_jpg.rf.JmH1XN93AUr9vDUffGHa.jpg
expansion\dog_conjunctivitis\test_D19_0dd66bf4-60a5-11ec-8402-0a7404972c70_jpg.rf.Hr5RHGHUA8KcqHx6WuFk.jpg,test,test_D19_0dd66bf4-60a5-11ec-8402-0a7404972c70_jpg.rf.Hr5RHGHUA8KcqHx6WuFk.jpg
expansion\dog_conjunctivitis\test_D19_0ffc2958-60a5-11ec-8402-0a7404972c70_jpg.rf.H9yO8UeYJ64kvT1PZg6X.jpg,test,test_D19_0ffc2958-60a5-11ec-8402-0a7404972c70_jpg.rf.H9yO8UeYJ64kvT1PZg6X.jpg
expansion\dog_conjunctivitis\test_D19_0ffea425-60a5-11ec-8402-0a7404972c70_jpg.rf.YXXJvZXwUpJw6BfH0qKW.jpg,test,test_D19_0ffea425-60a5-11ec-8402-0a7404972c70_jpg.rf.YXXJvZXwUpJw6BfH0qKW.jpg
expansion\dog_conjunctivitis\test_D1_0d4eee96-60a5-11ec-8402-0a7404972c70_jpg.rf.OuHtPynDZ7HWMRNzUGQa.jpg,test,test_D1_0d4eee96-60a5-11ec-8402-0a7404972c70_jpg.rf.OuHtPynDZ7HWMRNzUGQa.jpg
expansion\dog_conjunctivitis\test_D1_0e606a50-60a5-11ec-8402-0a7404972c70_jpg.rf.rjnozotuoZDpb9ikW63e.jpg,test,test_D1_0e606a50-60a5-11ec-8402-0a7404972c70_jpg.rf.rjnozotuoZDpb9ikW63e.jpg
expansion\dog_conjunctivitis\test_D1_0e6d6d34-60a5-11ec-8402-0a7404972c70_jpg.rf.FxsT2dQ2bzynYZsevCAX.jpg,test,test_D1_0e6d6d34-60a5-11ec-8402-0a7404972c70_jpg.rf.FxsT2dQ2bzynYZsevCAX.jpg
expansion\dog_conjunctivitis\test_D1_1012d2ce-60a5-11ec-8402-0a7404972c70_jpg.rf.SPttykOmqeJqmtmyxk7c.jpg,test,test_D1_1012d2ce-60a5-11ec-8402-0a7404972c70_jpg.rf.SPttykOmqeJqmtmyxk7c.jpg
expansion\dog_conjunctivitis\test_D1_1020dd27-60a5-11ec-8402-0a7404972c70_jpg.rf.zJIPTrGq6q1Csc78TdmN.jpg,test,test_D1_1020dd27-60a5-11ec-8402-0a7404972c70_jpg.rf.zJIPTrGq6q1Csc78TdmN.jpg
expansion\dog_conjunctivitis\test_D1_10fecfbc-60a5-11ec-8402-0a7404972c70_jpg.rf.2NYc4pLY1GQXoFPApQYx.jpg,test,test_D1_10fecfbc-60a5-11ec-8402-0a7404972c70_jpg.rf.2NYc4pLY1GQXoFPApQYx.jpg
expansion\dog_conjunctivitis\test_D1_128f63b0-60a5-11ec-8402-0a7404972c70_jpg.rf.u5vzFlbAjepU1YUmjOrl.jpg,test,test_D1_128f63b0-60a5-11ec-8402-0a7404972c70_jpg.rf.u5vzFlbAjepU1YUmjOrl.jpg
expansion\dog_conjunctivitis\test_D1_12f65c61-60a5-11ec-8402-0a7404972c70_jpg.rf.SKc2SnHmO3Zt5zRklOTl.jpg,test,test_D1_12f65c61-60a5-11ec-8402-0a7404972c70_jpg.rf.SKc2SnHmO3Zt5zRklOTl.jpg
expansion\dog_conjunctivitis\test_D1_16812adc-60a5-11ec-8402-0a7404972c70_jpg.rf.Ci3th01aADbeM71he3xX.jpg,test,test_D1_16812adc-60a5-11ec-8402-0a7404972c70_jpg.rf.Ci3th01aADbeM71he3xX.jpg
expansion\dog_conjunctivitis\test_D1_20ed1297-60a5-11ec-8402-0a7404972c70_jpg.rf.JvkyqtacPNR4z9jfKRMN.jpg,test,test_D1_20ed1297-60a5-11ec-8402-0a7404972c70_jpg.rf.JvkyqtacPNR4z9jfKRMN.jpg
expansion\dog_conjunctivitis\test_D1_2110e590-60a5-11ec-8402-0a7404972c70_jpg.rf.femQco5fYxcba2lLZFwE.jpg,test,test_D1_2110e590-60a5-11ec-8402-0a7404972c70_jpg.rf.femQco5fYxcba2lLZFwE.jpg
expansion\dog_conjunctivitis\test_D1_213c5e8d-60a5-11ec-8402-0a7404972c70_jpg.rf.RAi1k0L8sCLhxBjwEvYn.jpg,test,test_D1_213c5e8d-60a5-11ec-8402-0a7404972c70_jpg.rf.RAi1k0L8sCLhxBjwEvYn.jpg
expansion\dog_conjunctivitis\test_D1_30721df6-60a5-11ec-8402-0a7404972c70_jpg.rf.ClFeRcTQk4NbsLARep6g.jpg,test,test_D1_30721df6-60a5-11ec-8402-0a7404972c70_jpg.rf.ClFeRcTQk4NbsLARep6g.jpg
expansion\dog_conjunctivitis\test_D20_1029233b-60a5-11ec-8402-0a7404972c70_jpg.rf.J4FV1y7wFOA6lDfXXZCv.jpg,test,test_D20_1029233b-60a5-11ec-8402-0a7404972c70_jpg.rf.J4FV1y7wFOA6lDfXXZCv.jpg
expansion\dog_conjunctivitis\test_D20_1288687b-60a5-11ec-8402-0a7404972c70_jpg.rf.pKWpumCIf5zgCYAB1ADP.jpg,test,test_D20_1288687b-60a5-11ec-8402-0a7404972c70_jpg.rf.pKWpumCIf5zgCYAB1ADP.jpg
expansion\dog_conjunctivitis\test_D20_1918c637-60a5-11ec-8402-0a7404972c70_jpg.rf.dcMdmkG0Y2OXla6HJu5t.jpg,test,test_D20_1918c637-60a5-11ec-8402-0a7404972c70_jpg.rf.dcMdmkG0Y2OXla6HJu5t.jpg
expansion\dog_conjunctivitis\test_D20_19435889-60a5-11ec-8402-0a7404972c70_jpg.rf.ooKcQFz7viNqPnRuFZzs.jpg,test,test_D20_19435889-60a5-11ec-8402-0a7404972c70_jpg.rf.ooKcQFz7viNqPnRuFZzs.jpg
expansion\dog_conjunctivitis\test_D21_02f85d01-60a5-11ec-8402-0a7404972c70_jpg.rf.vxCyIUbTLnt64hKdFP4z.jpg,test,test_D21_02f85d01-60a5-11ec-8402-0a7404972c70_jpg.rf.vxCyIUbTLnt64hKdFP4z.jpg
expansion\dog_conjunctivitis\test_D21_0dc7d9fd-60a5-11ec-8402-0a7404972c70_jpg.rf.Zr1aX7arvu0xSXU5OMa5.jpg,test,test_D21_0dc7d9fd-60a5-11ec-8402-0a7404972c70_jpg.rf.Zr1aX7arvu0xSXU5OMa5.jpg
expansion\dog_conjunctivitis\test_D21_0dcbea33-60a5-11ec-8402-0a7404972c70_jpg.rf.ecRfi5AypzVBzNP0bOPf.jpg,test,test_D21_0dcbea33-60a5-11ec-8402-0a7404972c70_jpg.rf.ecRfi5AypzVBzNP0bOPf.jpg
expansion\dog_conjunctivitis\test_D21_0dd5eb1c-60a5-11ec-8402-0a7404972c70_jpg.rf.MWJ1WNto69GXeLierSyo.jpg,test,test_D21_0dd5eb1c-60a5-11ec-8402-0a7404972c70_jpg.rf.MWJ1WNto69GXeLierSyo.jpg
expansion\dog_conjunctivitis\test_D21_0e4bee75-60a5-11ec-8402-0a7404972c70_jpg.rf.NSJJJcaidStG6cMjf5al.jpg,test,test_D21_0e4bee75-60a5-11ec-8402-0a7404972c70_jpg.rf.NSJJJcaidStG6cMjf5al.jpg
expansion\dog_conjunctivitis\test_D21_10a438ad-60a5-11ec-8402-0a7404972c70_jpg.rf.VJawwPAK0tKkdqdcyNiX.jpg,test,test_D21_10a438ad-60a5-11ec-8402-0a7404972c70_jpg.rf.VJawwPAK0tKkdqdcyNiX.jpg
expansion\dog_conjunctivitis\test_D21_10a86f4f-60a5-11ec-8402-0a7404972c70_jpg.rf.HIYQn7FL0jVIMHSS2VZS.jpg,test,test_D21_10a86f4f-60a5-11ec-8402-0a7404972c70_jpg.rf.HIYQn7FL0jVIMHSS2VZS.jpg
expansion\dog_conjunctivitis\test_D2_03732e51-60a5-11ec-8402-0a7404972c70_jpg.rf.b1KWgZ4MFGUkwPfEW6ZX.jpg,test,test_D2_03732e51-60a5-11ec-8402-0a7404972c70_jpg.rf.b1KWgZ4MFGUkwPfEW6ZX.jpg
expansion\dog_conjunctivitis\test_D2_0df98a85-60a5-11ec-8402-0a7404972c70_jpg.rf.1yhPTNIC7jqe0EU4rNR2.jpg,test,test_D2_0df98a85-60a5-11ec-8402-0a7404972c70_jpg.rf.1yhPTNIC7jqe0EU4rNR2.jpg
expansion\dog_conjunctivitis\test_D2_1004344c-60a5-11ec-8402-0a7404972c70_jpg.rf.7HTPjvI8bnEWrOd0Kp4x.jpg,test,test_D2_1004344c-60a5-11ec-8402-0a7404972c70_jpg.rf.7HTPjvI8bnEWrOd0Kp4x.jpg
expansion\dog_conjunctivitis\test_D2_102888a7-60a5-11ec-8402-0a7404972c70_jpg.rf.cxscWAiQNvZo2quAozl0.jpg,test,test_D2_102888a7-60a5-11ec-8402-0a7404972c70_jpg.rf.cxscWAiQNvZo2quAozl0.jpg
expansion\dog_conjunctivitis\test_D2_103c2776-60a5-11ec-8402-0a7404972c70_jpg.rf.pBYE4Sw503JLyfSB27oV.jpg,test,test_D2_103c2776-60a5-11ec-8402-0a7404972c70_jpg.rf.pBYE4Sw503JLyfSB27oV.jpg
expansion\dog_conjunctivitis\test_D2_10a29025-60a5-11ec-8402-0a7404972c70_jpg.rf.bnf7s63ZxF2HTFbbUM27.jpg,test,test_D2_10a29025-60a5-11ec-8402-0a7404972c70_jpg.rf.bnf7s63ZxF2HTFbbUM27.jpg
expansion\dog_conjunctivitis\test_D2_1118640d-60a5-11ec-8402-0a7404972c70_jpg.rf.CpoUKvp1KuVvcVUUJtZl.jpg,test,test_D2_1118640d-60a5-11ec-8402-0a7404972c70_jpg.rf.CpoUKvp1KuVvcVUUJtZl.jpg
expansion\dog_conjunctivitis\test_D2_1379ffb7-60a5-11ec-8402-0a7404972c70_jpg.rf.e5V6eFlTn2LUBqm4wb8q.jpg,test,test_D2_1379ffb7-60a5-11ec-8402-0a7404972c70_jpg.rf.e5V6eFlTn2LUBqm4wb8q.jpg
expansion\dog_conjunctivitis\test_D2_166fe59e-60a5-11ec-8402-0a7404972c70_jpg.rf.VLxoFgmwRG0mR0QPvO5X.jpg,test,test_D2_166fe59e-60a5-11ec-8402-0a7404972c70_jpg.rf.VLxoFgmwRG0mR0QPvO5X.jpg
expansion\dog_conjunctivitis\test_D2_1923813d-60a5-11ec-8402-0a7404972c70_jpg.rf.8MLKDxbKIbC4kPEs4j8m.jpg,test,test_D2_1923813d-60a5-11ec-8402-0a7404972c70_jpg.rf.8MLKDxbKIbC4kPEs4j8m.jpg
expansion\dog_conjunctivitis\test_D2_19dfcafa-60a5-11ec-8402-0a7404972c70_jpg.rf.aUILQcVdHVTNccE4pBOA.jpg,test,test_D2_19dfcafa-60a5-11ec-8402-0a7404972c70_jpg.rf.aUILQcVdHVTNccE4pBOA.jpg
expansion\dog_conjunctivitis\test_D2_30d4ba06-60a5-11ec-8402-0a7404972c70_jpg.rf.OFTZd9pUkkpGrKEvV2Xh.jpg,test,test_D2_30d4ba06-60a5-11ec-8402-0a7404972c70_jpg.rf.OFTZd9pUkkpGrKEvV2Xh.jpg
expansion\dog_conjunctivitis\test_D2_30dbc814-60a5-11ec-8402-0a7404972c70_jpg.rf.jRNF0clHGSkfYlg2BXwo.jpg,test,test_D2_30dbc814-60a5-11ec-8402-0a7404972c70_jpg.rf.jRNF0clHGSkfYlg2BXwo.jpg
expansion\dog_conjunctivitis\test_D2_312bc910-60a5-11ec-8402-0a7404972c70_jpg.rf.qHevnZDrUjWYSRAFTPj8.jpg,test,test_D2_312bc910-60a5-11ec-8402-0a7404972c70_jpg.rf.qHevnZDrUjWYSRAFTPj8.jpg
expansion\dog_conjunctivitis\test_D2_316b7242-60a5-11ec-8402-0a7404972c70_jpg.rf.dmwBAov65JQDxnO2gon9.jpg,test,test_D2_316b7242-60a5-11ec-8402-0a7404972c70_jpg.rf.dmwBAov65JQDxnO2gon9.jpg
expansion\dog_conjunctivitis\test_D3_0e59a760-60a5-11ec-8402-0a7404972c70_jpg.rf.xlaMlAlkmg2tQozyGAxF.jpg,test,test_D3_0e59a760-60a5-11ec-8402-0a7404972c70_jpg.rf.xlaMlAlkmg2tQozyGAxF.jpg
expansion\dog_conjunctivitis\test_D3_12f537e5-60a5-11ec-8402-0a7404972c70_jpg.rf.Q4xiFLfbzl1UF4NUxU0A.jpg,test,test_D3_12f537e5-60a5-11ec-8402-0a7404972c70_jpg.rf.Q4xiFLfbzl1UF4NUxU0A.jpg
expansion\dog_conjunctivitis\train_D0_02f99e22-60a5-11ec-8402-0a7404972c70_jpg.rf.xhvuMvPMO3dJJsFMeTEm.jpg,train,train_D0_02f99e22-60a5-11ec-8402-0a7404972c70_jpg.rf.xhvuMvPMO3dJJsFMeTEm.jpg
expansion\dog_conjunctivitis\train_D0_02fb427f-60a5-11ec-8402-0a7404972c70_jpg.rf.fNHzwwsY8hrfJC3ac3tW.jpg,train,train_D0_02fb427f-60a5-11ec-8402-0a7404972c70_jpg.rf.fNHzwwsY8hrfJC3ac3tW.jpg
expansion\dog_conjunctivitis\train_D0_030750e3-60a5-11ec-8402-0a7404972c70_jpg.rf.rmLVjt92AZ3w6REPyrvE.jpg,train,train_D0_030750e3-60a5-11ec-8402-0a7404972c70_jpg.rf.rmLVjt92AZ3w6REPyrvE.jpg
expansion\dog_conjunctivitis\train_D0_0380fc37-60a5-11ec-8402-0a7404972c70_jpg.rf.TeqrCK3lxd23nqJJ6MJB.jpg,train,train_D0_0380fc37-60a5-11ec-8402-0a7404972c70_jpg.rf.TeqrCK3lxd23nqJJ6MJB.jpg
expansion\dog_conjunctivitis\train_D0_03a5bf05-60a5-11ec-8402-0a7404972c70_jpg.rf.hGyr2wTL38DWo0QGPsPo.jpg,train,train_D0_03a5bf05-60a5-11ec-8402-0a7404972c70_jpg.rf.hGyr2wTL38DWo0QGPsPo.jpg
expansion\dog_conjunctivitis\train_D0_03ad2e4b-60a5-11ec-8402-0a7404972c70_jpg.rf.YUf30aRukrE7ZIO6lzdR.jpg,train,train_D0_03ad2e4b-60a5-11ec-8402-0a7404972c70_jpg.rf.YUf30aRukrE7ZIO6lzdR.jpg
expansion\dog_conjunctivitis\train_D0_0dcb4895-60a5-11ec-8402-0a7404972c70_jpg.rf.KBAFWgnJz2J5C2to2xMQ.jpg,train,train_D0_0dcb4895-60a5-11ec-8402-0a7404972c70_jpg.rf.KBAFWgnJz2J5C2to2xMQ.jpg
expansion\dog_conjunctivitis\train_D0_0dee6da8-60a5-11ec-8402-0a7404972c70_jpg.rf.sh23cAxRFBybvCONRr7V.jpg,train,train_D0_0dee6da8-60a5-11ec-8402-0a7404972c70_jpg.rf.sh23cAxRFBybvCONRr7V.jpg
expansion\dog_conjunctivitis\train_D0_0df020c1-60a5-11ec-8402-0a7404972c70_jpg.rf.NgQmjxJRYurvYxHRF3Ck.jpg,train,train_D0_0df020c1-60a5-11ec-8402-0a7404972c70_jpg.rf.NgQmjxJRYurvYxHRF3Ck.jpg
expansion\dog_conjunctivitis\train_D0_0e4c5c0e-60a5-11ec-8402-0a7404972c70_jpg.rf.wTqLTjCStb675xvlkFKv.jpg,train,train_D0_0e4c5c0e-60a5-11ec-8402-0a7404972c70_jpg.rf.wTqLTjCStb675xvlkFKv.jpg
expansion\dog_conjunctivitis\train_D0_0e79a1c3-60a5-11ec-8402-0a7404972c70_jpg.rf.5CMiPib0ZjksXzUCAKg2.jpg,train,train_D0_0e79a1c3-60a5-11ec-8402-0a7404972c70_jpg.rf.5CMiPib0ZjksXzUCAKg2.jpg
expansion\dog_conjunctivitis\train_D0_0e7b588f-60a5-11ec-8402-0a7404972c70_jpg.rf.LTGADR3bJJj9JR6PiBTO.jpg,train,train_D0_0e7b588f-60a5-11ec-8402-0a7404972c70_jpg.rf.LTGADR3bJJj9JR6PiBTO.jpg
expansion\dog_conjunctivitis\train_D0_0e851f01-60a5-11ec-8402-0a7404972c70_jpg.rf.8Go8aUKbxJWuwVVQ7IE9.jpg,train,train_D0_0e851f01-60a5-11ec-8402-0a7404972c70_jpg.rf.8Go8aUKbxJWuwVVQ7IE9.jpg
expansion\dog_conjunctivitis\train_D0_0eb1b8bb-60a5-11ec-8402-0a7404972c70_jpg.rf.jJr7fhCu96XyLynK8KiL.jpg,train,train_D0_0eb1b8bb-60a5-11ec-8402-0a7404972c70_jpg.rf.jJr7fhCu96XyLynK8KiL.jpg
expansion\dog_conjunctivitis\train_D0_0eb2d0e0-60a5-11ec-8402-0a7404972c70_jpg.rf.NtkSJHCrkSqUsfajcCjz.jpg,train,train_D0_0eb2d0e0-60a5-11ec-8402-0a7404972c70_jpg.rf.NtkSJHCrkSqUsfajcCjz.jpg
expansion\dog_conjunctivitis\train_D0_0ffccc00-60a5-11ec-8402-0a7404972c70_jpg.rf.31OxBm3PogjBVhJdtydp.jpg,train,train_D0_0ffccc00-60a5-11ec-8402-0a7404972c70_jpg.rf.31OxBm3PogjBVhJdtydp.jpg
expansion\dog_conjunctivitis\train_D0_0ffec3d5-60a5-11ec-8402-0a7404972c70_jpg.rf.dt4pAa4e7XhlAGUIiCcC.jpg,train,train_D0_0ffec3d5-60a5-11ec-8402-0a7404972c70_jpg.rf.dt4pAa4e7XhlAGUIiCcC.jpg
expansion\dog_conjunctivitis\train_D0_100440d3-60a5-11ec-8402-0a7404972c70_jpg.rf.TFCBNu2os0WlHsEkPOFG.jpg,train,train_D0_100440d3-60a5-11ec-8402-0a7404972c70_jpg.rf.TFCBNu2os0WlHsEkPOFG.jpg
expansion\dog_conjunctivitis\train_D0_10157d15-60a5-11ec-8402-0a7404972c70_jpg.rf.6xhCDWXx0mj1g2r2rRIa.jpg,train,train_D0_10157d15-60a5-11ec-8402-0a7404972c70_jpg.rf.6xhCDWXx0mj1g2r2rRIa.jpg
expansion\dog_conjunctivitis\train_D0_101a7234-60a5-11ec-8402-0a7404972c70_jpg.rf.TSW4nsxeDqU3fXFCrFfc.jpg,train,train_D0_101a7234-60a5-11ec-8402-0a7404972c70_jpg.rf.TSW4nsxeDqU3fXFCrFfc.jpg
expansion\dog_conjunctivitis\train_D0_1025dd38-60a5-11ec-8402-0a7404972c70_jpg.rf.hn4klCMFAqKbDW49Qw1z.jpg,train,train_D0_1025dd38-60a5-11ec-8402-0a7404972c70_jpg.rf.hn4klCMFAqKbDW49Qw1z.jpg
expansion\dog_conjunctivitis\train_D0_10271476-60a5-11ec-8402-0a7404972c70_jpg.rf.nN3TfZOQagSAZKtzCCKL.jpg,train,train_D0_10271476-60a5-11ec-8402-0a7404972c70_jpg.rf.nN3TfZOQagSAZKtzCCKL.jpg
expansion\dog_conjunctivitis\train_D0_10286053-60a5-11ec-8402-0a7404972c70_jpg.rf.0v3DSIgreNC7sEPLjfun.jpg,train,train_D0_10286053-60a5-11ec-8402-0a7404972c70_jpg.rf.0v3DSIgreNC7sEPLjfun.jpg
expansion\dog_conjunctivitis\train_D0_102c68bf-60a5-11ec-8402-0a7404972c70_jpg.rf.DO7qok4A7rXlc7Rl7DrX.jpg,train,train_D0_102c68bf-60a5-11ec-8402-0a7404972c70_jpg.rf.DO7qok4A7rXlc7Rl7DrX.jpg
expansion\dog_conjunctivitis\train_D0_10344c1d-60a5-11ec-8402-0a7404972c70_jpg.rf.3xG1Teiv8axxNT6umP5t.jpg,train,train_D0_10344c1d-60a5-11ec-8402-0a7404972c70_jpg.rf.3xG1Teiv8axxNT6umP5t.jpg
expansion\dog_conjunctivitis\train_D0_1038ad7e-60a5-11ec-8402-0a7404972c70_jpg.rf.XoFm4artcI0lNxlJnp3y.jpg,train,train_D0_1038ad7e-60a5-11ec-8402-0a7404972c70_jpg.rf.XoFm4artcI0lNxlJnp3y.jpg
expansion\dog_conjunctivitis\train_D0_10398487-60a5-11ec-8402-0a7404972c70_jpg.rf.LYNaicMY2LsCH6ohoDOz.jpg,train,train_D0_10398487-60a5-11ec-8402-0a7404972c70_jpg.rf.LYNaicMY2LsCH6ohoDOz.jpg
expansion\dog_conjunctivitis\train_D0_103b7a80-60a5-11ec-8402-0a7404972c70_jpg.rf.gkYV88zvfeshkBTIwp2l.jpg,train,train_D0_103b7a80-60a5-11ec-8402-0a7404972c70_jpg.rf.gkYV88zvfeshkBTIwp2l.jpg
expansion\dog_conjunctivitis\train_D0_104e3899-60a5-11ec-8402-0a7404972c70_jpg.rf.KVHddVZMsDdcB31fAVdz.jpg,train,train_D0_104e3899-60a5-11ec-8402-0a7404972c70_jpg.rf.KVHddVZMsDdcB31fAVdz.jpg
expansion\dog_conjunctivitis\train_D0_106a38fb-60a5-11ec-8402-0a7404972c70_jpg.rf.EiLCQXGeqbktvEPQHVW1.jpg,train,train_D0_106a38fb-60a5-11ec-8402-0a7404972c70_jpg.rf.EiLCQXGeqbktvEPQHVW1.jpg
expansion\dog_conjunctivitis\train_D0_107d606c-60a5-11ec-8402-0a7404972c70_jpg.rf.20daitzM0qDsKV7sXYpR.jpg,train,train_D0_107d606c-60a5-11ec-8402-0a7404972c70_jpg.rf.20daitzM0qDsKV7sXYpR.jpg
expansion\dog_conjunctivitis\train_D0_10d0d5f1-60a5-11ec-8402-0a7404972c70_jpg.rf.2nTOGjTaSp3UUiN9e4bJ.jpg,train,train_D0_10d0d5f1-60a5-11ec-8402-0a7404972c70_jpg.rf.2nTOGjTaSp3UUiN9e4bJ.jpg
expansion\dog_conjunctivitis\train_D0_10d6d6ec-60a5-11ec-8402-0a7404972c70_jpg.rf.rCFo2b3Oc1qcbk2cwfL8.jpg,train,train_D0_10d6d6ec-60a5-11ec-8402-0a7404972c70_jpg.rf.rCFo2b3Oc1qcbk2cwfL8.jpg
expansion\dog_conjunctivitis\train_D0_10e065ff-60a5-11ec-8402-0a7404972c70_jpg.rf.CxQALfVDxW1fbd6iyGTE.jpg,train,train_D0_10e065ff-60a5-11ec-8402-0a7404972c70_jpg.rf.CxQALfVDxW1fbd6iyGTE.jpg
expansion\dog_conjunctivitis\train_D0_10fd160a-60a5-11ec-8402-0a7404972c70_jpg.rf.gpsodHN4zBq5Gs93b3Fg.jpg,train,train_D0_10fd160a-60a5-11ec-8402-0a7404972c70_jpg.rf.gpsodHN4zBq5Gs93b3Fg.jpg
expansion\dog_conjunctivitis\train_D0_11878b18-60a5-11ec-8402-0a7404972c70_jpg.rf.z2sLjhFwo8mJXEEezfWT.jpg,train,train_D0_11878b18-60a5-11ec-8402-0a7404972c70_jpg.rf.z2sLjhFwo8mJXEEezfWT.jpg
expansion\dog_conjunctivitis\train_D0_1257ef37-60a5-11ec-8402-0a7404972c70_jpg.rf.eILWMY42kXgHYsAkPZxs.jpg,train,train_D0_1257ef37-60a5-11ec-8402-0a7404972c70_jpg.rf.eILWMY42kXgHYsAkPZxs.jpg
expansion\dog_conjunctivitis\train_D0_125d773b-60a5-11ec-8402-0a7404972c70_jpg.rf.opwXFYlTPdgVOZIhYx1p.jpg,train,train_D0_125d773b-60a5-11ec-8402-0a7404972c70_jpg.rf.opwXFYlTPdgVOZIhYx1p.jpg
expansion\dog_conjunctivitis\train_D0_1266f121-60a5-11ec-8402-0a7404972c70_jpg.rf.YGZrAnRihqblwldPIEFg.jpg,train,train_D0_1266f121-60a5-11ec-8402-0a7404972c70_jpg.rf.YGZrAnRihqblwldPIEFg.jpg
expansion\dog_conjunctivitis\train_D0_126a28dd-60a5-11ec-8402-0a7404972c70_jpg.rf.kSjeE3JTenvOVoBcjVlm.jpg,train,train_D0_126a28dd-60a5-11ec-8402-0a7404972c70_jpg.rf.kSjeE3JTenvOVoBcjVlm.jpg
expansion\dog_conjunctivitis\train_D0_126eb672-60a5-11ec-8402-0a7404972c70_jpg.rf.kfZ4zMjrKBZ8gGcq9SMa.jpg,train,train_D0_126eb672-60a5-11ec-8402-0a7404972c70_jpg.rf.kfZ4zMjrKBZ8gGcq9SMa.jpg
expansion\dog_conjunctivitis\train_D0_12718a47-60a5-11ec-8402-0a7404972c70_jpg.rf.nwDGaVntfuxAizNECTXh.jpg,train,train_D0_12718a47-60a5-11ec-8402-0a7404972c70_jpg.rf.nwDGaVntfuxAizNECTXh.jpg
expansion\dog_conjunctivitis\train_D0_1271ba45-60a5-11ec-8402-0a7404972c70_jpg.rf.1t0LhAjrp1ypdiXDMRCc.jpg,train,train_D0_1271ba45-60a5-11ec-8402-0a7404972c70_jpg.rf.1t0LhAjrp1ypdiXDMRCc.jpg
expansion\dog_conjunctivitis\train_D0_12727e5c-60a5-11ec-8402-0a7404972c70_jpg.rf.KlJ6DGnukZxP2hRNYOFv.jpg,train,train_D0_12727e5c-60a5-11ec-8402-0a7404972c70_jpg.rf.KlJ6DGnukZxP2hRNYOFv.jpg
expansion\dog_conjunctivitis\train_D0_127815b8-60a5-11ec-8402-0a7404972c70_jpg.rf.1Ql0Cw7i4GnwJJjkIfpu.jpg,train,train_D0_127815b8-60a5-11ec-8402-0a7404972c70_jpg.rf.1Ql0Cw7i4GnwJJjkIfpu.jpg
expansion\dog_conjunctivitis\train_D0_127a2ef5-60a5-11ec-8402-0a7404972c70_jpg.rf.5idH7K8qvt2SZK8TYFHI.jpg,train,train_D0_127a2ef5-60a5-11ec-8402-0a7404972c70_jpg.rf.5idH7K8qvt2SZK8TYFHI.jpg
expansion\dog_conjunctivitis\train_D0_1290e339-60a5-11ec-8402-0a7404972c70_jpg.rf.ZDh3Mw3zu6aLzDXyHE33.jpg,train,train_D0_1290e339-60a5-11ec-8402-0a7404972c70_jpg.rf.ZDh3Mw3zu6aLzDXyHE33.jpg
expansion\dog_conjunctivitis\train_D0_1290ebb2-60a5-11ec-8402-0a7404972c70_jpg.rf.1qdJLaKBIYKGpbO65OOH.jpg,train,train_D0_1290ebb2-60a5-11ec-8402-0a7404972c70_jpg.rf.1qdJLaKBIYKGpbO65OOH.jpg
expansion\dog_conjunctivitis\train_D0_129a46d1-60a5-11ec-8402-0a7404972c70_jpg.rf.BCemQpsxDDs13lpypEdh.jpg,train,train_D0_129a46d1-60a5-11ec-8402-0a7404972c70_jpg.rf.BCemQpsxDDs13lpypEdh.jpg
expansion\dog_conjunctivitis\train_D0_12e1706f-60a5-11ec-8402-0a7404972c70_jpg.rf.g9xnro3kFOOPUiIpW9bT.jpg,train,train_D0_12e1706f-60a5-11ec-8402-0a7404972c70_jpg.rf.g9xnro3kFOOPUiIpW9bT.jpg
expansion\dog_conjunctivitis\train_D0_12e9b9d0-60a5-11ec-8402-0a7404972c70_jpg.rf.ne4nQpzmOzwl9kuvgKyw.jpg,train,train_D0_12e9b9d0-60a5-11ec-8402-0a7404972c70_jpg.rf.ne4nQpzmOzwl9kuvgKyw.jpg
expansion\dog_conjunctivitis\train_D0_135df79d-60a5-11ec-8402-0a7404972c70_jpg.rf.BWEdG9t0ukDBt0QCyc1A.jpg,train,train_D0_135df79d-60a5-11ec-8402-0a7404972c70_jpg.rf.BWEdG9t0ukDBt0QCyc1A.jpg
expansion\dog_conjunctivitis\train_D0_136fa0a6-60a5-11ec-8402-0a7404972c70_jpg.rf.2oe1wWdTJG3PZMyQPeX3.jpg,train,train_D0_136fa0a6-60a5-11ec-8402-0a7404972c70_jpg.rf.2oe1wWdTJG3PZMyQPeX3.jpg
expansion\dog_conjunctivitis\train_D0_1644c09f-60a5-11ec-8402-0a7404972c70_jpg.rf.bfBuFvTPPRRf9ZmMfaUX.jpg,train,train_D0_1644c09f-60a5-11ec-8402-0a7404972c70_jpg.rf.bfBuFvTPPRRf9ZmMfaUX.jpg
expansion\dog_conjunctivitis\train_D0_166920e0-60a5-11ec-8402-0a7404972c70_jpg.rf.sEfKzuFpOF5Bhewgru03.jpg,train,train_D0_166920e0-60a5-11ec-8402-0a7404972c70_jpg.rf.sEfKzuFpOF5Bhewgru03.jpg
expansion\dog_conjunctivitis\train_D0_167276d2-60a5-11ec-8402-0a7404972c70_jpg.rf.UIqztGS9aAonDU8u5KX8.jpg,train,train_D0_167276d2-60a5-11ec-8402-0a7404972c70_jpg.rf.UIqztGS9aAonDU8u5KX8.jpg
expansion\dog_conjunctivitis\train_D0_16809e3c-60a5-11ec-8402-0a7404972c70_jpg.rf.tHFTrVT9gSDe51M2bXTC.jpg,train,train_D0_16809e3c-60a5-11ec-8402-0a7404972c70_jpg.rf.tHFTrVT9gSDe51M2bXTC.jpg
expansion\dog_conjunctivitis\train_D0_169dd61e-60a5-11ec-8402-0a7404972c70_jpg.rf.RnWmu79kHsax6nWZWWJg.jpg,train,train_D0_169dd61e-60a5-11ec-8402-0a7404972c70_jpg.rf.RnWmu79kHsax6nWZWWJg.jpg
expansion\dog_conjunctivitis\train_D0_1843bcaf-60a5-11ec-8402-0a7404972c70_jpg.rf.zgoz5rtm32Mdy7M4nWo3.jpg,train,train_D0_1843bcaf-60a5-11ec-8402-0a7404972c70_jpg.rf.zgoz5rtm32Mdy7M4nWo3.jpg
expansion\dog_conjunctivitis\train_D0_1843ceef-60a5-11ec-8402-0a7404972c70_jpg.rf.tEuBkojBa7PSF46fqQGn.jpg,train,train_D0_1843ceef-60a5-11ec-8402-0a7404972c70_jpg.rf.tEuBkojBa7PSF46fqQGn.jpg
expansion\dog_conjunctivitis\train_D0_184adff9-60a5-11ec-8402-0a7404972c70_jpg.rf.xuxtl8rWcYQhYLUQOsPy.jpg,train,train_D0_184adff9-60a5-11ec-8402-0a7404972c70_jpg.rf.xuxtl8rWcYQhYLUQOsPy.jpg
expansion\dog_conjunctivitis\train_D0_184d4d97-60a5-11ec-8402-0a7404972c70_jpg.rf.gJwU0LcYCmmdz0PgPKeN.jpg,train,train_D0_184d4d97-60a5-11ec-8402-0a7404972c70_jpg.rf.gJwU0LcYCmmdz0PgPKeN.jpg
expansion\dog_conjunctivitis\train_D0_1850001d-60a5-11ec-8402-0a7404972c70_jpg.rf.XcQfYR4qm0LjVWVxffLS.jpg,train,train_D0_1850001d-60a5-11ec-8402-0a7404972c70_jpg.rf.XcQfYR4qm0LjVWVxffLS.jpg
expansion\dog_conjunctivitis\train_D0_18600a3f-60a5-11ec-8402-0a7404972c70_jpg.rf.j8mL5fd34wyKW5GkAQEq.jpg,train,train_D0_18600a3f-60a5-11ec-8402-0a7404972c70_jpg.rf.j8mL5fd34wyKW5GkAQEq.jpg
expansion\dog_conjunctivitis\train_D0_18620a35-60a5-11ec-8402-0a7404972c70_jpg.rf.oagiRzPFSpeBWwjzvu8M.jpg,train,train_D0_18620a35-60a5-11ec-8402-0a7404972c70_jpg.rf.oagiRzPFSpeBWwjzvu8M.jpg
expansion\dog_conjunctivitis\train_D0_186bb9ad-60a5-11ec-8402-0a7404972c70_jpg.rf.Z1URSevvNGV7PqhDJOvL.jpg,train,train_D0_186bb9ad-60a5-11ec-8402-0a7404972c70_jpg.rf.Z1URSevvNGV7PqhDJOvL.jpg
expansion\dog_conjunctivitis\train_D0_186f2c62-60a5-11ec-8402-0a7404972c70_jpg.rf.gZ5YwUKJKL8gbHUukkR9.jpg,train,train_D0_186f2c62-60a5-11ec-8402-0a7404972c70_jpg.rf.gZ5YwUKJKL8gbHUukkR9.jpg
expansion\dog_conjunctivitis\train_D0_1871a31b-60a5-11ec-8402-0a7404972c70_jpg.rf.Zi1uwZIQGZMYmYnC3TGB.jpg,train,train_D0_1871a31b-60a5-11ec-8402-0a7404972c70_jpg.rf.Zi1uwZIQGZMYmYnC3TGB.jpg
expansion\dog_conjunctivitis\train_D0_1871fdb4-60a5-11ec-8402-0a7404972c70_jpg.rf.e6pWGKDknkgNeBF5XEim.jpg,train,train_D0_1871fdb4-60a5-11ec-8402-0a7404972c70_jpg.rf.e6pWGKDknkgNeBF5XEim.jpg
expansion\dog_conjunctivitis\train_D0_18795393-60a5-11ec-8402-0a7404972c70_jpg.rf.3VteXVO8EMRIoYmdr4Tx.jpg,train,train_D0_18795393-60a5-11ec-8402-0a7404972c70_jpg.rf.3VteXVO8EMRIoYmdr4Tx.jpg
expansion\dog_conjunctivitis\train_D0_1889b54d-60a5-11ec-8402-0a7404972c70_jpg.rf.cPfnVJELxy5hK9DlblEp.jpg,train,train_D0_1889b54d-60a5-11ec-8402-0a7404972c70_jpg.rf.cPfnVJELxy5hK9DlblEp.jpg
expansion\dog_conjunctivitis\train_D0_1904e60e-60a5-11ec-8402-0a7404972c70_jpg.rf.zSjtB4KZl0CReOEr3uWm.jpg,train,train_D0_1904e60e-60a5-11ec-8402-0a7404972c70_jpg.rf.zSjtB4KZl0CReOEr3uWm.jpg
expansion\dog_conjunctivitis\train_D0_1909590b-60a5-11ec-8402-0a7404972c70_jpg.rf.upmWn8n6qOp1LChlN3ha.jpg,train,train_D0_1909590b-60a5-11ec-8402-0a7404972c70_jpg.rf.upmWn8n6qOp1LChlN3ha.jpg
expansion\dog_conjunctivitis\train_D0_19dde799-60a5-11ec-8402-0a7404972c70_jpg.rf.8GCbOPcgwnwXGCYRWiYr.jpg,train,train_D0_19dde799-60a5-11ec-8402-0a7404972c70_jpg.rf.8GCbOPcgwnwXGCYRWiYr.jpg
expansion\dog_conjunctivitis\train_D0_1cd46cae-60a5-11ec-8402-0a7404972c70_jpg.rf.IZBMIKM9zAdcSeSJP2Vt.jpg,train,train_D0_1cd46cae-60a5-11ec-8402-0a7404972c70_jpg.rf.IZBMIKM9zAdcSeSJP2Vt.jpg
expansion\dog_conjunctivitis\train_D0_1ce22ac2-60a5-11ec-8402-0a7404972c70_jpg.rf.QW4NlaOGvtGaZ5Hw4QF7.jpg,train,train_D0_1ce22ac2-60a5-11ec-8402-0a7404972c70_jpg.rf.QW4NlaOGvtGaZ5Hw4QF7.jpg
expansion\dog_conjunctivitis\train_D0_1ceb3db4-60a5-11ec-8402-0a7404972c70_jpg.rf.yopxGW1eI8HFC00ktujR.jpg,train,train_D0_1ceb3db4-60a5-11ec-8402-0a7404972c70_jpg.rf.yopxGW1eI8HFC00ktujR.jpg
expansion\dog_conjunctivitis\train_D0_1cf6837c-60a5-11ec-8402-0a7404972c70_jpg.rf.7jkbcqTe4nqJXPBZL313.jpg,train,train_D0_1cf6837c-60a5-11ec-8402-0a7404972c70_jpg.rf.7jkbcqTe4nqJXPBZL313.jpg
expansion\dog_conjunctivitis\train_D0_20cb474d-60a5-11ec-8402-0a7404972c70_jpg.rf.ziorUoEOtJp1V872YDaz.jpg,train,train_D0_20cb474d-60a5-11ec-8402-0a7404972c70_jpg.rf.ziorUoEOtJp1V872YDaz.jpg
expansion\dog_conjunctivitis\train_D0_20eae2b1-60a5-11ec-8402-0a7404972c70_jpg.rf.ozGQbFXXCkErtuSoxRoC.jpg,train,train_D0_20eae2b1-60a5-11ec-8402-0a7404972c70_jpg.rf.ozGQbFXXCkErtuSoxRoC.jpg
expansion\dog_conjunctivitis\train_D0_21057b05-60a5-11ec-8402-0a7404972c70_jpg.rf.8j2lFzCm3jBwpTG19nq3.jpg,train,train_D0_21057b05-60a5-11ec-8402-0a7404972c70_jpg.rf.8j2lFzCm3jBwpTG19nq3.jpg
expansion\dog_conjunctivitis\train_D0_211948f9-60a5-11ec-8402-0a7404972c70_jpg.rf.edC8YsjHNLmW0Fxk5QC0.jpg,train,train_D0_211948f9-60a5-11ec-8402-0a7404972c70_jpg.rf.edC8YsjHNLmW0Fxk5QC0.jpg
expansion\dog_conjunctivitis\train_D0_21261ff8-60a5-11ec-8402-0a7404972c70_jpg.rf.ZTA0cGBt3zWLHmWvc0Lq.jpg,train,train_D0_21261ff8-60a5-11ec-8402-0a7404972c70_jpg.rf.ZTA0cGBt3zWLHmWvc0Lq.jpg
expansion\dog_conjunctivitis\train_D0_21266b2a-60a5-11ec-8402-0a7404972c70_jpg.rf.g95C2eRfThPqbh9ZSuY3.jpg,train,train_D0_21266b2a-60a5-11ec-8402-0a7404972c70_jpg.rf.g95C2eRfThPqbh9ZSuY3.jpg
expansion\dog_conjunctivitis\train_D0_21290fb7-60a5-11ec-8402-0a7404972c70_jpg.rf.2Dx6SsLnbjnP9PfdVtdy.jpg,train,train_D0_21290fb7-60a5-11ec-8402-0a7404972c70_jpg.rf.2Dx6SsLnbjnP9PfdVtdy.jpg
expansion\dog_conjunctivitis\train_D0_212fc4df-60a5-11ec-8402-0a7404972c70_jpg.rf.7A4yI75ow4XMnzIBkyyV.jpg,train,train_D0_212fc4df-60a5-11ec-8402-0a7404972c70_jpg.rf.7A4yI75ow4XMnzIBkyyV.jpg
expansion\dog_conjunctivitis\train_D0_2144c0e4-60a5-11ec-8402-0a7404972c70_jpg.rf.qTwk2iEzgzVNqzDDYeFA.jpg,train,train_D0_2144c0e4-60a5-11ec-8402-0a7404972c70_jpg.rf.qTwk2iEzgzVNqzDDYeFA.jpg
expansion\dog_conjunctivitis\train_D0_30d44b13-60a5-11ec-8402-0a7404972c70_jpg.rf.MFFp3sMh0eYZHf0aREsv.jpg,train,train_D0_30d44b13-60a5-11ec-8402-0a7404972c70_jpg.rf.MFFp3sMh0eYZHf0aREsv.jpg
expansion\dog_conjunctivitis\train_D0_30ec3991-60a5-11ec-8402-0a7404972c70_jpg.rf.6YekKuF69X9BAErqGEuV.jpg,train,train_D0_30ec3991-60a5-11ec-8402-0a7404972c70_jpg.rf.6YekKuF69X9BAErqGEuV.jpg
expansion\dog_conjunctivitis\train_D0_3101186f-60a5-11ec-8402-0a7404972c70_jpg.rf.SQB40D972SKxCBHgqJSE.jpg,train,train_D0_3101186f-60a5-11ec-8402-0a7404972c70_jpg.rf.SQB40D972SKxCBHgqJSE.jpg
expansion\dog_conjunctivitis\train_D0_3105cc71-60a5-11ec-8402-0a7404972c70_jpg.rf.S7eJ9HJm3LuVEu2JSzpY.jpg,train,train_D0_3105cc71-60a5-11ec-8402-0a7404972c70_jpg.rf.S7eJ9HJm3LuVEu2JSzpY.jpg
expansion\dog_conjunctivitis\train_D0_3142fcd7-60a5-11ec-8402-0a7404972c70_jpg.rf.6EHQkhLutc4VbbnQYO3M.jpg,train,train_D0_3142fcd7-60a5-11ec-8402-0a7404972c70_jpg.rf.6EHQkhLutc4VbbnQYO3M.jpg
expansion\dog_conjunctivitis\train_D0_314f241e-60a5-11ec-8402-0a7404972c70_jpg.rf.k0roKFphETmgSZiiZzmg.jpg,train,train_D0_314f241e-60a5-11ec-8402-0a7404972c70_jpg.rf.k0roKFphETmgSZiiZzmg.jpg
expansion\dog_conjunctivitis\train_D0_3158ad0b-60a5-11ec-8402-0a7404972c70_jpg.rf.CMrxx8hrl9dZaybm7HpM.jpg,train,train_D0_3158ad0b-60a5-11ec-8402-0a7404972c70_jpg.rf.CMrxx8hrl9dZaybm7HpM.jpg
expansion\dog_conjunctivitis\train_D0_3159d7cf-60a5-11ec-8402-0a7404972c70_jpg.rf.sfzhwQon8KBTDDoPnnWt.jpg,train,train_D0_3159d7cf-60a5-11ec-8402-0a7404972c70_jpg.rf.sfzhwQon8KBTDDoPnnWt.jpg
expansion\dog_conjunctivitis\train_D0_315c8e38-60a5-11ec-8402-0a7404972c70_jpg.rf.hV3ie2stht3GszSt9OMi.jpg,train,train_D0_315c8e38-60a5-11ec-8402-0a7404972c70_jpg.rf.hV3ie2stht3GszSt9OMi.jpg
expansion\dog_conjunctivitis\train_D0_31682e02-60a5-11ec-8402-0a7404972c70_jpg.rf.pPTyTgLlB0NkPQBZbEhL.jpg,train,train_D0_31682e02-60a5-11ec-8402-0a7404972c70_jpg.rf.pPTyTgLlB0NkPQBZbEhL.jpg
expansion\dog_conjunctivitis\train_D0_316fb0d1-60a5-11ec-8402-0a7404972c70_jpg.rf.C1xJ4AWx4ZFW9Yy0jWmW.jpg,train,train_D0_316fb0d1-60a5-11ec-8402-0a7404972c70_jpg.rf.C1xJ4AWx4ZFW9Yy0jWmW.jpg
expansion\dog_conjunctivitis\train_D18_10331494-60a5-11ec-8402-0a7404972c70_jpg.rf.SS6muryUaLoCgvIiSNdH.jpg,train,train_D18_10331494-60a5-11ec-8402-0a7404972c70_jpg.rf.SS6muryUaLoCgvIiSNdH.jpg
expansion\dog_conjunctivitis\train_D18_10355644-60a5-11ec-8402-0a7404972c70_jpg.rf.CLVhuY8b7B28PtARftwp.jpg,train,train_D18_10355644-60a5-11ec-8402-0a7404972c70_jpg.rf.CLVhuY8b7B28PtARftwp.jpg
expansion\dog_conjunctivitis\train_D18_103780f5-60a5-11ec-8402-0a7404972c70_jpg.rf.hr6BDCN8tYkAdBcLwQrI.jpg,train,train_D18_103780f5-60a5-11ec-8402-0a7404972c70_jpg.rf.hr6BDCN8tYkAdBcLwQrI.jpg
expansion\dog_conjunctivitis\train_D18_10888859-60a5-11ec-8402-0a7404972c70_jpg.rf.rcmd0Svs11FyMEmjvqXw.jpg,train,train_D18_10888859-60a5-11ec-8402-0a7404972c70_jpg.rf.rcmd0Svs11FyMEmjvqXw.jpg
expansion\dog_conjunctivitis\train_D18_11136375-60a5-11ec-8402-0a7404972c70_jpg.rf.4NEuSdfn2OmqCIChxs2U.jpg,train,train_D18_11136375-60a5-11ec-8402-0a7404972c70_jpg.rf.4NEuSdfn2OmqCIChxs2U.jpg
expansion\dog_conjunctivitis\train_D18_111753ea-60a5-11ec-8402-0a7404972c70_jpg.rf.fvcLyFWNdpXS6xVPLZdT.jpg,train,train_D18_111753ea-60a5-11ec-8402-0a7404972c70_jpg.rf.fvcLyFWNdpXS6xVPLZdT.jpg
expansion\dog_conjunctivitis\train_D18_118199d8-60a5-11ec-8402-0a7404972c70_jpg.rf.ioupYzkZMImHPz9SqXnC.jpg,train,train_D18_118199d8-60a5-11ec-8402-0a7404972c70_jpg.rf.ioupYzkZMImHPz9SqXnC.jpg
expansion\dog_conjunctivitis\train_D18_12695d71-60a5-11ec-8402-0a7404972c70_jpg.rf.0p1Qq2lyr66whTyWd8zr.jpg,train,train_D18_12695d71-60a5-11ec-8402-0a7404972c70_jpg.rf.0p1Qq2lyr66whTyWd8zr.jpg
expansion\dog_conjunctivitis\train_D18_1270c391-60a5-11ec-8402-0a7404972c70_jpg.rf.QCVFQkNUEvwONVMKMw94.jpg,train,train_D18_1270c391-60a5-11ec-8402-0a7404972c70_jpg.rf.QCVFQkNUEvwONVMKMw94.jpg
expansion\dog_conjunctivitis\train_D18_1276bd48-60a5-11ec-8402-0a7404972c70_jpg.rf.i6ASRMsL2RS2Ocnx6LkZ.jpg,train,train_D18_1276bd48-60a5-11ec-8402-0a7404972c70_jpg.rf.i6ASRMsL2RS2Ocnx6LkZ.jpg
expansion\dog_conjunctivitis\train_D18_1284c6a8-60a5-11ec-8402-0a7404972c70_jpg.rf.A36ghiXXJrYxbok09jRr.jpg,train,train_D18_1284c6a8-60a5-11ec-8402-0a7404972c70_jpg.rf.A36ghiXXJrYxbok09jRr.jpg
expansion\dog_conjunctivitis\train_D18_13955176-60a5-11ec-8402-0a7404972c70_jpg.rf.tHxprqYFKLL4oNV0n6z5.jpg,train,train_D18_13955176-60a5-11ec-8402-0a7404972c70_jpg.rf.tHxprqYFKLL4oNV0n6z5.jpg
expansion\dog_conjunctivitis\train_D18_1510e725-60a5-11ec-8402-0a7404972c70_jpg.rf.rSvqKMSTDzUuvpxH8OcM.jpg,train,train_D18_1510e725-60a5-11ec-8402-0a7404972c70_jpg.rf.rSvqKMSTDzUuvpxH8OcM.jpg
expansion\dog_conjunctivitis\train_D18_1653ea5e-60a5-11ec-8402-0a7404972c70_jpg.rf.DjLECSUEsSmOkvUqWubu.jpg,train,train_D18_1653ea5e-60a5-11ec-8402-0a7404972c70_jpg.rf.DjLECSUEsSmOkvUqWubu.jpg
expansion\dog_conjunctivitis\train_D18_1661ede9-60a5-11ec-8402-0a7404972c70_jpg.rf.9DD32HEDn6yvv7Qju5bk.jpg,train,train_D18_1661ede9-60a5-11ec-8402-0a7404972c70_jpg.rf.9DD32HEDn6yvv7Qju5bk.jpg
expansion\dog_conjunctivitis\train_D18_168095ef-60a5-11ec-8402-0a7404972c70_jpg.rf.lRBHjlbAyTXFbmOcNugh.jpg,train,train_D18_168095ef-60a5-11ec-8402-0a7404972c70_jpg.rf.lRBHjlbAyTXFbmOcNugh.jpg
expansion\dog_conjunctivitis\train_D18_1843b0cf-60a5-11ec-8402-0a7404972c70_jpg.rf.fYz04cQie4YfV4KjCz2K.jpg,train,train_D18_1843b0cf-60a5-11ec-8402-0a7404972c70_jpg.rf.fYz04cQie4YfV4KjCz2K.jpg
expansion\dog_conjunctivitis\train_D18_18464a68-60a5-11ec-8402-0a7404972c70_jpg.rf.srdEmBeW8g6SNeNeZexe.jpg,train,train_D18_18464a68-60a5-11ec-8402-0a7404972c70_jpg.rf.srdEmBeW8g6SNeNeZexe.jpg
expansion\dog_conjunctivitis\train_D18_18572f4d-60a5-11ec-8402-0a7404972c70_jpg.rf.QZnypARUuk23lAbwrlx1.jpg,train,train_D18_18572f4d-60a5-11ec-8402-0a7404972c70_jpg.rf.QZnypARUuk23lAbwrlx1.jpg
expansion\dog_conjunctivitis\train_D18_1857e395-60a5-11ec-8402-0a7404972c70_jpg.rf.jHfsnpKmqBvoFoxkvM0w.jpg,train,train_D18_1857e395-60a5-11ec-8402-0a7404972c70_jpg.rf.jHfsnpKmqBvoFoxkvM0w.jpg
expansion\dog_conjunctivitis\train_D18_1861a7ad-60a5-11ec-8402-0a7404972c70_jpg.rf.sqH2YefW3zM4ZawrpDEe.jpg,train,train_D18_1861a7ad-60a5-11ec-8402-0a7404972c70_jpg.rf.sqH2YefW3zM4ZawrpDEe.jpg
expansion\dog_conjunctivitis\train_D18_18675a04-60a5-11ec-8402-0a7404972c70_jpg.rf.EV0ybF6Zdeps8f0SIysL.jpg,train,train_D18_18675a04-60a5-11ec-8402-0a7404972c70_jpg.rf.EV0ybF6Zdeps8f0SIysL.jpg
expansion\dog_conjunctivitis\train_D18_18697997-60a5-11ec-8402-0a7404972c70_jpg.rf.l7Nv7hRowrl9bpW9iEPe.jpg,train,train_D18_18697997-60a5-11ec-8402-0a7404972c70_jpg.rf.l7Nv7hRowrl9bpW9iEPe.jpg
expansion\dog_conjunctivitis\train_D18_18709be8-60a5-11ec-8402-0a7404972c70_jpg.rf.SLE5QKHBB8WAJGQzll5C.jpg,train,train_D18_18709be8-60a5-11ec-8402-0a7404972c70_jpg.rf.SLE5QKHBB8WAJGQzll5C.jpg
expansion\dog_conjunctivitis\train_D18_1914f2f7-60a5-11ec-8402-0a7404972c70_jpg.rf.wQMqwcqb1Ccc9Un4iFRx.jpg,train,train_D18_1914f2f7-60a5-11ec-8402-0a7404972c70_jpg.rf.wQMqwcqb1Ccc9Un4iFRx.jpg
expansion\dog_conjunctivitis\train_D18_1925f1f4-60a5-11ec-8402-0a7404972c70_jpg.rf.QLd7gZvCMiJvQaYYd0JJ.jpg,train,train_D18_1925f1f4-60a5-11ec-8402-0a7404972c70_jpg.rf.QLd7gZvCMiJvQaYYd0JJ.jpg
expansion\dog_conjunctivitis\train_D18_1941a6fe-60a5-11ec-8402-0a7404972c70_jpg.rf.XrjWpRHKw4ogpcy3UhB0.jpg,train,train_D18_1941a6fe-60a5-11ec-8402-0a7404972c70_jpg.rf.XrjWpRHKw4ogpcy3UhB0.jpg
expansion\dog_conjunctivitis\train_D18_21067e86-60a5-11ec-8402-0a7404972c70_jpg.rf.pBoiGDIEUrSoMdu3aeMG.jpg,train,train_D18_21067e86-60a5-11ec-8402-0a7404972c70_jpg.rf.pBoiGDIEUrSoMdu3aeMG.jpg
expansion\dog_conjunctivitis\train_D18_21097686-60a5-11ec-8402-0a7404972c70_jpg.rf.wZxzcayWHoTzkhrQtf9r.jpg,train,train_D18_21097686-60a5-11ec-8402-0a7404972c70_jpg.rf.wZxzcayWHoTzkhrQtf9r.jpg
expansion\dog_conjunctivitis\train_D18_2113b505-60a5-11ec-8402-0a7404972c70_jpg.rf.m3eag69hlliy4udl99SO.jpg,train,train_D18_2113b505-60a5-11ec-8402-0a7404972c70_jpg.rf.m3eag69hlliy4udl99SO.jpg
expansion\dog_conjunctivitis\train_D18_2120c10f-60a5-11ec-8402-0a7404972c70_jpg.rf.NE6cHnbIhqde2oZnmI8Q.jpg,train,train_D18_2120c10f-60a5-11ec-8402-0a7404972c70_jpg.rf.NE6cHnbIhqde2oZnmI8Q.jpg
expansion\dog_conjunctivitis\train_D18_2138b196-60a5-11ec-8402-0a7404972c70_jpg.rf.amAcX3WSazB6grCWuZ13.jpg,train,train_D18_2138b196-60a5-11ec-8402-0a7404972c70_jpg.rf.amAcX3WSazB6grCWuZ13.jpg
expansion\dog_conjunctivitis\train_D18_2149b22a-60a5-11ec-8402-0a7404972c70_jpg.rf.3KJf5PPFeAZU4lZUXSIm.jpg,train,train_D18_2149b22a-60a5-11ec-8402-0a7404972c70_jpg.rf.3KJf5PPFeAZU4lZUXSIm.jpg
expansion\dog_conjunctivitis\train_D18_30886956-60a5-11ec-8402-0a7404972c70_jpg.rf.N21Z6QfB9M5mcH0CYo21.jpg,train,train_D18_30886956-60a5-11ec-8402-0a7404972c70_jpg.rf.N21Z6QfB9M5mcH0CYo21.jpg
expansion\dog_conjunctivitis\train_D18_309569ed-60a5-11ec-8402-0a7404972c70_jpg.rf.J5RQCXoMWbAbDfARY7tQ.jpg,train,train_D18_309569ed-60a5-11ec-8402-0a7404972c70_jpg.rf.J5RQCXoMWbAbDfARY7tQ.jpg
expansion\dog_conjunctivitis\train_D18_31055fb8-60a5-11ec-8402-0a7404972c70_jpg.rf.zNHDvjgDXphKNJbeO2F8.jpg,train,train_D18_31055fb8-60a5-11ec-8402-0a7404972c70_jpg.rf.zNHDvjgDXphKNJbeO2F8.jpg
expansion\dog_conjunctivitis\train_D18_389462ab-60a5-11ec-8402-0a7404972c70_jpg.rf.XwMlfh7QRZUHxby01HHF.jpg,train,train_D18_389462ab-60a5-11ec-8402-0a7404972c70_jpg.rf.XwMlfh7QRZUHxby01HHF.jpg
expansion\dog_conjunctivitis\train_D19_0d5118f4-60a5-11ec-8402-0a7404972c70_jpg.rf.xVjn5IcC5O2ZQc3dMe3B.jpg,train,train_D19_0d5118f4-60a5-11ec-8402-0a7404972c70_jpg.rf.xVjn5IcC5O2ZQc3dMe3B.jpg
expansion\dog_conjunctivitis\train_D19_0d51fed0-60a5-11ec-8402-0a7404972c70_jpg.rf.xN4oInCYSOnkEShIsZHC.jpg,train,train_D19_0d51fed0-60a5-11ec-8402-0a7404972c70_jpg.rf.xN4oInCYSOnkEShIsZHC.jpg
expansion\dog_conjunctivitis\train_D19_0d543bea-60a5-11ec-8402-0a7404972c70_jpg.rf.4tb9qbkMeqKkhQn3GFj5.jpg,train,train_D19_0d543bea-60a5-11ec-8402-0a7404972c70_jpg.rf.4tb9qbkMeqKkhQn3GFj5.jpg
expansion\dog_conjunctivitis\train_D19_0daa54af-60a5-11ec-8402-0a7404972c70_jpg.rf.kjiPSUCcSQ4YYA4urZxO.jpg,train,train_D19_0daa54af-60a5-11ec-8402-0a7404972c70_jpg.rf.kjiPSUCcSQ4YYA4urZxO.jpg
expansion\dog_conjunctivitis\train_D19_0dc511d7-60a5-11ec-8402-0a7404972c70_jpg.rf.EmbTJL0LaZ220IaWxmoO.jpg,train,train_D19_0dc511d7-60a5-11ec-8402-0a7404972c70_jpg.rf.EmbTJL0LaZ220IaWxmoO.jpg
expansion\dog_conjunctivitis\train_D19_0dcdd5d0-60a5-11ec-8402-0a7404972c70_jpg.rf.xtXW2S3L0Tp8lo5tOTfk.jpg,train,train_D19_0dcdd5d0-60a5-11ec-8402-0a7404972c70_jpg.rf.xtXW2S3L0Tp8lo5tOTfk.jpg
expansion\dog_conjunctivitis\train_D19_0dd2a026-60a5-11ec-8402-0a7404972c70_jpg.rf.q289tCaQnYk82ttJgnZe.jpg,train,train_D19_0dd2a026-60a5-11ec-8402-0a7404972c70_jpg.rf.q289tCaQnYk82ttJgnZe.jpg
expansion\dog_conjunctivitis\train_D19_0dd3aed3-60a5-11ec-8402-0a7404972c70_jpg.rf.fx6bxYQx6sn3xTjgck2v.jpg,train,train_D19_0dd3aed3-60a5-11ec-8402-0a7404972c70_jpg.rf.fx6bxYQx6sn3xTjgck2v.jpg
expansion\dog_conjunctivitis\train_D19_0e60fca4-60a5-11ec-8402-0a7404972c70_jpg.rf.fVMZUJG0Mp30ldtqi64Q.jpg,train,train_D19_0e60fca4-60a5-11ec-8402-0a7404972c70_jpg.rf.fVMZUJG0Mp30ldtqi64Q.jpg
expansion\dog_conjunctivitis\train_D19_0e6d61ea-60a5-11ec-8402-0a7404972c70_jpg.rf.MeFGNPvIbiNjuzgWto2I.jpg,train,train_D19_0e6d61ea-60a5-11ec-8402-0a7404972c70_jpg.rf.MeFGNPvIbiNjuzgWto2I.jpg
expansion\dog_conjunctivitis\train_D19_0e7b6881-60a5-11ec-8402-0a7404972c70_jpg.rf.RIfwZ0dajaCcZBNLX1b6.jpg,train,train_D19_0e7b6881-60a5-11ec-8402-0a7404972c70_jpg.rf.RIfwZ0dajaCcZBNLX1b6.jpg
expansion\dog_conjunctivitis\train_D19_0e7e39d8-60a5-11ec-8402-0a7404972c70_jpg.rf.n6yYeLYnYqErfhhonLUO.jpg,train,train_D19_0e7e39d8-60a5-11ec-8402-0a7404972c70_jpg.rf.n6yYeLYnYqErfhhonLUO.jpg
expansion\dog_conjunctivitis\train_D19_0e841882-60a5-11ec-8402-0a7404972c70_jpg.rf.L0BeVro7jslAeu7CNTKb.jpg,train,train_D19_0e841882-60a5-11ec-8402-0a7404972c70_jpg.rf.L0BeVro7jslAeu7CNTKb.jpg
expansion\dog_conjunctivitis\train_D19_0e844aff-60a5-11ec-8402-0a7404972c70_jpg.rf.QZvIF9TtEyNVfqqlbU5e.jpg,train,train_D19_0e844aff-60a5-11ec-8402-0a7404972c70_jpg.rf.QZvIF9TtEyNVfqqlbU5e.jpg
expansion\dog_conjunctivitis\train_D19_0eb2c705-60a5-11ec-8402-0a7404972c70_jpg.rf.HdNgmKwKN6lCwviLoIj0.jpg,train,train_D19_0eb2c705-60a5-11ec-8402-0a7404972c70_jpg.rf.HdNgmKwKN6lCwviLoIj0.jpg
expansion\dog_conjunctivitis\train_D19_0eb31b17-60a5-11ec-8402-0a7404972c70_jpg.rf.y3nrwCdo51Ihpd65jJb7.jpg,train,train_D19_0eb31b17-60a5-11ec-8402-0a7404972c70_jpg.rf.y3nrwCdo51Ihpd65jJb7.jpg
expansion\dog_conjunctivitis\train_D19_0eb5e4bb-60a5-11ec-8402-0a7404972c70_jpg.rf.ILd59YMnP8ceg0UKCpzj.jpg,train,train_D19_0eb5e4bb-60a5-11ec-8402-0a7404972c70_jpg.rf.ILd59YMnP8ceg0UKCpzj.jpg
expansion\dog_conjunctivitis\train_D19_0ed925da-60a5-11ec-8402-0a7404972c70_jpg.rf.ascPRLAIdWDCLAzALKuy.jpg,train,train_D19_0ed925da-60a5-11ec-8402-0a7404972c70_jpg.rf.ascPRLAIdWDCLAzALKuy.jpg
expansion\dog_conjunctivitis\train_D19_0ff75350-60a5-11ec-8402-0a7404972c70_jpg.rf.Qc9UdXeTGKs0dbrxTLtm.jpg,train,train_D19_0ff75350-60a5-11ec-8402-0a7404972c70_jpg.rf.Qc9UdXeTGKs0dbrxTLtm.jpg
expansion\dog_conjunctivitis\train_D19_10a5a84e-60a5-11ec-8402-0a7404972c70_jpg.rf.0pKwlfmDIMSGfqhcKZyF.jpg,train,train_D19_10a5a84e-60a5-11ec-8402-0a7404972c70_jpg.rf.0pKwlfmDIMSGfqhcKZyF.jpg
expansion\dog_conjunctivitis\train_D19_10bd6109-60a5-11ec-8402-0a7404972c70_jpg.rf.alKeQ3JlGiKkYC48oQm8.jpg,train,train_D19_10bd6109-60a5-11ec-8402-0a7404972c70_jpg.rf.alKeQ3JlGiKkYC48oQm8.jpg
expansion\dog_conjunctivitis\train_D19_12d0e7b8-60a5-11ec-8402-0a7404972c70_jpg.rf.rvZzKfgyTOa5boYDCkox.jpg,train,train_D19_12d0e7b8-60a5-11ec-8402-0a7404972c70_jpg.rf.rvZzKfgyTOa5boYDCkox.jpg
expansion\dog_conjunctivitis\train_D19_12e375a0-60a5-11ec-8402-0a7404972c70_jpg.rf.Durb9KGCAKnaZov4IQpQ.jpg,train,train_D19_12e375a0-60a5-11ec-8402-0a7404972c70_jpg.rf.Durb9KGCAKnaZov4IQpQ.jpg
expansion\dog_conjunctivitis\train_D19_12f19673-60a5-11ec-8402-0a7404972c70_jpg.rf.8Cffnx76Tm4EYTYJSXhR.jpg,train,train_D19_12f19673-60a5-11ec-8402-0a7404972c70_jpg.rf.8Cffnx76Tm4EYTYJSXhR.jpg
expansion\dog_conjunctivitis\train_D19_1ce1d77b-60a5-11ec-8402-0a7404972c70_jpg.rf.j6MUyqSN4joaqSCL4G2G.jpg,train,train_D19_1ce1d77b-60a5-11ec-8402-0a7404972c70_jpg.rf.j6MUyqSN4joaqSCL4G2G.jpg
expansion\dog_conjunctivitis\train_D19_1ce1e452-60a5-11ec-8402-0a7404972c70_jpg.rf.L780VDxFaOjE5TvO183P.jpg,train,train_D19_1ce1e452-60a5-11ec-8402-0a7404972c70_jpg.rf.L780VDxFaOjE5TvO183P.jpg
expansion\dog_conjunctivitis\train_D19_1cf8ba91-60a5-11ec-8402-0a7404972c70_jpg.rf.mfh7ddmHOGgByhIicIfZ.jpg,train,train_D19_1cf8ba91-60a5-11ec-8402-0a7404972c70_jpg.rf.mfh7ddmHOGgByhIicIfZ.jpg
expansion\dog_conjunctivitis\train_D1_02fad98b-60a5-11ec-8402-0a7404972c70_jpg.rf.dcd1OsXqadOy8S2105ZP.jpg,train,train_D1_02fad98b-60a5-11ec-8402-0a7404972c70_jpg.rf.dcd1OsXqadOy8S2105ZP.jpg
expansion\dog_conjunctivitis\train_D1_0305b772-60a5-11ec-8402-0a7404972c70_jpg.rf.q3w3ag672N2i5MdTgfnK.jpg,train,train_D1_0305b772-60a5-11ec-8402-0a7404972c70_jpg.rf.q3w3ag672N2i5MdTgfnK.jpg
expansion\dog_conjunctivitis\train_D1_0307834f-60a5-11ec-8402-0a7404972c70_jpg.rf.PylKNBzWsSvkMMNjOZL9.jpg,train,train_D1_0307834f-60a5-11ec-8402-0a7404972c70_jpg.rf.PylKNBzWsSvkMMNjOZL9.jpg
expansion\dog_conjunctivitis\train_D1_036d17fb-60a5-11ec-8402-0a7404972c70_jpg.rf.0hNEC0bKTS2R0QQsD1wm.jpg,train,train_D1_036d17fb-60a5-11ec-8402-0a7404972c70_jpg.rf.0hNEC0bKTS2R0QQsD1wm.jpg
expansion\dog_conjunctivitis\train_D1_03ad44c0-60a5-11ec-8402-0a7404972c70_jpg.rf.9SX6tZPYkSj1brc1sKIk.jpg,train,train_D1_03ad44c0-60a5-11ec-8402-0a7404972c70_jpg.rf.9SX6tZPYkSj1brc1sKIk.jpg
expansion\dog_conjunctivitis\train_D1_0d4fc3a6-60a5-11ec-8402-0a7404972c70_jpg.rf.HXcZFmsBGfQJRYXH6TJt.jpg,train,train_D1_0d4fc3a6-60a5-11ec-8402-0a7404972c70_jpg.rf.HXcZFmsBGfQJRYXH6TJt.jpg
expansion\dog_conjunctivitis\train_D1_0d50fdd5-60a5-11ec-8402-0a7404972c70_jpg.rf.hAg70JPA2TF7LtLWvExF.jpg,train,train_D1_0d50fdd5-60a5-11ec-8402-0a7404972c70_jpg.rf.hAg70JPA2TF7LtLWvExF.jpg
expansion\dog_conjunctivitis\train_D1_0dac9756-60a5-11ec-8402-0a7404972c70_jpg.rf.JI6yUM1GiE30AXYE7Cba.jpg,train,train_D1_0dac9756-60a5-11ec-8402-0a7404972c70_jpg.rf.JI6yUM1GiE30AXYE7Cba.jpg
expansion\dog_conjunctivitis\train_D1_0dadd9c0-60a5-11ec-8402-0a7404972c70_jpg.rf.uaxFfXABMfe4Hsqah8Q1.jpg,train,train_D1_0dadd9c0-60a5-11ec-8402-0a7404972c70_jpg.rf.uaxFfXABMfe4Hsqah8Q1.jpg
expansion\dog_conjunctivitis\train_D1_0db06bd3-60a5-11ec-8402-0a7404972c70_jpg.rf.QUnXQTcicHRwgelfCb8D.jpg,train,train_D1_0db06bd3-60a5-11ec-8402-0a7404972c70_jpg.rf.QUnXQTcicHRwgelfCb8D.jpg
expansion\dog_conjunctivitis\train_D1_0db505ad-60a5-11ec-8402-0a7404972c70_jpg.rf.SxJCMEK15YNlJfzQkUTQ.jpg,train,train_D1_0db505ad-60a5-11ec-8402-0a7404972c70_jpg.rf.SxJCMEK15YNlJfzQkUTQ.jpg
expansion\dog_conjunctivitis\train_D1_0dc8565f-60a5-11ec-8402-0a7404972c70_jpg.rf.EN1MPgd0IVskkxKs5YfF.jpg,train,train_D1_0dc8565f-60a5-11ec-8402-0a7404972c70_jpg.rf.EN1MPgd0IVskkxKs5YfF.jpg
expansion\dog_conjunctivitis\train_D1_0dcbe037-60a5-11ec-8402-0a7404972c70_jpg.rf.7uQWyurVkSmUUTRsv470.jpg,train,train_D1_0dcbe037-60a5-11ec-8402-0a7404972c70_jpg.rf.7uQWyurVkSmUUTRsv470.jpg
expansion\dog_conjunctivitis\train_D1_0dfeaa36-60a5-11ec-8402-0a7404972c70_jpg.rf.YkCy4RNpzC35LlQY1dQv.jpg,train,train_D1_0dfeaa36-60a5-11ec-8402-0a7404972c70_jpg.rf.YkCy4RNpzC35LlQY1dQv.jpg
expansion\dog_conjunctivitis\train_D1_0e407828-60a5-11ec-8402-0a7404972c70_jpg.rf.rnTswJWHseA8Y7gRKpwi.jpg,train,train_D1_0e407828-60a5-11ec-8402-0a7404972c70_jpg.rf.rnTswJWHseA8Y7gRKpwi.jpg
expansion\dog_conjunctivitis\train_D1_0e43f5f0-60a5-11ec-8402-0a7404972c70_jpg.rf.w0dt8VP89igcNSi38FHr.jpg,train,train_D1_0e43f5f0-60a5-11ec-8402-0a7404972c70_jpg.rf.w0dt8VP89igcNSi38FHr.jpg
expansion\dog_conjunctivitis\train_D1_0e4bf91c-60a5-11ec-8402-0a7404972c70_jpg.rf.o1xCvA4IMSeYHN0CCgpV.jpg,train,train_D1_0e4bf91c-60a5-11ec-8402-0a7404972c70_jpg.rf.o1xCvA4IMSeYHN0CCgpV.jpg
expansion\dog_conjunctivitis\train_D1_0e4d57a4-60a5-11ec-8402-0a7404972c70_jpg.rf.br51YtQh0V0Z9z9Myng7.jpg,train,train_D1_0e4d57a4-60a5-11ec-8402-0a7404972c70_jpg.rf.br51YtQh0V0Z9z9Myng7.jpg
expansion\dog_conjunctivitis\train_D1_0e6e8b46-60a5-11ec-8402-0a7404972c70_jpg.rf.RnvZpkOfY3PwbyTHmPba.jpg,train,train_D1_0e6e8b46-60a5-11ec-8402-0a7404972c70_jpg.rf.RnvZpkOfY3PwbyTHmPba.jpg
expansion\dog_conjunctivitis\train_D1_0e7d9a2b-60a5-11ec-8402-0a7404972c70_jpg.rf.PEA0MW9gF3baSf17JD7c.jpg,train,train_D1_0e7d9a2b-60a5-11ec-8402-0a7404972c70_jpg.rf.PEA0MW9gF3baSf17JD7c.jpg
expansion\dog_conjunctivitis\train_D1_0e7e43b3-60a5-11ec-8402-0a7404972c70_jpg.rf.7TYv2C5yBd9mz8oxVmnA.jpg,train,train_D1_0e7e43b3-60a5-11ec-8402-0a7404972c70_jpg.rf.7TYv2C5yBd9mz8oxVmnA.jpg
expansion\dog_conjunctivitis\train_D1_0eb6645e-60a5-11ec-8402-0a7404972c70_jpg.rf.kRh5vUW7f4uvXXbuHrIi.jpg,train,train_D1_0eb6645e-60a5-11ec-8402-0a7404972c70_jpg.rf.kRh5vUW7f4uvXXbuHrIi.jpg
expansion\dog_conjunctivitis\train_D1_0eeb6988-60a5-11ec-8402-0a7404972c70_jpg.rf.kFY4sbIlzCAHArHmHjV2.jpg,train,train_D1_0eeb6988-60a5-11ec-8402-0a7404972c70_jpg.rf.kFY4sbIlzCAHArHmHjV2.jpg
expansion\dog_conjunctivitis\train_D1_0eeba438-60a5-11ec-8402-0a7404972c70_jpg.rf.QdDKnTJLGHcAhZIDp1F5.jpg,train,train_D1_0eeba438-60a5-11ec-8402-0a7404972c70_jpg.rf.QdDKnTJLGHcAhZIDp1F5.jpg
expansion\dog_conjunctivitis\train_D1_10060946-60a5-11ec-8402-0a7404972c70_jpg.rf.MN2R9jwaMppoyONduUtg.jpg,train,train_D1_10060946-60a5-11ec-8402-0a7404972c70_jpg.rf.MN2R9jwaMppoyONduUtg.jpg
expansion\dog_conjunctivitis\train_D1_100f83b2-60a5-11ec-8402-0a7404972c70_jpg.rf.mIBTEHg4MV979lKaAYIm.jpg,train,train_D1_100f83b2-60a5-11ec-8402-0a7404972c70_jpg.rf.mIBTEHg4MV979lKaAYIm.jpg
expansion\dog_conjunctivitis\train_D1_1023489c-60a5-11ec-8402-0a7404972c70_jpg.rf.muUfyn3LYbyXCtx8sdng.jpg,train,train_D1_1023489c-60a5-11ec-8402-0a7404972c70_jpg.rf.muUfyn3LYbyXCtx8sdng.jpg
expansion\dog_conjunctivitis\train_D1_1029b8cb-60a5-11ec-8402-0a7404972c70_jpg.rf.LynqUUOgzfhviUO2FU7F.jpg,train,train_D1_1029b8cb-60a5-11ec-8402-0a7404972c70_jpg.rf.LynqUUOgzfhviUO2FU7F.jpg
expansion\dog_conjunctivitis\train_D1_102c79c2-60a5-11ec-8402-0a7404972c70_jpg.rf.OfqAu8kBRBETjG9cUZE5.jpg,train,train_D1_102c79c2-60a5-11ec-8402-0a7404972c70_jpg.rf.OfqAu8kBRBETjG9cUZE5.jpg
expansion\dog_conjunctivitis\train_D1_102cd016-60a5-11ec-8402-0a7404972c70_jpg.rf.CvvW3GwyjjRdtO4tTzaI.jpg,train,train_D1_102cd016-60a5-11ec-8402-0a7404972c70_jpg.rf.CvvW3GwyjjRdtO4tTzaI.jpg
expansion\dog_conjunctivitis\train_D1_10339a36-60a5-11ec-8402-0a7404972c70_jpg.rf.H47rXrEOnRHhGp6rkG1y.jpg,train,train_D1_10339a36-60a5-11ec-8402-0a7404972c70_jpg.rf.H47rXrEOnRHhGp6rkG1y.jpg
expansion\dog_conjunctivitis\train_D1_1035ad71-60a5-11ec-8402-0a7404972c70_jpg.rf.Ry3wgZ5cfh2Rr3Qdroiw.jpg,train,train_D1_1035ad71-60a5-11ec-8402-0a7404972c70_jpg.rf.Ry3wgZ5cfh2Rr3Qdroiw.jpg
expansion\dog_conjunctivitis\train_D1_103b939b-60a5-11ec-8402-0a7404972c70_jpg.rf.2H2MX5YIfUg0uR1blIM8.jpg,train,train_D1_103b939b-60a5-11ec-8402-0a7404972c70_jpg.rf.2H2MX5YIfUg0uR1blIM8.jpg
expansion\dog_conjunctivitis\train_D1_103d7b6f-60a5-11ec-8402-0a7404972c70_jpg.rf.Em5WUVSlmgM4nMXipbX1.jpg,train,train_D1_103d7b6f-60a5-11ec-8402-0a7404972c70_jpg.rf.Em5WUVSlmgM4nMXipbX1.jpg
expansion\dog_conjunctivitis\train_D1_104e6936-60a5-11ec-8402-0a7404972c70_jpg.rf.vAeXjoGfpSDH8ynrCbWl.jpg,train,train_D1_104e6936-60a5-11ec-8402-0a7404972c70_jpg.rf.vAeXjoGfpSDH8ynrCbWl.jpg
expansion\dog_conjunctivitis\train_D1_1065ad48-60a5-11ec-8402-0a7404972c70_jpg.rf.7YA72TEBxqttg6y6QNLE.jpg,train,train_D1_1065ad48-60a5-11ec-8402-0a7404972c70_jpg.rf.7YA72TEBxqttg6y6QNLE.jpg
expansion\dog_conjunctivitis\train_D1_106ad352-60a5-11ec-8402-0a7404972c70_jpg.rf.JxIOzbwiPEOP4E8NB1Ci.jpg,train,train_D1_106ad352-60a5-11ec-8402-0a7404972c70_jpg.rf.JxIOzbwiPEOP4E8NB1Ci.jpg
expansion\dog_conjunctivitis\train_D1_107ff152-60a5-11ec-8402-0a7404972c70_jpg.rf.Tfxz187yFz3mMLsvY1vJ.jpg,train,train_D1_107ff152-60a5-11ec-8402-0a7404972c70_jpg.rf.Tfxz187yFz3mMLsvY1vJ.jpg
expansion\dog_conjunctivitis\train_D1_108646d5-60a5-11ec-8402-0a7404972c70_jpg.rf.IdnPLX7J2GhEDqHNchSc.jpg,train,train_D1_108646d5-60a5-11ec-8402-0a7404972c70_jpg.rf.IdnPLX7J2GhEDqHNchSc.jpg
expansion\dog_conjunctivitis\train_D1_108ec636-60a5-11ec-8402-0a7404972c70_jpg.rf.IMFhXLKSSCygWG51vQ50.jpg,train,train_D1_108ec636-60a5-11ec-8402-0a7404972c70_jpg.rf.IMFhXLKSSCygWG51vQ50.jpg
expansion\dog_conjunctivitis\train_D1_10a297ba-60a5-11ec-8402-0a7404972c70_jpg.rf.hd1k3ia0NtLcQ8k5pByF.jpg,train,train_D1_10a297ba-60a5-11ec-8402-0a7404972c70_jpg.rf.hd1k3ia0NtLcQ8k5pByF.jpg
expansion\dog_conjunctivitis\train_D1_10bb3342-60a5-11ec-8402-0a7404972c70_jpg.rf.HuSivU0d2fq6s2CgVDHY.jpg,train,train_D1_10bb3342-60a5-11ec-8402-0a7404972c70_jpg.rf.HuSivU0d2fq6s2CgVDHY.jpg
expansion\dog_conjunctivitis\train_D1_11171def-60a5-11ec-8402-0a7404972c70_jpg.rf.IYZHzvq7MDf13tTFhPv0.jpg,train,train_D1_11171def-60a5-11ec-8402-0a7404972c70_jpg.rf.IYZHzvq7MDf13tTFhPv0.jpg
expansion\dog_conjunctivitis\train_D1_11193d96-60a5-11ec-8402-0a7404972c70_jpg.rf.hYRXs9mWadKQ6qF8Ns1B.jpg,train,train_D1_11193d96-60a5-11ec-8402-0a7404972c70_jpg.rf.hYRXs9mWadKQ6qF8Ns1B.jpg
expansion\dog_conjunctivitis\train_D1_111addb4-60a5-11ec-8402-0a7404972c70_jpg.rf.uaLh1gOfko4IKW3JbRey.jpg,train,train_D1_111addb4-60a5-11ec-8402-0a7404972c70_jpg.rf.uaLh1gOfko4IKW3JbRey.jpg
expansion\dog_conjunctivitis\train_D1_116c5fe4-60a5-11ec-8402-0a7404972c70_jpg.rf.oE0aFusB1ezsjUf05ixB.jpg,train,train_D1_116c5fe4-60a5-11ec-8402-0a7404972c70_jpg.rf.oE0aFusB1ezsjUf05ixB.jpg
expansion\dog_conjunctivitis\train_D1_116d657a-60a5-11ec-8402-0a7404972c70_jpg.rf.Gu9iOe2kugS5lk7sXnCr.jpg,train,train_D1_116d657a-60a5-11ec-8402-0a7404972c70_jpg.rf.Gu9iOe2kugS5lk7sXnCr.jpg
expansion\dog_conjunctivitis\train_D1_116d6d7b-60a5-11ec-8402-0a7404972c70_jpg.rf.KgyUf7SlBoO9RBmQXoaW.jpg,train,train_D1_116d6d7b-60a5-11ec-8402-0a7404972c70_jpg.rf.KgyUf7SlBoO9RBmQXoaW.jpg
expansion\dog_conjunctivitis\train_D1_116db797-60a5-11ec-8402-0a7404972c70_jpg.rf.1uhUYCxRL1FPoOCsKVTF.jpg,train,train_D1_116db797-60a5-11ec-8402-0a7404972c70_jpg.rf.1uhUYCxRL1FPoOCsKVTF.jpg
expansion\dog_conjunctivitis\train_D1_118a8053-60a5-11ec-8402-0a7404972c70_jpg.rf.l2luL7iFZSHCDP4fwP3Y.jpg,train,train_D1_118a8053-60a5-11ec-8402-0a7404972c70_jpg.rf.l2luL7iFZSHCDP4fwP3Y.jpg
expansion\dog_conjunctivitis\train_D1_1258c896-60a5-11ec-8402-0a7404972c70_jpg.rf.ndyPK7k6CVBruy5W3mIr.jpg,train,train_D1_1258c896-60a5-11ec-8402-0a7404972c70_jpg.rf.ndyPK7k6CVBruy5W3mIr.jpg
expansion\dog_conjunctivitis\train_D1_126b37c5-60a5-11ec-8402-0a7404972c70_jpg.rf.BkoVX5NwBoFMzaiPOpC6.jpg,train,train_D1_126b37c5-60a5-11ec-8402-0a7404972c70_jpg.rf.BkoVX5NwBoFMzaiPOpC6.jpg
expansion\dog_conjunctivitis\train_D1_1270651e-60a5-11ec-8402-0a7404972c70_jpg.rf.wMRYUbdkSh0VQXu5irmM.jpg,train,train_D1_1270651e-60a5-11ec-8402-0a7404972c70_jpg.rf.wMRYUbdkSh0VQXu5irmM.jpg
expansion\dog_conjunctivitis\train_D1_1277168e-60a5-11ec-8402-0a7404972c70_jpg.rf.rOnPktwpp6QmfMv0SqGu.jpg,train,train_D1_1277168e-60a5-11ec-8402-0a7404972c70_jpg.rf.rOnPktwpp6QmfMv0SqGu.jpg
expansion\dog_conjunctivitis\train_D1_127bf7be-60a5-11ec-8402-0a7404972c70_jpg.rf.St8BI5GJ4y0ZbE5diKTX.jpg,train,train_D1_127bf7be-60a5-11ec-8402-0a7404972c70_jpg.rf.St8BI5GJ4y0ZbE5diKTX.jpg
expansion\dog_conjunctivitis\train_D1_128e29e8-60a5-11ec-8402-0a7404972c70_jpg.rf.MNcUXO8zNi4q6tDjwvOZ.jpg,train,train_D1_128e29e8-60a5-11ec-8402-0a7404972c70_jpg.rf.MNcUXO8zNi4q6tDjwvOZ.jpg
expansion\dog_conjunctivitis\train_D1_128f20de-60a5-11ec-8402-0a7404972c70_jpg.rf.YELR2SF5wfz1Dltkj8xI.jpg,train,train_D1_128f20de-60a5-11ec-8402-0a7404972c70_jpg.rf.YELR2SF5wfz1Dltkj8xI.jpg
expansion\dog_conjunctivitis\train_D1_12903186-60a5-11ec-8402-0a7404972c70_jpg.rf.DH3tlVoa1CaIsiOvWwRi.jpg,train,train_D1_12903186-60a5-11ec-8402-0a7404972c70_jpg.rf.DH3tlVoa1CaIsiOvWwRi.jpg
expansion\dog_conjunctivitis\train_D1_129222fd-60a5-11ec-8402-0a7404972c70_jpg.rf.m15FbIwhocEUKP9FdpoS.jpg,train,train_D1_129222fd-60a5-11ec-8402-0a7404972c70_jpg.rf.m15FbIwhocEUKP9FdpoS.jpg
expansion\dog_conjunctivitis\train_D1_1292f867-60a5-11ec-8402-0a7404972c70_jpg.rf.0qeCuYDkWSDOVlhgTnSE.jpg,train,train_D1_1292f867-60a5-11ec-8402-0a7404972c70_jpg.rf.0qeCuYDkWSDOVlhgTnSE.jpg
expansion\dog_conjunctivitis\train_D1_129cefae-60a5-11ec-8402-0a7404972c70_jpg.rf.eR5Qe6aVe4NZSWRsPmgg.jpg,train,train_D1_129cefae-60a5-11ec-8402-0a7404972c70_jpg.rf.eR5Qe6aVe4NZSWRsPmgg.jpg
expansion\dog_conjunctivitis\train_D1_12e30974-60a5-11ec-8402-0a7404972c70_jpg.rf.zJAEwmm68YnEBzfX3zoL.jpg,train,train_D1_12e30974-60a5-11ec-8402-0a7404972c70_jpg.rf.zJAEwmm68YnEBzfX3zoL.jpg
expansion\dog_conjunctivitis\train_D1_12e8bf14-60a5-11ec-8402-0a7404972c70_jpg.rf.WhXvsz8LZUSkMTTVvUX8.jpg,train,train_D1_12e8bf14-60a5-11ec-8402-0a7404972c70_jpg.rf.WhXvsz8LZUSkMTTVvUX8.jpg
expansion\dog_conjunctivitis\train_D1_12ebfb64-60a5-11ec-8402-0a7404972c70_jpg.rf.IAHm223kUJTMzLHH8fln.jpg,train,train_D1_12ebfb64-60a5-11ec-8402-0a7404972c70_jpg.rf.IAHm223kUJTMzLHH8fln.jpg
expansion\dog_conjunctivitis\train_D1_12f1d83e-60a5-11ec-8402-0a7404972c70_jpg.rf.wyz3LDyCrU22YMSr4N4P.jpg,train,train_D1_12f1d83e-60a5-11ec-8402-0a7404972c70_jpg.rf.wyz3LDyCrU22YMSr4N4P.jpg
expansion\dog_conjunctivitis\train_D1_12f7af4e-60a5-11ec-8402-0a7404972c70_jpg.rf.91IGRWZKEnKHmwavwMmM.jpg,train,train_D1_12f7af4e-60a5-11ec-8402-0a7404972c70_jpg.rf.91IGRWZKEnKHmwavwMmM.jpg
expansion\dog_conjunctivitis\train_D1_13571ace-60a5-11ec-8402-0a7404972c70_jpg.rf.znwJfyYsD5ucFOWXJjp0.jpg,train,train_D1_13571ace-60a5-11ec-8402-0a7404972c70_jpg.rf.znwJfyYsD5ucFOWXJjp0.jpg
expansion\dog_conjunctivitis\train_D1_13917749-60a5-11ec-8402-0a7404972c70_jpg.rf.GgkEHLLBoWnX3wkGWtqz.jpg,train,train_D1_13917749-60a5-11ec-8402-0a7404972c70_jpg.rf.GgkEHLLBoWnX3wkGWtqz.jpg
expansion\dog_conjunctivitis\train_D1_15103cbc-60a5-11ec-8402-0a7404972c70_jpg.rf.J7cS3WV43sVsfGzh2a11.jpg,train,train_D1_15103cbc-60a5-11ec-8402-0a7404972c70_jpg.rf.J7cS3WV43sVsfGzh2a11.jpg
expansion\dog_conjunctivitis\train_D1_15147457-60a5-11ec-8402-0a7404972c70_jpg.rf.bVXoLo3I3sAVs8AGLvfw.jpg,train,train_D1_15147457-60a5-11ec-8402-0a7404972c70_jpg.rf.bVXoLo3I3sAVs8AGLvfw.jpg
expansion\dog_conjunctivitis\train_D1_184b5cde-60a5-11ec-8402-0a7404972c70_jpg.rf.UpywtAIACXdgPDksYVVp.jpg,train,train_D1_184b5cde-60a5-11ec-8402-0a7404972c70_jpg.rf.UpywtAIACXdgPDksYVVp.jpg
expansion\dog_conjunctivitis\train_D1_1866dd2e-60a5-11ec-8402-0a7404972c70_jpg.rf.FEUEgOMliifx8fWFYpl9.jpg,train,train_D1_1866dd2e-60a5-11ec-8402-0a7404972c70_jpg.rf.FEUEgOMliifx8fWFYpl9.jpg
expansion\dog_conjunctivitis\train_D1_18760503-60a5-11ec-8402-0a7404972c70_jpg.rf.S4SI8ggPXQ1MDKi37lU0.jpg,train,train_D1_18760503-60a5-11ec-8402-0a7404972c70_jpg.rf.S4SI8ggPXQ1MDKi37lU0.jpg
expansion\dog_conjunctivitis\train_D1_187d8f7a-60a5-11ec-8402-0a7404972c70_jpg.rf.mQ76Hm0UVS1WRloWbFxR.jpg,train,train_D1_187d8f7a-60a5-11ec-8402-0a7404972c70_jpg.rf.mQ76Hm0UVS1WRloWbFxR.jpg
expansion\dog_conjunctivitis\train_D1_18cb22e6-60a5-11ec-8402-0a7404972c70_jpg.rf.fW5MI5bD6NcfJTtVwBLl.jpg,train,train_D1_18cb22e6-60a5-11ec-8402-0a7404972c70_jpg.rf.fW5MI5bD6NcfJTtVwBLl.jpg
expansion\dog_conjunctivitis\train_D1_18d0763e-60a5-11ec-8402-0a7404972c70_jpg.rf.3qq5vYKXD8oqOxIpWrzP.jpg,train,train_D1_18d0763e-60a5-11ec-8402-0a7404972c70_jpg.rf.3qq5vYKXD8oqOxIpWrzP.jpg
expansion\dog_conjunctivitis\train_D1_18d3cd74-60a5-11ec-8402-0a7404972c70_jpg.rf.Ekx9dTKgLC7sHXMosudX.jpg,train,train_D1_18d3cd74-60a5-11ec-8402-0a7404972c70_jpg.rf.Ekx9dTKgLC7sHXMosudX.jpg
expansion\dog_conjunctivitis\train_D1_18f6490a-60a5-11ec-8402-0a7404972c70_jpg.rf.CtGpk2HNiDLpakTQ7Jfn.jpg,train,train_D1_18f6490a-60a5-11ec-8402-0a7404972c70_jpg.rf.CtGpk2HNiDLpakTQ7Jfn.jpg
expansion\dog_conjunctivitis\train_D1_18fa2a21-60a5-11ec-8402-0a7404972c70_jpg.rf.fmDcQRpciNnqNd7DukPt.jpg,train,train_D1_18fa2a21-60a5-11ec-8402-0a7404972c70_jpg.rf.fmDcQRpciNnqNd7DukPt.jpg
expansion\dog_conjunctivitis\train_D1_18fa50a7-60a5-11ec-8402-0a7404972c70_jpg.rf.ptwNUcDHONbunbdXppMa.jpg,train,train_D1_18fa50a7-60a5-11ec-8402-0a7404972c70_jpg.rf.ptwNUcDHONbunbdXppMa.jpg
expansion\dog_conjunctivitis\train_D1_1908055c-60a5-11ec-8402-0a7404972c70_jpg.rf.KbSEBX2uCVq50UDcjmIF.jpg,train,train_D1_1908055c-60a5-11ec-8402-0a7404972c70_jpg.rf.KbSEBX2uCVq50UDcjmIF.jpg
expansion\dog_conjunctivitis\train_D1_19096669-60a5-11ec-8402-0a7404972c70_jpg.rf.3fBUbxwrhh2iwiFQO3M0.jpg,train,train_D1_19096669-60a5-11ec-8402-0a7404972c70_jpg.rf.3fBUbxwrhh2iwiFQO3M0.jpg
expansion\dog_conjunctivitis\train_D1_190f17d1-60a5-11ec-8402-0a7404972c70_jpg.rf.malVp29WdVjdHpUFf0Vz.jpg,train,train_D1_190f17d1-60a5-11ec-8402-0a7404972c70_jpg.rf.malVp29WdVjdHpUFf0Vz.jpg
expansion\dog_conjunctivitis\train_D1_1921919f-60a5-11ec-8402-0a7404972c70_jpg.rf.QlC3lhK7rpf4T5o6281W.jpg,train,train_D1_1921919f-60a5-11ec-8402-0a7404972c70_jpg.rf.QlC3lhK7rpf4T5o6281W.jpg
expansion\dog_conjunctivitis\train_D1_1942f57c-60a5-11ec-8402-0a7404972c70_jpg.rf.N0EQISftXltTqh217h79.jpg,train,train_D1_1942f57c-60a5-11ec-8402-0a7404972c70_jpg.rf.N0EQISftXltTqh217h79.jpg
expansion\dog_conjunctivitis\train_D1_19493cd4-60a5-11ec-8402-0a7404972c70_jpg.rf.i0cP3XIxsEjB4aSZupgO.jpg,train,train_D1_19493cd4-60a5-11ec-8402-0a7404972c70_jpg.rf.i0cP3XIxsEjB4aSZupgO.jpg
expansion\dog_conjunctivitis\train_D1_197a4483-60a5-11ec-8402-0a7404972c70_jpg.rf.MKRyyHSzr28qAPavSloO.jpg,train,train_D1_197a4483-60a5-11ec-8402-0a7404972c70_jpg.rf.MKRyyHSzr28qAPavSloO.jpg
expansion\dog_conjunctivitis\train_D1_19e68e08-60a5-11ec-8402-0a7404972c70_jpg.rf.DbDLP7kHHD9BF8w2IzYs.jpg,train,train_D1_19e68e08-60a5-11ec-8402-0a7404972c70_jpg.rf.DbDLP7kHHD9BF8w2IzYs.jpg
expansion\dog_conjunctivitis\train_D1_19ef0a8b-60a5-11ec-8402-0a7404972c70_jpg.rf.5DV3AAzYehJdfKeQ7HJ7.jpg,train,train_D1_19ef0a8b-60a5-11ec-8402-0a7404972c70_jpg.rf.5DV3AAzYehJdfKeQ7HJ7.jpg
expansion\dog_conjunctivitis\train_D1_1ce24e54-60a5-11ec-8402-0a7404972c70_jpg.rf.03MgAeF1fSs4wrvLOclS.jpg,train,train_D1_1ce24e54-60a5-11ec-8402-0a7404972c70_jpg.rf.03MgAeF1fSs4wrvLOclS.jpg
expansion\dog_conjunctivitis\train_D1_20c15c33-60a5-11ec-8402-0a7404972c70_jpg.rf.omMs4gQDKV2BqiMtS2ts.jpg,train,train_D1_20c15c33-60a5-11ec-8402-0a7404972c70_jpg.rf.omMs4gQDKV2BqiMtS2ts.jpg
expansion\dog_conjunctivitis\train_D1_20c8dbac-60a5-11ec-8402-0a7404972c70_jpg.rf.9D4AY1UeV6uvdGzPDND5.jpg,train,train_D1_20c8dbac-60a5-11ec-8402-0a7404972c70_jpg.rf.9D4AY1UeV6uvdGzPDND5.jpg
expansion\dog_conjunctivitis\train_D1_20ccf456-60a5-11ec-8402-0a7404972c70_jpg.rf.g47BNDfdPbGvYmWvrIu5.jpg,train,train_D1_20ccf456-60a5-11ec-8402-0a7404972c70_jpg.rf.g47BNDfdPbGvYmWvrIu5.jpg
expansion\dog_conjunctivitis\train_D1_20f66c86-60a5-11ec-8402-0a7404972c70_jpg.rf.HPepb2ApQ4cFl1MsLV4s.jpg,train,train_D1_20f66c86-60a5-11ec-8402-0a7404972c70_jpg.rf.HPepb2ApQ4cFl1MsLV4s.jpg
expansion\dog_conjunctivitis\train_D1_2110c769-60a5-11ec-8402-0a7404972c70_jpg.rf.MgAqVRDq633l5LcraGRs.jpg,train,train_D1_2110c769-60a5-11ec-8402-0a7404972c70_jpg.rf.MgAqVRDq633l5LcraGRs.jpg
expansion\dog_conjunctivitis\train_D1_21168113-60a5-11ec-8402-0a7404972c70_jpg.rf.7OgvCdF0qxKK4aQA2teZ.jpg,train,train_D1_21168113-60a5-11ec-8402-0a7404972c70_jpg.rf.7OgvCdF0qxKK4aQA2teZ.jpg
expansion\dog_conjunctivitis\train_D1_211b8110-60a5-11ec-8402-0a7404972c70_jpg.rf.ljDrMgWY5CRU0Q4qxTuH.jpg,train,train_D1_211b8110-60a5-11ec-8402-0a7404972c70_jpg.rf.ljDrMgWY5CRU0Q4qxTuH.jpg
expansion\dog_conjunctivitis\train_D1_212718cc-60a5-11ec-8402-0a7404972c70_jpg.rf.MshSFkbpV4oqyIBfjcBs.jpg,train,train_D1_212718cc-60a5-11ec-8402-0a7404972c70_jpg.rf.MshSFkbpV4oqyIBfjcBs.jpg
expansion\dog_conjunctivitis\train_D1_2133fc25-60a5-11ec-8402-0a7404972c70_jpg.rf.vmT5DPTeXM9QnfBVLp9B.jpg,train,train_D1_2133fc25-60a5-11ec-8402-0a7404972c70_jpg.rf.vmT5DPTeXM9QnfBVLp9B.jpg
expansion\dog_conjunctivitis\train_D1_213bf71d-60a5-11ec-8402-0a7404972c70_jpg.rf.Gx7lslKZVel7rDQoH9Op.jpg,train,train_D1_213bf71d-60a5-11ec-8402-0a7404972c70_jpg.rf.Gx7lslKZVel7rDQoH9Op.jpg
expansion\dog_conjunctivitis\train_D1_21450e9e-60a5-11ec-8402-0a7404972c70_jpg.rf.U8U3HEepOReeMpW156XX.jpg,train,train_D1_21450e9e-60a5-11ec-8402-0a7404972c70_jpg.rf.U8U3HEepOReeMpW156XX.jpg
expansion\dog_conjunctivitis\train_D1_2146cf15-60a5-11ec-8402-0a7404972c70_jpg.rf.128I7oTHNLadM8zcr7w3.jpg,train,train_D1_2146cf15-60a5-11ec-8402-0a7404972c70_jpg.rf.128I7oTHNLadM8zcr7w3.jpg
expansion\dog_conjunctivitis\train_D1_30d10647-60a5-11ec-8402-0a7404972c70_jpg.rf.5XjlJ3rBoiOV5Wuieigw.jpg,train,train_D1_30d10647-60a5-11ec-8402-0a7404972c70_jpg.rf.5XjlJ3rBoiOV5Wuieigw.jpg
expansion\dog_conjunctivitis\train_D1_30d18fc3-60a5-11ec-8402-0a7404972c70_jpg.rf.t1IXyYv8WqdC9pgUNoLR.jpg,train,train_D1_30d18fc3-60a5-11ec-8402-0a7404972c70_jpg.rf.t1IXyYv8WqdC9pgUNoLR.jpg
expansion\dog_conjunctivitis\train_D1_310e5844-60a5-11ec-8402-0a7404972c70_jpg.rf.qEuVssJOIGCfvEnHYsHa.jpg,train,train_D1_310e5844-60a5-11ec-8402-0a7404972c70_jpg.rf.qEuVssJOIGCfvEnHYsHa.jpg
expansion\dog_conjunctivitis\train_D1_3124f39e-60a5-11ec-8402-0a7404972c70_jpg.rf.7LpJm1pzEIygoWAS0qDZ.jpg,train,train_D1_3124f39e-60a5-11ec-8402-0a7404972c70_jpg.rf.7LpJm1pzEIygoWAS0qDZ.jpg
expansion\dog_conjunctivitis\train_D1_314408f3-60a5-11ec-8402-0a7404972c70_jpg.rf.rfKyWdGkS7sJI7auSIDP.jpg,train,train_D1_314408f3-60a5-11ec-8402-0a7404972c70_jpg.rf.rfKyWdGkS7sJI7auSIDP.jpg
expansion\dog_conjunctivitis\train_D1_31a13eca-60a5-11ec-8402-0a7404972c70_jpg.rf.6TeNB2pez357l1mBS6N5.jpg,train,train_D1_31a13eca-60a5-11ec-8402-0a7404972c70_jpg.rf.6TeNB2pez357l1mBS6N5.jpg
expansion\dog_conjunctivitis\train_D20_0369c5e6-60a5-11ec-8402-0a7404972c70_jpg.rf.4ClVlU0pQx0dz5MUdIcj.jpg,train,train_D20_0369c5e6-60a5-11ec-8402-0a7404972c70_jpg.rf.4ClVlU0pQx0dz5MUdIcj.jpg
expansion\dog_conjunctivitis\train_D20_0386b9cf-60a5-11ec-8402-0a7404972c70_jpg.rf.BK0J8LyqglfE8yARcsna.jpg,train,train_D20_0386b9cf-60a5-11ec-8402-0a7404972c70_jpg.rf.BK0J8LyqglfE8yARcsna.jpg
expansion\dog_conjunctivitis\train_D20_1012dceb-60a5-11ec-8402-0a7404972c70_jpg.rf.2W8UIUarwrjhvddF4wd0.jpg,train,train_D20_1012dceb-60a5-11ec-8402-0a7404972c70_jpg.rf.2W8UIUarwrjhvddF4wd0.jpg
expansion\dog_conjunctivitis\train_D20_1026dcf4-60a5-11ec-8402-0a7404972c70_jpg.rf.Sjy80NDIMv8g8nFAv6jG.jpg,train,train_D20_1026dcf4-60a5-11ec-8402-0a7404972c70_jpg.rf.Sjy80NDIMv8g8nFAv6jG.jpg
expansion\dog_conjunctivitis\train_D20_1026f9ba-60a5-11ec-8402-0a7404972c70_jpg.rf.jMxytvlUPV6FpoHHk0nM.jpg,train,train_D20_1026f9ba-60a5-11ec-8402-0a7404972c70_jpg.rf.jMxytvlUPV6FpoHHk0nM.jpg
expansion\dog_conjunctivitis\train_D20_1029d9cd-60a5-11ec-8402-0a7404972c70_jpg.rf.pgml2fLIK4Jbj97rb4mQ.jpg,train,train_D20_1029d9cd-60a5-11ec-8402-0a7404972c70_jpg.rf.pgml2fLIK4Jbj97rb4mQ.jpg
expansion\dog_conjunctivitis\train_D20_103268fb-60a5-11ec-8402-0a7404972c70_jpg.rf.6vQPQoC41HnJk3TexKvF.jpg,train,train_D20_103268fb-60a5-11ec-8402-0a7404972c70_jpg.rf.6vQPQoC41HnJk3TexKvF.jpg
expansion\dog_conjunctivitis\train_D20_103328ec-60a5-11ec-8402-0a7404972c70_jpg.rf.HkgZTtoVxSeWv8HSYN6K.jpg,train,train_D20_103328ec-60a5-11ec-8402-0a7404972c70_jpg.rf.HkgZTtoVxSeWv8HSYN6K.jpg
expansion\dog_conjunctivitis\train_D20_10365c62-60a5-11ec-8402-0a7404972c70_jpg.rf.lsnmgip5KzORQjIuKTpp.jpg,train,train_D20_10365c62-60a5-11ec-8402-0a7404972c70_jpg.rf.lsnmgip5KzORQjIuKTpp.jpg
expansion\dog_conjunctivitis\train_D20_10390838-60a5-11ec-8402-0a7404972c70_jpg.rf.IjpTxvvRl56Wd3mBNq7J.jpg,train,train_D20_10390838-60a5-11ec-8402-0a7404972c70_jpg.rf.IjpTxvvRl56Wd3mBNq7J.jpg
expansion\dog_conjunctivitis\train_D20_1039126e-60a5-11ec-8402-0a7404972c70_jpg.rf.fyqEAmOWHqpRtv9s0OHK.jpg,train,train_D20_1039126e-60a5-11ec-8402-0a7404972c70_jpg.rf.fyqEAmOWHqpRtv9s0OHK.jpg
expansion\dog_conjunctivitis\train_D20_10391848-60a5-11ec-8402-0a7404972c70_jpg.rf.dzwV2DiP9hrlqWiEKnUO.jpg,train,train_D20_10391848-60a5-11ec-8402-0a7404972c70_jpg.rf.dzwV2DiP9hrlqWiEKnUO.jpg
expansion\dog_conjunctivitis\train_D20_1047dcb9-60a5-11ec-8402-0a7404972c70_jpg.rf.2kqLalJ3olvAtJhIq1mL.jpg,train,train_D20_1047dcb9-60a5-11ec-8402-0a7404972c70_jpg.rf.2kqLalJ3olvAtJhIq1mL.jpg
expansion\dog_conjunctivitis\train_D20_1062f774-60a5-11ec-8402-0a7404972c70_jpg.rf.7nyYkIKB1OqjlAjlymLw.jpg,train,train_D20_1062f774-60a5-11ec-8402-0a7404972c70_jpg.rf.7nyYkIKB1OqjlAjlymLw.jpg
expansion\dog_conjunctivitis\train_D20_1074b2ed-60a5-11ec-8402-0a7404972c70_jpg.rf.S98Ca8jwITswfMYFnAqA.jpg,train,train_D20_1074b2ed-60a5-11ec-8402-0a7404972c70_jpg.rf.S98Ca8jwITswfMYFnAqA.jpg
expansion\dog_conjunctivitis\train_D20_1116540f-60a5-11ec-8402-0a7404972c70_jpg.rf.RJJvPGoStcuQHL76v7KP.jpg,train,train_D20_1116540f-60a5-11ec-8402-0a7404972c70_jpg.rf.RJJvPGoStcuQHL76v7KP.jpg
expansion\dog_conjunctivitis\train_D20_11272dd8-60a5-11ec-8402-0a7404972c70_jpg.rf.Tjqq9uyEGRB5TcR8saRG.jpg,train,train_D20_11272dd8-60a5-11ec-8402-0a7404972c70_jpg.rf.Tjqq9uyEGRB5TcR8saRG.jpg
expansion\dog_conjunctivitis\train_D20_118998b6-60a5-11ec-8402-0a7404972c70_jpg.rf.8ChMEwns2gr3RzjDC1qr.jpg,train,train_D20_118998b6-60a5-11ec-8402-0a7404972c70_jpg.rf.8ChMEwns2gr3RzjDC1qr.jpg
expansion\dog_conjunctivitis\train_D20_1293c6fe-60a5-11ec-8402-0a7404972c70_jpg.rf.Z7dQqEdYk46ws0lfDZ6Z.jpg,train,train_D20_1293c6fe-60a5-11ec-8402-0a7404972c70_jpg.rf.Z7dQqEdYk46ws0lfDZ6Z.jpg
expansion\dog_conjunctivitis\train_D20_1295d789-60a5-11ec-8402-0a7404972c70_jpg.rf.vOQTkJI75jiNgrc5SrlP.jpg,train,train_D20_1295d789-60a5-11ec-8402-0a7404972c70_jpg.rf.vOQTkJI75jiNgrc5SrlP.jpg
expansion\dog_conjunctivitis\train_D20_1513ec13-60a5-11ec-8402-0a7404972c70_jpg.rf.E7qJClzX3E4BQfrmN95Y.jpg,train,train_D20_1513ec13-60a5-11ec-8402-0a7404972c70_jpg.rf.E7qJClzX3E4BQfrmN95Y.jpg
expansion\dog_conjunctivitis\train_D20_16565455-60a5-11ec-8402-0a7404972c70_jpg.rf.frzTHMJnN4jbULJx93gI.jpg,train,train_D20_16565455-60a5-11ec-8402-0a7404972c70_jpg.rf.frzTHMJnN4jbULJx93gI.jpg
expansion\dog_conjunctivitis\train_D20_1662a865-60a5-11ec-8402-0a7404972c70_jpg.rf.ajFnQOunk5LzDFFUKT47.jpg,train,train_D20_1662a865-60a5-11ec-8402-0a7404972c70_jpg.rf.ajFnQOunk5LzDFFUKT47.jpg
expansion\dog_conjunctivitis\train_D20_184915f4-60a5-11ec-8402-0a7404972c70_jpg.rf.BynidkLNb00fR1UWJMCZ.jpg,train,train_D20_184915f4-60a5-11ec-8402-0a7404972c70_jpg.rf.BynidkLNb00fR1UWJMCZ.jpg
expansion\dog_conjunctivitis\train_D20_1883e713-60a5-11ec-8402-0a7404972c70_jpg.rf.HJt0HCeOB5FhvZTLE2M3.jpg,train,train_D20_1883e713-60a5-11ec-8402-0a7404972c70_jpg.rf.HJt0HCeOB5FhvZTLE2M3.jpg
expansion\dog_conjunctivitis\train_D20_1888b222-60a5-11ec-8402-0a7404972c70_jpg.rf.LjQXHooWmJekenWo0gBh.jpg,train,train_D20_1888b222-60a5-11ec-8402-0a7404972c70_jpg.rf.LjQXHooWmJekenWo0gBh.jpg
expansion\dog_conjunctivitis\train_D20_1903310a-60a5-11ec-8402-0a7404972c70_jpg.rf.Lk7XA5BOr18X7lIfMSl6.jpg,train,train_D20_1903310a-60a5-11ec-8402-0a7404972c70_jpg.rf.Lk7XA5BOr18X7lIfMSl6.jpg
expansion\dog_conjunctivitis\train_D20_19186c65-60a5-11ec-8402-0a7404972c70_jpg.rf.CEaY380DxBy0FA6kqO06.jpg,train,train_D20_19186c65-60a5-11ec-8402-0a7404972c70_jpg.rf.CEaY380DxBy0FA6kqO06.jpg
expansion\dog_conjunctivitis\train_D20_1924eab4-60a5-11ec-8402-0a7404972c70_jpg.rf.ovvG6T5DkTPsgUqOIuT1.jpg,train,train_D20_1924eab4-60a5-11ec-8402-0a7404972c70_jpg.rf.ovvG6T5DkTPsgUqOIuT1.jpg
expansion\dog_conjunctivitis\train_D20_19783a6c-60a5-11ec-8402-0a7404972c70_jpg.rf.AfkRTUKAuQhUF1ijLA8H.jpg,train,train_D20_19783a6c-60a5-11ec-8402-0a7404972c70_jpg.rf.AfkRTUKAuQhUF1ijLA8H.jpg
expansion\dog_conjunctivitis\train_D20_2105b756-60a5-11ec-8402-0a7404972c70_jpg.rf.w4kWXH5wQuxkm2fHsUVM.jpg,train,train_D20_2105b756-60a5-11ec-8402-0a7404972c70_jpg.rf.w4kWXH5wQuxkm2fHsUVM.jpg
expansion\dog_conjunctivitis\train_D20_210662fe-60a5-11ec-8402-0a7404972c70_jpg.rf.qON9DrhYlpvSBZuZtLdu.jpg,train,train_D20_210662fe-60a5-11ec-8402-0a7404972c70_jpg.rf.qON9DrhYlpvSBZuZtLdu.jpg
expansion\dog_conjunctivitis\train_D20_2110bc23-60a5-11ec-8402-0a7404972c70_jpg.rf.kEVAgenBSKE63YaJe3Si.jpg,train,train_D20_2110bc23-60a5-11ec-8402-0a7404972c70_jpg.rf.kEVAgenBSKE63YaJe3Si.jpg
expansion\dog_conjunctivitis\train_D20_2124c080-60a5-11ec-8402-0a7404972c70_jpg.rf.ARrjmy5Y4p4wR5Rmq4Lj.jpg,train,train_D20_2124c080-60a5-11ec-8402-0a7404972c70_jpg.rf.ARrjmy5Y4p4wR5Rmq4Lj.jpg
expansion\dog_conjunctivitis\train_D20_21294d84-60a5-11ec-8402-0a7404972c70_jpg.rf.2GGClFBRNbOaMkeCKewI.jpg,train,train_D20_21294d84-60a5-11ec-8402-0a7404972c70_jpg.rf.2GGClFBRNbOaMkeCKewI.jpg
expansion\dog_conjunctivitis\train_D20_21446526-60a5-11ec-8402-0a7404972c70_jpg.rf.HrCQNM81jmEZSfLMXodq.jpg,train,train_D20_21446526-60a5-11ec-8402-0a7404972c70_jpg.rf.HrCQNM81jmEZSfLMXodq.jpg
expansion\dog_conjunctivitis\train_D20_310211ef-60a5-11ec-8402-0a7404972c70_jpg.rf.4PJisTeYBns96yRt4884.jpg,train,train_D20_310211ef-60a5-11ec-8402-0a7404972c70_jpg.rf.4PJisTeYBns96yRt4884.jpg
expansion\dog_conjunctivitis\train_D20_31062032-60a5-11ec-8402-0a7404972c70_jpg.rf.fa883gwkO8foavcFPq8m.jpg,train,train_D20_31062032-60a5-11ec-8402-0a7404972c70_jpg.rf.fa883gwkO8foavcFPq8m.jpg
expansion\dog_conjunctivitis\train_D20_3150c312-60a5-11ec-8402-0a7404972c70_jpg.rf.2JuLsdqjpwPCfJRAYieR.jpg,train,train_D20_3150c312-60a5-11ec-8402-0a7404972c70_jpg.rf.2JuLsdqjpwPCfJRAYieR.jpg
expansion\dog_conjunctivitis\train_D20_386e1c26-60a5-11ec-8402-0a7404972c70_jpg.rf.AZhMjW1NTPMBs5vIcZyp.jpg,train,train_D20_386e1c26-60a5-11ec-8402-0a7404972c70_jpg.rf.AZhMjW1NTPMBs5vIcZyp.jpg
expansion\dog_conjunctivitis\train_D21_0d5040b9-60a5-11ec-8402-0a7404972c70_jpg.rf.ot657nphJMtz71g4KXYB.jpg,train,train_D21_0d5040b9-60a5-11ec-8402-0a7404972c70_jpg.rf.ot657nphJMtz71g4KXYB.jpg
expansion\dog_conjunctivitis\train_D21_0d520aa4-60a5-11ec-8402-0a7404972c70_jpg.rf.TvbVxCPwkzEYZdAvOq57.jpg,train,train_D21_0d520aa4-60a5-11ec-8402-0a7404972c70_jpg.rf.TvbVxCPwkzEYZdAvOq57.jpg
expansion\dog_conjunctivitis\train_D21_0d521a1f-60a5-11ec-8402-0a7404972c70_jpg.rf.tEg12MuqF6pj1YldgU1U.jpg,train,train_D21_0d521a1f-60a5-11ec-8402-0a7404972c70_jpg.rf.tEg12MuqF6pj1YldgU1U.jpg
expansion\dog_conjunctivitis\train_D21_0da9b880-60a5-11ec-8402-0a7404972c70_jpg.rf.TewcEX4vt5PRyCJvYWWF.jpg,train,train_D21_0da9b880-60a5-11ec-8402-0a7404972c70_jpg.rf.TewcEX4vt5PRyCJvYWWF.jpg
expansion\dog_conjunctivitis\train_D21_0db264cd-60a5-11ec-8402-0a7404972c70_jpg.rf.fzSiADLRznbAypt9Gh1u.jpg,train,train_D21_0db264cd-60a5-11ec-8402-0a7404972c70_jpg.rf.fzSiADLRznbAypt9Gh1u.jpg
expansion\dog_conjunctivitis\train_D21_0dc5063b-60a5-11ec-8402-0a7404972c70_jpg.rf.uRPdIfyp799T5S8TTAhQ.jpg,train,train_D21_0dc5063b-60a5-11ec-8402-0a7404972c70_jpg.rf.uRPdIfyp799T5S8TTAhQ.jpg
expansion\dog_conjunctivitis\train_D21_0dc91168-60a5-11ec-8402-0a7404972c70_jpg.rf.Kh8PDBK9liftRTjUSZgg.jpg,train,train_D21_0dc91168-60a5-11ec-8402-0a7404972c70_jpg.rf.Kh8PDBK9liftRTjUSZgg.jpg
expansion\dog_conjunctivitis\train_D21_0dc92c37-60a5-11ec-8402-0a7404972c70_jpg.rf.2SagEqslZKgKTVonWriA.jpg,train,train_D21_0dc92c37-60a5-11ec-8402-0a7404972c70_jpg.rf.2SagEqslZKgKTVonWriA.jpg
expansion\dog_conjunctivitis\train_D21_0dccac66-60a5-11ec-8402-0a7404972c70_jpg.rf.5KaVemtwAWQRF91sbnf1.jpg,train,train_D21_0dccac66-60a5-11ec-8402-0a7404972c70_jpg.rf.5KaVemtwAWQRF91sbnf1.jpg
expansion\dog_conjunctivitis\train_D21_0dd071db-60a5-11ec-8402-0a7404972c70_jpg.rf.AJm4g0xzy6HbdtqqFkNn.jpg,train,train_D21_0dd071db-60a5-11ec-8402-0a7404972c70_jpg.rf.AJm4g0xzy6HbdtqqFkNn.jpg
expansion\dog_conjunctivitis\train_D21_0df5d639-60a5-11ec-8402-0a7404972c70_jpg.rf.a3vml711WjBvEBfaMkOH.jpg,train,train_D21_0df5d639-60a5-11ec-8402-0a7404972c70_jpg.rf.a3vml711WjBvEBfaMkOH.jpg
expansion\dog_conjunctivitis\train_D21_0df8ad35-60a5-11ec-8402-0a7404972c70_jpg.rf.NGbbV1ghaG5tIsbSVyzB.jpg,train,train_D21_0df8ad35-60a5-11ec-8402-0a7404972c70_jpg.rf.NGbbV1ghaG5tIsbSVyzB.jpg
expansion\dog_conjunctivitis\train_D21_0e7d5759-60a5-11ec-8402-0a7404972c70_jpg.rf.dEavetgKG8Fw26sgLND5.jpg,train,train_D21_0e7d5759-60a5-11ec-8402-0a7404972c70_jpg.rf.dEavetgKG8Fw26sgLND5.jpg
expansion\dog_conjunctivitis\train_D21_0e802e7f-60a5-11ec-8402-0a7404972c70_jpg.rf.Zc65ZI3bG53f1gO1MTbO.jpg,train,train_D21_0e802e7f-60a5-11ec-8402-0a7404972c70_jpg.rf.Zc65ZI3bG53f1gO1MTbO.jpg
expansion\dog_conjunctivitis\train_D21_0e826b44-60a5-11ec-8402-0a7404972c70_jpg.rf.6aDHkzRdsfho9a5H5uIU.jpg,train,train_D21_0e826b44-60a5-11ec-8402-0a7404972c70_jpg.rf.6aDHkzRdsfho9a5H5uIU.jpg
expansion\dog_conjunctivitis\train_D21_0eeb8a3c-60a5-11ec-8402-0a7404972c70_jpg.rf.6DshP5uEAwPYYYSjdJ55.jpg,train,train_D21_0eeb8a3c-60a5-11ec-8402-0a7404972c70_jpg.rf.6DshP5uEAwPYYYSjdJ55.jpg
expansion\dog_conjunctivitis\train_D21_0ffd5525-60a5-11ec-8402-0a7404972c70_jpg.rf.EsEvroQsx1K3Kxjk6q6P.jpg,train,train_D21_0ffd5525-60a5-11ec-8402-0a7404972c70_jpg.rf.EsEvroQsx1K3Kxjk6q6P.jpg
expansion\dog_conjunctivitis\train_D21_10a3c9b9-60a5-11ec-8402-0a7404972c70_jpg.rf.JJRSqDZ0eIeVHH2Q6alO.jpg,train,train_D21_10a3c9b9-60a5-11ec-8402-0a7404972c70_jpg.rf.JJRSqDZ0eIeVHH2Q6alO.jpg
expansion\dog_conjunctivitis\train_D21_10afbd9d-60a5-11ec-8402-0a7404972c70_jpg.rf.rTi735nrOfuqIHEaU7ZX.jpg,train,train_D21_10afbd9d-60a5-11ec-8402-0a7404972c70_jpg.rf.rTi735nrOfuqIHEaU7ZX.jpg
expansion\dog_conjunctivitis\train_D21_10bb4ec1-60a5-11ec-8402-0a7404972c70_jpg.rf.l4CCdfIr1UqKQYDzcaOC.jpg,train,train_D21_10bb4ec1-60a5-11ec-8402-0a7404972c70_jpg.rf.l4CCdfIr1UqKQYDzcaOC.jpg
expansion\dog_conjunctivitis\train_D21_1c39a804-60a5-11ec-8402-0a7404972c70_jpg.rf.GxlTfTbbWacqvZOXEPPX.jpg,train,train_D21_1c39a804-60a5-11ec-8402-0a7404972c70_jpg.rf.GxlTfTbbWacqvZOXEPPX.jpg
expansion\dog_conjunctivitis\train_D21_1cf68941-60a5-11ec-8402-0a7404972c70_jpg.rf.zxd6Xf8QG4DxGHl0WWdL.jpg,train,train_D21_1cf68941-60a5-11ec-8402-0a7404972c70_jpg.rf.zxd6Xf8QG4DxGHl0WWdL.jpg
expansion\dog_conjunctivitis\train_D21_3b461c6d-60a5-11ec-8402-0a7404972c70_jpg.rf.XumZn1NqG64mYt3BAewv.jpg,train,train_D21_3b461c6d-60a5-11ec-8402-0a7404972c70_jpg.rf.XumZn1NqG64mYt3BAewv.jpg
expansion\dog_conjunctivitis\train_D2_02fd1525-60a5-11ec-8402-0a7404972c70_jpg.rf.vA8TByIsACZ79HFGFJRH.jpg,train,train_D2_02fd1525-60a5-11ec-8402-0a7404972c70_jpg.rf.vA8TByIsACZ79HFGFJRH.jpg
expansion\dog_conjunctivitis\train_D2_03721ab8-60a5-11ec-8402-0a7404972c70_jpg.rf.1lXlQ0jx5Q0Ypa3mui38.jpg,train,train_D2_03721ab8-60a5-11ec-8402-0a7404972c70_jpg.rf.1lXlQ0jx5Q0Ypa3mui38.jpg
expansion\dog_conjunctivitis\train_D2_0d4e8a3e-60a5-11ec-8402-0a7404972c70_jpg.rf.Ybma984Ngblo1u4vXv3c.jpg,train,train_D2_0d4e8a3e-60a5-11ec-8402-0a7404972c70_jpg.rf.Ybma984Ngblo1u4vXv3c.jpg
expansion\dog_conjunctivitis\train_D2_0d4f46be-60a5-11ec-8402-0a7404972c70_jpg.rf.ssqWkTQF6gclUP1zj78f.jpg,train,train_D2_0d4f46be-60a5-11ec-8402-0a7404972c70_jpg.rf.ssqWkTQF6gclUP1zj78f.jpg
expansion\dog_conjunctivitis\train_D2_0d516ece-60a5-11ec-8402-0a7404972c70_jpg.rf.y60JpITSZFTmjnEgZqtw.jpg,train,train_D2_0d516ece-60a5-11ec-8402-0a7404972c70_jpg.rf.y60JpITSZFTmjnEgZqtw.jpg
expansion\dog_conjunctivitis\train_D2_0daa2b02-60a5-11ec-8402-0a7404972c70_jpg.rf.sMKmVaj9Zb9u5bysic39.jpg,train,train_D2_0daa2b02-60a5-11ec-8402-0a7404972c70_jpg.rf.sMKmVaj9Zb9u5bysic39.jpg
expansion\dog_conjunctivitis\train_D2_0db1f1c3-60a5-11ec-8402-0a7404972c70_jpg.rf.wqTqTPgojFSAiVZvq9Ph.jpg,train,train_D2_0db1f1c3-60a5-11ec-8402-0a7404972c70_jpg.rf.wqTqTPgojFSAiVZvq9Ph.jpg
expansion\dog_conjunctivitis\train_D2_0db865f5-60a5-11ec-8402-0a7404972c70_jpg.rf.TAEc22c4Y5V9rsaKBK4H.jpg,train,train_D2_0db865f5-60a5-11ec-8402-0a7404972c70_jpg.rf.TAEc22c4Y5V9rsaKBK4H.jpg
expansion\dog_conjunctivitis\train_D2_0dc516b1-60a5-11ec-8402-0a7404972c70_jpg.rf.jYJU3SW4X4TIHKQxA4U7.jpg,train,train_D2_0dc516b1-60a5-11ec-8402-0a7404972c70_jpg.rf.jYJU3SW4X4TIHKQxA4U7.jpg
expansion\dog_conjunctivitis\train_D2_0dd30d79-60a5-11ec-8402-0a7404972c70_jpg.rf.VkztVXIwouz3jOwW0NPY.jpg,train,train_D2_0dd30d79-60a5-11ec-8402-0a7404972c70_jpg.rf.VkztVXIwouz3jOwW0NPY.jpg
expansion\dog_conjunctivitis\train_D2_0df329a8-60a5-11ec-8402-0a7404972c70_jpg.rf.9r1qfDudp7HgFRFzaek6.jpg,train,train_D2_0df329a8-60a5-11ec-8402-0a7404972c70_jpg.rf.9r1qfDudp7HgFRFzaek6.jpg
expansion\dog_conjunctivitis\train_D2_0df8cd19-60a5-11ec-8402-0a7404972c70_jpg.rf.4gzC3Ba7iKUjAZyjmmpO.jpg,train,train_D2_0df8cd19-60a5-11ec-8402-0a7404972c70_jpg.rf.4gzC3Ba7iKUjAZyjmmpO.jpg
expansion\dog_conjunctivitis\train_D2_0df96967-60a5-11ec-8402-0a7404972c70_jpg.rf.guGTvGWGcdeghLTqFWaR.jpg,train,train_D2_0df96967-60a5-11ec-8402-0a7404972c70_jpg.rf.guGTvGWGcdeghLTqFWaR.jpg
expansion\dog_conjunctivitis\train_D2_0e43db0d-60a5-11ec-8402-0a7404972c70_jpg.rf.Zlicmo7LPia70M3kfWU8.jpg,train,train_D2_0e43db0d-60a5-11ec-8402-0a7404972c70_jpg.rf.Zlicmo7LPia70M3kfWU8.jpg
expansion\dog_conjunctivitis\train_D2_0e7c63bb-60a5-11ec-8402-0a7404972c70_jpg.rf.puhrQSFh07GpjWxMqGTg.jpg,train,train_D2_0e7c63bb-60a5-11ec-8402-0a7404972c70_jpg.rf.puhrQSFh07GpjWxMqGTg.jpg
expansion\dog_conjunctivitis\train_D2_0ea00429-60a5-11ec-8402-0a7404972c70_jpg.rf.5u6e9KFYxhWIM9Ea6gYL.jpg,train,train_D2_0ea00429-60a5-11ec-8402-0a7404972c70_jpg.rf.5u6e9KFYxhWIM9Ea6gYL.jpg
expansion\dog_conjunctivitis\train_D2_0eb16056-60a5-11ec-8402-0a7404972c70_jpg.rf.cdn6nPGmHWgEZGINF7CK.jpg,train,train_D2_0eb16056-60a5-11ec-8402-0a7404972c70_jpg.rf.cdn6nPGmHWgEZGINF7CK.jpg
expansion\dog_conjunctivitis\train_D2_1013dac4-60a5-11ec-8402-0a7404972c70_jpg.rf.wapGNUk3ih9ArPNbY1aL.jpg,train,train_D2_1013dac4-60a5-11ec-8402-0a7404972c70_jpg.rf.wapGNUk3ih9ArPNbY1aL.jpg
expansion\dog_conjunctivitis\train_D2_1015ceac-60a5-11ec-8402-0a7404972c70_jpg.rf.nhQFMMAFwrJm3WoU2r1V.jpg,train,train_D2_1015ceac-60a5-11ec-8402-0a7404972c70_jpg.rf.nhQFMMAFwrJm3WoU2r1V.jpg
expansion\dog_conjunctivitis\train_D2_1017cc0e-60a5-11ec-8402-0a7404972c70_jpg.rf.60DFtJ8uGurT2JlFZJek.jpg,train,train_D2_1017cc0e-60a5-11ec-8402-0a7404972c70_jpg.rf.60DFtJ8uGurT2JlFZJek.jpg
expansion\dog_conjunctivitis\train_D2_1025cdad-60a5-11ec-8402-0a7404972c70_jpg.rf.ZJ7tkndESDkY6yJAavb0.jpg,train,train_D2_1025cdad-60a5-11ec-8402-0a7404972c70_jpg.rf.ZJ7tkndESDkY6yJAavb0.jpg
expansion\dog_conjunctivitis\train_D2_1025d2c9-60a5-11ec-8402-0a7404972c70_jpg.rf.1XeYK4rAxTdk4DqIVTHj.jpg,train,train_D2_1025d2c9-60a5-11ec-8402-0a7404972c70_jpg.rf.1XeYK4rAxTdk4DqIVTHj.jpg
expansion\dog_conjunctivitis\train_D2_10270a4f-60a5-11ec-8402-0a7404972c70_jpg.rf.L8AaDANhO2gimyHm0BXO.jpg,train,train_D2_10270a4f-60a5-11ec-8402-0a7404972c70_jpg.rf.L8AaDANhO2gimyHm0BXO.jpg
expansion\dog_conjunctivitis\train_D2_102a801d-60a5-11ec-8402-0a7404972c70_jpg.rf.XzdNSCKlRHPF5N6GFDRk.jpg,train,train_D2_102a801d-60a5-11ec-8402-0a7404972c70_jpg.rf.XzdNSCKlRHPF5N6GFDRk.jpg
expansion\dog_conjunctivitis\train_D2_102a8afe-60a5-11ec-8402-0a7404972c70_jpg.rf.JaDD1vkEPuMxzg6UxkFs.jpg,train,train_D2_102a8afe-60a5-11ec-8402-0a7404972c70_jpg.rf.JaDD1vkEPuMxzg6UxkFs.jpg
expansion\dog_conjunctivitis\train_D2_1034db10-60a5-11ec-8402-0a7404972c70_jpg.rf.0qNxPiP4QPiZVN3NOI1L.jpg,train,train_D2_1034db10-60a5-11ec-8402-0a7404972c70_jpg.rf.0qNxPiP4QPiZVN3NOI1L.jpg
expansion\dog_conjunctivitis\train_D2_1035c599-60a5-11ec-8402-0a7404972c70_jpg.rf.iIPdfPB8RzinS50ht3j5.jpg,train,train_D2_1035c599-60a5-11ec-8402-0a7404972c70_jpg.rf.iIPdfPB8RzinS50ht3j5.jpg
expansion\dog_conjunctivitis\train_D2_1036b408-60a5-11ec-8402-0a7404972c70_jpg.rf.lFa2tpSa8IHp74oVnMFu.jpg,train,train_D2_1036b408-60a5-11ec-8402-0a7404972c70_jpg.rf.lFa2tpSa8IHp74oVnMFu.jpg
expansion\dog_conjunctivitis\train_D2_1038a7aa-60a5-11ec-8402-0a7404972c70_jpg.rf.V8TuFSo5LczoOJEAQ6fU.jpg,train,train_D2_1038a7aa-60a5-11ec-8402-0a7404972c70_jpg.rf.V8TuFSo5LczoOJEAQ6fU.jpg
expansion\dog_conjunctivitis\train_D2_104fcc59-60a5-11ec-8402-0a7404972c70_jpg.rf.V0npCgVuimBFnzxkvi9a.jpg,train,train_D2_104fcc59-60a5-11ec-8402-0a7404972c70_jpg.rf.V0npCgVuimBFnzxkvi9a.jpg
expansion\dog_conjunctivitis\train_D2_10532d32-60a5-11ec-8402-0a7404972c70_jpg.rf.C05RvHhfoBx8n45y1pZD.jpg,train,train_D2_10532d32-60a5-11ec-8402-0a7404972c70_jpg.rf.C05RvHhfoBx8n45y1pZD.jpg
expansion\dog_conjunctivitis\train_D2_108e786c-60a5-11ec-8402-0a7404972c70_jpg.rf.kt7kKYf91Kx7gKSF31EE.jpg,train,train_D2_108e786c-60a5-11ec-8402-0a7404972c70_jpg.rf.kt7kKYf91Kx7gKSF31EE.jpg
expansion\dog_conjunctivitis\train_D2_10a64ee2-60a5-11ec-8402-0a7404972c70_jpg.rf.yYHEcQCzbmynh4yuNW3M.jpg,train,train_D2_10a64ee2-60a5-11ec-8402-0a7404972c70_jpg.rf.yYHEcQCzbmynh4yuNW3M.jpg
expansion\dog_conjunctivitis\train_D2_10bfbd26-60a5-11ec-8402-0a7404972c70_jpg.rf.1BoX3JdhMue9LeypD9Z0.jpg,train,train_D2_10bfbd26-60a5-11ec-8402-0a7404972c70_jpg.rf.1BoX3JdhMue9LeypD9Z0.jpg
expansion\dog_conjunctivitis\train_D2_10c57af7-60a5-11ec-8402-0a7404972c70_jpg.rf.xESXBQjamemK4fZaH59q.jpg,train,train_D2_10c57af7-60a5-11ec-8402-0a7404972c70_jpg.rf.xESXBQjamemK4fZaH59q.jpg
expansion\dog_conjunctivitis\train_D2_10e132d1-60a5-11ec-8402-0a7404972c70_jpg.rf.aB61LKR36C9A0oFNF8tx.jpg,train,train_D2_10e132d1-60a5-11ec-8402-0a7404972c70_jpg.rf.aB61LKR36C9A0oFNF8tx.jpg
expansion\dog_conjunctivitis\train_D2_1108923b-60a5-11ec-8402-0a7404972c70_jpg.rf.kS1DTDv0ycXefJd1OUZO.jpg,train,train_D2_1108923b-60a5-11ec-8402-0a7404972c70_jpg.rf.kS1DTDv0ycXefJd1OUZO.jpg
expansion\dog_conjunctivitis\train_D2_1111678f-60a5-11ec-8402-0a7404972c70_jpg.rf.MsVNsZSUxr2nSgOyurKy.jpg,train,train_D2_1111678f-60a5-11ec-8402-0a7404972c70_jpg.rf.MsVNsZSUxr2nSgOyurKy.jpg
expansion\dog_conjunctivitis\train_D2_1114bb0a-60a5-11ec-8402-0a7404972c70_jpg.rf.zxMM6hhVViCZv0zNjCPM.jpg,train,train_D2_1114bb0a-60a5-11ec-8402-0a7404972c70_jpg.rf.zxMM6hhVViCZv0zNjCPM.jpg
expansion\dog_conjunctivitis\train_D2_1118a646-60a5-11ec-8402-0a7404972c70_jpg.rf.3FMLXasIsb8aihtBqSw3.jpg,train,train_D2_1118a646-60a5-11ec-8402-0a7404972c70_jpg.rf.3FMLXasIsb8aihtBqSw3.jpg
expansion\dog_conjunctivitis\train_D2_111dc841-60a5-11ec-8402-0a7404972c70_jpg.rf.jxz3yaYBbvhCxlaNxc1l.jpg,train,train_D2_111dc841-60a5-11ec-8402-0a7404972c70_jpg.rf.jxz3yaYBbvhCxlaNxc1l.jpg
expansion\dog_conjunctivitis\train_D2_118960f7-60a5-11ec-8402-0a7404972c70_jpg.rf.BERUlaoWN2AJGcqlROWW.jpg,train,train_D2_118960f7-60a5-11ec-8402-0a7404972c70_jpg.rf.BERUlaoWN2AJGcqlROWW.jpg
expansion\dog_conjunctivitis\train_D2_127b8c25-60a5-11ec-8402-0a7404972c70_jpg.rf.svlfMqCo05qsc10lbJvE.jpg,train,train_D2_127b8c25-60a5-11ec-8402-0a7404972c70_jpg.rf.svlfMqCo05qsc10lbJvE.jpg
expansion\dog_conjunctivitis\train_D2_1287a6ca-60a5-11ec-8402-0a7404972c70_jpg.rf.cbGC6OIYJuTjOLpzgVjq.jpg,train,train_D2_1287a6ca-60a5-11ec-8402-0a7404972c70_jpg.rf.cbGC6OIYJuTjOLpzgVjq.jpg
expansion\dog_conjunctivitis\train_D2_1287aeb5-60a5-11ec-8402-0a7404972c70_jpg.rf.vK4RTLXtX1aLfioLPn7f.jpg,train,train_D2_1287aeb5-60a5-11ec-8402-0a7404972c70_jpg.rf.vK4RTLXtX1aLfioLPn7f.jpg
expansion\dog_conjunctivitis\train_D2_128a3b80-60a5-11ec-8402-0a7404972c70_jpg.rf.R3JHJm8L8izhLUqcrJ6b.jpg,train,train_D2_128a3b80-60a5-11ec-8402-0a7404972c70_jpg.rf.R3JHJm8L8izhLUqcrJ6b.jpg
expansion\dog_conjunctivitis\train_D2_12974567-60a5-11ec-8402-0a7404972c70_jpg.rf.xpD4MsoVCK0XUXbsT4zC.jpg,train,train_D2_12974567-60a5-11ec-8402-0a7404972c70_jpg.rf.xpD4MsoVCK0XUXbsT4zC.jpg
expansion\dog_conjunctivitis\train_D2_129d0841-60a5-11ec-8402-0a7404972c70_jpg.rf.6NjN8lPGe5MF3RcwiDP8.jpg,train,train_D2_129d0841-60a5-11ec-8402-0a7404972c70_jpg.rf.6NjN8lPGe5MF3RcwiDP8.jpg
expansion\dog_conjunctivitis\train_D2_12e17bd0-60a5-11ec-8402-0a7404972c70_jpg.rf.3KC60K8Fm4enJb6Ivqos.jpg,train,train_D2_12e17bd0-60a5-11ec-8402-0a7404972c70_jpg.rf.3KC60K8Fm4enJb6Ivqos.jpg
expansion\dog_conjunctivitis\train_D2_12ee2162-60a5-11ec-8402-0a7404972c70_jpg.rf.Ipa25t6xgPUtiXoge97h.jpg,train,train_D2_12ee2162-60a5-11ec-8402-0a7404972c70_jpg.rf.Ipa25t6xgPUtiXoge97h.jpg
expansion\dog_conjunctivitis\train_D2_12f1b994-60a5-11ec-8402-0a7404972c70_jpg.rf.WutEwz9Dr4Ynff7VPnaw.jpg,train,train_D2_12f1b994-60a5-11ec-8402-0a7404972c70_jpg.rf.WutEwz9Dr4Ynff7VPnaw.jpg
expansion\dog_conjunctivitis\train_D2_12f52203-60a5-11ec-8402-0a7404972c70_jpg.rf.rkABAoFCpUl9KRklLOHa.jpg,train,train_D2_12f52203-60a5-11ec-8402-0a7404972c70_jpg.rf.rkABAoFCpUl9KRklLOHa.jpg
expansion\dog_conjunctivitis\train_D2_135c52e5-60a5-11ec-8402-0a7404972c70_jpg.rf.BDIbEteFLgm17RL9aksI.jpg,train,train_D2_135c52e5-60a5-11ec-8402-0a7404972c70_jpg.rf.BDIbEteFLgm17RL9aksI.jpg
expansion\dog_conjunctivitis\train_D2_13704b7a-60a5-11ec-8402-0a7404972c70_jpg.rf.Vr43Ww076jtgv8eq5FOS.jpg,train,train_D2_13704b7a-60a5-11ec-8402-0a7404972c70_jpg.rf.Vr43Ww076jtgv8eq5FOS.jpg
expansion\dog_conjunctivitis\train_D2_138aad79-60a5-11ec-8402-0a7404972c70_jpg.rf.5J5SnkYai3pj2RCY7CPz.jpg,train,train_D2_138aad79-60a5-11ec-8402-0a7404972c70_jpg.rf.5J5SnkYai3pj2RCY7CPz.jpg
expansion\dog_conjunctivitis\train_D2_138b1e51-60a5-11ec-8402-0a7404972c70_jpg.rf.8Ju1z0hXBLCeTKoUH5Z4.jpg,train,train_D2_138b1e51-60a5-11ec-8402-0a7404972c70_jpg.rf.8Ju1z0hXBLCeTKoUH5Z4.jpg
expansion\dog_conjunctivitis\train_D2_15117015-60a5-11ec-8402-0a7404972c70_jpg.rf.T2JuPkxcVASwoA47IKxQ.jpg,train,train_D2_15117015-60a5-11ec-8402-0a7404972c70_jpg.rf.T2JuPkxcVASwoA47IKxQ.jpg
expansion\dog_conjunctivitis\train_D2_15119d87-60a5-11ec-8402-0a7404972c70_jpg.rf.3aud4rgi5h5WYWsFEhPd.jpg,train,train_D2_15119d87-60a5-11ec-8402-0a7404972c70_jpg.rf.3aud4rgi5h5WYWsFEhPd.jpg
expansion\dog_conjunctivitis\train_D2_15142d42-60a5-11ec-8402-0a7404972c70_jpg.rf.Tu1wRO6BrNWd4oqGxUEy.jpg,train,train_D2_15142d42-60a5-11ec-8402-0a7404972c70_jpg.rf.Tu1wRO6BrNWd4oqGxUEy.jpg
expansion\dog_conjunctivitis\train_D2_16567c6a-60a5-11ec-8402-0a7404972c70_jpg.rf.vnkXvu4LDRi8jeYaPtiX.jpg,train,train_D2_16567c6a-60a5-11ec-8402-0a7404972c70_jpg.rf.vnkXvu4LDRi8jeYaPtiX.jpg
expansion\dog_conjunctivitis\train_D2_1656a73c-60a5-11ec-8402-0a7404972c70_jpg.rf.QVPMOLC7f3zomiYmOMH6.jpg,train,train_D2_1656a73c-60a5-11ec-8402-0a7404972c70_jpg.rf.QVPMOLC7f3zomiYmOMH6.jpg
expansion\dog_conjunctivitis\train_D2_166185b5-60a5-11ec-8402-0a7404972c70_jpg.rf.K6NLyiB1tzkz0L8REfsi.jpg,train,train_D2_166185b5-60a5-11ec-8402-0a7404972c70_jpg.rf.K6NLyiB1tzkz0L8REfsi.jpg
expansion\dog_conjunctivitis\train_D2_1662b07c-60a5-11ec-8402-0a7404972c70_jpg.rf.LvheZt80cpThYHcnczJJ.jpg,train,train_D2_1662b07c-60a5-11ec-8402-0a7404972c70_jpg.rf.LvheZt80cpThYHcnczJJ.jpg
expansion\dog_conjunctivitis\train_D2_166e5468-60a5-11ec-8402-0a7404972c70_jpg.rf.cK9HkJq2rCQLnPHWpFkO.jpg,train,train_D2_166e5468-60a5-11ec-8402-0a7404972c70_jpg.rf.cK9HkJq2rCQLnPHWpFkO.jpg
expansion\dog_conjunctivitis\train_D2_16729091-60a5-11ec-8402-0a7404972c70_jpg.rf.hSt8Ww2AWBqTxdVjneAr.jpg,train,train_D2_16729091-60a5-11ec-8402-0a7404972c70_jpg.rf.hSt8Ww2AWBqTxdVjneAr.jpg
expansion\dog_conjunctivitis\train_D2_16814d59-60a5-11ec-8402-0a7404972c70_jpg.rf.ZNeJO8tE7TRlMdRfnrI3.jpg,train,train_D2_16814d59-60a5-11ec-8402-0a7404972c70_jpg.rf.ZNeJO8tE7TRlMdRfnrI3.jpg
expansion\dog_conjunctivitis\train_D2_183fb670-60a5-11ec-8402-0a7404972c70_jpg.rf.y5SLgUgTikWPZfK20AVy.jpg,train,train_D2_183fb670-60a5-11ec-8402-0a7404972c70_jpg.rf.y5SLgUgTikWPZfK20AVy.jpg
expansion\dog_conjunctivitis\train_D2_184395d9-60a5-11ec-8402-0a7404972c70_jpg.rf.1pHq2t39ccqEww9k15MJ.jpg,train,train_D2_184395d9-60a5-11ec-8402-0a7404972c70_jpg.rf.1pHq2t39ccqEww9k15MJ.jpg
expansion\dog_conjunctivitis\train_D2_18441d56-60a5-11ec-8402-0a7404972c70_jpg.rf.Jn0toMPH7yCCG0pixri8.jpg,train,train_D2_18441d56-60a5-11ec-8402-0a7404972c70_jpg.rf.Jn0toMPH7yCCG0pixri8.jpg
expansion\dog_conjunctivitis\train_D2_184ff849-60a5-11ec-8402-0a7404972c70_jpg.rf.OZRZVYSEIITzOgpJ1ous.jpg,train,train_D2_184ff849-60a5-11ec-8402-0a7404972c70_jpg.rf.OZRZVYSEIITzOgpJ1ous.jpg
expansion\dog_conjunctivitis\train_D2_186317d7-60a5-11ec-8402-0a7404972c70_jpg.rf.2Nb7987EA2rBL1E1Uar3.jpg,train,train_D2_186317d7-60a5-11ec-8402-0a7404972c70_jpg.rf.2Nb7987EA2rBL1E1Uar3.jpg
expansion\dog_conjunctivitis\train_D2_1871ec30-60a5-11ec-8402-0a7404972c70_jpg.rf.0XYDKxESlmWOjDHj8aeQ.jpg,train,train_D2_1871ec30-60a5-11ec-8402-0a7404972c70_jpg.rf.0XYDKxESlmWOjDHj8aeQ.jpg
expansion\dog_conjunctivitis\train_D2_18897959-60a5-11ec-8402-0a7404972c70_jpg.rf.WpTwH6EHLmquetjo41ph.jpg,train,train_D2_18897959-60a5-11ec-8402-0a7404972c70_jpg.rf.WpTwH6EHLmquetjo41ph.jpg
expansion\dog_conjunctivitis\train_D2_18d1c81d-60a5-11ec-8402-0a7404972c70_jpg.rf.r0Q3h4H9rwNeuJxpRr1S.jpg,train,train_D2_18d1c81d-60a5-11ec-8402-0a7404972c70_jpg.rf.r0Q3h4H9rwNeuJxpRr1S.jpg
expansion\dog_conjunctivitis\train_D2_18e68628-60a5-11ec-8402-0a7404972c70_jpg.rf.mAWbG30fcQ69G5IlTgUl.jpg,train,train_D2_18e68628-60a5-11ec-8402-0a7404972c70_jpg.rf.mAWbG30fcQ69G5IlTgUl.jpg
expansion\dog_conjunctivitis\train_D2_18fd27ac-60a5-11ec-8402-0a7404972c70_jpg.rf.FWZdnsG2mBqnM3louNEy.jpg,train,train_D2_18fd27ac-60a5-11ec-8402-0a7404972c70_jpg.rf.FWZdnsG2mBqnM3louNEy.jpg
expansion\dog_conjunctivitis\train_D2_19491e72-60a5-11ec-8402-0a7404972c70_jpg.rf.lBdHEbf3d72PdJJBn7yc.jpg,train,train_D2_19491e72-60a5-11ec-8402-0a7404972c70_jpg.rf.lBdHEbf3d72PdJJBn7yc.jpg
expansion\dog_conjunctivitis\train_D2_1949a43f-60a5-11ec-8402-0a7404972c70_jpg.rf.68MkU48fefjRqYnkmy4b.jpg,train,train_D2_1949a43f-60a5-11ec-8402-0a7404972c70_jpg.rf.68MkU48fefjRqYnkmy4b.jpg
expansion\dog_conjunctivitis\train_D2_194a23b4-60a5-11ec-8402-0a7404972c70_jpg.rf.ffpczzi0Pj6YVRw35tJY.jpg,train,train_D2_194a23b4-60a5-11ec-8402-0a7404972c70_jpg.rf.ffpczzi0Pj6YVRw35tJY.jpg
expansion\dog_conjunctivitis\train_D2_20c693a7-60a5-11ec-8402-0a7404972c70_jpg.rf.xC4SYNtyOs1AaQbZcrVr.jpg,train,train_D2_20c693a7-60a5-11ec-8402-0a7404972c70_jpg.rf.xC4SYNtyOs1AaQbZcrVr.jpg
expansion\dog_conjunctivitis\train_D2_20cb1ec3-60a5-11ec-8402-0a7404972c70_jpg.rf.UeLvbVBMeJrlmM4uIh9U.jpg,train,train_D2_20cb1ec3-60a5-11ec-8402-0a7404972c70_jpg.rf.UeLvbVBMeJrlmM4uIh9U.jpg
expansion\dog_conjunctivitis\train_D2_20f613be-60a5-11ec-8402-0a7404972c70_jpg.rf.sAjUbYR8q4HVbNFB4oFl.jpg,train,train_D2_20f613be-60a5-11ec-8402-0a7404972c70_jpg.rf.sAjUbYR8q4HVbNFB4oFl.jpg
expansion\dog_conjunctivitis\train_D2_21044638-60a5-11ec-8402-0a7404972c70_jpg.rf.txvsOnwLz0E6pepMCTrA.jpg,train,train_D2_21044638-60a5-11ec-8402-0a7404972c70_jpg.rf.txvsOnwLz0E6pepMCTrA.jpg
expansion\dog_conjunctivitis\train_D2_210a2b28-60a5-11ec-8402-0a7404972c70_jpg.rf.J4WMxMkh3zWGFCfxg644.jpg,train,train_D2_210a2b28-60a5-11ec-8402-0a7404972c70_jpg.rf.J4WMxMkh3zWGFCfxg644.jpg
expansion\dog_conjunctivitis\train_D2_210f9514-60a5-11ec-8402-0a7404972c70_jpg.rf.KRI7lvhazRtWvXa2GdVT.jpg,train,train_D2_210f9514-60a5-11ec-8402-0a7404972c70_jpg.rf.KRI7lvhazRtWvXa2GdVT.jpg
expansion\dog_conjunctivitis\train_D2_21128419-60a5-11ec-8402-0a7404972c70_jpg.rf.69JSrIeXYTU4596kUBN2.jpg,train,train_D2_21128419-60a5-11ec-8402-0a7404972c70_jpg.rf.69JSrIeXYTU4596kUBN2.jpg
expansion\dog_conjunctivitis\train_D2_21131b4e-60a5-11ec-8402-0a7404972c70_jpg.rf.3yZuJHv0Xuu4X6fRsuEK.jpg,train,train_D2_21131b4e-60a5-11ec-8402-0a7404972c70_jpg.rf.3yZuJHv0Xuu4X6fRsuEK.jpg
expansion\dog_conjunctivitis\train_D2_211be36f-60a5-11ec-8402-0a7404972c70_jpg.rf.kJCjHJO4di6LcvLbT2xJ.jpg,train,train_D2_211be36f-60a5-11ec-8402-0a7404972c70_jpg.rf.kJCjHJO4di6LcvLbT2xJ.jpg
expansion\dog_conjunctivitis\train_D2_211d8e14-60a5-11ec-8402-0a7404972c70_jpg.rf.v4pIzz4ZgbJtnALM9R9N.jpg,train,train_D2_211d8e14-60a5-11ec-8402-0a7404972c70_jpg.rf.v4pIzz4ZgbJtnALM9R9N.jpg
expansion\dog_conjunctivitis\train_D2_212e8fcf-60a5-11ec-8402-0a7404972c70_jpg.rf.QMp2jmk1BhcXe9Z3sEWQ.jpg,train,train_D2_212e8fcf-60a5-11ec-8402-0a7404972c70_jpg.rf.QMp2jmk1BhcXe9Z3sEWQ.jpg
expansion\dog_conjunctivitis\train_D2_21344a25-60a5-11ec-8402-0a7404972c70_jpg.rf.DeGianB0FjyGNazqV569.jpg,train,train_D2_21344a25-60a5-11ec-8402-0a7404972c70_jpg.rf.DeGianB0FjyGNazqV569.jpg
expansion\dog_conjunctivitis\train_D2_213aac66-60a5-11ec-8402-0a7404972c70_jpg.rf.3qB7Gy0qKN8CT1yKUYfX.jpg,train,train_D2_213aac66-60a5-11ec-8402-0a7404972c70_jpg.rf.3qB7Gy0qKN8CT1yKUYfX.jpg
expansion\dog_conjunctivitis\train_D2_213fb66c-60a5-11ec-8402-0a7404972c70_jpg.rf.wpRpNllWE8iXW7Zomyjh.jpg,train,train_D2_213fb66c-60a5-11ec-8402-0a7404972c70_jpg.rf.wpRpNllWE8iXW7Zomyjh.jpg
expansion\dog_conjunctivitis\train_D2_3087fe90-60a5-11ec-8402-0a7404972c70_jpg.rf.yl6K7IFLp3P9MUhxM39V.jpg,train,train_D2_3087fe90-60a5-11ec-8402-0a7404972c70_jpg.rf.yl6K7IFLp3P9MUhxM39V.jpg
expansion\dog_conjunctivitis\train_D2_309c9ff4-60a5-11ec-8402-0a7404972c70_jpg.rf.Nk6qiI5OzfOkfXgIxIYl.jpg,train,train_D2_309c9ff4-60a5-11ec-8402-0a7404972c70_jpg.rf.Nk6qiI5OzfOkfXgIxIYl.jpg
expansion\dog_conjunctivitis\train_D2_30a0ff47-60a5-11ec-8402-0a7404972c70_jpg.rf.IUvJZY3Aw5ZFmzTplPRL.jpg,train,train_D2_30a0ff47-60a5-11ec-8402-0a7404972c70_jpg.rf.IUvJZY3Aw5ZFmzTplPRL.jpg
expansion\dog_conjunctivitis\train_D2_30a6622f-60a5-11ec-8402-0a7404972c70_jpg.rf.Awu9MlwTDxHKJlPxFmYI.jpg,train,train_D2_30a6622f-60a5-11ec-8402-0a7404972c70_jpg.rf.Awu9MlwTDxHKJlPxFmYI.jpg
expansion\dog_conjunctivitis\train_D2_30ee5b6e-60a5-11ec-8402-0a7404972c70_jpg.rf.zuthMCfVBPJpueHurrV2.jpg,train,train_D2_30ee5b6e-60a5-11ec-8402-0a7404972c70_jpg.rf.zuthMCfVBPJpueHurrV2.jpg
expansion\dog_conjunctivitis\train_D2_30fedcbb-60a5-11ec-8402-0a7404972c70_jpg.rf.I9qq7gWdLUD4kCQ61lFi.jpg,train,train_D2_30fedcbb-60a5-11ec-8402-0a7404972c70_jpg.rf.I9qq7gWdLUD4kCQ61lFi.jpg
expansion\dog_conjunctivitis\train_D2_310be2b7-60a5-11ec-8402-0a7404972c70_jpg.rf.Bi3iTqNpdbgeNaJaUGli.jpg,train,train_D2_310be2b7-60a5-11ec-8402-0a7404972c70_jpg.rf.Bi3iTqNpdbgeNaJaUGli.jpg
expansion\dog_conjunctivitis\train_D2_3117b26f-60a5-11ec-8402-0a7404972c70_jpg.rf.clWqiGcRT0HSQT9lygI9.jpg,train,train_D2_3117b26f-60a5-11ec-8402-0a7404972c70_jpg.rf.clWqiGcRT0HSQT9lygI9.jpg
expansion\dog_conjunctivitis\train_D2_3117d3b9-60a5-11ec-8402-0a7404972c70_jpg.rf.LKmkdExItWfMDp21Cyh9.jpg,train,train_D2_3117d3b9-60a5-11ec-8402-0a7404972c70_jpg.rf.LKmkdExItWfMDp21Cyh9.jpg
expansion\dog_conjunctivitis\train_D2_3129fb4b-60a5-11ec-8402-0a7404972c70_jpg.rf.DH0OKLFAR3N5Z7V4tQba.jpg,train,train_D2_3129fb4b-60a5-11ec-8402-0a7404972c70_jpg.rf.DH0OKLFAR3N5Z7V4tQba.jpg
expansion\dog_conjunctivitis\train_D2_3155cfb7-60a5-11ec-8402-0a7404972c70_jpg.rf.DZBBuHFjphjWvItDaa6W.jpg,train,train_D2_3155cfb7-60a5-11ec-8402-0a7404972c70_jpg.rf.DZBBuHFjphjWvItDaa6W.jpg
expansion\dog_conjunctivitis\train_D2_31561dd5-60a5-11ec-8402-0a7404972c70_jpg.rf.b32iOHRkiz4rpum3dgGI.jpg,train,train_D2_31561dd5-60a5-11ec-8402-0a7404972c70_jpg.rf.b32iOHRkiz4rpum3dgGI.jpg
expansion\dog_conjunctivitis\train_D2_315cc93b-60a5-11ec-8402-0a7404972c70_jpg.rf.8VxEvpgRExZ3ujUoUgI7.jpg,train,train_D2_315cc93b-60a5-11ec-8402-0a7404972c70_jpg.rf.8VxEvpgRExZ3ujUoUgI7.jpg
expansion\dog_conjunctivitis\train_D2_3178f62e-60a5-11ec-8402-0a7404972c70_jpg.rf.HLnLxs3m65b3ZncOIc3p.jpg,train,train_D2_3178f62e-60a5-11ec-8402-0a7404972c70_jpg.rf.HLnLxs3m65b3ZncOIc3p.jpg
expansion\dog_conjunctivitis\train_D2_318ca449-60a5-11ec-8402-0a7404972c70_jpg.rf.CN7rTeAomf6A3TJaEoH0.jpg,train,train_D2_318ca449-60a5-11ec-8402-0a7404972c70_jpg.rf.CN7rTeAomf6A3TJaEoH0.jpg
expansion\dog_conjunctivitis\train_D2_319b467a-60a5-11ec-8402-0a7404972c70_jpg.rf.CHv0GGFnBXH8utlsXUOB.jpg,train,train_D2_319b467a-60a5-11ec-8402-0a7404972c70_jpg.rf.CHv0GGFnBXH8utlsXUOB.jpg
expansion\dog_conjunctivitis\train_D3_02fb326d-60a5-11ec-8402-0a7404972c70_jpg.rf.2h4w1S3ZDO01ESOuIwKb.jpg,train,train_D3_02fb326d-60a5-11ec-8402-0a7404972c70_jpg.rf.2h4w1S3ZDO01ESOuIwKb.jpg
expansion\dog_conjunctivitis\train_D3_0d4ed863-60a5-11ec-8402-0a7404972c70_jpg.rf.vZo9wSQnkFRmcHUSEKWX.jpg,train,train_D3_0d4ed863-60a5-11ec-8402-0a7404972c70_jpg.rf.vZo9wSQnkFRmcHUSEKWX.jpg
expansion\dog_conjunctivitis\train_D3_0d5317b1-60a5-11ec-8402-0a7404972c70_jpg.rf.zXGCxpcOGmxj74BeXHDA.jpg,train,train_D3_0d5317b1-60a5-11ec-8402-0a7404972c70_jpg.rf.zXGCxpcOGmxj74BeXHDA.jpg
expansion\dog_conjunctivitis\train_D3_0daae950-60a5-11ec-8402-0a7404972c70_jpg.rf.Fs7mxdIxBrahwjvHPoe4.jpg,train,train_D3_0daae950-60a5-11ec-8402-0a7404972c70_jpg.rf.Fs7mxdIxBrahwjvHPoe4.jpg
expansion\dog_conjunctivitis\train_D3_0dafb963-60a5-11ec-8402-0a7404972c70_jpg.rf.QzanXZwKeSzW2L90noam.jpg,train,train_D3_0dafb963-60a5-11ec-8402-0a7404972c70_jpg.rf.QzanXZwKeSzW2L90noam.jpg
expansion\dog_conjunctivitis\train_D3_0db305fc-60a5-11ec-8402-0a7404972c70_jpg.rf.j8EftSeYZuafziv0B6V5.jpg,train,train_D3_0db305fc-60a5-11ec-8402-0a7404972c70_jpg.rf.j8EftSeYZuafziv0B6V5.jpg
expansion\dog_conjunctivitis\train_D3_0dbe411b-60a5-11ec-8402-0a7404972c70_jpg.rf.qCFeE590Q2QeEu5EfSlW.jpg,train,train_D3_0dbe411b-60a5-11ec-8402-0a7404972c70_jpg.rf.qCFeE590Q2QeEu5EfSlW.jpg
expansion\dog_conjunctivitis\train_D3_0dc54434-60a5-11ec-8402-0a7404972c70_jpg.rf.RNAsIf4eUjAXPELJxDnh.jpg,train,train_D3_0dc54434-60a5-11ec-8402-0a7404972c70_jpg.rf.RNAsIf4eUjAXPELJxDnh.jpg
expansion\dog_conjunctivitis\train_D3_0dc5a65d-60a5-11ec-8402-0a7404972c70_jpg.rf.I8VaZ9w0trI9mIbgFtge.jpg,train,train_D3_0dc5a65d-60a5-11ec-8402-0a7404972c70_jpg.rf.I8VaZ9w0trI9mIbgFtge.jpg
expansion\dog_conjunctivitis\train_D3_0dc71f59-60a5-11ec-8402-0a7404972c70_jpg.rf.H10CPTpjILNnQsJtb9Ew.jpg,train,train_D3_0dc71f59-60a5-11ec-8402-0a7404972c70_jpg.rf.H10CPTpjILNnQsJtb9Ew.jpg
expansion\dog_conjunctivitis\train_D3_0dee6385-60a5-11ec-8402-0a7404972c70_jpg.rf.uQvUOiYKyRDSVq4OMx0X.jpg,train,train_D3_0dee6385-60a5-11ec-8402-0a7404972c70_jpg.rf.uQvUOiYKyRDSVq4OMx0X.jpg
expansion\dog_conjunctivitis\train_D3_0dfe4133-60a5-11ec-8402-0a7404972c70_jpg.rf.ezYY7XX1dx44konzYTqS.jpg,train,train_D3_0dfe4133-60a5-11ec-8402-0a7404972c70_jpg.rf.ezYY7XX1dx44konzYTqS.jpg
expansion\dog_conjunctivitis\train_D3_0e44b087-60a5-11ec-8402-0a7404972c70_jpg.rf.CXIKQZEtNGkceDWCOQ60.jpg,train,train_D3_0e44b087-60a5-11ec-8402-0a7404972c70_jpg.rf.CXIKQZEtNGkceDWCOQ60.jpg
expansion\dog_conjunctivitis\train_D3_0e616709-60a5-11ec-8402-0a7404972c70_jpg.rf.MeQzCSGutgwDJcYpG0oa.jpg,train,train_D3_0e616709-60a5-11ec-8402-0a7404972c70_jpg.rf.MeQzCSGutgwDJcYpG0oa.jpg
expansion\dog_conjunctivitis\train_D3_0e6e9067-60a5-11ec-8402-0a7404972c70_jpg.rf.PUkEt0sjSBtlTvr6PHU1.jpg,train,train_D3_0e6e9067-60a5-11ec-8402-0a7404972c70_jpg.rf.PUkEt0sjSBtlTvr6PHU1.jpg
expansion\dog_conjunctivitis\train_D3_0e719c44-60a5-11ec-8402-0a7404972c70_jpg.rf.W7RJ7hNdjxtDXxLKnGuI.jpg,train,train_D3_0e719c44-60a5-11ec-8402-0a7404972c70_jpg.rf.W7RJ7hNdjxtDXxLKnGuI.jpg
expansion\dog_conjunctivitis\train_D3_0e858f14-60a5-11ec-8402-0a7404972c70_jpg.rf.BGnAoGIaf3uwm3CxzuFr.jpg,train,train_D3_0e858f14-60a5-11ec-8402-0a7404972c70_jpg.rf.BGnAoGIaf3uwm3CxzuFr.jpg
expansion\dog_conjunctivitis\train_D3_0ea7c738-60a5-11ec-8402-0a7404972c70_jpg.rf.EaFCWcuArqLnY1PFrcAb.jpg,train,train_D3_0ea7c738-60a5-11ec-8402-0a7404972c70_jpg.rf.EaFCWcuArqLnY1PFrcAb.jpg
expansion\dog_conjunctivitis\train_D3_0eb175b0-60a5-11ec-8402-0a7404972c70_jpg.rf.Ry1XlABJmOoTsBATrLJB.jpg,train,train_D3_0eb175b0-60a5-11ec-8402-0a7404972c70_jpg.rf.Ry1XlABJmOoTsBATrLJB.jpg
expansion\dog_conjunctivitis\train_D3_0eb595ad-60a5-11ec-8402-0a7404972c70_jpg.rf.IoJme4sAamU8M1DvcXFj.jpg,train,train_D3_0eb595ad-60a5-11ec-8402-0a7404972c70_jpg.rf.IoJme4sAamU8M1DvcXFj.jpg
expansion\dog_conjunctivitis\train_D3_0eb5dacd-60a5-11ec-8402-0a7404972c70_jpg.rf.hX5QmIggzJ36RigmFWuU.jpg,train,train_D3_0eb5dacd-60a5-11ec-8402-0a7404972c70_jpg.rf.hX5QmIggzJ36RigmFWuU.jpg
expansion\dog_conjunctivitis\train_D3_0ee33cdf-60a5-11ec-8402-0a7404972c70_jpg.rf.PX9B1EWaES523VoQPfrM.jpg,train,train_D3_0ee33cdf-60a5-11ec-8402-0a7404972c70_jpg.rf.PX9B1EWaES523VoQPfrM.jpg
expansion\dog_conjunctivitis\train_D3_10bb498f-60a5-11ec-8402-0a7404972c70_jpg.rf.iD3qLGGylt8a3ujPuxyX.jpg,train,train_D3_10bb498f-60a5-11ec-8402-0a7404972c70_jpg.rf.iD3qLGGylt8a3ujPuxyX.jpg
expansion\dog_conjunctivitis\train_D3_10dbbb95-60a5-11ec-8402-0a7404972c70_jpg.rf.nLDRSwCaCytgBFkHu4m2.jpg,train,train_D3_10dbbb95-60a5-11ec-8402-0a7404972c70_jpg.rf.nLDRSwCaCytgBFkHu4m2.jpg
expansion\dog_conjunctivitis\train_D3_12e88b0c-60a5-11ec-8402-0a7404972c70_jpg.rf.g1p6qobVk13ukyy7fxfc.jpg,train,train_D3_12e88b0c-60a5-11ec-8402-0a7404972c70_jpg.rf.g1p6qobVk13ukyy7fxfc.jpg
expansion\dog_conjunctivitis\train_D3_12ebb5ae-60a5-11ec-8402-0a7404972c70_jpg.rf.eRqYDGTs2g1Jl3NLPce8.jpg,train,train_D3_12ebb5ae-60a5-11ec-8402-0a7404972c70_jpg.rf.eRqYDGTs2g1Jl3NLPce8.jpg
expansion\dog_conjunctivitis\train_D3_12f1d03b-60a5-11ec-8402-0a7404972c70_jpg.rf.2vrU8XF4FavLJXebMzVX.jpg,train,train_D3_12f1d03b-60a5-11ec-8402-0a7404972c70_jpg.rf.2vrU8XF4FavLJXebMzVX.jpg
expansion\dog_conjunctivitis\train_D3_12f4ad13-60a5-11ec-8402-0a7404972c70_jpg.rf.XRbomRVYdRTzUp1APAEu.jpg,train,train_D3_12f4ad13-60a5-11ec-8402-0a7404972c70_jpg.rf.XRbomRVYdRTzUp1APAEu.jpg
expansion\dog_conjunctivitis\train_D3_18d0deb9-60a5-11ec-8402-0a7404972c70_jpg.rf.lwOvXQsULAoP0JMW9ucC.jpg,train,train_D3_18d0deb9-60a5-11ec-8402-0a7404972c70_jpg.rf.lwOvXQsULAoP0JMW9ucC.jpg
expansion\dog_conjunctivitis\train_D3_19ddba1c-60a5-11ec-8402-0a7404972c70_jpg.rf.YB1ghZWtWJnCcwEzGRry.jpg,train,train_D3_19ddba1c-60a5-11ec-8402-0a7404972c70_jpg.rf.YB1ghZWtWJnCcwEzGRry.jpg
expansion\dog_conjunctivitis\train_D3_19e355aa-60a5-11ec-8402-0a7404972c70_jpg.rf.KtGjasKe38FrhfY8GcDa.jpg,train,train_D3_19e355aa-60a5-11ec-8402-0a7404972c70_jpg.rf.KtGjasKe38FrhfY8GcDa.jpg
expansion\dog_conjunctivitis\train_D3_19e6f50e-60a5-11ec-8402-0a7404972c70_jpg.rf.UKiLTz40zWoGo0S7PAra.jpg,train,train_D3_19e6f50e-60a5-11ec-8402-0a7404972c70_jpg.rf.UKiLTz40zWoGo0S7PAra.jpg
expansion\dog_conjunctivitis\train_D3_19e90372-60a5-11ec-8402-0a7404972c70_jpg.rf.r7eF3LH02juDwGSK7GRs.jpg,train,train_D3_19e90372-60a5-11ec-8402-0a7404972c70_jpg.rf.r7eF3LH02juDwGSK7GRs.jpg
expansion\dog_conjunctivitis\train_D3_1cdd5d31-60a5-11ec-8402-0a7404972c70_jpg.rf.Q6v7iRtSUdl3eIV8xSq5.jpg,train,train_D3_1cdd5d31-60a5-11ec-8402-0a7404972c70_jpg.rf.Q6v7iRtSUdl3eIV8xSq5.jpg
expansion\dog_conjunctivitis\train_D3_1ce2c22f-60a5-11ec-8402-0a7404972c70_jpg.rf.aM4S5tnx628YrYTOt0m7.jpg,train,train_D3_1ce2c22f-60a5-11ec-8402-0a7404972c70_jpg.rf.aM4S5tnx628YrYTOt0m7.jpg
expansion\dog_conjunctivitis\train_D3_20c4e23f-60a5-11ec-8402-0a7404972c70_jpg.rf.VXs0gDraMAgx5ADHebzG.jpg,train,train_D3_20c4e23f-60a5-11ec-8402-0a7404972c70_jpg.rf.VXs0gDraMAgx5ADHebzG.jpg
expansion\dog_conjunctivitis\train_D3_20ca6509-60a5-11ec-8402-0a7404972c70_jpg.rf.7fVT1G1IB9he4tdWg6N6.jpg,train,train_D3_20ca6509-60a5-11ec-8402-0a7404972c70_jpg.rf.7fVT1G1IB9he4tdWg6N6.jpg
expansion\dog_conjunctivitis\train_D3_20ebe721-60a5-11ec-8402-0a7404972c70_jpg.rf.C879sxas8dG9pVYqG0sS.jpg,train,train_D3_20ebe721-60a5-11ec-8402-0a7404972c70_jpg.rf.C879sxas8dG9pVYqG0sS.jpg
expansion\dog_conjunctivitis\train_D3_20f694d0-60a5-11ec-8402-0a7404972c70_jpg.rf.dEYkcc7vjUPcRTuTqz2V.jpg,train,train_D3_20f694d0-60a5-11ec-8402-0a7404972c70_jpg.rf.dEYkcc7vjUPcRTuTqz2V.jpg
expansion\dog_conjunctivitis\valid_D0_02fa2fe8-60a5-11ec-8402-0a7404972c70_jpg.rf.01AklnaI8KM671b0cn5p.jpg,valid,valid_D0_02fa2fe8-60a5-11ec-8402-0a7404972c70_jpg.rf.01AklnaI8KM671b0cn5p.jpg
expansion\dog_conjunctivitis\valid_D0_02fa7d26-60a5-11ec-8402-0a7404972c70_jpg.rf.7TJquCxMLphF4DbIuMwe.jpg,valid,valid_D0_02fa7d26-60a5-11ec-8402-0a7404972c70_jpg.rf.7TJquCxMLphF4DbIuMwe.jpg
expansion\dog_conjunctivitis\valid_D0_0dcd4c6c-60a5-11ec-8402-0a7404972c70_jpg.rf.A6Jlqv8JnTEVoRleFnVj.jpg,valid,valid_D0_0dcd4c6c-60a5-11ec-8402-0a7404972c70_jpg.rf.A6Jlqv8JnTEVoRleFnVj.jpg
expansion\dog_conjunctivitis\valid_D0_0dce6e17-60a5-11ec-8402-0a7404972c70_jpg.rf.ogW5qTFrFXx3ylFag97L.jpg,valid,valid_D0_0dce6e17-60a5-11ec-8402-0a7404972c70_jpg.rf.ogW5qTFrFXx3ylFag97L.jpg
expansion\dog_conjunctivitis\valid_D0_0dd25a0d-60a5-11ec-8402-0a7404972c70_jpg.rf.mpW0Q4wjGJZs4iVy5Rs5.jpg,valid,valid_D0_0dd25a0d-60a5-11ec-8402-0a7404972c70_jpg.rf.mpW0Q4wjGJZs4iVy5Rs5.jpg
expansion\dog_conjunctivitis\valid_D0_0dd26f9b-60a5-11ec-8402-0a7404972c70_jpg.rf.5gEGglzuIDbHOocrGoFr.jpg,valid,valid_D0_0dd26f9b-60a5-11ec-8402-0a7404972c70_jpg.rf.5gEGglzuIDbHOocrGoFr.jpg
expansion\dog_conjunctivitis\valid_D0_0df8d984-60a5-11ec-8402-0a7404972c70_jpg.rf.N2Ir4K8RAruIwkeuUBdi.jpg,valid,valid_D0_0df8d984-60a5-11ec-8402-0a7404972c70_jpg.rf.N2Ir4K8RAruIwkeuUBdi.jpg
expansion\dog_conjunctivitis\valid_D0_0e5ea46e-60a5-11ec-8402-0a7404972c70_jpg.rf.Q1MF7U4OnrmSVIHjnaj2.jpg,valid,valid_D0_0e5ea46e-60a5-11ec-8402-0a7404972c70_jpg.rf.Q1MF7U4OnrmSVIHjnaj2.jpg
expansion\dog_conjunctivitis\valid_D0_0e7da93d-60a5-11ec-8402-0a7404972c70_jpg.rf.Dsxpx1DPXt5JlJyt5eaZ.jpg,valid,valid_D0_0e7da93d-60a5-11ec-8402-0a7404972c70_jpg.rf.Dsxpx1DPXt5JlJyt5eaZ.jpg
expansion\dog_conjunctivitis\valid_D0_10295273-60a5-11ec-8402-0a7404972c70_jpg.rf.rkkS7J5usSS1PqQWusOU.jpg,valid,valid_D0_10295273-60a5-11ec-8402-0a7404972c70_jpg.rf.rkkS7J5usSS1PqQWusOU.jpg
expansion\dog_conjunctivitis\valid_D0_103d0a62-60a5-11ec-8402-0a7404972c70_jpg.rf.UQt1zqBRMtVqWmdM0JCU.jpg,valid,valid_D0_103d0a62-60a5-11ec-8402-0a7404972c70_jpg.rf.UQt1zqBRMtVqWmdM0JCU.jpg
expansion\dog_conjunctivitis\valid_D0_10ac0fa7-60a5-11ec-8402-0a7404972c70_jpg.rf.PSppVXzEjWsQ7uG3Xkr7.jpg,valid,valid_D0_10ac0fa7-60a5-11ec-8402-0a7404972c70_jpg.rf.PSppVXzEjWsQ7uG3Xkr7.jpg
expansion\dog_conjunctivitis\valid_D0_111ecf1c-60a5-11ec-8402-0a7404972c70_jpg.rf.g7fukt8evrVlvVPhymnW.jpg,valid,valid_D0_111ecf1c-60a5-11ec-8402-0a7404972c70_jpg.rf.g7fukt8evrVlvVPhymnW.jpg
expansion\dog_conjunctivitis\valid_D0_112d3c2e-60a5-11ec-8402-0a7404972c70_jpg.rf.K9nn3NWlXIevjFDIr0AV.jpg,valid,valid_D0_112d3c2e-60a5-11ec-8402-0a7404972c70_jpg.rf.K9nn3NWlXIevjFDIr0AV.jpg
expansion\dog_conjunctivitis\valid_D0_1178bc2e-60a5-11ec-8402-0a7404972c70_jpg.rf.SuFFQw5Ykzbs1VjM83pZ.jpg,valid,valid_D0_1178bc2e-60a5-11ec-8402-0a7404972c70_jpg.rf.SuFFQw5Ykzbs1VjM83pZ.jpg
expansion\dog_conjunctivitis\valid_D0_12658a1e-60a5-11ec-8402-0a7404972c70_jpg.rf.tr4QeTzDR0L8yUzzQsdz.jpg,valid,valid_D0_12658a1e-60a5-11ec-8402-0a7404972c70_jpg.rf.tr4QeTzDR0L8yUzzQsdz.jpg
expansion\dog_conjunctivitis\valid_D0_12981c49-60a5-11ec-8402-0a7404972c70_jpg.rf.E5gQxTPaS1ZRazGEf43E.jpg,valid,valid_D0_12981c49-60a5-11ec-8402-0a7404972c70_jpg.rf.E5gQxTPaS1ZRazGEf43E.jpg
expansion\dog_conjunctivitis\valid_D0_12f88988-60a5-11ec-8402-0a7404972c70_jpg.rf.rSspnbPqXUUJxjJOJgMO.jpg,valid,valid_D0_12f88988-60a5-11ec-8402-0a7404972c70_jpg.rf.rSspnbPqXUUJxjJOJgMO.jpg
expansion\dog_conjunctivitis\valid_D0_1654fb77-60a5-11ec-8402-0a7404972c70_jpg.rf.SPzVaG0aSbBT7Y84ShzP.jpg,valid,valid_D0_1654fb77-60a5-11ec-8402-0a7404972c70_jpg.rf.SPzVaG0aSbBT7Y84ShzP.jpg
expansion\dog_conjunctivitis\valid_D0_16974b2a-60a5-11ec-8402-0a7404972c70_jpg.rf.f9KoD5DxI0pne5MX4IVu.jpg,valid,valid_D0_16974b2a-60a5-11ec-8402-0a7404972c70_jpg.rf.f9KoD5DxI0pne5MX4IVu.jpg
expansion\dog_conjunctivitis\valid_D0_184c0322-60a5-11ec-8402-0a7404972c70_jpg.rf.GLz82xZfrscU9NoEBVMn.jpg,valid,valid_D0_184c0322-60a5-11ec-8402-0a7404972c70_jpg.rf.GLz82xZfrscU9NoEBVMn.jpg
expansion\dog_conjunctivitis\valid_D0_1872528c-60a5-11ec-8402-0a7404972c70_jpg.rf.7mQ1nT0aZLOwePs8lprf.jpg,valid,valid_D0_1872528c-60a5-11ec-8402-0a7404972c70_jpg.rf.7mQ1nT0aZLOwePs8lprf.jpg
expansion\dog_conjunctivitis\valid_D0_1877c29e-60a5-11ec-8402-0a7404972c70_jpg.rf.E7yaqMGZbMPzP5tOTzHC.jpg,valid,valid_D0_1877c29e-60a5-11ec-8402-0a7404972c70_jpg.rf.E7yaqMGZbMPzP5tOTzHC.jpg
expansion\dog_conjunctivitis\valid_D0_18872f3e-60a5-11ec-8402-0a7404972c70_jpg.rf.l1dPKHJffFugzny4mhfN.jpg,valid,valid_D0_18872f3e-60a5-11ec-8402-0a7404972c70_jpg.rf.l1dPKHJffFugzny4mhfN.jpg
expansion\dog_conjunctivitis\valid_D0_194136ec-60a5-11ec-8402-0a7404972c70_jpg.rf.fKwBNwFsR4S9JjIVkJZd.jpg,valid,valid_D0_194136ec-60a5-11ec-8402-0a7404972c70_jpg.rf.fKwBNwFsR4S9JjIVkJZd.jpg
expansion\dog_conjunctivitis\valid_D0_20c70b14-60a5-11ec-8402-0a7404972c70_jpg.rf.lC266cOLAaSnEkj8igrz.jpg,valid,valid_D0_20c70b14-60a5-11ec-8402-0a7404972c70_jpg.rf.lC266cOLAaSnEkj8igrz.jpg
expansion\dog_conjunctivitis\valid_D0_211cbbcb-60a5-11ec-8402-0a7404972c70_jpg.rf.vuMrVLHPoSprMfokTbHN.jpg,valid,valid_D0_211cbbcb-60a5-11ec-8402-0a7404972c70_jpg.rf.vuMrVLHPoSprMfokTbHN.jpg
expansion\dog_conjunctivitis\valid_D0_30c48ce0-60a5-11ec-8402-0a7404972c70_jpg.rf.G2XlfZxRThBAUbBRR8jw.jpg,valid,valid_D0_30c48ce0-60a5-11ec-8402-0a7404972c70_jpg.rf.G2XlfZxRThBAUbBRR8jw.jpg
expansion\dog_conjunctivitis\valid_D0_30d15823-60a5-11ec-8402-0a7404972c70_jpg.rf.0snYTd23KdeUmmTY8R6n.jpg,valid,valid_D0_30d15823-60a5-11ec-8402-0a7404972c70_jpg.rf.0snYTd23KdeUmmTY8R6n.jpg
expansion\dog_conjunctivitis\valid_D0_319be15e-60a5-11ec-8402-0a7404972c70_jpg.rf.jeCMBN4iehR8FiE16yQ6.jpg,valid,valid_D0_319be15e-60a5-11ec-8402-0a7404972c70_jpg.rf.jeCMBN4iehR8FiE16yQ6.jpg
expansion\dog_conjunctivitis\valid_D18_10290613-60a5-11ec-8402-0a7404972c70_jpg.rf.HDtPs7FImYco5g9xQQcZ.jpg,valid,valid_D18_10290613-60a5-11ec-8402-0a7404972c70_jpg.rf.HDtPs7FImYco5g9xQQcZ.jpg
expansion\dog_conjunctivitis\valid_D18_10690f00-60a5-11ec-8402-0a7404972c70_jpg.rf.n4utkuFoXoXqUGPUzpPO.jpg,valid,valid_D18_10690f00-60a5-11ec-8402-0a7404972c70_jpg.rf.n4utkuFoXoXqUGPUzpPO.jpg
expansion\dog_conjunctivitis\valid_D18_1108576d-60a5-11ec-8402-0a7404972c70_jpg.rf.hysvxpyuj8H1A1656UPB.jpg,valid,valid_D18_1108576d-60a5-11ec-8402-0a7404972c70_jpg.rf.hysvxpyuj8H1A1656UPB.jpg
expansion\dog_conjunctivitis\valid_D18_1287c82b-60a5-11ec-8402-0a7404972c70_jpg.rf.zmzhwLlwM9qWzZQZ3nSr.jpg,valid,valid_D18_1287c82b-60a5-11ec-8402-0a7404972c70_jpg.rf.zmzhwLlwM9qWzZQZ3nSr.jpg
expansion\dog_conjunctivitis\valid_D18_13900031-60a5-11ec-8402-0a7404972c70_jpg.rf.pc0zZhnoFM8TiswhqiTu.jpg,valid,valid_D18_13900031-60a5-11ec-8402-0a7404972c70_jpg.rf.pc0zZhnoFM8TiswhqiTu.jpg
expansion\dog_conjunctivitis\valid_D18_15143601-60a5-11ec-8402-0a7404972c70_jpg.rf.VUClBRpZTV4WKOa7oaad.jpg,valid,valid_D18_15143601-60a5-11ec-8402-0a7404972c70_jpg.rf.VUClBRpZTV4WKOa7oaad.jpg
expansion\dog_conjunctivitis\valid_D18_1906c027-60a5-11ec-8402-0a7404972c70_jpg.rf.04hclDDhgYvQV7KeiMcx.jpg,valid,valid_D18_1906c027-60a5-11ec-8402-0a7404972c70_jpg.rf.04hclDDhgYvQV7KeiMcx.jpg
expansion\dog_conjunctivitis\valid_D18_19211f66-60a5-11ec-8402-0a7404972c70_jpg.rf.PS0wGQmjJCKuBBmwXCJs.jpg,valid,valid_D18_19211f66-60a5-11ec-8402-0a7404972c70_jpg.rf.PS0wGQmjJCKuBBmwXCJs.jpg
expansion\dog_conjunctivitis\valid_D18_2105f874-60a5-11ec-8402-0a7404972c70_jpg.rf.sLM36VKUuRtiAZ8YkPqX.jpg,valid,valid_D18_2105f874-60a5-11ec-8402-0a7404972c70_jpg.rf.sLM36VKUuRtiAZ8YkPqX.jpg
expansion\dog_conjunctivitis\valid_D18_21107677-60a5-11ec-8402-0a7404972c70_jpg.rf.qEMwZXgDukqpUVZnSmwm.jpg,valid,valid_D18_21107677-60a5-11ec-8402-0a7404972c70_jpg.rf.qEMwZXgDukqpUVZnSmwm.jpg
expansion\dog_conjunctivitis\valid_D18_213170e5-60a5-11ec-8402-0a7404972c70_jpg.rf.Y68tvgivf7buRzWGWE7n.jpg,valid,valid_D18_213170e5-60a5-11ec-8402-0a7404972c70_jpg.rf.Y68tvgivf7buRzWGWE7n.jpg
expansion\dog_conjunctivitis\valid_D18_30967c7a-60a5-11ec-8402-0a7404972c70_jpg.rf.f0hSFpVsWHhOggl5BAOu.jpg,valid,valid_D18_30967c7a-60a5-11ec-8402-0a7404972c70_jpg.rf.f0hSFpVsWHhOggl5BAOu.jpg
expansion\dog_conjunctivitis\valid_D18_3100a892-60a5-11ec-8402-0a7404972c70_jpg.rf.6Rp9g5YRBHsYV85IN5xp.jpg,valid,valid_D18_3100a892-60a5-11ec-8402-0a7404972c70_jpg.rf.6Rp9g5YRBHsYV85IN5xp.jpg
expansion\dog_conjunctivitis\valid_D18_31449ba9-60a5-11ec-8402-0a7404972c70_jpg.rf.V4yaXnnPchyMk7eFMY6s.jpg,valid,valid_D18_31449ba9-60a5-11ec-8402-0a7404972c70_jpg.rf.V4yaXnnPchyMk7eFMY6s.jpg
expansion\dog_conjunctivitis\valid_D18_3158957a-60a5-11ec-8402-0a7404972c70_jpg.rf.UUgYshYyrNvUlEaYTEWO.jpg,valid,valid_D18_3158957a-60a5-11ec-8402-0a7404972c70_jpg.rf.UUgYshYyrNvUlEaYTEWO.jpg
expansion\dog_conjunctivitis\valid_D18_31771975-60a5-11ec-8402-0a7404972c70_jpg.rf.xIpjJwgodXaqnmPqSOWx.jpg,valid,valid_D18_31771975-60a5-11ec-8402-0a7404972c70_jpg.rf.xIpjJwgodXaqnmPqSOWx.jpg
expansion\dog_conjunctivitis\valid_D19_0db876f0-60a5-11ec-8402-0a7404972c70_jpg.rf.imgAg8a4WHhKSMNc2L65.jpg,valid,valid_D19_0db876f0-60a5-11ec-8402-0a7404972c70_jpg.rf.imgAg8a4WHhKSMNc2L65.jpg
expansion\dog_conjunctivitis\valid_D19_0dc27aae-60a5-11ec-8402-0a7404972c70_jpg.rf.FSiDpgpgZYLeQI5aIjpK.jpg,valid,valid_D19_0dc27aae-60a5-11ec-8402-0a7404972c70_jpg.rf.FSiDpgpgZYLeQI5aIjpK.jpg
expansion\dog_conjunctivitis\valid_D19_0dcd4772-60a5-11ec-8402-0a7404972c70_jpg.rf.T41AhqND6xmMsL5KszO4.jpg,valid,valid_D19_0dcd4772-60a5-11ec-8402-0a7404972c70_jpg.rf.T41AhqND6xmMsL5KszO4.jpg
expansion\dog_conjunctivitis\valid_D19_0e69bb34-60a5-11ec-8402-0a7404972c70_jpg.rf.57It23Jddm45H9niHpm0.jpg,valid,valid_D19_0e69bb34-60a5-11ec-8402-0a7404972c70_jpg.rf.57It23Jddm45H9niHpm0.jpg
expansion\dog_conjunctivitis\valid_D19_0e7c16a2-60a5-11ec-8402-0a7404972c70_jpg.rf.VCnfRBF2FvauljPdWqEu.jpg,valid,valid_D19_0e7c16a2-60a5-11ec-8402-0a7404972c70_jpg.rf.VCnfRBF2FvauljPdWqEu.jpg
expansion\dog_conjunctivitis\valid_D19_0eb4c2b0-60a5-11ec-8402-0a7404972c70_jpg.rf.XBHXGNUTPaMAQaUUn3VV.jpg,valid,valid_D19_0eb4c2b0-60a5-11ec-8402-0a7404972c70_jpg.rf.XBHXGNUTPaMAQaUUn3VV.jpg
expansion\dog_conjunctivitis\valid_D19_10dbaa0c-60a5-11ec-8402-0a7404972c70_jpg.rf.szTvwjFlmAe8vsf33Hov.jpg,valid,valid_D19_10dbaa0c-60a5-11ec-8402-0a7404972c70_jpg.rf.szTvwjFlmAe8vsf33Hov.jpg
expansion\dog_conjunctivitis\valid_D19_12e91fdb-60a5-11ec-8402-0a7404972c70_jpg.rf.ekm7XalwzVRxb6pSzVC8.jpg,valid,valid_D19_12e91fdb-60a5-11ec-8402-0a7404972c70_jpg.rf.ekm7XalwzVRxb6pSzVC8.jpg
expansion\dog_conjunctivitis\valid_D19_12ebd9a7-60a5-11ec-8402-0a7404972c70_jpg.rf.fUrddbuxudHWWw3AqTrF.jpg,valid,valid_D19_12ebd9a7-60a5-11ec-8402-0a7404972c70_jpg.rf.fUrddbuxudHWWw3AqTrF.jpg
expansion\dog_conjunctivitis\valid_D19_1d0b600e-60a5-11ec-8402-0a7404972c70_jpg.rf.cAHYBksdmU8U0ml5vlCh.jpg,valid,valid_D19_1d0b600e-60a5-11ec-8402-0a7404972c70_jpg.rf.cAHYBksdmU8U0ml5vlCh.jpg
expansion\dog_conjunctivitis\valid_D1_03ac06fd-60a5-11ec-8402-0a7404972c70_jpg.rf.vitKraEKkCOerECmf4mq.jpg,valid,valid_D1_03ac06fd-60a5-11ec-8402-0a7404972c70_jpg.rf.vitKraEKkCOerECmf4mq.jpg
expansion\dog_conjunctivitis\valid_D1_0daa4ab9-60a5-11ec-8402-0a7404972c70_jpg.rf.m2SWHWSsOJO1f7rWcrwv.jpg,valid,valid_D1_0daa4ab9-60a5-11ec-8402-0a7404972c70_jpg.rf.m2SWHWSsOJO1f7rWcrwv.jpg
expansion\dog_conjunctivitis\valid_D1_0dad41d6-60a5-11ec-8402-0a7404972c70_jpg.rf.Xp4sMHJyKETAU0tLcvfi.jpg,valid,valid_D1_0dad41d6-60a5-11ec-8402-0a7404972c70_jpg.rf.Xp4sMHJyKETAU0tLcvfi.jpg
expansion\dog_conjunctivitis\valid_D1_0dbca471-60a5-11ec-8402-0a7404972c70_jpg.rf.JOQXrDsswEDfSTuTQ4Pc.jpg,valid,valid_D1_0dbca471-60a5-11ec-8402-0a7404972c70_jpg.rf.JOQXrDsswEDfSTuTQ4Pc.jpg
expansion\dog_conjunctivitis\valid_D1_0e841ddd-60a5-11ec-8402-0a7404972c70_jpg.rf.4NM9MvmigetKKcyZjiFR.jpg,valid,valid_D1_0e841ddd-60a5-11ec-8402-0a7404972c70_jpg.rf.4NM9MvmigetKKcyZjiFR.jpg
expansion\dog_conjunctivitis\valid_D1_0eb0b91e-60a5-11ec-8402-0a7404972c70_jpg.rf.KNi6dglBxjyfHyo07iD1.jpg,valid,valid_D1_0eb0b91e-60a5-11ec-8402-0a7404972c70_jpg.rf.KNi6dglBxjyfHyo07iD1.jpg
expansion\dog_conjunctivitis\valid_D1_0ffb5d60-60a5-11ec-8402-0a7404972c70_jpg.rf.VYT3FQvMhTxzGOMsmXJk.jpg,valid,valid_D1_0ffb5d60-60a5-11ec-8402-0a7404972c70_jpg.rf.VYT3FQvMhTxzGOMsmXJk.jpg
expansion\dog_conjunctivitis\valid_D1_108127ff-60a5-11ec-8402-0a7404972c70_jpg.rf.SFJXdoejDQSEkEYkVX6E.jpg,valid,valid_D1_108127ff-60a5-11ec-8402-0a7404972c70_jpg.rf.SFJXdoejDQSEkEYkVX6E.jpg
expansion\dog_conjunctivitis\valid_D1_110e0cfc-60a5-11ec-8402-0a7404972c70_jpg.rf.OBYSZYqXdfAf4jwYQDzK.jpg,valid,valid_D1_110e0cfc-60a5-11ec-8402-0a7404972c70_jpg.rf.OBYSZYqXdfAf4jwYQDzK.jpg
expansion\dog_conjunctivitis\valid_D1_116ca7e3-60a5-11ec-8402-0a7404972c70_jpg.rf.a3IeZRrWeh0BFBd0TmdW.jpg,valid,valid_D1_116ca7e3-60a5-11ec-8402-0a7404972c70_jpg.rf.a3IeZRrWeh0BFBd0TmdW.jpg
expansion\dog_conjunctivitis\valid_D1_1273d9d9-60a5-11ec-8402-0a7404972c70_jpg.rf.gPAkhfX0VzDrgh6GY9az.jpg,valid,valid_D1_1273d9d9-60a5-11ec-8402-0a7404972c70_jpg.rf.gPAkhfX0VzDrgh6GY9az.jpg
expansion\dog_conjunctivitis\valid_D1_127727b7-60a5-11ec-8402-0a7404972c70_jpg.rf.dy47Pb9yplLRX5sg3fJ4.jpg,valid,valid_D1_127727b7-60a5-11ec-8402-0a7404972c70_jpg.rf.dy47Pb9yplLRX5sg3fJ4.jpg
expansion\dog_conjunctivitis\valid_D1_1294635f-60a5-11ec-8402-0a7404972c70_jpg.rf.FSQo5KWMG2XlfgBotqPC.jpg,valid,valid_D1_1294635f-60a5-11ec-8402-0a7404972c70_jpg.rf.FSQo5KWMG2XlfgBotqPC.jpg
expansion\dog_conjunctivitis\valid_D1_12eab858-60a5-11ec-8402-0a7404972c70_jpg.rf.WVJx5xRMasUNqiNNpeV3.jpg,valid,valid_D1_12eab858-60a5-11ec-8402-0a7404972c70_jpg.rf.WVJx5xRMasUNqiNNpeV3.jpg
expansion\dog_conjunctivitis\valid_D1_12f8e9ff-60a5-11ec-8402-0a7404972c70_jpg.rf.xmOoBZ8COqNoGrQQZvam.jpg,valid,valid_D1_12f8e9ff-60a5-11ec-8402-0a7404972c70_jpg.rf.xmOoBZ8COqNoGrQQZvam.jpg
expansion\dog_conjunctivitis\valid_D1_136fb931-60a5-11ec-8402-0a7404972c70_jpg.rf.xg6mXuubx6WVWKX2FlfY.jpg,valid,valid_D1_136fb931-60a5-11ec-8402-0a7404972c70_jpg.rf.xg6mXuubx6WVWKX2FlfY.jpg
expansion\dog_conjunctivitis\valid_D1_1514c59d-60a5-11ec-8402-0a7404972c70_jpg.rf.EHDc5CjK5wHXGcUReFyy.jpg,valid,valid_D1_1514c59d-60a5-11ec-8402-0a7404972c70_jpg.rf.EHDc5CjK5wHXGcUReFyy.jpg
expansion\dog_conjunctivitis\valid_D1_184a1d71-60a5-11ec-8402-0a7404972c70_jpg.rf.EJB9E7ASpxz1Xmmkimvi.jpg,valid,valid_D1_184a1d71-60a5-11ec-8402-0a7404972c70_jpg.rf.EJB9E7ASpxz1Xmmkimvi.jpg
expansion\dog_conjunctivitis\valid_D1_186294e7-60a5-11ec-8402-0a7404972c70_jpg.rf.EUnJ0CAJ85xHFWGtgqsW.jpg,valid,valid_D1_186294e7-60a5-11ec-8402-0a7404972c70_jpg.rf.EUnJ0CAJ85xHFWGtgqsW.jpg
expansion\dog_conjunctivitis\valid_D1_18c99089-60a5-11ec-8402-0a7404972c70_jpg.rf.josNphRmBjqsjw11cP9f.jpg,valid,valid_D1_18c99089-60a5-11ec-8402-0a7404972c70_jpg.rf.josNphRmBjqsjw11cP9f.jpg
expansion\dog_conjunctivitis\valid_D1_18d09027-60a5-11ec-8402-0a7404972c70_jpg.rf.NhWfLet9Fy4EcrSBuETA.jpg,valid,valid_D1_18d09027-60a5-11ec-8402-0a7404972c70_jpg.rf.NhWfLet9Fy4EcrSBuETA.jpg
expansion\dog_conjunctivitis\valid_D1_18f347e9-60a5-11ec-8402-0a7404972c70_jpg.rf.3XlefeiI552UgZhEFYJP.jpg,valid,valid_D1_18f347e9-60a5-11ec-8402-0a7404972c70_jpg.rf.3XlefeiI552UgZhEFYJP.jpg
expansion\dog_conjunctivitis\valid_D1_191d14c2-60a5-11ec-8402-0a7404972c70_jpg.rf.N96FjewAhpCu2cyOzkLS.jpg,valid,valid_D1_191d14c2-60a5-11ec-8402-0a7404972c70_jpg.rf.N96FjewAhpCu2cyOzkLS.jpg
expansion\dog_conjunctivitis\valid_D1_192154d0-60a5-11ec-8402-0a7404972c70_jpg.rf.unYPU5yvR2bnuOxBAPD9.jpg,valid,valid_D1_192154d0-60a5-11ec-8402-0a7404972c70_jpg.rf.unYPU5yvR2bnuOxBAPD9.jpg
expansion\dog_conjunctivitis\valid_D1_19268e83-60a5-11ec-8402-0a7404972c70_jpg.rf.f6HixrwH9q1tL4HWt2A2.jpg,valid,valid_D1_19268e83-60a5-11ec-8402-0a7404972c70_jpg.rf.f6HixrwH9q1tL4HWt2A2.jpg
expansion\dog_conjunctivitis\valid_D1_1d079ede-60a5-11ec-8402-0a7404972c70_jpg.rf.QCJ2Ho7ramgYVDxnJG9X.jpg,valid,valid_D1_1d079ede-60a5-11ec-8402-0a7404972c70_jpg.rf.QCJ2Ho7ramgYVDxnJG9X.jpg
expansion\dog_conjunctivitis\valid_D1_21266563-60a5-11ec-8402-0a7404972c70_jpg.rf.K0Cr94Te2ShoQEglTVof.jpg,valid,valid_D1_21266563-60a5-11ec-8402-0a7404972c70_jpg.rf.K0Cr94Te2ShoQEglTVof.jpg
expansion\dog_conjunctivitis\valid_D1_213c702a-60a5-11ec-8402-0a7404972c70_jpg.rf.Feir5xngOnxaoWvnWpBr.jpg,valid,valid_D1_213c702a-60a5-11ec-8402-0a7404972c70_jpg.rf.Feir5xngOnxaoWvnWpBr.jpg
expansion\dog_conjunctivitis\valid_D1_31306af9-60a5-11ec-8402-0a7404972c70_jpg.rf.K2GprgNbsYzL3dRqgvzv.jpg,valid,valid_D1_31306af9-60a5-11ec-8402-0a7404972c70_jpg.rf.K2GprgNbsYzL3dRqgvzv.jpg
expansion\dog_conjunctivitis\valid_D20_0370ee8c-60a5-11ec-8402-0a7404972c70_jpg.rf.sfAKRHefWy6MH3q2Vzl3.jpg,valid,valid_D20_0370ee8c-60a5-11ec-8402-0a7404972c70_jpg.rf.sfAKRHefWy6MH3q2Vzl3.jpg
expansion\dog_conjunctivitis\valid_D20_10036a1d-60a5-11ec-8402-0a7404972c70_jpg.rf.GPl3x4zBguxSObuPe6t3.jpg,valid,valid_D20_10036a1d-60a5-11ec-8402-0a7404972c70_jpg.rf.GPl3x4zBguxSObuPe6t3.jpg
expansion\dog_conjunctivitis\valid_D20_10359dbc-60a5-11ec-8402-0a7404972c70_jpg.rf.txAHaPqR8Fg7Lj0cnRQb.jpg,valid,valid_D20_10359dbc-60a5-11ec-8402-0a7404972c70_jpg.rf.txAHaPqR8Fg7Lj0cnRQb.jpg
expansion\dog_conjunctivitis\valid_D20_1055d726-60a5-11ec-8402-0a7404972c70_jpg.rf.7gylQZnGJ2phhEg32han.jpg,valid,valid_D20_1055d726-60a5-11ec-8402-0a7404972c70_jpg.rf.7gylQZnGJ2phhEg32han.jpg
expansion\dog_conjunctivitis\valid_D20_1265a2e1-60a5-11ec-8402-0a7404972c70_jpg.rf.ggnRxdjRm9oAV0b0NRo9.jpg,valid,valid_D20_1265a2e1-60a5-11ec-8402-0a7404972c70_jpg.rf.ggnRxdjRm9oAV0b0NRo9.jpg
expansion\dog_conjunctivitis\valid_D20_12708501-60a5-11ec-8402-0a7404972c70_jpg.rf.jMmygdNZgNpbEzgliEMR.jpg,valid,valid_D20_12708501-60a5-11ec-8402-0a7404972c70_jpg.rf.jMmygdNZgNpbEzgliEMR.jpg
expansion\dog_conjunctivitis\valid_D20_1277bb3d-60a5-11ec-8402-0a7404972c70_jpg.rf.gci6fAlRBNgnQABbdWL8.jpg,valid,valid_D20_1277bb3d-60a5-11ec-8402-0a7404972c70_jpg.rf.gci6fAlRBNgnQABbdWL8.jpg
expansion\dog_conjunctivitis\valid_D20_1279d626-60a5-11ec-8402-0a7404972c70_jpg.rf.gaarZBVeN8a4udGos5T6.jpg,valid,valid_D20_1279d626-60a5-11ec-8402-0a7404972c70_jpg.rf.gaarZBVeN8a4udGos5T6.jpg
expansion\dog_conjunctivitis\valid_D20_129544d4-60a5-11ec-8402-0a7404972c70_jpg.rf.LsUMddZ2DHo2ilpk9JZd.jpg,valid,valid_D20_129544d4-60a5-11ec-8402-0a7404972c70_jpg.rf.LsUMddZ2DHo2ilpk9JZd.jpg
expansion\dog_conjunctivitis\valid_D20_1390d460-60a5-11ec-8402-0a7404972c70_jpg.rf.VgaFhjYBK7MF08qcbJIg.jpg,valid,valid_D20_1390d460-60a5-11ec-8402-0a7404972c70_jpg.rf.VgaFhjYBK7MF08qcbJIg.jpg
expansion\dog_conjunctivitis\valid_D20_139413a9-60a5-11ec-8402-0a7404972c70_jpg.rf.Tuvn1tPy81Pv1qTdgkQ5.jpg,valid,valid_D20_139413a9-60a5-11ec-8402-0a7404972c70_jpg.rf.Tuvn1tPy81Pv1qTdgkQ5.jpg
expansion\dog_conjunctivitis\valid_D20_1514fbd3-60a5-11ec-8402-0a7404972c70_jpg.rf.RvDacuM8vLrn1SSapneR.jpg,valid,valid_D20_1514fbd3-60a5-11ec-8402-0a7404972c70_jpg.rf.RvDacuM8vLrn1SSapneR.jpg
expansion\dog_conjunctivitis\valid_D20_1843f817-60a5-11ec-8402-0a7404972c70_jpg.rf.uqglBuSFkbavoQmcdrNp.jpg,valid,valid_D20_1843f817-60a5-11ec-8402-0a7404972c70_jpg.rf.uqglBuSFkbavoQmcdrNp.jpg
expansion\dog_conjunctivitis\valid_D20_18490413-60a5-11ec-8402-0a7404972c70_jpg.rf.ylMIOwHRh6XOc4OCLr8a.jpg,valid,valid_D20_18490413-60a5-11ec-8402-0a7404972c70_jpg.rf.ylMIOwHRh6XOc4OCLr8a.jpg
expansion\dog_conjunctivitis\valid_D20_184971dc-60a5-11ec-8402-0a7404972c70_jpg.rf.oJJB0r1uIiQFsocHcyTo.jpg,valid,valid_D20_184971dc-60a5-11ec-8402-0a7404972c70_jpg.rf.oJJB0r1uIiQFsocHcyTo.jpg
expansion\dog_conjunctivitis\valid_D20_19083549-60a5-11ec-8402-0a7404972c70_jpg.rf.KYdVzKau3p4ctRLZKnFE.jpg,valid,valid_D20_19083549-60a5-11ec-8402-0a7404972c70_jpg.rf.KYdVzKau3p4ctRLZKnFE.jpg
expansion\dog_conjunctivitis\valid_D20_21346383-60a5-11ec-8402-0a7404972c70_jpg.rf.nqBsIr6DxIPmdIEHRqkM.jpg,valid,valid_D20_21346383-60a5-11ec-8402-0a7404972c70_jpg.rf.nqBsIr6DxIPmdIEHRqkM.jpg
expansion\dog_conjunctivitis\valid_D20_213529e4-60a5-11ec-8402-0a7404972c70_jpg.rf.s3jzC2C0pIs5SmkRbA7F.jpg,valid,valid_D20_213529e4-60a5-11ec-8402-0a7404972c70_jpg.rf.s3jzC2C0pIs5SmkRbA7F.jpg
expansion\dog_conjunctivitis\valid_D20_2138bc68-60a5-11ec-8402-0a7404972c70_jpg.rf.YBiWHPNmuabwaH4BM6fk.jpg,valid,valid_D20_2138bc68-60a5-11ec-8402-0a7404972c70_jpg.rf.YBiWHPNmuabwaH4BM6fk.jpg
expansion\dog_conjunctivitis\valid_D20_30907d24-60a5-11ec-8402-0a7404972c70_jpg.rf.zmZwsCUt11nTJMGHoAsa.jpg,valid,valid_D20_30907d24-60a5-11ec-8402-0a7404972c70_jpg.rf.zmZwsCUt11nTJMGHoAsa.jpg
expansion\dog_conjunctivitis\valid_D21_03ad35cf-60a5-11ec-8402-0a7404972c70_jpg.rf.pHxhcyLQsS5mAnyoDdYv.jpg,valid,valid_D21_03ad35cf-60a5-11ec-8402-0a7404972c70_jpg.rf.pHxhcyLQsS5mAnyoDdYv.jpg
expansion\dog_conjunctivitis\valid_D21_0dca4847-60a5-11ec-8402-0a7404972c70_jpg.rf.LbVicKtcJdbIPMSqIAh0.jpg,valid,valid_D21_0dca4847-60a5-11ec-8402-0a7404972c70_jpg.rf.LbVicKtcJdbIPMSqIAh0.jpg
expansion\dog_conjunctivitis\valid_D21_0eb01928-60a5-11ec-8402-0a7404972c70_jpg.rf.BzBx5mGmHwBuzeuj92zB.jpg,valid,valid_D21_0eb01928-60a5-11ec-8402-0a7404972c70_jpg.rf.BzBx5mGmHwBuzeuj92zB.jpg
expansion\dog_conjunctivitis\valid_D21_0f00a607-60a5-11ec-8402-0a7404972c70_jpg.rf.EvVG19oydONQhYlkulf0.jpg,valid,valid_D21_0f00a607-60a5-11ec-8402-0a7404972c70_jpg.rf.EvVG19oydONQhYlkulf0.jpg
expansion\dog_conjunctivitis\valid_D21_10bb540a-60a5-11ec-8402-0a7404972c70_jpg.rf.ZIEHIVULZFlJd8sWHFaa.jpg,valid,valid_D21_10bb540a-60a5-11ec-8402-0a7404972c70_jpg.rf.ZIEHIVULZFlJd8sWHFaa.jpg
expansion\dog_conjunctivitis\valid_D2_03abffa6-60a5-11ec-8402-0a7404972c70_jpg.rf.DslIF9kAVOSrm5RwHrPF.jpg,valid,valid_D2_03abffa6-60a5-11ec-8402-0a7404972c70_jpg.rf.DslIF9kAVOSrm5RwHrPF.jpg
expansion\dog_conjunctivitis\valid_D2_0dd60584-60a5-11ec-8402-0a7404972c70_jpg.rf.o275oV47F8RBKjIGVxAA.jpg,valid,valid_D2_0dd60584-60a5-11ec-8402-0a7404972c70_jpg.rf.o275oV47F8RBKjIGVxAA.jpg
expansion\dog_conjunctivitis\valid_D2_0e7c0ce3-60a5-11ec-8402-0a7404972c70_jpg.rf.7x0d1EDZZWkdDl5mspXd.jpg,valid,valid_D2_0e7c0ce3-60a5-11ec-8402-0a7404972c70_jpg.rf.7x0d1EDZZWkdDl5mspXd.jpg
expansion\dog_conjunctivitis\valid_D2_1026f44f-60a5-11ec-8402-0a7404972c70_jpg.rf.r9qCb4MGJP3WBvkCNiOE.jpg,valid,valid_D2_1026f44f-60a5-11ec-8402-0a7404972c70_jpg.rf.r9qCb4MGJP3WBvkCNiOE.jpg
expansion\dog_conjunctivitis\valid_D2_103610b2-60a5-11ec-8402-0a7404972c70_jpg.rf.bsxF1vw2GYk8BVk5VbQ9.jpg,valid,valid_D2_103610b2-60a5-11ec-8402-0a7404972c70_jpg.rf.bsxF1vw2GYk8BVk5VbQ9.jpg
expansion\dog_conjunctivitis\valid_D2_103ced32-60a5-11ec-8402-0a7404972c70_jpg.rf.pHKuiGzHCsbbA30sAVhh.jpg,valid,valid_D2_103ced32-60a5-11ec-8402-0a7404972c70_jpg.rf.pHKuiGzHCsbbA30sAVhh.jpg
expansion\dog_conjunctivitis\valid_D2_108ff639-60a5-11ec-8402-0a7404972c70_jpg.rf.ZhQ4wCg8vAOcJvVhkNFZ.jpg,valid,valid_D2_108ff639-60a5-11ec-8402-0a7404972c70_jpg.rf.ZhQ4wCg8vAOcJvVhkNFZ.jpg
expansion\dog_conjunctivitis\valid_D2_10a3a455-60a5-11ec-8402-0a7404972c70_jpg.rf.AXeHq18WRm9m8klVilHW.jpg,valid,valid_D2_10a3a455-60a5-11ec-8402-0a7404972c70_jpg.rf.AXeHq18WRm9m8klVilHW.jpg
expansion\dog_conjunctivitis\valid_D2_12642350-60a5-11ec-8402-0a7404972c70_jpg.rf.bU1u2XmGlAciku9mc4QP.jpg,valid,valid_D2_12642350-60a5-11ec-8402-0a7404972c70_jpg.rf.bU1u2XmGlAciku9mc4QP.jpg
expansion\dog_conjunctivitis\valid_D2_126b0fdc-60a5-11ec-8402-0a7404972c70_jpg.rf.ZDugXDOyT2p2JJiYWuOe.jpg,valid,valid_D2_126b0fdc-60a5-11ec-8402-0a7404972c70_jpg.rf.ZDugXDOyT2p2JJiYWuOe.jpg
expansion\dog_conjunctivitis\valid_D2_128ef0b9-60a5-11ec-8402-0a7404972c70_jpg.rf.Yu2dn98RxE7EYTVRXyuq.jpg,valid,valid_D2_128ef0b9-60a5-11ec-8402-0a7404972c70_jpg.rf.Yu2dn98RxE7EYTVRXyuq.jpg
expansion\dog_conjunctivitis\valid_D2_12cf1169-60a5-11ec-8402-0a7404972c70_jpg.rf.Pa7QgQ8DXZsHjMmebsnF.jpg,valid,valid_D2_12cf1169-60a5-11ec-8402-0a7404972c70_jpg.rf.Pa7QgQ8DXZsHjMmebsnF.jpg
expansion\dog_conjunctivitis\valid_D2_12e9d9ba-60a5-11ec-8402-0a7404972c70_jpg.rf.qJ0vStCrX3ejQ2Brx1GV.jpg,valid,valid_D2_12e9d9ba-60a5-11ec-8402-0a7404972c70_jpg.rf.qJ0vStCrX3ejQ2Brx1GV.jpg
expansion\dog_conjunctivitis\valid_D2_12f46b5c-60a5-11ec-8402-0a7404972c70_jpg.rf.o9C7ia1V5mZLq3gvY9Td.jpg,valid,valid_D2_12f46b5c-60a5-11ec-8402-0a7404972c70_jpg.rf.o9C7ia1V5mZLq3gvY9Td.jpg
expansion\dog_conjunctivitis\valid_D2_18629d30-60a5-11ec-8402-0a7404972c70_jpg.rf.SaNILlq4WB47sgKTqwYc.jpg,valid,valid_D2_18629d30-60a5-11ec-8402-0a7404972c70_jpg.rf.SaNILlq4WB47sgKTqwYc.jpg
expansion\dog_conjunctivitis\valid_D2_188ccdab-60a5-11ec-8402-0a7404972c70_jpg.rf.cHozdgpGvrYbCS6c6CQz.jpg,valid,valid_D2_188ccdab-60a5-11ec-8402-0a7404972c70_jpg.rf.cHozdgpGvrYbCS6c6CQz.jpg
expansion\dog_conjunctivitis\valid_D2_1d0b48ba-60a5-11ec-8402-0a7404972c70_jpg.rf.kBQznbjxbHlJdlzejz9Q.jpg,valid,valid_D2_1d0b48ba-60a5-11ec-8402-0a7404972c70_jpg.rf.kBQznbjxbHlJdlzejz9Q.jpg
expansion\dog_conjunctivitis\valid_D2_211bea95-60a5-11ec-8402-0a7404972c70_jpg.rf.ugamhIwXJBNIewpxtTkp.jpg,valid,valid_D2_211bea95-60a5-11ec-8402-0a7404972c70_jpg.rf.ugamhIwXJBNIewpxtTkp.jpg
expansion\dog_conjunctivitis\valid_D2_214143b1-60a5-11ec-8402-0a7404972c70_jpg.rf.kHXR7tspzSWdBNVIgvEF.jpg,valid,valid_D2_214143b1-60a5-11ec-8402-0a7404972c70_jpg.rf.kHXR7tspzSWdBNVIgvEF.jpg
expansion\dog_conjunctivitis\valid_D2_30c77f9d-60a5-11ec-8402-0a7404972c70_jpg.rf.8pEgl0aRgnzKEiT4Ewcv.jpg,valid,valid_D2_30c77f9d-60a5-11ec-8402-0a7404972c70_jpg.rf.8pEgl0aRgnzKEiT4Ewcv.jpg
expansion\dog_conjunctivitis\valid_D2_30e9f5a3-60a5-11ec-8402-0a7404972c70_jpg.rf.SG5uqtraZRxLWteqkNjD.jpg,valid,valid_D2_30e9f5a3-60a5-11ec-8402-0a7404972c70_jpg.rf.SG5uqtraZRxLWteqkNjD.jpg
expansion\dog_conjunctivitis\valid_D2_31100ed9-60a5-11ec-8402-0a7404972c70_jpg.rf.EZUNz3Ccxy0Au6TLgb01.jpg,valid,valid_D2_31100ed9-60a5-11ec-8402-0a7404972c70_jpg.rf.EZUNz3Ccxy0Au6TLgb01.jpg
expansion\dog_conjunctivitis\valid_D3_0d510313-60a5-11ec-8402-0a7404972c70_jpg.rf.qCd1HxPtu16Wuzifxn6h.jpg,valid,valid_D3_0d510313-60a5-11ec-8402-0a7404972c70_jpg.rf.qCd1HxPtu16Wuzifxn6h.jpg
expansion\dog_conjunctivitis\valid_D3_0daf628a-60a5-11ec-8402-0a7404972c70_jpg.rf.hTXLtJVeQyoWtRahO5c0.jpg,valid,valid_D3_0daf628a-60a5-11ec-8402-0a7404972c70_jpg.rf.hTXLtJVeQyoWtRahO5c0.jpg
expansion\dog_conjunctivitis\valid_D3_0dc8601c-60a5-11ec-8402-0a7404972c70_jpg.rf.Gdtr5FLa7GAd5WgPhY9v.jpg,valid,valid_D3_0dc8601c-60a5-11ec-8402-0a7404972c70_jpg.rf.Gdtr5FLa7GAd5WgPhY9v.jpg
expansion\dog_conjunctivitis\valid_D3_0e540352-60a5-11ec-8402-0a7404972c70_jpg.rf.VFGRiOt8R7v77fX42cAc.jpg,valid,valid_D3_0e540352-60a5-11ec-8402-0a7404972c70_jpg.rf.VFGRiOt8R7v77fX42cAc.jpg
expansion\dog_conjunctivitis\valid_D3_0eeb9eab-60a5-11ec-8402-0a7404972c70_jpg.rf.IcVhk3MjIcVsk8WLrRsw.jpg,valid,valid_D3_0eeb9eab-60a5-11ec-8402-0a7404972c70_jpg.rf.IcVhk3MjIcVsk8WLrRsw.jpg
expansion\dog_conjunctivitis\valid_D3_10a1713c-60a5-11ec-8402-0a7404972c70_jpg.rf.ABkWmfSvBdmpSC4NMSVp.jpg,valid,valid_D3_10a1713c-60a5-11ec-8402-0a7404972c70_jpg.rf.ABkWmfSvBdmpSC4NMSVp.jpg
expansion\dog_conjunctivitis\valid_D3_10bc2723-60a5-11ec-8402-0a7404972c70_jpg.rf.wU5pyCjpECGmfGWEG9vB.jpg,valid,valid_D3_10bc2723-60a5-11ec-8402-0a7404972c70_jpg.rf.wU5pyCjpECGmfGWEG9vB.jpg
expansion\dog_conjunctivitis\valid_D3_10fd1e24-60a5-11ec-8402-0a7404972c70_jpg.rf.gB8CgFeu31QRMCIVk8fu.jpg,valid,valid_D3_10fd1e24-60a5-11ec-8402-0a7404972c70_jpg.rf.gB8CgFeu31QRMCIVk8fu.jpg
expansion\dog_conjunctivitis\valid_D3_12e1ac85-60a5-11ec-8402-0a7404972c70_jpg.rf.rdrmTPOQbK3Y3XqFn95g.jpg,valid,valid_D3_12e1ac85-60a5-11ec-8402-0a7404972c70_jpg.rf.rdrmTPOQbK3Y3XqFn95g.jpg
expansion\dog_conjunctivitis\valid_D3_1cf6a53c-60a5-11ec-8402-0a7404972c70_jpg.rf.oRd0HCOgZeKKpsTjZhJj.jpg,valid,valid_D3_1cf6a53c-60a5-11ec-8402-0a7404972c70_jpg.rf.oRd0HCOgZeKKpsTjZhJj.jpg
expansion\dog_conjunctivitis\valid_D3_20f5f0d8-60a5-11ec-8402-0a7404972c70_jpg.rf.7ka03OUWcetSk9j6LRhR.jpg,valid,valid_D3_20f5f0d8-60a5-11ec-8402-0a7404972c70_jpg.rf.7ka03OUWcetSk9j6LRhR.jpg
expansion\dog_conjunctivitis\valid_D3_20f63f4c-60a5-11ec-8402-0a7404972c70_jpg.rf.sVIw1CG0X1wF52L1JEVJ.jpg,valid,valid_D3_20f63f4c-60a5-11ec-8402-0a7404972c70_jpg.rf.sVIw1CG0X1wF52L1JEVJ.jpg
expansion\dog_conjunctivitis\valid_D3_20fff3a9-60a5-11ec-8402-0a7404972c70_jpg.rf.0GLmBI25iwEHKZGrauF0.jpg,valid,valid_D3_20fff3a9-60a5-11ec-8402-0a7404972c70_jpg.rf.0GLmBI25iwEHKZGrauF0.jpg
