path,filename,class,split,source,extension
expansion\dog_conjunctivitis\test_D0_0e49d71d-60a5-11ec-8402-0a7404972c70_jpg.rf.WV8mVlnd5VD3jq4BEaiG.jpg,test_D0_0e49d71d-60a5-11ec-8402-0a7404972c70_jpg.rf.WV8mVlnd5VD3jq4BEaiG.jpg,conjunctivitis,test,dog_conjunctivitis,.jpg
expansion\dog_conjunctivitis\test_D0_10779029-60a5-11ec-8402-0a7404972c70_jpg.rf.nszMDDDpIxukJRh96PcY.jpg,test_D0_10779029-60a5-11ec-8402-0a7404972c70_jpg.rf.nszMDDDpIxukJRh96PcY.jpg,conjunctivitis,test,dog_conjunctivitis,.jpg
expansion\dog_conjunctivitis\test_D0_10c05bc8-60a5-11ec-8402-0a7404972c70_jpg.rf.yVV7Jyhr8u4olw0hE3oF.jpg,test_D0_10c05bc8-60a5-11ec-8402-0a7404972c70_jpg.rf.yVV7Jyhr8u4olw0hE3oF.jpg,conjunctivitis,test,dog_conjunctivitis,.jpg
expansion\dog_conjunctivitis\test_D0_1112bdf8-60a5-11ec-8402-0a7404972c70_jpg.rf.a9s7UqCHFOB2ly3LwvPh.jpg,test_D0_1112bdf8-60a5-11ec-8402-0a7404972c70_jpg.rf.a9s7UqCHFOB2ly3LwvPh.jpg,conjunctivitis,test,dog_conjunctivitis,.jpg
expansion\dog_conjunctivitis\test_D0_11271ccd-60a5-11ec-8402-0a7404972c70_jpg.rf.EKZ9RCHa3e4nE5qf3nzY.jpg,test_D0_11271ccd-60a5-11ec-8402-0a7404972c70_jpg.rf.EKZ9RCHa3e4nE5qf3nzY.jpg,conjunctivitis,test,dog_conjunctivitis,.jpg
expansion\dog_conjunctivitis\test_D0_12b0bb75-60a5-11ec-8402-0a7404972c70_jpg.rf.cKGHEUNpKncFzUPaTLc7.jpg,test_D0_12b0bb75-60a5-11ec-8402-0a7404972c70_jpg.rf.cKGHEUNpKncFzUPaTLc7.jpg,conjunctivitis,test,dog_conjunctivitis,.jpg
expansion\dog_conjunctivitis\test_D0_12eca4a5-60a5-11ec-8402-0a7404972c70_jpg.rf.1bj0Pv6NYWkoiFkoLOmZ.jpg,test_D0_12eca4a5-60a5-11ec-8402-0a7404972c70_jpg.rf.1bj0Pv6NYWkoiFkoLOmZ.jpg,conjunctivitis,test,dog_conjunctivitis,.jpg
expansion\dog_conjunctivitis\test_D0_185811e5-60a5-11ec-8402-0a7404972c70_jpg.rf.L4mjpibzVEjbQT8KzJHv.jpg,test_D0_185811e5-60a5-11ec-8402-0a7404972c70_jpg.rf.L4mjpibzVEjbQT8KzJHv.jpg,conjunctivitis,test,dog_conjunctivitis,.jpg
expansion\dog_conjunctivitis\test_D0_18ce5f63-60a5-11ec-8402-0a7404972c70_jpg.rf.2ZNK5WLlsy2UtE3U8Q0D.jpg,test_D0_18ce5f63-60a5-11ec-8402-0a7404972c70_jpg.rf.2ZNK5WLlsy2UtE3U8Q0D.jpg,conjunctivitis,test,dog_conjunctivitis,.jpg
expansion\dog_conjunctivitis\test_D0_1907d9b0-60a5-11ec-8402-0a7404972c70_jpg.rf.IxHd8zEg10u4mFyatGAF.jpg,test_D0_1907d9b0-60a5-11ec-8402-0a7404972c70_jpg.rf.IxHd8zEg10u4mFyatGAF.jpg,conjunctivitis,test,dog_conjunctivitis,.jpg
expansion\dog_conjunctivitis\test_D0_1ce19296-60a5-11ec-8402-0a7404972c70_jpg.rf.ALUNFv7KCGJDzrvq5Sba.jpg,test_D0_1ce19296-60a5-11ec-8402-0a7404972c70_jpg.rf.ALUNFv7KCGJDzrvq5Sba.jpg,conjunctivitis,test,dog_conjunctivitis,.jpg
expansion\dog_conjunctivitis\test_D0_211390b3-60a5-11ec-8402-0a7404972c70_jpg.rf.dosi5SpbbkuDimq2xRE6.jpg,test_D0_211390b3-60a5-11ec-8402-0a7404972c70_jpg.rf.dosi5SpbbkuDimq2xRE6.jpg,conjunctivitis,test,dog_conjunctivitis,.jpg
expansion\dog_conjunctivitis\test_D0_211d82a7-60a5-11ec-8402-0a7404972c70_jpg.rf.7ozI6YDyjPyoPdxPkzt9.jpg,test_D0_211d82a7-60a5-11ec-8402-0a7404972c70_jpg.rf.7ozI6YDyjPyoPdxPkzt9.jpg,conjunctivitis,test,dog_conjunctivitis,.jpg
expansion\dog_conjunctivitis\test_D0_213a8966-60a5-11ec-8402-0a7404972c70_jpg.rf.P7WappP0VFWc1HdzbGTc.jpg,test_D0_213a8966-60a5-11ec-8402-0a7404972c70_jpg.rf.P7WappP0VFWc1HdzbGTc.jpg,conjunctivitis,test,dog_conjunctivitis,.jpg
expansion\dog_conjunctivitis\test_D0_3089b03e-60a5-11ec-8402-0a7404972c70_jpg.rf.CeolFlh5HrHkJbooZdjI.jpg,test_D0_3089b03e-60a5-11ec-8402-0a7404972c70_jpg.rf.CeolFlh5HrHkJbooZdjI.jpg,conjunctivitis,test,dog_conjunctivitis,.jpg
expansion\dog_conjunctivitis\test_D0_30d5eac8-60a5-11ec-8402-0a7404972c70_jpg.rf.ZsJiNtp92IDn3VbCHVhX.jpg,test_D0_30d5eac8-60a5-11ec-8402-0a7404972c70_jpg.rf.ZsJiNtp92IDn3VbCHVhX.jpg,conjunctivitis,test,dog_conjunctivitis,.jpg
expansion\dog_conjunctivitis\test_D0_315024ef-60a5-11ec-8402-0a7404972c70_jpg.rf.8SmOM8mRcOls171xE6Dj.jpg,test_D0_315024ef-60a5-11ec-8402-0a7404972c70_jpg.rf.8SmOM8mRcOls171xE6Dj.jpg,conjunctivitis,test,dog_conjunctivitis,.jpg
expansion\dog_conjunctivitis\test_D18_101159db-60a5-11ec-8402-0a7404972c70_jpg.rf.EbcDXCwuvpIWTrrns51h.jpg,test_D18_101159db-60a5-11ec-8402-0a7404972c70_jpg.rf.EbcDXCwuvpIWTrrns51h.jpg,conjunctivitis,test,dog_conjunctivitis,.jpg
expansion\dog_conjunctivitis\test_D18_16584c55-60a5-11ec-8402-0a7404972c70_jpg.rf.8OFW7eaOKY7XSlNcMuTO.jpg,test_D18_16584c55-60a5-11ec-8402-0a7404972c70_jpg.rf.8OFW7eaOKY7XSlNcMuTO.jpg,conjunctivitis,test,dog_conjunctivitis,.jpg
expansion\dog_conjunctivitis\test_D18_3088faec-60a5-11ec-8402-0a7404972c70_jpg.rf.wHNHDC3HdSOvJF2nxXMg.jpg,test_D18_3088faec-60a5-11ec-8402-0a7404972c70_jpg.rf.wHNHDC3HdSOvJF2nxXMg.jpg,conjunctivitis,test,dog_conjunctivitis,.jpg
expansion\dog_conjunctivitis\test_D18_3141dae8-60a5-11ec-8402-0a7404972c70_jpg.rf.jL05RrYkrwbVHN1mj540.jpg,test_D18_3141dae8-60a5-11ec-8402-0a7404972c70_jpg.rf.jL05RrYkrwbVHN1mj540.jpg,conjunctivitis,test,dog_conjunctivitis,.jpg
expansion\dog_conjunctivitis\test_D19_0d4c9746-60a5-11ec-8402-0a7404972c70_jpg.rf.aE2nKiPq0rUnQZbDaInR.jpg,test_D19_0d4c9746-60a5-11ec-8402-0a7404972c70_jpg.rf.aE2nKiPq0rUnQZbDaInR.jpg,conjunctivitis,test,dog_conjunctivitis,.jpg
expansion\dog_conjunctivitis\test_D19_0d4f5110-60a5-11ec-8402-0a7404972c70_jpg.rf.eDWBHY4xACdmjrYzBH3J.jpg,test_D19_0d4f5110-60a5-11ec-8402-0a7404972c70_jpg.rf.eDWBHY4xACdmjrYzBH3J.jpg,conjunctivitis,test,dog_conjunctivitis,.jpg
expansion\dog_conjunctivitis\test_D19_0dd0b7ff-60a5-11ec-8402-0a7404972c70_jpg.rf.JmH1XN93AUr9vDUffGHa.jpg,test_D19_0dd0b7ff-60a5-11ec-8402-0a7404972c70_jpg.rf.JmH1XN93AUr9vDUffGHa.jpg,conjunctivitis,test,dog_conjunctivitis,.jpg
expansion\dog_conjunctivitis\test_D19_0dd66bf4-60a5-11ec-8402-0a7404972c70_jpg.rf.Hr5RHGHUA8KcqHx6WuFk.jpg,test_D19_0dd66bf4-60a5-11ec-8402-0a7404972c70_jpg.rf.Hr5RHGHUA8KcqHx6WuFk.jpg,conjunctivitis,test,dog_conjunctivitis,.jpg
expansion\dog_conjunctivitis\test_D19_0ffc2958-60a5-11ec-8402-0a7404972c70_jpg.rf.H9yO8UeYJ64kvT1PZg6X.jpg,test_D19_0ffc2958-60a5-11ec-8402-0a7404972c70_jpg.rf.H9yO8UeYJ64kvT1PZg6X.jpg,conjunctivitis,test,dog_conjunctivitis,.jpg
expansion\dog_conjunctivitis\test_D19_0ffea425-60a5-11ec-8402-0a7404972c70_jpg.rf.YXXJvZXwUpJw6BfH0qKW.jpg,test_D19_0ffea425-60a5-11ec-8402-0a7404972c70_jpg.rf.YXXJvZXwUpJw6BfH0qKW.jpg,conjunctivitis,test,dog_conjunctivitis,.jpg
expansion\dog_conjunctivitis\test_D1_0d4eee96-60a5-11ec-8402-0a7404972c70_jpg.rf.OuHtPynDZ7HWMRNzUGQa.jpg,test_D1_0d4eee96-60a5-11ec-8402-0a7404972c70_jpg.rf.OuHtPynDZ7HWMRNzUGQa.jpg,conjunctivitis,test,dog_conjunctivitis,.jpg
expansion\dog_conjunctivitis\test_D1_0e606a50-60a5-11ec-8402-0a7404972c70_jpg.rf.rjnozotuoZDpb9ikW63e.jpg,test_D1_0e606a50-60a5-11ec-8402-0a7404972c70_jpg.rf.rjnozotuoZDpb9ikW63e.jpg,conjunctivitis,test,dog_conjunctivitis,.jpg
expansion\dog_conjunctivitis\test_D1_0e6d6d34-60a5-11ec-8402-0a7404972c70_jpg.rf.FxsT2dQ2bzynYZsevCAX.jpg,test_D1_0e6d6d34-60a5-11ec-8402-0a7404972c70_jpg.rf.FxsT2dQ2bzynYZsevCAX.jpg,conjunctivitis,test,dog_conjunctivitis,.jpg
expansion\dog_conjunctivitis\test_D1_1012d2ce-60a5-11ec-8402-0a7404972c70_jpg.rf.SPttykOmqeJqmtmyxk7c.jpg,test_D1_1012d2ce-60a5-11ec-8402-0a7404972c70_jpg.rf.SPttykOmqeJqmtmyxk7c.jpg,conjunctivitis,test,dog_conjunctivitis,.jpg
expansion\dog_conjunctivitis\test_D1_1020dd27-60a5-11ec-8402-0a7404972c70_jpg.rf.zJIPTrGq6q1Csc78TdmN.jpg,test_D1_1020dd27-60a5-11ec-8402-0a7404972c70_jpg.rf.zJIPTrGq6q1Csc78TdmN.jpg,conjunctivitis,test,dog_conjunctivitis,.jpg
expansion\dog_conjunctivitis\test_D1_10fecfbc-60a5-11ec-8402-0a7404972c70_jpg.rf.2NYc4pLY1GQXoFPApQYx.jpg,test_D1_10fecfbc-60a5-11ec-8402-0a7404972c70_jpg.rf.2NYc4pLY1GQXoFPApQYx.jpg,conjunctivitis,test,dog_conjunctivitis,.jpg
expansion\dog_conjunctivitis\test_D1_128f63b0-60a5-11ec-8402-0a7404972c70_jpg.rf.u5vzFlbAjepU1YUmjOrl.jpg,test_D1_128f63b0-60a5-11ec-8402-0a7404972c70_jpg.rf.u5vzFlbAjepU1YUmjOrl.jpg,conjunctivitis,test,dog_conjunctivitis,.jpg
expansion\dog_conjunctivitis\test_D1_12f65c61-60a5-11ec-8402-0a7404972c70_jpg.rf.SKc2SnHmO3Zt5zRklOTl.jpg,test_D1_12f65c61-60a5-11ec-8402-0a7404972c70_jpg.rf.SKc2SnHmO3Zt5zRklOTl.jpg,conjunctivitis,test,dog_conjunctivitis,.jpg
expansion\dog_conjunctivitis\test_D1_16812adc-60a5-11ec-8402-0a7404972c70_jpg.rf.Ci3th01aADbeM71he3xX.jpg,test_D1_16812adc-60a5-11ec-8402-0a7404972c70_jpg.rf.Ci3th01aADbeM71he3xX.jpg,conjunctivitis,test,dog_conjunctivitis,.jpg
expansion\dog_conjunctivitis\test_D1_20ed1297-60a5-11ec-8402-0a7404972c70_jpg.rf.JvkyqtacPNR4z9jfKRMN.jpg,test_D1_20ed1297-60a5-11ec-8402-0a7404972c70_jpg.rf.JvkyqtacPNR4z9jfKRMN.jpg,conjunctivitis,test,dog_conjunctivitis,.jpg
expansion\dog_conjunctivitis\test_D1_2110e590-60a5-11ec-8402-0a7404972c70_jpg.rf.femQco5fYxcba2lLZFwE.jpg,test_D1_2110e590-60a5-11ec-8402-0a7404972c70_jpg.rf.femQco5fYxcba2lLZFwE.jpg,conjunctivitis,test,dog_conjunctivitis,.jpg
expansion\dog_conjunctivitis\test_D1_213c5e8d-60a5-11ec-8402-0a7404972c70_jpg.rf.RAi1k0L8sCLhxBjwEvYn.jpg,test_D1_213c5e8d-60a5-11ec-8402-0a7404972c70_jpg.rf.RAi1k0L8sCLhxBjwEvYn.jpg,conjunctivitis,test,dog_conjunctivitis,.jpg
expansion\dog_conjunctivitis\test_D1_30721df6-60a5-11ec-8402-0a7404972c70_jpg.rf.ClFeRcTQk4NbsLARep6g.jpg,test_D1_30721df6-60a5-11ec-8402-0a7404972c70_jpg.rf.ClFeRcTQk4NbsLARep6g.jpg,conjunctivitis,test,dog_conjunctivitis,.jpg
expansion\dog_conjunctivitis\test_D20_1029233b-60a5-11ec-8402-0a7404972c70_jpg.rf.J4FV1y7wFOA6lDfXXZCv.jpg,test_D20_1029233b-60a5-11ec-8402-0a7404972c70_jpg.rf.J4FV1y7wFOA6lDfXXZCv.jpg,conjunctivitis,test,dog_conjunctivitis,.jpg
expansion\dog_conjunctivitis\test_D20_1288687b-60a5-11ec-8402-0a7404972c70_jpg.rf.pKWpumCIf5zgCYAB1ADP.jpg,test_D20_1288687b-60a5-11ec-8402-0a7404972c70_jpg.rf.pKWpumCIf5zgCYAB1ADP.jpg,conjunctivitis,test,dog_conjunctivitis,.jpg
expansion\dog_conjunctivitis\test_D20_1918c637-60a5-11ec-8402-0a7404972c70_jpg.rf.dcMdmkG0Y2OXla6HJu5t.jpg,test_D20_1918c637-60a5-11ec-8402-0a7404972c70_jpg.rf.dcMdmkG0Y2OXla6HJu5t.jpg,conjunctivitis,test,dog_conjunctivitis,.jpg
expansion\dog_conjunctivitis\test_D20_19435889-60a5-11ec-8402-0a7404972c70_jpg.rf.ooKcQFz7viNqPnRuFZzs.jpg,test_D20_19435889-60a5-11ec-8402-0a7404972c70_jpg.rf.ooKcQFz7viNqPnRuFZzs.jpg,conjunctivitis,test,dog_conjunctivitis,.jpg
expansion\dog_conjunctivitis\test_D21_02f85d01-60a5-11ec-8402-0a7404972c70_jpg.rf.vxCyIUbTLnt64hKdFP4z.jpg,test_D21_02f85d01-60a5-11ec-8402-0a7404972c70_jpg.rf.vxCyIUbTLnt64hKdFP4z.jpg,conjunctivitis,test,dog_conjunctivitis,.jpg
expansion\dog_conjunctivitis\test_D21_0dc7d9fd-60a5-11ec-8402-0a7404972c70_jpg.rf.Zr1aX7arvu0xSXU5OMa5.jpg,test_D21_0dc7d9fd-60a5-11ec-8402-0a7404972c70_jpg.rf.Zr1aX7arvu0xSXU5OMa5.jpg,conjunctivitis,test,dog_conjunctivitis,.jpg
expansion\dog_conjunctivitis\test_D21_0dcbea33-60a5-11ec-8402-0a7404972c70_jpg.rf.ecRfi5AypzVBzNP0bOPf.jpg,test_D21_0dcbea33-60a5-11ec-8402-0a7404972c70_jpg.rf.ecRfi5AypzVBzNP0bOPf.jpg,conjunctivitis,test,dog_conjunctivitis,.jpg
expansion\dog_conjunctivitis\test_D21_0dd5eb1c-60a5-11ec-8402-0a7404972c70_jpg.rf.MWJ1WNto69GXeLierSyo.jpg,test_D21_0dd5eb1c-60a5-11ec-8402-0a7404972c70_jpg.rf.MWJ1WNto69GXeLierSyo.jpg,conjunctivitis,test,dog_conjunctivitis,.jpg
expansion\dog_conjunctivitis\test_D21_0e4bee75-60a5-11ec-8402-0a7404972c70_jpg.rf.NSJJJcaidStG6cMjf5al.jpg,test_D21_0e4bee75-60a5-11ec-8402-0a7404972c70_jpg.rf.NSJJJcaidStG6cMjf5al.jpg,conjunctivitis,test,dog_conjunctivitis,.jpg
expansion\dog_conjunctivitis\test_D21_10a438ad-60a5-11ec-8402-0a7404972c70_jpg.rf.VJawwPAK0tKkdqdcyNiX.jpg,test_D21_10a438ad-60a5-11ec-8402-0a7404972c70_jpg.rf.VJawwPAK0tKkdqdcyNiX.jpg,conjunctivitis,test,dog_conjunctivitis,.jpg
expansion\dog_conjunctivitis\test_D21_10a86f4f-60a5-11ec-8402-0a7404972c70_jpg.rf.HIYQn7FL0jVIMHSS2VZS.jpg,test_D21_10a86f4f-60a5-11ec-8402-0a7404972c70_jpg.rf.HIYQn7FL0jVIMHSS2VZS.jpg,conjunctivitis,test,dog_conjunctivitis,.jpg
expansion\dog_conjunctivitis\test_D2_03732e51-60a5-11ec-8402-0a7404972c70_jpg.rf.b1KWgZ4MFGUkwPfEW6ZX.jpg,test_D2_03732e51-60a5-11ec-8402-0a7404972c70_jpg.rf.b1KWgZ4MFGUkwPfEW6ZX.jpg,conjunctivitis,test,dog_conjunctivitis,.jpg
expansion\dog_conjunctivitis\test_D2_0df98a85-60a5-11ec-8402-0a7404972c70_jpg.rf.1yhPTNIC7jqe0EU4rNR2.jpg,test_D2_0df98a85-60a5-11ec-8402-0a7404972c70_jpg.rf.1yhPTNIC7jqe0EU4rNR2.jpg,conjunctivitis,test,dog_conjunctivitis,.jpg
expansion\dog_conjunctivitis\test_D2_1004344c-60a5-11ec-8402-0a7404972c70_jpg.rf.7HTPjvI8bnEWrOd0Kp4x.jpg,test_D2_1004344c-60a5-11ec-8402-0a7404972c70_jpg.rf.7HTPjvI8bnEWrOd0Kp4x.jpg,conjunctivitis,test,dog_conjunctivitis,.jpg
expansion\dog_conjunctivitis\test_D2_102888a7-60a5-11ec-8402-0a7404972c70_jpg.rf.cxscWAiQNvZo2quAozl0.jpg,test_D2_102888a7-60a5-11ec-8402-0a7404972c70_jpg.rf.cxscWAiQNvZo2quAozl0.jpg,conjunctivitis,test,dog_conjunctivitis,.jpg
expansion\dog_conjunctivitis\test_D2_103c2776-60a5-11ec-8402-0a7404972c70_jpg.rf.pBYE4Sw503JLyfSB27oV.jpg,test_D2_103c2776-60a5-11ec-8402-0a7404972c70_jpg.rf.pBYE4Sw503JLyfSB27oV.jpg,conjunctivitis,test,dog_conjunctivitis,.jpg
expansion\dog_conjunctivitis\test_D2_10a29025-60a5-11ec-8402-0a7404972c70_jpg.rf.bnf7s63ZxF2HTFbbUM27.jpg,test_D2_10a29025-60a5-11ec-8402-0a7404972c70_jpg.rf.bnf7s63ZxF2HTFbbUM27.jpg,conjunctivitis,test,dog_conjunctivitis,.jpg
expansion\dog_conjunctivitis\test_D2_1118640d-60a5-11ec-8402-0a7404972c70_jpg.rf.CpoUKvp1KuVvcVUUJtZl.jpg,test_D2_1118640d-60a5-11ec-8402-0a7404972c70_jpg.rf.CpoUKvp1KuVvcVUUJtZl.jpg,conjunctivitis,test,dog_conjunctivitis,.jpg
expansion\dog_conjunctivitis\test_D2_1379ffb7-60a5-11ec-8402-0a7404972c70_jpg.rf.e5V6eFlTn2LUBqm4wb8q.jpg,test_D2_1379ffb7-60a5-11ec-8402-0a7404972c70_jpg.rf.e5V6eFlTn2LUBqm4wb8q.jpg,conjunctivitis,test,dog_conjunctivitis,.jpg
expansion\dog_conjunctivitis\test_D2_166fe59e-60a5-11ec-8402-0a7404972c70_jpg.rf.VLxoFgmwRG0mR0QPvO5X.jpg,test_D2_166fe59e-60a5-11ec-8402-0a7404972c70_jpg.rf.VLxoFgmwRG0mR0QPvO5X.jpg,conjunctivitis,test,dog_conjunctivitis,.jpg
expansion\dog_conjunctivitis\test_D2_1923813d-60a5-11ec-8402-0a7404972c70_jpg.rf.8MLKDxbKIbC4kPEs4j8m.jpg,test_D2_1923813d-60a5-11ec-8402-0a7404972c70_jpg.rf.8MLKDxbKIbC4kPEs4j8m.jpg,conjunctivitis,test,dog_conjunctivitis,.jpg
expansion\dog_conjunctivitis\test_D2_19dfcafa-60a5-11ec-8402-0a7404972c70_jpg.rf.aUILQcVdHVTNccE4pBOA.jpg,test_D2_19dfcafa-60a5-11ec-8402-0a7404972c70_jpg.rf.aUILQcVdHVTNccE4pBOA.jpg,conjunctivitis,test,dog_conjunctivitis,.jpg
expansion\dog_conjunctivitis\test_D2_30d4ba06-60a5-11ec-8402-0a7404972c70_jpg.rf.OFTZd9pUkkpGrKEvV2Xh.jpg,test_D2_30d4ba06-60a5-11ec-8402-0a7404972c70_jpg.rf.OFTZd9pUkkpGrKEvV2Xh.jpg,conjunctivitis,test,dog_conjunctivitis,.jpg
expansion\dog_conjunctivitis\test_D2_30dbc814-60a5-11ec-8402-0a7404972c70_jpg.rf.jRNF0clHGSkfYlg2BXwo.jpg,test_D2_30dbc814-60a5-11ec-8402-0a7404972c70_jpg.rf.jRNF0clHGSkfYlg2BXwo.jpg,conjunctivitis,test,dog_conjunctivitis,.jpg
expansion\dog_conjunctivitis\test_D2_312bc910-60a5-11ec-8402-0a7404972c70_jpg.rf.qHevnZDrUjWYSRAFTPj8.jpg,test_D2_312bc910-60a5-11ec-8402-0a7404972c70_jpg.rf.qHevnZDrUjWYSRAFTPj8.jpg,conjunctivitis,test,dog_conjunctivitis,.jpg
expansion\dog_conjunctivitis\test_D2_316b7242-60a5-11ec-8402-0a7404972c70_jpg.rf.dmwBAov65JQDxnO2gon9.jpg,test_D2_316b7242-60a5-11ec-8402-0a7404972c70_jpg.rf.dmwBAov65JQDxnO2gon9.jpg,conjunctivitis,test,dog_conjunctivitis,.jpg
expansion\dog_conjunctivitis\test_D3_0e59a760-60a5-11ec-8402-0a7404972c70_jpg.rf.xlaMlAlkmg2tQozyGAxF.jpg,test_D3_0e59a760-60a5-11ec-8402-0a7404972c70_jpg.rf.xlaMlAlkmg2tQozyGAxF.jpg,conjunctivitis,test,dog_conjunctivitis,.jpg
expansion\dog_conjunctivitis\test_D3_12f537e5-60a5-11ec-8402-0a7404972c70_jpg.rf.Q4xiFLfbzl1UF4NUxU0A.jpg,test_D3_12f537e5-60a5-11ec-8402-0a7404972c70_jpg.rf.Q4xiFLfbzl1UF4NUxU0A.jpg,conjunctivitis,test,dog_conjunctivitis,.jpg
expansion\dog_conjunctivitis\train_D0_02f99e22-60a5-11ec-8402-0a7404972c70_jpg.rf.xhvuMvPMO3dJJsFMeTEm.jpg,train_D0_02f99e22-60a5-11ec-8402-0a7404972c70_jpg.rf.xhvuMvPMO3dJJsFMeTEm.jpg,conjunctivitis,train,dog_conjunctivitis,.jpg
expansion\dog_conjunctivitis\train_D0_02fb427f-60a5-11ec-8402-0a7404972c70_jpg.rf.fNHzwwsY8hrfJC3ac3tW.jpg,train_D0_02fb427f-60a5-11ec-8402-0a7404972c70_jpg.rf.fNHzwwsY8hrfJC3ac3tW.jpg,conjunctivitis,train,dog_conjunctivitis,.jpg
expansion\dog_conjunctivitis\train_D0_030750e3-60a5-11ec-8402-0a7404972c70_jpg.rf.rmLVjt92AZ3w6REPyrvE.jpg,train_D0_030750e3-60a5-11ec-8402-0a7404972c70_jpg.rf.rmLVjt92AZ3w6REPyrvE.jpg,conjunctivitis,train,dog_conjunctivitis,.jpg
expansion\dog_conjunctivitis\train_D0_0380fc37-60a5-11ec-8402-0a7404972c70_jpg.rf.TeqrCK3lxd23nqJJ6MJB.jpg,train_D0_0380fc37-60a5-11ec-8402-0a7404972c70_jpg.rf.TeqrCK3lxd23nqJJ6MJB.jpg,conjunctivitis,train,dog_conjunctivitis,.jpg
expansion\dog_conjunctivitis\train_D0_03a5bf05-60a5-11ec-8402-0a7404972c70_jpg.rf.hGyr2wTL38DWo0QGPsPo.jpg,train_D0_03a5bf05-60a5-11ec-8402-0a7404972c70_jpg.rf.hGyr2wTL38DWo0QGPsPo.jpg,conjunctivitis,train,dog_conjunctivitis,.jpg
expansion\dog_conjunctivitis\train_D0_03ad2e4b-60a5-11ec-8402-0a7404972c70_jpg.rf.YUf30aRukrE7ZIO6lzdR.jpg,train_D0_03ad2e4b-60a5-11ec-8402-0a7404972c70_jpg.rf.YUf30aRukrE7ZIO6lzdR.jpg,conjunctivitis,train,dog_conjunctivitis,.jpg
expansion\dog_conjunctivitis\train_D0_0dcb4895-60a5-11ec-8402-0a7404972c70_jpg.rf.KBAFWgnJz2J5C2to2xMQ.jpg,train_D0_0dcb4895-60a5-11ec-8402-0a7404972c70_jpg.rf.KBAFWgnJz2J5C2to2xMQ.jpg,conjunctivitis,train,dog_conjunctivitis,.jpg
expansion\dog_conjunctivitis\train_D0_0dee6da8-60a5-11ec-8402-0a7404972c70_jpg.rf.sh23cAxRFBybvCONRr7V.jpg,train_D0_0dee6da8-60a5-11ec-8402-0a7404972c70_jpg.rf.sh23cAxRFBybvCONRr7V.jpg,conjunctivitis,train,dog_conjunctivitis,.jpg
expansion\dog_conjunctivitis\train_D0_0df020c1-60a5-11ec-8402-0a7404972c70_jpg.rf.NgQmjxJRYurvYxHRF3Ck.jpg,train_D0_0df020c1-60a5-11ec-8402-0a7404972c70_jpg.rf.NgQmjxJRYurvYxHRF3Ck.jpg,conjunctivitis,train,dog_conjunctivitis,.jpg
expansion\dog_conjunctivitis\train_D0_0e4c5c0e-60a5-11ec-8402-0a7404972c70_jpg.rf.wTqLTjCStb675xvlkFKv.jpg,train_D0_0e4c5c0e-60a5-11ec-8402-0a7404972c70_jpg.rf.wTqLTjCStb675xvlkFKv.jpg,conjunctivitis,train,dog_conjunctivitis,.jpg
expansion\dog_conjunctivitis\train_D0_0e79a1c3-60a5-11ec-8402-0a7404972c70_jpg.rf.5CMiPib0ZjksXzUCAKg2.jpg,train_D0_0e79a1c3-60a5-11ec-8402-0a7404972c70_jpg.rf.5CMiPib0ZjksXzUCAKg2.jpg,conjunctivitis,train,dog_conjunctivitis,.jpg
expansion\dog_conjunctivitis\train_D0_0e7b588f-60a5-11ec-8402-0a7404972c70_jpg.rf.LTGADR3bJJj9JR6PiBTO.jpg,train_D0_0e7b588f-60a5-11ec-8402-0a7404972c70_jpg.rf.LTGADR3bJJj9JR6PiBTO.jpg,conjunctivitis,train,dog_conjunctivitis,.jpg
expansion\dog_conjunctivitis\train_D0_0e851f01-60a5-11ec-8402-0a7404972c70_jpg.rf.8Go8aUKbxJWuwVVQ7IE9.jpg,train_D0_0e851f01-60a5-11ec-8402-0a7404972c70_jpg.rf.8Go8aUKbxJWuwVVQ7IE9.jpg,conjunctivitis,train,dog_conjunctivitis,.jpg
expansion\dog_conjunctivitis\train_D0_0eb1b8bb-60a5-11ec-8402-0a7404972c70_jpg.rf.jJr7fhCu96XyLynK8KiL.jpg,train_D0_0eb1b8bb-60a5-11ec-8402-0a7404972c70_jpg.rf.jJr7fhCu96XyLynK8KiL.jpg,conjunctivitis,train,dog_conjunctivitis,.jpg
expansion\dog_conjunctivitis\train_D0_0eb2d0e0-60a5-11ec-8402-0a7404972c70_jpg.rf.NtkSJHCrkSqUsfajcCjz.jpg,train_D0_0eb2d0e0-60a5-11ec-8402-0a7404972c70_jpg.rf.NtkSJHCrkSqUsfajcCjz.jpg,conjunctivitis,train,dog_conjunctivitis,.jpg
expansion\dog_conjunctivitis\train_D0_0ffccc00-60a5-11ec-8402-0a7404972c70_jpg.rf.31OxBm3PogjBVhJdtydp.jpg,train_D0_0ffccc00-60a5-11ec-8402-0a7404972c70_jpg.rf.31OxBm3PogjBVhJdtydp.jpg,conjunctivitis,train,dog_conjunctivitis,.jpg
expansion\dog_conjunctivitis\train_D0_0ffec3d5-60a5-11ec-8402-0a7404972c70_jpg.rf.dt4pAa4e7XhlAGUIiCcC.jpg,train_D0_0ffec3d5-60a5-11ec-8402-0a7404972c70_jpg.rf.dt4pAa4e7XhlAGUIiCcC.jpg,conjunctivitis,train,dog_conjunctivitis,.jpg
expansion\dog_conjunctivitis\train_D0_100440d3-60a5-11ec-8402-0a7404972c70_jpg.rf.TFCBNu2os0WlHsEkPOFG.jpg,train_D0_100440d3-60a5-11ec-8402-0a7404972c70_jpg.rf.TFCBNu2os0WlHsEkPOFG.jpg,conjunctivitis,train,dog_conjunctivitis,.jpg
expansion\dog_conjunctivitis\train_D0_10157d15-60a5-11ec-8402-0a7404972c70_jpg.rf.6xhCDWXx0mj1g2r2rRIa.jpg,train_D0_10157d15-60a5-11ec-8402-0a7404972c70_jpg.rf.6xhCDWXx0mj1g2r2rRIa.jpg,conjunctivitis,train,dog_conjunctivitis,.jpg
expansion\dog_conjunctivitis\train_D0_101a7234-60a5-11ec-8402-0a7404972c70_jpg.rf.TSW4nsxeDqU3fXFCrFfc.jpg,train_D0_101a7234-60a5-11ec-8402-0a7404972c70_jpg.rf.TSW4nsxeDqU3fXFCrFfc.jpg,conjunctivitis,train,dog_conjunctivitis,.jpg
expansion\dog_conjunctivitis\train_D0_1025dd38-60a5-11ec-8402-0a7404972c70_jpg.rf.hn4klCMFAqKbDW49Qw1z.jpg,train_D0_1025dd38-60a5-11ec-8402-0a7404972c70_jpg.rf.hn4klCMFAqKbDW49Qw1z.jpg,conjunctivitis,train,dog_conjunctivitis,.jpg
expansion\dog_conjunctivitis\train_D0_10271476-60a5-11ec-8402-0a7404972c70_jpg.rf.nN3TfZOQagSAZKtzCCKL.jpg,train_D0_10271476-60a5-11ec-8402-0a7404972c70_jpg.rf.nN3TfZOQagSAZKtzCCKL.jpg,conjunctivitis,train,dog_conjunctivitis,.jpg
expansion\dog_conjunctivitis\train_D0_10286053-60a5-11ec-8402-0a7404972c70_jpg.rf.0v3DSIgreNC7sEPLjfun.jpg,train_D0_10286053-60a5-11ec-8402-0a7404972c70_jpg.rf.0v3DSIgreNC7sEPLjfun.jpg,conjunctivitis,train,dog_conjunctivitis,.jpg
expansion\dog_conjunctivitis\train_D0_102c68bf-60a5-11ec-8402-0a7404972c70_jpg.rf.DO7qok4A7rXlc7Rl7DrX.jpg,train_D0_102c68bf-60a5-11ec-8402-0a7404972c70_jpg.rf.DO7qok4A7rXlc7Rl7DrX.jpg,conjunctivitis,train,dog_conjunctivitis,.jpg
expansion\dog_conjunctivitis\train_D0_10344c1d-60a5-11ec-8402-0a7404972c70_jpg.rf.3xG1Teiv8axxNT6umP5t.jpg,train_D0_10344c1d-60a5-11ec-8402-0a7404972c70_jpg.rf.3xG1Teiv8axxNT6umP5t.jpg,conjunctivitis,train,dog_conjunctivitis,.jpg
expansion\dog_conjunctivitis\train_D0_1038ad7e-60a5-11ec-8402-0a7404972c70_jpg.rf.XoFm4artcI0lNxlJnp3y.jpg,train_D0_1038ad7e-60a5-11ec-8402-0a7404972c70_jpg.rf.XoFm4artcI0lNxlJnp3y.jpg,conjunctivitis,train,dog_conjunctivitis,.jpg
expansion\dog_conjunctivitis\train_D0_10398487-60a5-11ec-8402-0a7404972c70_jpg.rf.LYNaicMY2LsCH6ohoDOz.jpg,train_D0_10398487-60a5-11ec-8402-0a7404972c70_jpg.rf.LYNaicMY2LsCH6ohoDOz.jpg,conjunctivitis,train,dog_conjunctivitis,.jpg
expansion\dog_conjunctivitis\train_D0_103b7a80-60a5-11ec-8402-0a7404972c70_jpg.rf.gkYV88zvfeshkBTIwp2l.jpg,train_D0_103b7a80-60a5-11ec-8402-0a7404972c70_jpg.rf.gkYV88zvfeshkBTIwp2l.jpg,conjunctivitis,train,dog_conjunctivitis,.jpg
expansion\dog_conjunctivitis\train_D0_104e3899-60a5-11ec-8402-0a7404972c70_jpg.rf.KVHddVZMsDdcB31fAVdz.jpg,train_D0_104e3899-60a5-11ec-8402-0a7404972c70_jpg.rf.KVHddVZMsDdcB31fAVdz.jpg,conjunctivitis,train,dog_conjunctivitis,.jpg
expansion\dog_conjunctivitis\train_D0_106a38fb-60a5-11ec-8402-0a7404972c70_jpg.rf.EiLCQXGeqbktvEPQHVW1.jpg,train_D0_106a38fb-60a5-11ec-8402-0a7404972c70_jpg.rf.EiLCQXGeqbktvEPQHVW1.jpg,conjunctivitis,train,dog_conjunctivitis,.jpg
expansion\dog_conjunctivitis\train_D0_107d606c-60a5-11ec-8402-0a7404972c70_jpg.rf.20daitzM0qDsKV7sXYpR.jpg,train_D0_107d606c-60a5-11ec-8402-0a7404972c70_jpg.rf.20daitzM0qDsKV7sXYpR.jpg,conjunctivitis,train,dog_conjunctivitis,.jpg
expansion\dog_conjunctivitis\train_D0_10d0d5f1-60a5-11ec-8402-0a7404972c70_jpg.rf.2nTOGjTaSp3UUiN9e4bJ.jpg,train_D0_10d0d5f1-60a5-11ec-8402-0a7404972c70_jpg.rf.2nTOGjTaSp3UUiN9e4bJ.jpg,conjunctivitis,train,dog_conjunctivitis,.jpg
expansion\dog_conjunctivitis\train_D0_10d6d6ec-60a5-11ec-8402-0a7404972c70_jpg.rf.rCFo2b3Oc1qcbk2cwfL8.jpg,train_D0_10d6d6ec-60a5-11ec-8402-0a7404972c70_jpg.rf.rCFo2b3Oc1qcbk2cwfL8.jpg,conjunctivitis,train,dog_conjunctivitis,.jpg
expansion\dog_conjunctivitis\train_D0_10e065ff-60a5-11ec-8402-0a7404972c70_jpg.rf.CxQALfVDxW1fbd6iyGTE.jpg,train_D0_10e065ff-60a5-11ec-8402-0a7404972c70_jpg.rf.CxQALfVDxW1fbd6iyGTE.jpg,conjunctivitis,train,dog_conjunctivitis,.jpg
expansion\dog_conjunctivitis\train_D0_10fd160a-60a5-11ec-8402-0a7404972c70_jpg.rf.gpsodHN4zBq5Gs93b3Fg.jpg,train_D0_10fd160a-60a5-11ec-8402-0a7404972c70_jpg.rf.gpsodHN4zBq5Gs93b3Fg.jpg,conjunctivitis,train,dog_conjunctivitis,.jpg
expansion\dog_conjunctivitis\train_D0_11878b18-60a5-11ec-8402-0a7404972c70_jpg.rf.z2sLjhFwo8mJXEEezfWT.jpg,train_D0_11878b18-60a5-11ec-8402-0a7404972c70_jpg.rf.z2sLjhFwo8mJXEEezfWT.jpg,conjunctivitis,train,dog_conjunctivitis,.jpg
expansion\dog_conjunctivitis\train_D0_1257ef37-60a5-11ec-8402-0a7404972c70_jpg.rf.eILWMY42kXgHYsAkPZxs.jpg,train_D0_1257ef37-60a5-11ec-8402-0a7404972c70_jpg.rf.eILWMY42kXgHYsAkPZxs.jpg,conjunctivitis,train,dog_conjunctivitis,.jpg
expansion\dog_conjunctivitis\train_D0_125d773b-60a5-11ec-8402-0a7404972c70_jpg.rf.opwXFYlTPdgVOZIhYx1p.jpg,train_D0_125d773b-60a5-11ec-8402-0a7404972c70_jpg.rf.opwXFYlTPdgVOZIhYx1p.jpg,conjunctivitis,train,dog_conjunctivitis,.jpg
expansion\dog_conjunctivitis\train_D0_1266f121-60a5-11ec-8402-0a7404972c70_jpg.rf.YGZrAnRihqblwldPIEFg.jpg,train_D0_1266f121-60a5-11ec-8402-0a7404972c70_jpg.rf.YGZrAnRihqblwldPIEFg.jpg,conjunctivitis,train,dog_conjunctivitis,.jpg
expansion\dog_conjunctivitis\train_D0_126a28dd-60a5-11ec-8402-0a7404972c70_jpg.rf.kSjeE3JTenvOVoBcjVlm.jpg,train_D0_126a28dd-60a5-11ec-8402-0a7404972c70_jpg.rf.kSjeE3JTenvOVoBcjVlm.jpg,conjunctivitis,train,dog_conjunctivitis,.jpg
expansion\dog_conjunctivitis\train_D0_126eb672-60a5-11ec-8402-0a7404972c70_jpg.rf.kfZ4zMjrKBZ8gGcq9SMa.jpg,train_D0_126eb672-60a5-11ec-8402-0a7404972c70_jpg.rf.kfZ4zMjrKBZ8gGcq9SMa.jpg,conjunctivitis,train,dog_conjunctivitis,.jpg
expansion\dog_conjunctivitis\train_D0_12718a47-60a5-11ec-8402-0a7404972c70_jpg.rf.nwDGaVntfuxAizNECTXh.jpg,train_D0_12718a47-60a5-11ec-8402-0a7404972c70_jpg.rf.nwDGaVntfuxAizNECTXh.jpg,conjunctivitis,train,dog_conjunctivitis,.jpg
expansion\dog_conjunctivitis\train_D0_1271ba45-60a5-11ec-8402-0a7404972c70_jpg.rf.1t0LhAjrp1ypdiXDMRCc.jpg,train_D0_1271ba45-60a5-11ec-8402-0a7404972c70_jpg.rf.1t0LhAjrp1ypdiXDMRCc.jpg,conjunctivitis,train,dog_conjunctivitis,.jpg
expansion\dog_conjunctivitis\train_D0_12727e5c-60a5-11ec-8402-0a7404972c70_jpg.rf.KlJ6DGnukZxP2hRNYOFv.jpg,train_D0_12727e5c-60a5-11ec-8402-0a7404972c70_jpg.rf.KlJ6DGnukZxP2hRNYOFv.jpg,conjunctivitis,train,dog_conjunctivitis,.jpg
expansion\dog_conjunctivitis\train_D0_127815b8-60a5-11ec-8402-0a7404972c70_jpg.rf.1Ql0Cw7i4GnwJJjkIfpu.jpg,train_D0_127815b8-60a5-11ec-8402-0a7404972c70_jpg.rf.1Ql0Cw7i4GnwJJjkIfpu.jpg,conjunctivitis,train,dog_conjunctivitis,.jpg
expansion\dog_conjunctivitis\train_D0_127a2ef5-60a5-11ec-8402-0a7404972c70_jpg.rf.5idH7K8qvt2SZK8TYFHI.jpg,train_D0_127a2ef5-60a5-11ec-8402-0a7404972c70_jpg.rf.5idH7K8qvt2SZK8TYFHI.jpg,conjunctivitis,train,dog_conjunctivitis,.jpg
expansion\dog_conjunctivitis\train_D0_1290e339-60a5-11ec-8402-0a7404972c70_jpg.rf.ZDh3Mw3zu6aLzDXyHE33.jpg,train_D0_1290e339-60a5-11ec-8402-0a7404972c70_jpg.rf.ZDh3Mw3zu6aLzDXyHE33.jpg,conjunctivitis,train,dog_conjunctivitis,.jpg
expansion\dog_conjunctivitis\train_D0_1290ebb2-60a5-11ec-8402-0a7404972c70_jpg.rf.1qdJLaKBIYKGpbO65OOH.jpg,train_D0_1290ebb2-60a5-11ec-8402-0a7404972c70_jpg.rf.1qdJLaKBIYKGpbO65OOH.jpg,conjunctivitis,train,dog_conjunctivitis,.jpg
expansion\dog_conjunctivitis\train_D0_129a46d1-60a5-11ec-8402-0a7404972c70_jpg.rf.BCemQpsxDDs13lpypEdh.jpg,train_D0_129a46d1-60a5-11ec-8402-0a7404972c70_jpg.rf.BCemQpsxDDs13lpypEdh.jpg,conjunctivitis,train,dog_conjunctivitis,.jpg
expansion\dog_conjunctivitis\train_D0_12e1706f-60a5-11ec-8402-0a7404972c70_jpg.rf.g9xnro3kFOOPUiIpW9bT.jpg,train_D0_12e1706f-60a5-11ec-8402-0a7404972c70_jpg.rf.g9xnro3kFOOPUiIpW9bT.jpg,conjunctivitis,train,dog_conjunctivitis,.jpg
expansion\dog_conjunctivitis\train_D0_12e9b9d0-60a5-11ec-8402-0a7404972c70_jpg.rf.ne4nQpzmOzwl9kuvgKyw.jpg,train_D0_12e9b9d0-60a5-11ec-8402-0a7404972c70_jpg.rf.ne4nQpzmOzwl9kuvgKyw.jpg,conjunctivitis,train,dog_conjunctivitis,.jpg
expansion\dog_conjunctivitis\train_D0_135df79d-60a5-11ec-8402-0a7404972c70_jpg.rf.BWEdG9t0ukDBt0QCyc1A.jpg,train_D0_135df79d-60a5-11ec-8402-0a7404972c70_jpg.rf.BWEdG9t0ukDBt0QCyc1A.jpg,conjunctivitis,train,dog_conjunctivitis,.jpg
expansion\dog_conjunctivitis\train_D0_136fa0a6-60a5-11ec-8402-0a7404972c70_jpg.rf.2oe1wWdTJG3PZMyQPeX3.jpg,train_D0_136fa0a6-60a5-11ec-8402-0a7404972c70_jpg.rf.2oe1wWdTJG3PZMyQPeX3.jpg,conjunctivitis,train,dog_conjunctivitis,.jpg
expansion\dog_conjunctivitis\train_D0_1644c09f-60a5-11ec-8402-0a7404972c70_jpg.rf.bfBuFvTPPRRf9ZmMfaUX.jpg,train_D0_1644c09f-60a5-11ec-8402-0a7404972c70_jpg.rf.bfBuFvTPPRRf9ZmMfaUX.jpg,conjunctivitis,train,dog_conjunctivitis,.jpg
expansion\dog_conjunctivitis\train_D0_166920e0-60a5-11ec-8402-0a7404972c70_jpg.rf.sEfKzuFpOF5Bhewgru03.jpg,train_D0_166920e0-60a5-11ec-8402-0a7404972c70_jpg.rf.sEfKzuFpOF5Bhewgru03.jpg,conjunctivitis,train,dog_conjunctivitis,.jpg
expansion\dog_conjunctivitis\train_D0_167276d2-60a5-11ec-8402-0a7404972c70_jpg.rf.UIqztGS9aAonDU8u5KX8.jpg,train_D0_167276d2-60a5-11ec-8402-0a7404972c70_jpg.rf.UIqztGS9aAonDU8u5KX8.jpg,conjunctivitis,train,dog_conjunctivitis,.jpg
expansion\dog_conjunctivitis\train_D0_16809e3c-60a5-11ec-8402-0a7404972c70_jpg.rf.tHFTrVT9gSDe51M2bXTC.jpg,train_D0_16809e3c-60a5-11ec-8402-0a7404972c70_jpg.rf.tHFTrVT9gSDe51M2bXTC.jpg,conjunctivitis,train,dog_conjunctivitis,.jpg
expansion\dog_conjunctivitis\train_D0_169dd61e-60a5-11ec-8402-0a7404972c70_jpg.rf.RnWmu79kHsax6nWZWWJg.jpg,train_D0_169dd61e-60a5-11ec-8402-0a7404972c70_jpg.rf.RnWmu79kHsax6nWZWWJg.jpg,conjunctivitis,train,dog_conjunctivitis,.jpg
expansion\dog_conjunctivitis\train_D0_1843bcaf-60a5-11ec-8402-0a7404972c70_jpg.rf.zgoz5rtm32Mdy7M4nWo3.jpg,train_D0_1843bcaf-60a5-11ec-8402-0a7404972c70_jpg.rf.zgoz5rtm32Mdy7M4nWo3.jpg,conjunctivitis,train,dog_conjunctivitis,.jpg
expansion\dog_conjunctivitis\train_D0_1843ceef-60a5-11ec-8402-0a7404972c70_jpg.rf.tEuBkojBa7PSF46fqQGn.jpg,train_D0_1843ceef-60a5-11ec-8402-0a7404972c70_jpg.rf.tEuBkojBa7PSF46fqQGn.jpg,conjunctivitis,train,dog_conjunctivitis,.jpg
expansion\dog_conjunctivitis\train_D0_184adff9-60a5-11ec-8402-0a7404972c70_jpg.rf.xuxtl8rWcYQhYLUQOsPy.jpg,train_D0_184adff9-60a5-11ec-8402-0a7404972c70_jpg.rf.xuxtl8rWcYQhYLUQOsPy.jpg,conjunctivitis,train,dog_conjunctivitis,.jpg
expansion\dog_conjunctivitis\train_D0_184d4d97-60a5-11ec-8402-0a7404972c70_jpg.rf.gJwU0LcYCmmdz0PgPKeN.jpg,train_D0_184d4d97-60a5-11ec-8402-0a7404972c70_jpg.rf.gJwU0LcYCmmdz0PgPKeN.jpg,conjunctivitis,train,dog_conjunctivitis,.jpg
expansion\dog_conjunctivitis\train_D0_1850001d-60a5-11ec-8402-0a7404972c70_jpg.rf.XcQfYR4qm0LjVWVxffLS.jpg,train_D0_1850001d-60a5-11ec-8402-0a7404972c70_jpg.rf.XcQfYR4qm0LjVWVxffLS.jpg,conjunctivitis,train,dog_conjunctivitis,.jpg
expansion\dog_conjunctivitis\train_D0_18600a3f-60a5-11ec-8402-0a7404972c70_jpg.rf.j8mL5fd34wyKW5GkAQEq.jpg,train_D0_18600a3f-60a5-11ec-8402-0a7404972c70_jpg.rf.j8mL5fd34wyKW5GkAQEq.jpg,conjunctivitis,train,dog_conjunctivitis,.jpg
expansion\dog_conjunctivitis\train_D0_18620a35-60a5-11ec-8402-0a7404972c70_jpg.rf.oagiRzPFSpeBWwjzvu8M.jpg,train_D0_18620a35-60a5-11ec-8402-0a7404972c70_jpg.rf.oagiRzPFSpeBWwjzvu8M.jpg,conjunctivitis,train,dog_conjunctivitis,.jpg
expansion\dog_conjunctivitis\train_D0_186bb9ad-60a5-11ec-8402-0a7404972c70_jpg.rf.Z1URSevvNGV7PqhDJOvL.jpg,train_D0_186bb9ad-60a5-11ec-8402-0a7404972c70_jpg.rf.Z1URSevvNGV7PqhDJOvL.jpg,conjunctivitis,train,dog_conjunctivitis,.jpg
expansion\dog_conjunctivitis\train_D0_186f2c62-60a5-11ec-8402-0a7404972c70_jpg.rf.gZ5YwUKJKL8gbHUukkR9.jpg,train_D0_186f2c62-60a5-11ec-8402-0a7404972c70_jpg.rf.gZ5YwUKJKL8gbHUukkR9.jpg,conjunctivitis,train,dog_conjunctivitis,.jpg
expansion\dog_conjunctivitis\train_D0_1871a31b-60a5-11ec-8402-0a7404972c70_jpg.rf.Zi1uwZIQGZMYmYnC3TGB.jpg,train_D0_1871a31b-60a5-11ec-8402-0a7404972c70_jpg.rf.Zi1uwZIQGZMYmYnC3TGB.jpg,conjunctivitis,train,dog_conjunctivitis,.jpg
expansion\dog_conjunctivitis\train_D0_1871fdb4-60a5-11ec-8402-0a7404972c70_jpg.rf.e6pWGKDknkgNeBF5XEim.jpg,train_D0_1871fdb4-60a5-11ec-8402-0a7404972c70_jpg.rf.e6pWGKDknkgNeBF5XEim.jpg,conjunctivitis,train,dog_conjunctivitis,.jpg
expansion\dog_conjunctivitis\train_D0_18795393-60a5-11ec-8402-0a7404972c70_jpg.rf.3VteXVO8EMRIoYmdr4Tx.jpg,train_D0_18795393-60a5-11ec-8402-0a7404972c70_jpg.rf.3VteXVO8EMRIoYmdr4Tx.jpg,conjunctivitis,train,dog_conjunctivitis,.jpg
expansion\dog_conjunctivitis\train_D0_1889b54d-60a5-11ec-8402-0a7404972c70_jpg.rf.cPfnVJELxy5hK9DlblEp.jpg,train_D0_1889b54d-60a5-11ec-8402-0a7404972c70_jpg.rf.cPfnVJELxy5hK9DlblEp.jpg,conjunctivitis,train,dog_conjunctivitis,.jpg
expansion\dog_conjunctivitis\train_D0_1904e60e-60a5-11ec-8402-0a7404972c70_jpg.rf.zSjtB4KZl0CReOEr3uWm.jpg,train_D0_1904e60e-60a5-11ec-8402-0a7404972c70_jpg.rf.zSjtB4KZl0CReOEr3uWm.jpg,conjunctivitis,train,dog_conjunctivitis,.jpg
expansion\dog_conjunctivitis\train_D0_1909590b-60a5-11ec-8402-0a7404972c70_jpg.rf.upmWn8n6qOp1LChlN3ha.jpg,train_D0_1909590b-60a5-11ec-8402-0a7404972c70_jpg.rf.upmWn8n6qOp1LChlN3ha.jpg,conjunctivitis,train,dog_conjunctivitis,.jpg
expansion\dog_conjunctivitis\train_D0_19dde799-60a5-11ec-8402-0a7404972c70_jpg.rf.8GCbOPcgwnwXGCYRWiYr.jpg,train_D0_19dde799-60a5-11ec-8402-0a7404972c70_jpg.rf.8GCbOPcgwnwXGCYRWiYr.jpg,conjunctivitis,train,dog_conjunctivitis,.jpg
expansion\dog_conjunctivitis\train_D0_1cd46cae-60a5-11ec-8402-0a7404972c70_jpg.rf.IZBMIKM9zAdcSeSJP2Vt.jpg,train_D0_1cd46cae-60a5-11ec-8402-0a7404972c70_jpg.rf.IZBMIKM9zAdcSeSJP2Vt.jpg,conjunctivitis,train,dog_conjunctivitis,.jpg
expansion\dog_conjunctivitis\train_D0_1ce22ac2-60a5-11ec-8402-0a7404972c70_jpg.rf.QW4NlaOGvtGaZ5Hw4QF7.jpg,train_D0_1ce22ac2-60a5-11ec-8402-0a7404972c70_jpg.rf.QW4NlaOGvtGaZ5Hw4QF7.jpg,conjunctivitis,train,dog_conjunctivitis,.jpg
expansion\dog_conjunctivitis\train_D0_1ceb3db4-60a5-11ec-8402-0a7404972c70_jpg.rf.yopxGW1eI8HFC00ktujR.jpg,train_D0_1ceb3db4-60a5-11ec-8402-0a7404972c70_jpg.rf.yopxGW1eI8HFC00ktujR.jpg,conjunctivitis,train,dog_conjunctivitis,.jpg
expansion\dog_conjunctivitis\train_D0_1cf6837c-60a5-11ec-8402-0a7404972c70_jpg.rf.7jkbcqTe4nqJXPBZL313.jpg,train_D0_1cf6837c-60a5-11ec-8402-0a7404972c70_jpg.rf.7jkbcqTe4nqJXPBZL313.jpg,conjunctivitis,train,dog_conjunctivitis,.jpg
expansion\dog_conjunctivitis\train_D0_20cb474d-60a5-11ec-8402-0a7404972c70_jpg.rf.ziorUoEOtJp1V872YDaz.jpg,train_D0_20cb474d-60a5-11ec-8402-0a7404972c70_jpg.rf.ziorUoEOtJp1V872YDaz.jpg,conjunctivitis,train,dog_conjunctivitis,.jpg
expansion\dog_conjunctivitis\train_D0_20eae2b1-60a5-11ec-8402-0a7404972c70_jpg.rf.ozGQbFXXCkErtuSoxRoC.jpg,train_D0_20eae2b1-60a5-11ec-8402-0a7404972c70_jpg.rf.ozGQbFXXCkErtuSoxRoC.jpg,conjunctivitis,train,dog_conjunctivitis,.jpg
expansion\dog_conjunctivitis\train_D0_21057b05-60a5-11ec-8402-0a7404972c70_jpg.rf.8j2lFzCm3jBwpTG19nq3.jpg,train_D0_21057b05-60a5-11ec-8402-0a7404972c70_jpg.rf.8j2lFzCm3jBwpTG19nq3.jpg,conjunctivitis,train,dog_conjunctivitis,.jpg
expansion\dog_conjunctivitis\train_D0_211948f9-60a5-11ec-8402-0a7404972c70_jpg.rf.edC8YsjHNLmW0Fxk5QC0.jpg,train_D0_211948f9-60a5-11ec-8402-0a7404972c70_jpg.rf.edC8YsjHNLmW0Fxk5QC0.jpg,conjunctivitis,train,dog_conjunctivitis,.jpg
expansion\dog_conjunctivitis\train_D0_21261ff8-60a5-11ec-8402-0a7404972c70_jpg.rf.ZTA0cGBt3zWLHmWvc0Lq.jpg,train_D0_21261ff8-60a5-11ec-8402-0a7404972c70_jpg.rf.ZTA0cGBt3zWLHmWvc0Lq.jpg,conjunctivitis,train,dog_conjunctivitis,.jpg
expansion\dog_conjunctivitis\train_D0_21266b2a-60a5-11ec-8402-0a7404972c70_jpg.rf.g95C2eRfThPqbh9ZSuY3.jpg,train_D0_21266b2a-60a5-11ec-8402-0a7404972c70_jpg.rf.g95C2eRfThPqbh9ZSuY3.jpg,conjunctivitis,train,dog_conjunctivitis,.jpg
expansion\dog_conjunctivitis\train_D0_21290fb7-60a5-11ec-8402-0a7404972c70_jpg.rf.2Dx6SsLnbjnP9PfdVtdy.jpg,train_D0_21290fb7-60a5-11ec-8402-0a7404972c70_jpg.rf.2Dx6SsLnbjnP9PfdVtdy.jpg,conjunctivitis,train,dog_conjunctivitis,.jpg
expansion\dog_conjunctivitis\train_D0_212fc4df-60a5-11ec-8402-0a7404972c70_jpg.rf.7A4yI75ow4XMnzIBkyyV.jpg,train_D0_212fc4df-60a5-11ec-8402-0a7404972c70_jpg.rf.7A4yI75ow4XMnzIBkyyV.jpg,conjunctivitis,train,dog_conjunctivitis,.jpg
expansion\dog_conjunctivitis\train_D0_2144c0e4-60a5-11ec-8402-0a7404972c70_jpg.rf.qTwk2iEzgzVNqzDDYeFA.jpg,train_D0_2144c0e4-60a5-11ec-8402-0a7404972c70_jpg.rf.qTwk2iEzgzVNqzDDYeFA.jpg,conjunctivitis,train,dog_conjunctivitis,.jpg
expansion\dog_conjunctivitis\train_D0_30d44b13-60a5-11ec-8402-0a7404972c70_jpg.rf.MFFp3sMh0eYZHf0aREsv.jpg,train_D0_30d44b13-60a5-11ec-8402-0a7404972c70_jpg.rf.MFFp3sMh0eYZHf0aREsv.jpg,conjunctivitis,train,dog_conjunctivitis,.jpg
expansion\dog_conjunctivitis\train_D0_30ec3991-60a5-11ec-8402-0a7404972c70_jpg.rf.6YekKuF69X9BAErqGEuV.jpg,train_D0_30ec3991-60a5-11ec-8402-0a7404972c70_jpg.rf.6YekKuF69X9BAErqGEuV.jpg,conjunctivitis,train,dog_conjunctivitis,.jpg
expansion\dog_conjunctivitis\train_D0_3101186f-60a5-11ec-8402-0a7404972c70_jpg.rf.SQB40D972SKxCBHgqJSE.jpg,train_D0_3101186f-60a5-11ec-8402-0a7404972c70_jpg.rf.SQB40D972SKxCBHgqJSE.jpg,conjunctivitis,train,dog_conjunctivitis,.jpg
expansion\dog_conjunctivitis\train_D0_3105cc71-60a5-11ec-8402-0a7404972c70_jpg.rf.S7eJ9HJm3LuVEu2JSzpY.jpg,train_D0_3105cc71-60a5-11ec-8402-0a7404972c70_jpg.rf.S7eJ9HJm3LuVEu2JSzpY.jpg,conjunctivitis,train,dog_conjunctivitis,.jpg
expansion\dog_conjunctivitis\train_D0_3142fcd7-60a5-11ec-8402-0a7404972c70_jpg.rf.6EHQkhLutc4VbbnQYO3M.jpg,train_D0_3142fcd7-60a5-11ec-8402-0a7404972c70_jpg.rf.6EHQkhLutc4VbbnQYO3M.jpg,conjunctivitis,train,dog_conjunctivitis,.jpg
expansion\dog_conjunctivitis\train_D0_314f241e-60a5-11ec-8402-0a7404972c70_jpg.rf.k0roKFphETmgSZiiZzmg.jpg,train_D0_314f241e-60a5-11ec-8402-0a7404972c70_jpg.rf.k0roKFphETmgSZiiZzmg.jpg,conjunctivitis,train,dog_conjunctivitis,.jpg
expansion\dog_conjunctivitis\train_D0_3158ad0b-60a5-11ec-8402-0a7404972c70_jpg.rf.CMrxx8hrl9dZaybm7HpM.jpg,train_D0_3158ad0b-60a5-11ec-8402-0a7404972c70_jpg.rf.CMrxx8hrl9dZaybm7HpM.jpg,conjunctivitis,train,dog_conjunctivitis,.jpg
expansion\dog_conjunctivitis\train_D0_3159d7cf-60a5-11ec-8402-0a7404972c70_jpg.rf.sfzhwQon8KBTDDoPnnWt.jpg,train_D0_3159d7cf-60a5-11ec-8402-0a7404972c70_jpg.rf.sfzhwQon8KBTDDoPnnWt.jpg,conjunctivitis,train,dog_conjunctivitis,.jpg
expansion\dog_conjunctivitis\train_D0_315c8e38-60a5-11ec-8402-0a7404972c70_jpg.rf.hV3ie2stht3GszSt9OMi.jpg,train_D0_315c8e38-60a5-11ec-8402-0a7404972c70_jpg.rf.hV3ie2stht3GszSt9OMi.jpg,conjunctivitis,train,dog_conjunctivitis,.jpg
expansion\dog_conjunctivitis\train_D0_31682e02-60a5-11ec-8402-0a7404972c70_jpg.rf.pPTyTgLlB0NkPQBZbEhL.jpg,train_D0_31682e02-60a5-11ec-8402-0a7404972c70_jpg.rf.pPTyTgLlB0NkPQBZbEhL.jpg,conjunctivitis,train,dog_conjunctivitis,.jpg
expansion\dog_conjunctivitis\train_D0_316fb0d1-60a5-11ec-8402-0a7404972c70_jpg.rf.C1xJ4AWx4ZFW9Yy0jWmW.jpg,train_D0_316fb0d1-60a5-11ec-8402-0a7404972c70_jpg.rf.C1xJ4AWx4ZFW9Yy0jWmW.jpg,conjunctivitis,train,dog_conjunctivitis,.jpg
expansion\dog_conjunctivitis\train_D18_10331494-60a5-11ec-8402-0a7404972c70_jpg.rf.SS6muryUaLoCgvIiSNdH.jpg,train_D18_10331494-60a5-11ec-8402-0a7404972c70_jpg.rf.SS6muryUaLoCgvIiSNdH.jpg,conjunctivitis,train,dog_conjunctivitis,.jpg
expansion\dog_conjunctivitis\train_D18_10355644-60a5-11ec-8402-0a7404972c70_jpg.rf.CLVhuY8b7B28PtARftwp.jpg,train_D18_10355644-60a5-11ec-8402-0a7404972c70_jpg.rf.CLVhuY8b7B28PtARftwp.jpg,conjunctivitis,train,dog_conjunctivitis,.jpg
expansion\dog_conjunctivitis\train_D18_103780f5-60a5-11ec-8402-0a7404972c70_jpg.rf.hr6BDCN8tYkAdBcLwQrI.jpg,train_D18_103780f5-60a5-11ec-8402-0a7404972c70_jpg.rf.hr6BDCN8tYkAdBcLwQrI.jpg,conjunctivitis,train,dog_conjunctivitis,.jpg
expansion\dog_conjunctivitis\train_D18_10888859-60a5-11ec-8402-0a7404972c70_jpg.rf.rcmd0Svs11FyMEmjvqXw.jpg,train_D18_10888859-60a5-11ec-8402-0a7404972c70_jpg.rf.rcmd0Svs11FyMEmjvqXw.jpg,conjunctivitis,train,dog_conjunctivitis,.jpg
expansion\dog_conjunctivitis\train_D18_11136375-60a5-11ec-8402-0a7404972c70_jpg.rf.4NEuSdfn2OmqCIChxs2U.jpg,train_D18_11136375-60a5-11ec-8402-0a7404972c70_jpg.rf.4NEuSdfn2OmqCIChxs2U.jpg,conjunctivitis,train,dog_conjunctivitis,.jpg
expansion\dog_conjunctivitis\train_D18_111753ea-60a5-11ec-8402-0a7404972c70_jpg.rf.fvcLyFWNdpXS6xVPLZdT.jpg,train_D18_111753ea-60a5-11ec-8402-0a7404972c70_jpg.rf.fvcLyFWNdpXS6xVPLZdT.jpg,conjunctivitis,train,dog_conjunctivitis,.jpg
expansion\dog_conjunctivitis\train_D18_118199d8-60a5-11ec-8402-0a7404972c70_jpg.rf.ioupYzkZMImHPz9SqXnC.jpg,train_D18_118199d8-60a5-11ec-8402-0a7404972c70_jpg.rf.ioupYzkZMImHPz9SqXnC.jpg,conjunctivitis,train,dog_conjunctivitis,.jpg
expansion\dog_conjunctivitis\train_D18_12695d71-60a5-11ec-8402-0a7404972c70_jpg.rf.0p1Qq2lyr66whTyWd8zr.jpg,train_D18_12695d71-60a5-11ec-8402-0a7404972c70_jpg.rf.0p1Qq2lyr66whTyWd8zr.jpg,conjunctivitis,train,dog_conjunctivitis,.jpg
expansion\dog_conjunctivitis\train_D18_1270c391-60a5-11ec-8402-0a7404972c70_jpg.rf.QCVFQkNUEvwONVMKMw94.jpg,train_D18_1270c391-60a5-11ec-8402-0a7404972c70_jpg.rf.QCVFQkNUEvwONVMKMw94.jpg,conjunctivitis,train,dog_conjunctivitis,.jpg
expansion\dog_conjunctivitis\train_D18_1276bd48-60a5-11ec-8402-0a7404972c70_jpg.rf.i6ASRMsL2RS2Ocnx6LkZ.jpg,train_D18_1276bd48-60a5-11ec-8402-0a7404972c70_jpg.rf.i6ASRMsL2RS2Ocnx6LkZ.jpg,conjunctivitis,train,dog_conjunctivitis,.jpg
expansion\dog_conjunctivitis\train_D18_1284c6a8-60a5-11ec-8402-0a7404972c70_jpg.rf.A36ghiXXJrYxbok09jRr.jpg,train_D18_1284c6a8-60a5-11ec-8402-0a7404972c70_jpg.rf.A36ghiXXJrYxbok09jRr.jpg,conjunctivitis,train,dog_conjunctivitis,.jpg
expansion\dog_conjunctivitis\train_D18_13955176-60a5-11ec-8402-0a7404972c70_jpg.rf.tHxprqYFKLL4oNV0n6z5.jpg,train_D18_13955176-60a5-11ec-8402-0a7404972c70_jpg.rf.tHxprqYFKLL4oNV0n6z5.jpg,conjunctivitis,train,dog_conjunctivitis,.jpg
expansion\dog_conjunctivitis\train_D18_1510e725-60a5-11ec-8402-0a7404972c70_jpg.rf.rSvqKMSTDzUuvpxH8OcM.jpg,train_D18_1510e725-60a5-11ec-8402-0a7404972c70_jpg.rf.rSvqKMSTDzUuvpxH8OcM.jpg,conjunctivitis,train,dog_conjunctivitis,.jpg
expansion\dog_conjunctivitis\train_D18_1653ea5e-60a5-11ec-8402-0a7404972c70_jpg.rf.DjLECSUEsSmOkvUqWubu.jpg,train_D18_1653ea5e-60a5-11ec-8402-0a7404972c70_jpg.rf.DjLECSUEsSmOkvUqWubu.jpg,conjunctivitis,train,dog_conjunctivitis,.jpg
expansion\dog_conjunctivitis\train_D18_1661ede9-60a5-11ec-8402-0a7404972c70_jpg.rf.9DD32HEDn6yvv7Qju5bk.jpg,train_D18_1661ede9-60a5-11ec-8402-0a7404972c70_jpg.rf.9DD32HEDn6yvv7Qju5bk.jpg,conjunctivitis,train,dog_conjunctivitis,.jpg
expansion\dog_conjunctivitis\train_D18_168095ef-60a5-11ec-8402-0a7404972c70_jpg.rf.lRBHjlbAyTXFbmOcNugh.jpg,train_D18_168095ef-60a5-11ec-8402-0a7404972c70_jpg.rf.lRBHjlbAyTXFbmOcNugh.jpg,conjunctivitis,train,dog_conjunctivitis,.jpg
expansion\dog_conjunctivitis\train_D18_1843b0cf-60a5-11ec-8402-0a7404972c70_jpg.rf.fYz04cQie4YfV4KjCz2K.jpg,train_D18_1843b0cf-60a5-11ec-8402-0a7404972c70_jpg.rf.fYz04cQie4YfV4KjCz2K.jpg,conjunctivitis,train,dog_conjunctivitis,.jpg
expansion\dog_conjunctivitis\train_D18_18464a68-60a5-11ec-8402-0a7404972c70_jpg.rf.srdEmBeW8g6SNeNeZexe.jpg,train_D18_18464a68-60a5-11ec-8402-0a7404972c70_jpg.rf.srdEmBeW8g6SNeNeZexe.jpg,conjunctivitis,train,dog_conjunctivitis,.jpg
expansion\dog_conjunctivitis\train_D18_18572f4d-60a5-11ec-8402-0a7404972c70_jpg.rf.QZnypARUuk23lAbwrlx1.jpg,train_D18_18572f4d-60a5-11ec-8402-0a7404972c70_jpg.rf.QZnypARUuk23lAbwrlx1.jpg,conjunctivitis,train,dog_conjunctivitis,.jpg
expansion\dog_conjunctivitis\train_D18_1857e395-60a5-11ec-8402-0a7404972c70_jpg.rf.jHfsnpKmqBvoFoxkvM0w.jpg,train_D18_1857e395-60a5-11ec-8402-0a7404972c70_jpg.rf.jHfsnpKmqBvoFoxkvM0w.jpg,conjunctivitis,train,dog_conjunctivitis,.jpg
expansion\dog_conjunctivitis\train_D18_1861a7ad-60a5-11ec-8402-0a7404972c70_jpg.rf.sqH2YefW3zM4ZawrpDEe.jpg,train_D18_1861a7ad-60a5-11ec-8402-0a7404972c70_jpg.rf.sqH2YefW3zM4ZawrpDEe.jpg,conjunctivitis,train,dog_conjunctivitis,.jpg
expansion\dog_conjunctivitis\train_D18_18675a04-60a5-11ec-8402-0a7404972c70_jpg.rf.EV0ybF6Zdeps8f0SIysL.jpg,train_D18_18675a04-60a5-11ec-8402-0a7404972c70_jpg.rf.EV0ybF6Zdeps8f0SIysL.jpg,conjunctivitis,train,dog_conjunctivitis,.jpg
expansion\dog_conjunctivitis\train_D18_18697997-60a5-11ec-8402-0a7404972c70_jpg.rf.l7Nv7hRowrl9bpW9iEPe.jpg,train_D18_18697997-60a5-11ec-8402-0a7404972c70_jpg.rf.l7Nv7hRowrl9bpW9iEPe.jpg,conjunctivitis,train,dog_conjunctivitis,.jpg
expansion\dog_conjunctivitis\train_D18_18709be8-60a5-11ec-8402-0a7404972c70_jpg.rf.SLE5QKHBB8WAJGQzll5C.jpg,train_D18_18709be8-60a5-11ec-8402-0a7404972c70_jpg.rf.SLE5QKHBB8WAJGQzll5C.jpg,conjunctivitis,train,dog_conjunctivitis,.jpg
expansion\dog_conjunctivitis\train_D18_1914f2f7-60a5-11ec-8402-0a7404972c70_jpg.rf.wQMqwcqb1Ccc9Un4iFRx.jpg,train_D18_1914f2f7-60a5-11ec-8402-0a7404972c70_jpg.rf.wQMqwcqb1Ccc9Un4iFRx.jpg,conjunctivitis,train,dog_conjunctivitis,.jpg
expansion\dog_conjunctivitis\train_D18_1925f1f4-60a5-11ec-8402-0a7404972c70_jpg.rf.QLd7gZvCMiJvQaYYd0JJ.jpg,train_D18_1925f1f4-60a5-11ec-8402-0a7404972c70_jpg.rf.QLd7gZvCMiJvQaYYd0JJ.jpg,conjunctivitis,train,dog_conjunctivitis,.jpg
expansion\dog_conjunctivitis\train_D18_1941a6fe-60a5-11ec-8402-0a7404972c70_jpg.rf.XrjWpRHKw4ogpcy3UhB0.jpg,train_D18_1941a6fe-60a5-11ec-8402-0a7404972c70_jpg.rf.XrjWpRHKw4ogpcy3UhB0.jpg,conjunctivitis,train,dog_conjunctivitis,.jpg
expansion\dog_conjunctivitis\train_D18_21067e86-60a5-11ec-8402-0a7404972c70_jpg.rf.pBoiGDIEUrSoMdu3aeMG.jpg,train_D18_21067e86-60a5-11ec-8402-0a7404972c70_jpg.rf.pBoiGDIEUrSoMdu3aeMG.jpg,conjunctivitis,train,dog_conjunctivitis,.jpg
expansion\dog_conjunctivitis\train_D18_21097686-60a5-11ec-8402-0a7404972c70_jpg.rf.wZxzcayWHoTzkhrQtf9r.jpg,train_D18_21097686-60a5-11ec-8402-0a7404972c70_jpg.rf.wZxzcayWHoTzkhrQtf9r.jpg,conjunctivitis,train,dog_conjunctivitis,.jpg
expansion\dog_conjunctivitis\train_D18_2113b505-60a5-11ec-8402-0a7404972c70_jpg.rf.m3eag69hlliy4udl99SO.jpg,train_D18_2113b505-60a5-11ec-8402-0a7404972c70_jpg.rf.m3eag69hlliy4udl99SO.jpg,conjunctivitis,train,dog_conjunctivitis,.jpg
expansion\dog_conjunctivitis\train_D18_2120c10f-60a5-11ec-8402-0a7404972c70_jpg.rf.NE6cHnbIhqde2oZnmI8Q.jpg,train_D18_2120c10f-60a5-11ec-8402-0a7404972c70_jpg.rf.NE6cHnbIhqde2oZnmI8Q.jpg,conjunctivitis,train,dog_conjunctivitis,.jpg
expansion\dog_conjunctivitis\train_D18_2138b196-60a5-11ec-8402-0a7404972c70_jpg.rf.amAcX3WSazB6grCWuZ13.jpg,train_D18_2138b196-60a5-11ec-8402-0a7404972c70_jpg.rf.amAcX3WSazB6grCWuZ13.jpg,conjunctivitis,train,dog_conjunctivitis,.jpg
expansion\dog_conjunctivitis\train_D18_2149b22a-60a5-11ec-8402-0a7404972c70_jpg.rf.3KJf5PPFeAZU4lZUXSIm.jpg,train_D18_2149b22a-60a5-11ec-8402-0a7404972c70_jpg.rf.3KJf5PPFeAZU4lZUXSIm.jpg,conjunctivitis,train,dog_conjunctivitis,.jpg
expansion\dog_conjunctivitis\train_D18_30886956-60a5-11ec-8402-0a7404972c70_jpg.rf.N21Z6QfB9M5mcH0CYo21.jpg,train_D18_30886956-60a5-11ec-8402-0a7404972c70_jpg.rf.N21Z6QfB9M5mcH0CYo21.jpg,conjunctivitis,train,dog_conjunctivitis,.jpg
expansion\dog_conjunctivitis\train_D18_309569ed-60a5-11ec-8402-0a7404972c70_jpg.rf.J5RQCXoMWbAbDfARY7tQ.jpg,train_D18_309569ed-60a5-11ec-8402-0a7404972c70_jpg.rf.J5RQCXoMWbAbDfARY7tQ.jpg,conjunctivitis,train,dog_conjunctivitis,.jpg
expansion\dog_conjunctivitis\train_D18_31055fb8-60a5-11ec-8402-0a7404972c70_jpg.rf.zNHDvjgDXphKNJbeO2F8.jpg,train_D18_31055fb8-60a5-11ec-8402-0a7404972c70_jpg.rf.zNHDvjgDXphKNJbeO2F8.jpg,conjunctivitis,train,dog_conjunctivitis,.jpg
expansion\dog_conjunctivitis\train_D18_389462ab-60a5-11ec-8402-0a7404972c70_jpg.rf.XwMlfh7QRZUHxby01HHF.jpg,train_D18_389462ab-60a5-11ec-8402-0a7404972c70_jpg.rf.XwMlfh7QRZUHxby01HHF.jpg,conjunctivitis,train,dog_conjunctivitis,.jpg
expansion\dog_conjunctivitis\train_D19_0d5118f4-60a5-11ec-8402-0a7404972c70_jpg.rf.xVjn5IcC5O2ZQc3dMe3B.jpg,train_D19_0d5118f4-60a5-11ec-8402-0a7404972c70_jpg.rf.xVjn5IcC5O2ZQc3dMe3B.jpg,conjunctivitis,train,dog_conjunctivitis,.jpg
expansion\dog_conjunctivitis\train_D19_0d51fed0-60a5-11ec-8402-0a7404972c70_jpg.rf.xN4oInCYSOnkEShIsZHC.jpg,train_D19_0d51fed0-60a5-11ec-8402-0a7404972c70_jpg.rf.xN4oInCYSOnkEShIsZHC.jpg,conjunctivitis,train,dog_conjunctivitis,.jpg
expansion\dog_conjunctivitis\train_D19_0d543bea-60a5-11ec-8402-0a7404972c70_jpg.rf.4tb9qbkMeqKkhQn3GFj5.jpg,train_D19_0d543bea-60a5-11ec-8402-0a7404972c70_jpg.rf.4tb9qbkMeqKkhQn3GFj5.jpg,conjunctivitis,train,dog_conjunctivitis,.jpg
expansion\dog_conjunctivitis\train_D19_0daa54af-60a5-11ec-8402-0a7404972c70_jpg.rf.kjiPSUCcSQ4YYA4urZxO.jpg,train_D19_0daa54af-60a5-11ec-8402-0a7404972c70_jpg.rf.kjiPSUCcSQ4YYA4urZxO.jpg,conjunctivitis,train,dog_conjunctivitis,.jpg
expansion\dog_conjunctivitis\train_D19_0dc511d7-60a5-11ec-8402-0a7404972c70_jpg.rf.EmbTJL0LaZ220IaWxmoO.jpg,train_D19_0dc511d7-60a5-11ec-8402-0a7404972c70_jpg.rf.EmbTJL0LaZ220IaWxmoO.jpg,conjunctivitis,train,dog_conjunctivitis,.jpg
expansion\dog_conjunctivitis\train_D19_0dcdd5d0-60a5-11ec-8402-0a7404972c70_jpg.rf.xtXW2S3L0Tp8lo5tOTfk.jpg,train_D19_0dcdd5d0-60a5-11ec-8402-0a7404972c70_jpg.rf.xtXW2S3L0Tp8lo5tOTfk.jpg,conjunctivitis,train,dog_conjunctivitis,.jpg
expansion\dog_conjunctivitis\train_D19_0dd2a026-60a5-11ec-8402-0a7404972c70_jpg.rf.q289tCaQnYk82ttJgnZe.jpg,train_D19_0dd2a026-60a5-11ec-8402-0a7404972c70_jpg.rf.q289tCaQnYk82ttJgnZe.jpg,conjunctivitis,train,dog_conjunctivitis,.jpg
expansion\dog_conjunctivitis\train_D19_0dd3aed3-60a5-11ec-8402-0a7404972c70_jpg.rf.fx6bxYQx6sn3xTjgck2v.jpg,train_D19_0dd3aed3-60a5-11ec-8402-0a7404972c70_jpg.rf.fx6bxYQx6sn3xTjgck2v.jpg,conjunctivitis,train,dog_conjunctivitis,.jpg
expansion\dog_conjunctivitis\train_D19_0e60fca4-60a5-11ec-8402-0a7404972c70_jpg.rf.fVMZUJG0Mp30ldtqi64Q.jpg,train_D19_0e60fca4-60a5-11ec-8402-0a7404972c70_jpg.rf.fVMZUJG0Mp30ldtqi64Q.jpg,conjunctivitis,train,dog_conjunctivitis,.jpg
expansion\dog_conjunctivitis\train_D19_0e6d61ea-60a5-11ec-8402-0a7404972c70_jpg.rf.MeFGNPvIbiNjuzgWto2I.jpg,train_D19_0e6d61ea-60a5-11ec-8402-0a7404972c70_jpg.rf.MeFGNPvIbiNjuzgWto2I.jpg,conjunctivitis,train,dog_conjunctivitis,.jpg
expansion\dog_conjunctivitis\train_D19_0e7b6881-60a5-11ec-8402-0a7404972c70_jpg.rf.RIfwZ0dajaCcZBNLX1b6.jpg,train_D19_0e7b6881-60a5-11ec-8402-0a7404972c70_jpg.rf.RIfwZ0dajaCcZBNLX1b6.jpg,conjunctivitis,train,dog_conjunctivitis,.jpg
expansion\dog_conjunctivitis\train_D19_0e7e39d8-60a5-11ec-8402-0a7404972c70_jpg.rf.n6yYeLYnYqErfhhonLUO.jpg,train_D19_0e7e39d8-60a5-11ec-8402-0a7404972c70_jpg.rf.n6yYeLYnYqErfhhonLUO.jpg,conjunctivitis,train,dog_conjunctivitis,.jpg
expansion\dog_conjunctivitis\train_D19_0e841882-60a5-11ec-8402-0a7404972c70_jpg.rf.L0BeVro7jslAeu7CNTKb.jpg,train_D19_0e841882-60a5-11ec-8402-0a7404972c70_jpg.rf.L0BeVro7jslAeu7CNTKb.jpg,conjunctivitis,train,dog_conjunctivitis,.jpg
expansion\dog_conjunctivitis\train_D19_0e844aff-60a5-11ec-8402-0a7404972c70_jpg.rf.QZvIF9TtEyNVfqqlbU5e.jpg,train_D19_0e844aff-60a5-11ec-8402-0a7404972c70_jpg.rf.QZvIF9TtEyNVfqqlbU5e.jpg,conjunctivitis,train,dog_conjunctivitis,.jpg
expansion\dog_conjunctivitis\train_D19_0eb2c705-60a5-11ec-8402-0a7404972c70_jpg.rf.HdNgmKwKN6lCwviLoIj0.jpg,train_D19_0eb2c705-60a5-11ec-8402-0a7404972c70_jpg.rf.HdNgmKwKN6lCwviLoIj0.jpg,conjunctivitis,train,dog_conjunctivitis,.jpg
expansion\dog_conjunctivitis\train_D19_0eb31b17-60a5-11ec-8402-0a7404972c70_jpg.rf.y3nrwCdo51Ihpd65jJb7.jpg,train_D19_0eb31b17-60a5-11ec-8402-0a7404972c70_jpg.rf.y3nrwCdo51Ihpd65jJb7.jpg,conjunctivitis,train,dog_conjunctivitis,.jpg
expansion\dog_conjunctivitis\train_D19_0eb5e4bb-60a5-11ec-8402-0a7404972c70_jpg.rf.ILd59YMnP8ceg0UKCpzj.jpg,train_D19_0eb5e4bb-60a5-11ec-8402-0a7404972c70_jpg.rf.ILd59YMnP8ceg0UKCpzj.jpg,conjunctivitis,train,dog_conjunctivitis,.jpg
expansion\dog_conjunctivitis\train_D19_0ed925da-60a5-11ec-8402-0a7404972c70_jpg.rf.ascPRLAIdWDCLAzALKuy.jpg,train_D19_0ed925da-60a5-11ec-8402-0a7404972c70_jpg.rf.ascPRLAIdWDCLAzALKuy.jpg,conjunctivitis,train,dog_conjunctivitis,.jpg
expansion\dog_conjunctivitis\train_D19_0ff75350-60a5-11ec-8402-0a7404972c70_jpg.rf.Qc9UdXeTGKs0dbrxTLtm.jpg,train_D19_0ff75350-60a5-11ec-8402-0a7404972c70_jpg.rf.Qc9UdXeTGKs0dbrxTLtm.jpg,conjunctivitis,train,dog_conjunctivitis,.jpg
expansion\dog_conjunctivitis\train_D19_10a5a84e-60a5-11ec-8402-0a7404972c70_jpg.rf.0pKwlfmDIMSGfqhcKZyF.jpg,train_D19_10a5a84e-60a5-11ec-8402-0a7404972c70_jpg.rf.0pKwlfmDIMSGfqhcKZyF.jpg,conjunctivitis,train,dog_conjunctivitis,.jpg
expansion\dog_conjunctivitis\train_D19_10bd6109-60a5-11ec-8402-0a7404972c70_jpg.rf.alKeQ3JlGiKkYC48oQm8.jpg,train_D19_10bd6109-60a5-11ec-8402-0a7404972c70_jpg.rf.alKeQ3JlGiKkYC48oQm8.jpg,conjunctivitis,train,dog_conjunctivitis,.jpg
expansion\dog_conjunctivitis\train_D19_12d0e7b8-60a5-11ec-8402-0a7404972c70_jpg.rf.rvZzKfgyTOa5boYDCkox.jpg,train_D19_12d0e7b8-60a5-11ec-8402-0a7404972c70_jpg.rf.rvZzKfgyTOa5boYDCkox.jpg,conjunctivitis,train,dog_conjunctivitis,.jpg
expansion\dog_conjunctivitis\train_D19_12e375a0-60a5-11ec-8402-0a7404972c70_jpg.rf.Durb9KGCAKnaZov4IQpQ.jpg,train_D19_12e375a0-60a5-11ec-8402-0a7404972c70_jpg.rf.Durb9KGCAKnaZov4IQpQ.jpg,conjunctivitis,train,dog_conjunctivitis,.jpg
expansion\dog_conjunctivitis\train_D19_12f19673-60a5-11ec-8402-0a7404972c70_jpg.rf.8Cffnx76Tm4EYTYJSXhR.jpg,train_D19_12f19673-60a5-11ec-8402-0a7404972c70_jpg.rf.8Cffnx76Tm4EYTYJSXhR.jpg,conjunctivitis,train,dog_conjunctivitis,.jpg
expansion\dog_conjunctivitis\train_D19_1ce1d77b-60a5-11ec-8402-0a7404972c70_jpg.rf.j6MUyqSN4joaqSCL4G2G.jpg,train_D19_1ce1d77b-60a5-11ec-8402-0a7404972c70_jpg.rf.j6MUyqSN4joaqSCL4G2G.jpg,conjunctivitis,train,dog_conjunctivitis,.jpg
expansion\dog_conjunctivitis\train_D19_1ce1e452-60a5-11ec-8402-0a7404972c70_jpg.rf.L780VDxFaOjE5TvO183P.jpg,train_D19_1ce1e452-60a5-11ec-8402-0a7404972c70_jpg.rf.L780VDxFaOjE5TvO183P.jpg,conjunctivitis,train,dog_conjunctivitis,.jpg
expansion\dog_conjunctivitis\train_D19_1cf8ba91-60a5-11ec-8402-0a7404972c70_jpg.rf.mfh7ddmHOGgByhIicIfZ.jpg,train_D19_1cf8ba91-60a5-11ec-8402-0a7404972c70_jpg.rf.mfh7ddmHOGgByhIicIfZ.jpg,conjunctivitis,train,dog_conjunctivitis,.jpg
expansion\dog_conjunctivitis\train_D1_02fad98b-60a5-11ec-8402-0a7404972c70_jpg.rf.dcd1OsXqadOy8S2105ZP.jpg,train_D1_02fad98b-60a5-11ec-8402-0a7404972c70_jpg.rf.dcd1OsXqadOy8S2105ZP.jpg,conjunctivitis,train,dog_conjunctivitis,.jpg
expansion\dog_conjunctivitis\train_D1_0305b772-60a5-11ec-8402-0a7404972c70_jpg.rf.q3w3ag672N2i5MdTgfnK.jpg,train_D1_0305b772-60a5-11ec-8402-0a7404972c70_jpg.rf.q3w3ag672N2i5MdTgfnK.jpg,conjunctivitis,train,dog_conjunctivitis,.jpg
expansion\dog_conjunctivitis\train_D1_0307834f-60a5-11ec-8402-0a7404972c70_jpg.rf.PylKNBzWsSvkMMNjOZL9.jpg,train_D1_0307834f-60a5-11ec-8402-0a7404972c70_jpg.rf.PylKNBzWsSvkMMNjOZL9.jpg,conjunctivitis,train,dog_conjunctivitis,.jpg
expansion\dog_conjunctivitis\train_D1_036d17fb-60a5-11ec-8402-0a7404972c70_jpg.rf.0hNEC0bKTS2R0QQsD1wm.jpg,train_D1_036d17fb-60a5-11ec-8402-0a7404972c70_jpg.rf.0hNEC0bKTS2R0QQsD1wm.jpg,conjunctivitis,train,dog_conjunctivitis,.jpg
expansion\dog_conjunctivitis\train_D1_03ad44c0-60a5-11ec-8402-0a7404972c70_jpg.rf.9SX6tZPYkSj1brc1sKIk.jpg,train_D1_03ad44c0-60a5-11ec-8402-0a7404972c70_jpg.rf.9SX6tZPYkSj1brc1sKIk.jpg,conjunctivitis,train,dog_conjunctivitis,.jpg
expansion\dog_conjunctivitis\train_D1_0d4fc3a6-60a5-11ec-8402-0a7404972c70_jpg.rf.HXcZFmsBGfQJRYXH6TJt.jpg,train_D1_0d4fc3a6-60a5-11ec-8402-0a7404972c70_jpg.rf.HXcZFmsBGfQJRYXH6TJt.jpg,conjunctivitis,train,dog_conjunctivitis,.jpg
expansion\dog_conjunctivitis\train_D1_0d50fdd5-60a5-11ec-8402-0a7404972c70_jpg.rf.hAg70JPA2TF7LtLWvExF.jpg,train_D1_0d50fdd5-60a5-11ec-8402-0a7404972c70_jpg.rf.hAg70JPA2TF7LtLWvExF.jpg,conjunctivitis,train,dog_conjunctivitis,.jpg
expansion\dog_conjunctivitis\train_D1_0dac9756-60a5-11ec-8402-0a7404972c70_jpg.rf.JI6yUM1GiE30AXYE7Cba.jpg,train_D1_0dac9756-60a5-11ec-8402-0a7404972c70_jpg.rf.JI6yUM1GiE30AXYE7Cba.jpg,conjunctivitis,train,dog_conjunctivitis,.jpg
expansion\dog_conjunctivitis\train_D1_0dadd9c0-60a5-11ec-8402-0a7404972c70_jpg.rf.uaxFfXABMfe4Hsqah8Q1.jpg,train_D1_0dadd9c0-60a5-11ec-8402-0a7404972c70_jpg.rf.uaxFfXABMfe4Hsqah8Q1.jpg,conjunctivitis,train,dog_conjunctivitis,.jpg
expansion\dog_conjunctivitis\train_D1_0db06bd3-60a5-11ec-8402-0a7404972c70_jpg.rf.QUnXQTcicHRwgelfCb8D.jpg,train_D1_0db06bd3-60a5-11ec-8402-0a7404972c70_jpg.rf.QUnXQTcicHRwgelfCb8D.jpg,conjunctivitis,train,dog_conjunctivitis,.jpg
expansion\dog_conjunctivitis\train_D1_0db505ad-60a5-11ec-8402-0a7404972c70_jpg.rf.SxJCMEK15YNlJfzQkUTQ.jpg,train_D1_0db505ad-60a5-11ec-8402-0a7404972c70_jpg.rf.SxJCMEK15YNlJfzQkUTQ.jpg,conjunctivitis,train,dog_conjunctivitis,.jpg
expansion\dog_conjunctivitis\train_D1_0dc8565f-60a5-11ec-8402-0a7404972c70_jpg.rf.EN1MPgd0IVskkxKs5YfF.jpg,train_D1_0dc8565f-60a5-11ec-8402-0a7404972c70_jpg.rf.EN1MPgd0IVskkxKs5YfF.jpg,conjunctivitis,train,dog_conjunctivitis,.jpg
expansion\dog_conjunctivitis\train_D1_0dcbe037-60a5-11ec-8402-0a7404972c70_jpg.rf.7uQWyurVkSmUUTRsv470.jpg,train_D1_0dcbe037-60a5-11ec-8402-0a7404972c70_jpg.rf.7uQWyurVkSmUUTRsv470.jpg,conjunctivitis,train,dog_conjunctivitis,.jpg
expansion\dog_conjunctivitis\train_D1_0dfeaa36-60a5-11ec-8402-0a7404972c70_jpg.rf.YkCy4RNpzC35LlQY1dQv.jpg,train_D1_0dfeaa36-60a5-11ec-8402-0a7404972c70_jpg.rf.YkCy4RNpzC35LlQY1dQv.jpg,conjunctivitis,train,dog_conjunctivitis,.jpg
expansion\dog_conjunctivitis\train_D1_0e407828-60a5-11ec-8402-0a7404972c70_jpg.rf.rnTswJWHseA8Y7gRKpwi.jpg,train_D1_0e407828-60a5-11ec-8402-0a7404972c70_jpg.rf.rnTswJWHseA8Y7gRKpwi.jpg,conjunctivitis,train,dog_conjunctivitis,.jpg
expansion\dog_conjunctivitis\train_D1_0e43f5f0-60a5-11ec-8402-0a7404972c70_jpg.rf.w0dt8VP89igcNSi38FHr.jpg,train_D1_0e43f5f0-60a5-11ec-8402-0a7404972c70_jpg.rf.w0dt8VP89igcNSi38FHr.jpg,conjunctivitis,train,dog_conjunctivitis,.jpg
expansion\dog_conjunctivitis\train_D1_0e4bf91c-60a5-11ec-8402-0a7404972c70_jpg.rf.o1xCvA4IMSeYHN0CCgpV.jpg,train_D1_0e4bf91c-60a5-11ec-8402-0a7404972c70_jpg.rf.o1xCvA4IMSeYHN0CCgpV.jpg,conjunctivitis,train,dog_conjunctivitis,.jpg
expansion\dog_conjunctivitis\train_D1_0e4d57a4-60a5-11ec-8402-0a7404972c70_jpg.rf.br51YtQh0V0Z9z9Myng7.jpg,train_D1_0e4d57a4-60a5-11ec-8402-0a7404972c70_jpg.rf.br51YtQh0V0Z9z9Myng7.jpg,conjunctivitis,train,dog_conjunctivitis,.jpg
expansion\dog_conjunctivitis\train_D1_0e6e8b46-60a5-11ec-8402-0a7404972c70_jpg.rf.RnvZpkOfY3PwbyTHmPba.jpg,train_D1_0e6e8b46-60a5-11ec-8402-0a7404972c70_jpg.rf.RnvZpkOfY3PwbyTHmPba.jpg,conjunctivitis,train,dog_conjunctivitis,.jpg
expansion\dog_conjunctivitis\train_D1_0e7d9a2b-60a5-11ec-8402-0a7404972c70_jpg.rf.PEA0MW9gF3baSf17JD7c.jpg,train_D1_0e7d9a2b-60a5-11ec-8402-0a7404972c70_jpg.rf.PEA0MW9gF3baSf17JD7c.jpg,conjunctivitis,train,dog_conjunctivitis,.jpg
expansion\dog_conjunctivitis\train_D1_0e7e43b3-60a5-11ec-8402-0a7404972c70_jpg.rf.7TYv2C5yBd9mz8oxVmnA.jpg,train_D1_0e7e43b3-60a5-11ec-8402-0a7404972c70_jpg.rf.7TYv2C5yBd9mz8oxVmnA.jpg,conjunctivitis,train,dog_conjunctivitis,.jpg
expansion\dog_conjunctivitis\train_D1_0eb6645e-60a5-11ec-8402-0a7404972c70_jpg.rf.kRh5vUW7f4uvXXbuHrIi.jpg,train_D1_0eb6645e-60a5-11ec-8402-0a7404972c70_jpg.rf.kRh5vUW7f4uvXXbuHrIi.jpg,conjunctivitis,train,dog_conjunctivitis,.jpg
expansion\dog_conjunctivitis\train_D1_0eeb6988-60a5-11ec-8402-0a7404972c70_jpg.rf.kFY4sbIlzCAHArHmHjV2.jpg,train_D1_0eeb6988-60a5-11ec-8402-0a7404972c70_jpg.rf.kFY4sbIlzCAHArHmHjV2.jpg,conjunctivitis,train,dog_conjunctivitis,.jpg
expansion\dog_conjunctivitis\train_D1_0eeba438-60a5-11ec-8402-0a7404972c70_jpg.rf.QdDKnTJLGHcAhZIDp1F5.jpg,train_D1_0eeba438-60a5-11ec-8402-0a7404972c70_jpg.rf.QdDKnTJLGHcAhZIDp1F5.jpg,conjunctivitis,train,dog_conjunctivitis,.jpg
expansion\dog_conjunctivitis\train_D1_10060946-60a5-11ec-8402-0a7404972c70_jpg.rf.MN2R9jwaMppoyONduUtg.jpg,train_D1_10060946-60a5-11ec-8402-0a7404972c70_jpg.rf.MN2R9jwaMppoyONduUtg.jpg,conjunctivitis,train,dog_conjunctivitis,.jpg
expansion\dog_conjunctivitis\train_D1_100f83b2-60a5-11ec-8402-0a7404972c70_jpg.rf.mIBTEHg4MV979lKaAYIm.jpg,train_D1_100f83b2-60a5-11ec-8402-0a7404972c70_jpg.rf.mIBTEHg4MV979lKaAYIm.jpg,conjunctivitis,train,dog_conjunctivitis,.jpg
expansion\dog_conjunctivitis\train_D1_1023489c-60a5-11ec-8402-0a7404972c70_jpg.rf.muUfyn3LYbyXCtx8sdng.jpg,train_D1_1023489c-60a5-11ec-8402-0a7404972c70_jpg.rf.muUfyn3LYbyXCtx8sdng.jpg,conjunctivitis,train,dog_conjunctivitis,.jpg
expansion\dog_conjunctivitis\train_D1_1029b8cb-60a5-11ec-8402-0a7404972c70_jpg.rf.LynqUUOgzfhviUO2FU7F.jpg,train_D1_1029b8cb-60a5-11ec-8402-0a7404972c70_jpg.rf.LynqUUOgzfhviUO2FU7F.jpg,conjunctivitis,train,dog_conjunctivitis,.jpg
expansion\dog_conjunctivitis\train_D1_102c79c2-60a5-11ec-8402-0a7404972c70_jpg.rf.OfqAu8kBRBETjG9cUZE5.jpg,train_D1_102c79c2-60a5-11ec-8402-0a7404972c70_jpg.rf.OfqAu8kBRBETjG9cUZE5.jpg,conjunctivitis,train,dog_conjunctivitis,.jpg
expansion\dog_conjunctivitis\train_D1_102cd016-60a5-11ec-8402-0a7404972c70_jpg.rf.CvvW3GwyjjRdtO4tTzaI.jpg,train_D1_102cd016-60a5-11ec-8402-0a7404972c70_jpg.rf.CvvW3GwyjjRdtO4tTzaI.jpg,conjunctivitis,train,dog_conjunctivitis,.jpg
expansion\dog_conjunctivitis\train_D1_10339a36-60a5-11ec-8402-0a7404972c70_jpg.rf.H47rXrEOnRHhGp6rkG1y.jpg,train_D1_10339a36-60a5-11ec-8402-0a7404972c70_jpg.rf.H47rXrEOnRHhGp6rkG1y.jpg,conjunctivitis,train,dog_conjunctivitis,.jpg
expansion\dog_conjunctivitis\train_D1_1035ad71-60a5-11ec-8402-0a7404972c70_jpg.rf.Ry3wgZ5cfh2Rr3Qdroiw.jpg,train_D1_1035ad71-60a5-11ec-8402-0a7404972c70_jpg.rf.Ry3wgZ5cfh2Rr3Qdroiw.jpg,conjunctivitis,train,dog_conjunctivitis,.jpg
expansion\dog_conjunctivitis\train_D1_103b939b-60a5-11ec-8402-0a7404972c70_jpg.rf.2H2MX5YIfUg0uR1blIM8.jpg,train_D1_103b939b-60a5-11ec-8402-0a7404972c70_jpg.rf.2H2MX5YIfUg0uR1blIM8.jpg,conjunctivitis,train,dog_conjunctivitis,.jpg
expansion\dog_conjunctivitis\train_D1_103d7b6f-60a5-11ec-8402-0a7404972c70_jpg.rf.Em5WUVSlmgM4nMXipbX1.jpg,train_D1_103d7b6f-60a5-11ec-8402-0a7404972c70_jpg.rf.Em5WUVSlmgM4nMXipbX1.jpg,conjunctivitis,train,dog_conjunctivitis,.jpg
expansion\dog_conjunctivitis\train_D1_104e6936-60a5-11ec-8402-0a7404972c70_jpg.rf.vAeXjoGfpSDH8ynrCbWl.jpg,train_D1_104e6936-60a5-11ec-8402-0a7404972c70_jpg.rf.vAeXjoGfpSDH8ynrCbWl.jpg,conjunctivitis,train,dog_conjunctivitis,.jpg
expansion\dog_conjunctivitis\train_D1_1065ad48-60a5-11ec-8402-0a7404972c70_jpg.rf.7YA72TEBxqttg6y6QNLE.jpg,train_D1_1065ad48-60a5-11ec-8402-0a7404972c70_jpg.rf.7YA72TEBxqttg6y6QNLE.jpg,conjunctivitis,train,dog_conjunctivitis,.jpg
expansion\dog_conjunctivitis\train_D1_106ad352-60a5-11ec-8402-0a7404972c70_jpg.rf.JxIOzbwiPEOP4E8NB1Ci.jpg,train_D1_106ad352-60a5-11ec-8402-0a7404972c70_jpg.rf.JxIOzbwiPEOP4E8NB1Ci.jpg,conjunctivitis,train,dog_conjunctivitis,.jpg
expansion\dog_conjunctivitis\train_D1_107ff152-60a5-11ec-8402-0a7404972c70_jpg.rf.Tfxz187yFz3mMLsvY1vJ.jpg,train_D1_107ff152-60a5-11ec-8402-0a7404972c70_jpg.rf.Tfxz187yFz3mMLsvY1vJ.jpg,conjunctivitis,train,dog_conjunctivitis,.jpg
expansion\dog_conjunctivitis\train_D1_108646d5-60a5-11ec-8402-0a7404972c70_jpg.rf.IdnPLX7J2GhEDqHNchSc.jpg,train_D1_108646d5-60a5-11ec-8402-0a7404972c70_jpg.rf.IdnPLX7J2GhEDqHNchSc.jpg,conjunctivitis,train,dog_conjunctivitis,.jpg
expansion\dog_conjunctivitis\train_D1_108ec636-60a5-11ec-8402-0a7404972c70_jpg.rf.IMFhXLKSSCygWG51vQ50.jpg,train_D1_108ec636-60a5-11ec-8402-0a7404972c70_jpg.rf.IMFhXLKSSCygWG51vQ50.jpg,conjunctivitis,train,dog_conjunctivitis,.jpg
expansion\dog_conjunctivitis\train_D1_10a297ba-60a5-11ec-8402-0a7404972c70_jpg.rf.hd1k3ia0NtLcQ8k5pByF.jpg,train_D1_10a297ba-60a5-11ec-8402-0a7404972c70_jpg.rf.hd1k3ia0NtLcQ8k5pByF.jpg,conjunctivitis,train,dog_conjunctivitis,.jpg
expansion\dog_conjunctivitis\train_D1_10bb3342-60a5-11ec-8402-0a7404972c70_jpg.rf.HuSivU0d2fq6s2CgVDHY.jpg,train_D1_10bb3342-60a5-11ec-8402-0a7404972c70_jpg.rf.HuSivU0d2fq6s2CgVDHY.jpg,conjunctivitis,train,dog_conjunctivitis,.jpg
expansion\dog_conjunctivitis\train_D1_11171def-60a5-11ec-8402-0a7404972c70_jpg.rf.IYZHzvq7MDf13tTFhPv0.jpg,train_D1_11171def-60a5-11ec-8402-0a7404972c70_jpg.rf.IYZHzvq7MDf13tTFhPv0.jpg,conjunctivitis,train,dog_conjunctivitis,.jpg
expansion\dog_conjunctivitis\train_D1_11193d96-60a5-11ec-8402-0a7404972c70_jpg.rf.hYRXs9mWadKQ6qF8Ns1B.jpg,train_D1_11193d96-60a5-11ec-8402-0a7404972c70_jpg.rf.hYRXs9mWadKQ6qF8Ns1B.jpg,conjunctivitis,train,dog_conjunctivitis,.jpg
expansion\dog_conjunctivitis\train_D1_111addb4-60a5-11ec-8402-0a7404972c70_jpg.rf.uaLh1gOfko4IKW3JbRey.jpg,train_D1_111addb4-60a5-11ec-8402-0a7404972c70_jpg.rf.uaLh1gOfko4IKW3JbRey.jpg,conjunctivitis,train,dog_conjunctivitis,.jpg
expansion\dog_conjunctivitis\train_D1_116c5fe4-60a5-11ec-8402-0a7404972c70_jpg.rf.oE0aFusB1ezsjUf05ixB.jpg,train_D1_116c5fe4-60a5-11ec-8402-0a7404972c70_jpg.rf.oE0aFusB1ezsjUf05ixB.jpg,conjunctivitis,train,dog_conjunctivitis,.jpg
expansion\dog_conjunctivitis\train_D1_116d657a-60a5-11ec-8402-0a7404972c70_jpg.rf.Gu9iOe2kugS5lk7sXnCr.jpg,train_D1_116d657a-60a5-11ec-8402-0a7404972c70_jpg.rf.Gu9iOe2kugS5lk7sXnCr.jpg,conjunctivitis,train,dog_conjunctivitis,.jpg
expansion\dog_conjunctivitis\train_D1_116d6d7b-60a5-11ec-8402-0a7404972c70_jpg.rf.KgyUf7SlBoO9RBmQXoaW.jpg,train_D1_116d6d7b-60a5-11ec-8402-0a7404972c70_jpg.rf.KgyUf7SlBoO9RBmQXoaW.jpg,conjunctivitis,train,dog_conjunctivitis,.jpg
expansion\dog_conjunctivitis\train_D1_116db797-60a5-11ec-8402-0a7404972c70_jpg.rf.1uhUYCxRL1FPoOCsKVTF.jpg,train_D1_116db797-60a5-11ec-8402-0a7404972c70_jpg.rf.1uhUYCxRL1FPoOCsKVTF.jpg,conjunctivitis,train,dog_conjunctivitis,.jpg
expansion\dog_conjunctivitis\train_D1_118a8053-60a5-11ec-8402-0a7404972c70_jpg.rf.l2luL7iFZSHCDP4fwP3Y.jpg,train_D1_118a8053-60a5-11ec-8402-0a7404972c70_jpg.rf.l2luL7iFZSHCDP4fwP3Y.jpg,conjunctivitis,train,dog_conjunctivitis,.jpg
expansion\dog_conjunctivitis\train_D1_1258c896-60a5-11ec-8402-0a7404972c70_jpg.rf.ndyPK7k6CVBruy5W3mIr.jpg,train_D1_1258c896-60a5-11ec-8402-0a7404972c70_jpg.rf.ndyPK7k6CVBruy5W3mIr.jpg,conjunctivitis,train,dog_conjunctivitis,.jpg
expansion\dog_conjunctivitis\train_D1_126b37c5-60a5-11ec-8402-0a7404972c70_jpg.rf.BkoVX5NwBoFMzaiPOpC6.jpg,train_D1_126b37c5-60a5-11ec-8402-0a7404972c70_jpg.rf.BkoVX5NwBoFMzaiPOpC6.jpg,conjunctivitis,train,dog_conjunctivitis,.jpg
expansion\dog_conjunctivitis\train_D1_1270651e-60a5-11ec-8402-0a7404972c70_jpg.rf.wMRYUbdkSh0VQXu5irmM.jpg,train_D1_1270651e-60a5-11ec-8402-0a7404972c70_jpg.rf.wMRYUbdkSh0VQXu5irmM.jpg,conjunctivitis,train,dog_conjunctivitis,.jpg
expansion\dog_conjunctivitis\train_D1_1277168e-60a5-11ec-8402-0a7404972c70_jpg.rf.rOnPktwpp6QmfMv0SqGu.jpg,train_D1_1277168e-60a5-11ec-8402-0a7404972c70_jpg.rf.rOnPktwpp6QmfMv0SqGu.jpg,conjunctivitis,train,dog_conjunctivitis,.jpg
expansion\dog_conjunctivitis\train_D1_127bf7be-60a5-11ec-8402-0a7404972c70_jpg.rf.St8BI5GJ4y0ZbE5diKTX.jpg,train_D1_127bf7be-60a5-11ec-8402-0a7404972c70_jpg.rf.St8BI5GJ4y0ZbE5diKTX.jpg,conjunctivitis,train,dog_conjunctivitis,.jpg
expansion\dog_conjunctivitis\train_D1_128e29e8-60a5-11ec-8402-0a7404972c70_jpg.rf.MNcUXO8zNi4q6tDjwvOZ.jpg,train_D1_128e29e8-60a5-11ec-8402-0a7404972c70_jpg.rf.MNcUXO8zNi4q6tDjwvOZ.jpg,conjunctivitis,train,dog_conjunctivitis,.jpg
expansion\dog_conjunctivitis\train_D1_128f20de-60a5-11ec-8402-0a7404972c70_jpg.rf.YELR2SF5wfz1Dltkj8xI.jpg,train_D1_128f20de-60a5-11ec-8402-0a7404972c70_jpg.rf.YELR2SF5wfz1Dltkj8xI.jpg,conjunctivitis,train,dog_conjunctivitis,.jpg
expansion\dog_conjunctivitis\train_D1_12903186-60a5-11ec-8402-0a7404972c70_jpg.rf.DH3tlVoa1CaIsiOvWwRi.jpg,train_D1_12903186-60a5-11ec-8402-0a7404972c70_jpg.rf.DH3tlVoa1CaIsiOvWwRi.jpg,conjunctivitis,train,dog_conjunctivitis,.jpg
expansion\dog_conjunctivitis\train_D1_129222fd-60a5-11ec-8402-0a7404972c70_jpg.rf.m15FbIwhocEUKP9FdpoS.jpg,train_D1_129222fd-60a5-11ec-8402-0a7404972c70_jpg.rf.m15FbIwhocEUKP9FdpoS.jpg,conjunctivitis,train,dog_conjunctivitis,.jpg
expansion\dog_conjunctivitis\train_D1_1292f867-60a5-11ec-8402-0a7404972c70_jpg.rf.0qeCuYDkWSDOVlhgTnSE.jpg,train_D1_1292f867-60a5-11ec-8402-0a7404972c70_jpg.rf.0qeCuYDkWSDOVlhgTnSE.jpg,conjunctivitis,train,dog_conjunctivitis,.jpg
expansion\dog_conjunctivitis\train_D1_129cefae-60a5-11ec-8402-0a7404972c70_jpg.rf.eR5Qe6aVe4NZSWRsPmgg.jpg,train_D1_129cefae-60a5-11ec-8402-0a7404972c70_jpg.rf.eR5Qe6aVe4NZSWRsPmgg.jpg,conjunctivitis,train,dog_conjunctivitis,.jpg
expansion\dog_conjunctivitis\train_D1_12e30974-60a5-11ec-8402-0a7404972c70_jpg.rf.zJAEwmm68YnEBzfX3zoL.jpg,train_D1_12e30974-60a5-11ec-8402-0a7404972c70_jpg.rf.zJAEwmm68YnEBzfX3zoL.jpg,conjunctivitis,train,dog_conjunctivitis,.jpg
expansion\dog_conjunctivitis\train_D1_12e8bf14-60a5-11ec-8402-0a7404972c70_jpg.rf.WhXvsz8LZUSkMTTVvUX8.jpg,train_D1_12e8bf14-60a5-11ec-8402-0a7404972c70_jpg.rf.WhXvsz8LZUSkMTTVvUX8.jpg,conjunctivitis,train,dog_conjunctivitis,.jpg
expansion\dog_conjunctivitis\train_D1_12ebfb64-60a5-11ec-8402-0a7404972c70_jpg.rf.IAHm223kUJTMzLHH8fln.jpg,train_D1_12ebfb64-60a5-11ec-8402-0a7404972c70_jpg.rf.IAHm223kUJTMzLHH8fln.jpg,conjunctivitis,train,dog_conjunctivitis,.jpg
expansion\dog_conjunctivitis\train_D1_12f1d83e-60a5-11ec-8402-0a7404972c70_jpg.rf.wyz3LDyCrU22YMSr4N4P.jpg,train_D1_12f1d83e-60a5-11ec-8402-0a7404972c70_jpg.rf.wyz3LDyCrU22YMSr4N4P.jpg,conjunctivitis,train,dog_conjunctivitis,.jpg
expansion\dog_conjunctivitis\train_D1_12f7af4e-60a5-11ec-8402-0a7404972c70_jpg.rf.91IGRWZKEnKHmwavwMmM.jpg,train_D1_12f7af4e-60a5-11ec-8402-0a7404972c70_jpg.rf.91IGRWZKEnKHmwavwMmM.jpg,conjunctivitis,train,dog_conjunctivitis,.jpg
expansion\dog_conjunctivitis\train_D1_13571ace-60a5-11ec-8402-0a7404972c70_jpg.rf.znwJfyYsD5ucFOWXJjp0.jpg,train_D1_13571ace-60a5-11ec-8402-0a7404972c70_jpg.rf.znwJfyYsD5ucFOWXJjp0.jpg,conjunctivitis,train,dog_conjunctivitis,.jpg
expansion\dog_conjunctivitis\train_D1_13917749-60a5-11ec-8402-0a7404972c70_jpg.rf.GgkEHLLBoWnX3wkGWtqz.jpg,train_D1_13917749-60a5-11ec-8402-0a7404972c70_jpg.rf.GgkEHLLBoWnX3wkGWtqz.jpg,conjunctivitis,train,dog_conjunctivitis,.jpg
expansion\dog_conjunctivitis\train_D1_15103cbc-60a5-11ec-8402-0a7404972c70_jpg.rf.J7cS3WV43sVsfGzh2a11.jpg,train_D1_15103cbc-60a5-11ec-8402-0a7404972c70_jpg.rf.J7cS3WV43sVsfGzh2a11.jpg,conjunctivitis,train,dog_conjunctivitis,.jpg
expansion\dog_conjunctivitis\train_D1_15147457-60a5-11ec-8402-0a7404972c70_jpg.rf.bVXoLo3I3sAVs8AGLvfw.jpg,train_D1_15147457-60a5-11ec-8402-0a7404972c70_jpg.rf.bVXoLo3I3sAVs8AGLvfw.jpg,conjunctivitis,train,dog_conjunctivitis,.jpg
expansion\dog_conjunctivitis\train_D1_184b5cde-60a5-11ec-8402-0a7404972c70_jpg.rf.UpywtAIACXdgPDksYVVp.jpg,train_D1_184b5cde-60a5-11ec-8402-0a7404972c70_jpg.rf.UpywtAIACXdgPDksYVVp.jpg,conjunctivitis,train,dog_conjunctivitis,.jpg
expansion\dog_conjunctivitis\train_D1_1866dd2e-60a5-11ec-8402-0a7404972c70_jpg.rf.FEUEgOMliifx8fWFYpl9.jpg,train_D1_1866dd2e-60a5-11ec-8402-0a7404972c70_jpg.rf.FEUEgOMliifx8fWFYpl9.jpg,conjunctivitis,train,dog_conjunctivitis,.jpg
expansion\dog_conjunctivitis\train_D1_18760503-60a5-11ec-8402-0a7404972c70_jpg.rf.S4SI8ggPXQ1MDKi37lU0.jpg,train_D1_18760503-60a5-11ec-8402-0a7404972c70_jpg.rf.S4SI8ggPXQ1MDKi37lU0.jpg,conjunctivitis,train,dog_conjunctivitis,.jpg
expansion\dog_conjunctivitis\train_D1_187d8f7a-60a5-11ec-8402-0a7404972c70_jpg.rf.mQ76Hm0UVS1WRloWbFxR.jpg,train_D1_187d8f7a-60a5-11ec-8402-0a7404972c70_jpg.rf.mQ76Hm0UVS1WRloWbFxR.jpg,conjunctivitis,train,dog_conjunctivitis,.jpg
expansion\dog_conjunctivitis\train_D1_18cb22e6-60a5-11ec-8402-0a7404972c70_jpg.rf.fW5MI5bD6NcfJTtVwBLl.jpg,train_D1_18cb22e6-60a5-11ec-8402-0a7404972c70_jpg.rf.fW5MI5bD6NcfJTtVwBLl.jpg,conjunctivitis,train,dog_conjunctivitis,.jpg
expansion\dog_conjunctivitis\train_D1_18d0763e-60a5-11ec-8402-0a7404972c70_jpg.rf.3qq5vYKXD8oqOxIpWrzP.jpg,train_D1_18d0763e-60a5-11ec-8402-0a7404972c70_jpg.rf.3qq5vYKXD8oqOxIpWrzP.jpg,conjunctivitis,train,dog_conjunctivitis,.jpg
expansion\dog_conjunctivitis\train_D1_18d3cd74-60a5-11ec-8402-0a7404972c70_jpg.rf.Ekx9dTKgLC7sHXMosudX.jpg,train_D1_18d3cd74-60a5-11ec-8402-0a7404972c70_jpg.rf.Ekx9dTKgLC7sHXMosudX.jpg,conjunctivitis,train,dog_conjunctivitis,.jpg
expansion\dog_conjunctivitis\train_D1_18f6490a-60a5-11ec-8402-0a7404972c70_jpg.rf.CtGpk2HNiDLpakTQ7Jfn.jpg,train_D1_18f6490a-60a5-11ec-8402-0a7404972c70_jpg.rf.CtGpk2HNiDLpakTQ7Jfn.jpg,conjunctivitis,train,dog_conjunctivitis,.jpg
expansion\dog_conjunctivitis\train_D1_18fa2a21-60a5-11ec-8402-0a7404972c70_jpg.rf.fmDcQRpciNnqNd7DukPt.jpg,train_D1_18fa2a21-60a5-11ec-8402-0a7404972c70_jpg.rf.fmDcQRpciNnqNd7DukPt.jpg,conjunctivitis,train,dog_conjunctivitis,.jpg
expansion\dog_conjunctivitis\train_D1_18fa50a7-60a5-11ec-8402-0a7404972c70_jpg.rf.ptwNUcDHONbunbdXppMa.jpg,train_D1_18fa50a7-60a5-11ec-8402-0a7404972c70_jpg.rf.ptwNUcDHONbunbdXppMa.jpg,conjunctivitis,train,dog_conjunctivitis,.jpg
expansion\dog_conjunctivitis\train_D1_1908055c-60a5-11ec-8402-0a7404972c70_jpg.rf.KbSEBX2uCVq50UDcjmIF.jpg,train_D1_1908055c-60a5-11ec-8402-0a7404972c70_jpg.rf.KbSEBX2uCVq50UDcjmIF.jpg,conjunctivitis,train,dog_conjunctivitis,.jpg
expansion\dog_conjunctivitis\train_D1_19096669-60a5-11ec-8402-0a7404972c70_jpg.rf.3fBUbxwrhh2iwiFQO3M0.jpg,train_D1_19096669-60a5-11ec-8402-0a7404972c70_jpg.rf.3fBUbxwrhh2iwiFQO3M0.jpg,conjunctivitis,train,dog_conjunctivitis,.jpg
expansion\dog_conjunctivitis\train_D1_190f17d1-60a5-11ec-8402-0a7404972c70_jpg.rf.malVp29WdVjdHpUFf0Vz.jpg,train_D1_190f17d1-60a5-11ec-8402-0a7404972c70_jpg.rf.malVp29WdVjdHpUFf0Vz.jpg,conjunctivitis,train,dog_conjunctivitis,.jpg
expansion\dog_conjunctivitis\train_D1_1921919f-60a5-11ec-8402-0a7404972c70_jpg.rf.QlC3lhK7rpf4T5o6281W.jpg,train_D1_1921919f-60a5-11ec-8402-0a7404972c70_jpg.rf.QlC3lhK7rpf4T5o6281W.jpg,conjunctivitis,train,dog_conjunctivitis,.jpg
expansion\dog_conjunctivitis\train_D1_1942f57c-60a5-11ec-8402-0a7404972c70_jpg.rf.N0EQISftXltTqh217h79.jpg,train_D1_1942f57c-60a5-11ec-8402-0a7404972c70_jpg.rf.N0EQISftXltTqh217h79.jpg,conjunctivitis,train,dog_conjunctivitis,.jpg
expansion\dog_conjunctivitis\train_D1_19493cd4-60a5-11ec-8402-0a7404972c70_jpg.rf.i0cP3XIxsEjB4aSZupgO.jpg,train_D1_19493cd4-60a5-11ec-8402-0a7404972c70_jpg.rf.i0cP3XIxsEjB4aSZupgO.jpg,conjunctivitis,train,dog_conjunctivitis,.jpg
expansion\dog_conjunctivitis\train_D1_197a4483-60a5-11ec-8402-0a7404972c70_jpg.rf.MKRyyHSzr28qAPavSloO.jpg,train_D1_197a4483-60a5-11ec-8402-0a7404972c70_jpg.rf.MKRyyHSzr28qAPavSloO.jpg,conjunctivitis,train,dog_conjunctivitis,.jpg
expansion\dog_conjunctivitis\train_D1_19e68e08-60a5-11ec-8402-0a7404972c70_jpg.rf.DbDLP7kHHD9BF8w2IzYs.jpg,train_D1_19e68e08-60a5-11ec-8402-0a7404972c70_jpg.rf.DbDLP7kHHD9BF8w2IzYs.jpg,conjunctivitis,train,dog_conjunctivitis,.jpg
expansion\dog_conjunctivitis\train_D1_19ef0a8b-60a5-11ec-8402-0a7404972c70_jpg.rf.5DV3AAzYehJdfKeQ7HJ7.jpg,train_D1_19ef0a8b-60a5-11ec-8402-0a7404972c70_jpg.rf.5DV3AAzYehJdfKeQ7HJ7.jpg,conjunctivitis,train,dog_conjunctivitis,.jpg
expansion\dog_conjunctivitis\train_D1_1ce24e54-60a5-11ec-8402-0a7404972c70_jpg.rf.03MgAeF1fSs4wrvLOclS.jpg,train_D1_1ce24e54-60a5-11ec-8402-0a7404972c70_jpg.rf.03MgAeF1fSs4wrvLOclS.jpg,conjunctivitis,train,dog_conjunctivitis,.jpg
expansion\dog_conjunctivitis\train_D1_20c15c33-60a5-11ec-8402-0a7404972c70_jpg.rf.omMs4gQDKV2BqiMtS2ts.jpg,train_D1_20c15c33-60a5-11ec-8402-0a7404972c70_jpg.rf.omMs4gQDKV2BqiMtS2ts.jpg,conjunctivitis,train,dog_conjunctivitis,.jpg
expansion\dog_conjunctivitis\train_D1_20c8dbac-60a5-11ec-8402-0a7404972c70_jpg.rf.9D4AY1UeV6uvdGzPDND5.jpg,train_D1_20c8dbac-60a5-11ec-8402-0a7404972c70_jpg.rf.9D4AY1UeV6uvdGzPDND5.jpg,conjunctivitis,train,dog_conjunctivitis,.jpg
expansion\dog_conjunctivitis\train_D1_20ccf456-60a5-11ec-8402-0a7404972c70_jpg.rf.g47BNDfdPbGvYmWvrIu5.jpg,train_D1_20ccf456-60a5-11ec-8402-0a7404972c70_jpg.rf.g47BNDfdPbGvYmWvrIu5.jpg,conjunctivitis,train,dog_conjunctivitis,.jpg
expansion\dog_conjunctivitis\train_D1_20f66c86-60a5-11ec-8402-0a7404972c70_jpg.rf.HPepb2ApQ4cFl1MsLV4s.jpg,train_D1_20f66c86-60a5-11ec-8402-0a7404972c70_jpg.rf.HPepb2ApQ4cFl1MsLV4s.jpg,conjunctivitis,train,dog_conjunctivitis,.jpg
expansion\dog_conjunctivitis\train_D1_2110c769-60a5-11ec-8402-0a7404972c70_jpg.rf.MgAqVRDq633l5LcraGRs.jpg,train_D1_2110c769-60a5-11ec-8402-0a7404972c70_jpg.rf.MgAqVRDq633l5LcraGRs.jpg,conjunctivitis,train,dog_conjunctivitis,.jpg
expansion\dog_conjunctivitis\train_D1_21168113-60a5-11ec-8402-0a7404972c70_jpg.rf.7OgvCdF0qxKK4aQA2teZ.jpg,train_D1_21168113-60a5-11ec-8402-0a7404972c70_jpg.rf.7OgvCdF0qxKK4aQA2teZ.jpg,conjunctivitis,train,dog_conjunctivitis,.jpg
expansion\dog_conjunctivitis\train_D1_211b8110-60a5-11ec-8402-0a7404972c70_jpg.rf.ljDrMgWY5CRU0Q4qxTuH.jpg,train_D1_211b8110-60a5-11ec-8402-0a7404972c70_jpg.rf.ljDrMgWY5CRU0Q4qxTuH.jpg,conjunctivitis,train,dog_conjunctivitis,.jpg
expansion\dog_conjunctivitis\train_D1_212718cc-60a5-11ec-8402-0a7404972c70_jpg.rf.MshSFkbpV4oqyIBfjcBs.jpg,train_D1_212718cc-60a5-11ec-8402-0a7404972c70_jpg.rf.MshSFkbpV4oqyIBfjcBs.jpg,conjunctivitis,train,dog_conjunctivitis,.jpg
expansion\dog_conjunctivitis\train_D1_2133fc25-60a5-11ec-8402-0a7404972c70_jpg.rf.vmT5DPTeXM9QnfBVLp9B.jpg,train_D1_2133fc25-60a5-11ec-8402-0a7404972c70_jpg.rf.vmT5DPTeXM9QnfBVLp9B.jpg,conjunctivitis,train,dog_conjunctivitis,.jpg
expansion\dog_conjunctivitis\train_D1_213bf71d-60a5-11ec-8402-0a7404972c70_jpg.rf.Gx7lslKZVel7rDQoH9Op.jpg,train_D1_213bf71d-60a5-11ec-8402-0a7404972c70_jpg.rf.Gx7lslKZVel7rDQoH9Op.jpg,conjunctivitis,train,dog_conjunctivitis,.jpg
expansion\dog_conjunctivitis\train_D1_21450e9e-60a5-11ec-8402-0a7404972c70_jpg.rf.U8U3HEepOReeMpW156XX.jpg,train_D1_21450e9e-60a5-11ec-8402-0a7404972c70_jpg.rf.U8U3HEepOReeMpW156XX.jpg,conjunctivitis,train,dog_conjunctivitis,.jpg
expansion\dog_conjunctivitis\train_D1_2146cf15-60a5-11ec-8402-0a7404972c70_jpg.rf.128I7oTHNLadM8zcr7w3.jpg,train_D1_2146cf15-60a5-11ec-8402-0a7404972c70_jpg.rf.128I7oTHNLadM8zcr7w3.jpg,conjunctivitis,train,dog_conjunctivitis,.jpg
expansion\dog_conjunctivitis\train_D1_30d10647-60a5-11ec-8402-0a7404972c70_jpg.rf.5XjlJ3rBoiOV5Wuieigw.jpg,train_D1_30d10647-60a5-11ec-8402-0a7404972c70_jpg.rf.5XjlJ3rBoiOV5Wuieigw.jpg,conjunctivitis,train,dog_conjunctivitis,.jpg
expansion\dog_conjunctivitis\train_D1_30d18fc3-60a5-11ec-8402-0a7404972c70_jpg.rf.t1IXyYv8WqdC9pgUNoLR.jpg,train_D1_30d18fc3-60a5-11ec-8402-0a7404972c70_jpg.rf.t1IXyYv8WqdC9pgUNoLR.jpg,conjunctivitis,train,dog_conjunctivitis,.jpg
expansion\dog_conjunctivitis\train_D1_310e5844-60a5-11ec-8402-0a7404972c70_jpg.rf.qEuVssJOIGCfvEnHYsHa.jpg,train_D1_310e5844-60a5-11ec-8402-0a7404972c70_jpg.rf.qEuVssJOIGCfvEnHYsHa.jpg,conjunctivitis,train,dog_conjunctivitis,.jpg
expansion\dog_conjunctivitis\train_D1_3124f39e-60a5-11ec-8402-0a7404972c70_jpg.rf.7LpJm1pzEIygoWAS0qDZ.jpg,train_D1_3124f39e-60a5-11ec-8402-0a7404972c70_jpg.rf.7LpJm1pzEIygoWAS0qDZ.jpg,conjunctivitis,train,dog_conjunctivitis,.jpg
expansion\dog_conjunctivitis\train_D1_314408f3-60a5-11ec-8402-0a7404972c70_jpg.rf.rfKyWdGkS7sJI7auSIDP.jpg,train_D1_314408f3-60a5-11ec-8402-0a7404972c70_jpg.rf.rfKyWdGkS7sJI7auSIDP.jpg,conjunctivitis,train,dog_conjunctivitis,.jpg
expansion\dog_conjunctivitis\train_D1_31a13eca-60a5-11ec-8402-0a7404972c70_jpg.rf.6TeNB2pez357l1mBS6N5.jpg,train_D1_31a13eca-60a5-11ec-8402-0a7404972c70_jpg.rf.6TeNB2pez357l1mBS6N5.jpg,conjunctivitis,train,dog_conjunctivitis,.jpg
expansion\dog_conjunctivitis\train_D20_0369c5e6-60a5-11ec-8402-0a7404972c70_jpg.rf.4ClVlU0pQx0dz5MUdIcj.jpg,train_D20_0369c5e6-60a5-11ec-8402-0a7404972c70_jpg.rf.4ClVlU0pQx0dz5MUdIcj.jpg,conjunctivitis,train,dog_conjunctivitis,.jpg
expansion\dog_conjunctivitis\train_D20_0386b9cf-60a5-11ec-8402-0a7404972c70_jpg.rf.BK0J8LyqglfE8yARcsna.jpg,train_D20_0386b9cf-60a5-11ec-8402-0a7404972c70_jpg.rf.BK0J8LyqglfE8yARcsna.jpg,conjunctivitis,train,dog_conjunctivitis,.jpg
expansion\dog_conjunctivitis\train_D20_1012dceb-60a5-11ec-8402-0a7404972c70_jpg.rf.2W8UIUarwrjhvddF4wd0.jpg,train_D20_1012dceb-60a5-11ec-8402-0a7404972c70_jpg.rf.2W8UIUarwrjhvddF4wd0.jpg,conjunctivitis,train,dog_conjunctivitis,.jpg
expansion\dog_conjunctivitis\train_D20_1026dcf4-60a5-11ec-8402-0a7404972c70_jpg.rf.Sjy80NDIMv8g8nFAv6jG.jpg,train_D20_1026dcf4-60a5-11ec-8402-0a7404972c70_jpg.rf.Sjy80NDIMv8g8nFAv6jG.jpg,conjunctivitis,train,dog_conjunctivitis,.jpg
expansion\dog_conjunctivitis\train_D20_1026f9ba-60a5-11ec-8402-0a7404972c70_jpg.rf.jMxytvlUPV6FpoHHk0nM.jpg,train_D20_1026f9ba-60a5-11ec-8402-0a7404972c70_jpg.rf.jMxytvlUPV6FpoHHk0nM.jpg,conjunctivitis,train,dog_conjunctivitis,.jpg
expansion\dog_conjunctivitis\train_D20_1029d9cd-60a5-11ec-8402-0a7404972c70_jpg.rf.pgml2fLIK4Jbj97rb4mQ.jpg,train_D20_1029d9cd-60a5-11ec-8402-0a7404972c70_jpg.rf.pgml2fLIK4Jbj97rb4mQ.jpg,conjunctivitis,train,dog_conjunctivitis,.jpg
expansion\dog_conjunctivitis\train_D20_103268fb-60a5-11ec-8402-0a7404972c70_jpg.rf.6vQPQoC41HnJk3TexKvF.jpg,train_D20_103268fb-60a5-11ec-8402-0a7404972c70_jpg.rf.6vQPQoC41HnJk3TexKvF.jpg,conjunctivitis,train,dog_conjunctivitis,.jpg
expansion\dog_conjunctivitis\train_D20_103328ec-60a5-11ec-8402-0a7404972c70_jpg.rf.HkgZTtoVxSeWv8HSYN6K.jpg,train_D20_103328ec-60a5-11ec-8402-0a7404972c70_jpg.rf.HkgZTtoVxSeWv8HSYN6K.jpg,conjunctivitis,train,dog_conjunctivitis,.jpg
expansion\dog_conjunctivitis\train_D20_10365c62-60a5-11ec-8402-0a7404972c70_jpg.rf.lsnmgip5KzORQjIuKTpp.jpg,train_D20_10365c62-60a5-11ec-8402-0a7404972c70_jpg.rf.lsnmgip5KzORQjIuKTpp.jpg,conjunctivitis,train,dog_conjunctivitis,.jpg
expansion\dog_conjunctivitis\train_D20_10390838-60a5-11ec-8402-0a7404972c70_jpg.rf.IjpTxvvRl56Wd3mBNq7J.jpg,train_D20_10390838-60a5-11ec-8402-0a7404972c70_jpg.rf.IjpTxvvRl56Wd3mBNq7J.jpg,conjunctivitis,train,dog_conjunctivitis,.jpg
expansion\dog_conjunctivitis\train_D20_1039126e-60a5-11ec-8402-0a7404972c70_jpg.rf.fyqEAmOWHqpRtv9s0OHK.jpg,train_D20_1039126e-60a5-11ec-8402-0a7404972c70_jpg.rf.fyqEAmOWHqpRtv9s0OHK.jpg,conjunctivitis,train,dog_conjunctivitis,.jpg
expansion\dog_conjunctivitis\train_D20_10391848-60a5-11ec-8402-0a7404972c70_jpg.rf.dzwV2DiP9hrlqWiEKnUO.jpg,train_D20_10391848-60a5-11ec-8402-0a7404972c70_jpg.rf.dzwV2DiP9hrlqWiEKnUO.jpg,conjunctivitis,train,dog_conjunctivitis,.jpg
expansion\dog_conjunctivitis\train_D20_1047dcb9-60a5-11ec-8402-0a7404972c70_jpg.rf.2kqLalJ3olvAtJhIq1mL.jpg,train_D20_1047dcb9-60a5-11ec-8402-0a7404972c70_jpg.rf.2kqLalJ3olvAtJhIq1mL.jpg,conjunctivitis,train,dog_conjunctivitis,.jpg
expansion\dog_conjunctivitis\train_D20_1062f774-60a5-11ec-8402-0a7404972c70_jpg.rf.7nyYkIKB1OqjlAjlymLw.jpg,train_D20_1062f774-60a5-11ec-8402-0a7404972c70_jpg.rf.7nyYkIKB1OqjlAjlymLw.jpg,conjunctivitis,train,dog_conjunctivitis,.jpg
expansion\dog_conjunctivitis\train_D20_1074b2ed-60a5-11ec-8402-0a7404972c70_jpg.rf.S98Ca8jwITswfMYFnAqA.jpg,train_D20_1074b2ed-60a5-11ec-8402-0a7404972c70_jpg.rf.S98Ca8jwITswfMYFnAqA.jpg,conjunctivitis,train,dog_conjunctivitis,.jpg
expansion\dog_conjunctivitis\train_D20_1116540f-60a5-11ec-8402-0a7404972c70_jpg.rf.RJJvPGoStcuQHL76v7KP.jpg,train_D20_1116540f-60a5-11ec-8402-0a7404972c70_jpg.rf.RJJvPGoStcuQHL76v7KP.jpg,conjunctivitis,train,dog_conjunctivitis,.jpg
expansion\dog_conjunctivitis\train_D20_11272dd8-60a5-11ec-8402-0a7404972c70_jpg.rf.Tjqq9uyEGRB5TcR8saRG.jpg,train_D20_11272dd8-60a5-11ec-8402-0a7404972c70_jpg.rf.Tjqq9uyEGRB5TcR8saRG.jpg,conjunctivitis,train,dog_conjunctivitis,.jpg
expansion\dog_conjunctivitis\train_D20_118998b6-60a5-11ec-8402-0a7404972c70_jpg.rf.8ChMEwns2gr3RzjDC1qr.jpg,train_D20_118998b6-60a5-11ec-8402-0a7404972c70_jpg.rf.8ChMEwns2gr3RzjDC1qr.jpg,conjunctivitis,train,dog_conjunctivitis,.jpg
expansion\dog_conjunctivitis\train_D20_1293c6fe-60a5-11ec-8402-0a7404972c70_jpg.rf.Z7dQqEdYk46ws0lfDZ6Z.jpg,train_D20_1293c6fe-60a5-11ec-8402-0a7404972c70_jpg.rf.Z7dQqEdYk46ws0lfDZ6Z.jpg,conjunctivitis,train,dog_conjunctivitis,.jpg
expansion\dog_conjunctivitis\train_D20_1295d789-60a5-11ec-8402-0a7404972c70_jpg.rf.vOQTkJI75jiNgrc5SrlP.jpg,train_D20_1295d789-60a5-11ec-8402-0a7404972c70_jpg.rf.vOQTkJI75jiNgrc5SrlP.jpg,conjunctivitis,train,dog_conjunctivitis,.jpg
expansion\dog_conjunctivitis\train_D20_1513ec13-60a5-11ec-8402-0a7404972c70_jpg.rf.E7qJClzX3E4BQfrmN95Y.jpg,train_D20_1513ec13-60a5-11ec-8402-0a7404972c70_jpg.rf.E7qJClzX3E4BQfrmN95Y.jpg,conjunctivitis,train,dog_conjunctivitis,.jpg
expansion\dog_conjunctivitis\train_D20_16565455-60a5-11ec-8402-0a7404972c70_jpg.rf.frzTHMJnN4jbULJx93gI.jpg,train_D20_16565455-60a5-11ec-8402-0a7404972c70_jpg.rf.frzTHMJnN4jbULJx93gI.jpg,conjunctivitis,train,dog_conjunctivitis,.jpg
expansion\dog_conjunctivitis\train_D20_1662a865-60a5-11ec-8402-0a7404972c70_jpg.rf.ajFnQOunk5LzDFFUKT47.jpg,train_D20_1662a865-60a5-11ec-8402-0a7404972c70_jpg.rf.ajFnQOunk5LzDFFUKT47.jpg,conjunctivitis,train,dog_conjunctivitis,.jpg
expansion\dog_conjunctivitis\train_D20_184915f4-60a5-11ec-8402-0a7404972c70_jpg.rf.BynidkLNb00fR1UWJMCZ.jpg,train_D20_184915f4-60a5-11ec-8402-0a7404972c70_jpg.rf.BynidkLNb00fR1UWJMCZ.jpg,conjunctivitis,train,dog_conjunctivitis,.jpg
expansion\dog_conjunctivitis\train_D20_1883e713-60a5-11ec-8402-0a7404972c70_jpg.rf.HJt0HCeOB5FhvZTLE2M3.jpg,train_D20_1883e713-60a5-11ec-8402-0a7404972c70_jpg.rf.HJt0HCeOB5FhvZTLE2M3.jpg,conjunctivitis,train,dog_conjunctivitis,.jpg
expansion\dog_conjunctivitis\train_D20_1888b222-60a5-11ec-8402-0a7404972c70_jpg.rf.LjQXHooWmJekenWo0gBh.jpg,train_D20_1888b222-60a5-11ec-8402-0a7404972c70_jpg.rf.LjQXHooWmJekenWo0gBh.jpg,conjunctivitis,train,dog_conjunctivitis,.jpg
expansion\dog_conjunctivitis\train_D20_1903310a-60a5-11ec-8402-0a7404972c70_jpg.rf.Lk7XA5BOr18X7lIfMSl6.jpg,train_D20_1903310a-60a5-11ec-8402-0a7404972c70_jpg.rf.Lk7XA5BOr18X7lIfMSl6.jpg,conjunctivitis,train,dog_conjunctivitis,.jpg
expansion\dog_conjunctivitis\train_D20_19186c65-60a5-11ec-8402-0a7404972c70_jpg.rf.CEaY380DxBy0FA6kqO06.jpg,train_D20_19186c65-60a5-11ec-8402-0a7404972c70_jpg.rf.CEaY380DxBy0FA6kqO06.jpg,conjunctivitis,train,dog_conjunctivitis,.jpg
expansion\dog_conjunctivitis\train_D20_1924eab4-60a5-11ec-8402-0a7404972c70_jpg.rf.ovvG6T5DkTPsgUqOIuT1.jpg,train_D20_1924eab4-60a5-11ec-8402-0a7404972c70_jpg.rf.ovvG6T5DkTPsgUqOIuT1.jpg,conjunctivitis,train,dog_conjunctivitis,.jpg
expansion\dog_conjunctivitis\train_D20_19783a6c-60a5-11ec-8402-0a7404972c70_jpg.rf.AfkRTUKAuQhUF1ijLA8H.jpg,train_D20_19783a6c-60a5-11ec-8402-0a7404972c70_jpg.rf.AfkRTUKAuQhUF1ijLA8H.jpg,conjunctivitis,train,dog_conjunctivitis,.jpg
expansion\dog_conjunctivitis\train_D20_2105b756-60a5-11ec-8402-0a7404972c70_jpg.rf.w4kWXH5wQuxkm2fHsUVM.jpg,train_D20_2105b756-60a5-11ec-8402-0a7404972c70_jpg.rf.w4kWXH5wQuxkm2fHsUVM.jpg,conjunctivitis,train,dog_conjunctivitis,.jpg
expansion\dog_conjunctivitis\train_D20_210662fe-60a5-11ec-8402-0a7404972c70_jpg.rf.qON9DrhYlpvSBZuZtLdu.jpg,train_D20_210662fe-60a5-11ec-8402-0a7404972c70_jpg.rf.qON9DrhYlpvSBZuZtLdu.jpg,conjunctivitis,train,dog_conjunctivitis,.jpg
expansion\dog_conjunctivitis\train_D20_2110bc23-60a5-11ec-8402-0a7404972c70_jpg.rf.kEVAgenBSKE63YaJe3Si.jpg,train_D20_2110bc23-60a5-11ec-8402-0a7404972c70_jpg.rf.kEVAgenBSKE63YaJe3Si.jpg,conjunctivitis,train,dog_conjunctivitis,.jpg
expansion\dog_conjunctivitis\train_D20_2124c080-60a5-11ec-8402-0a7404972c70_jpg.rf.ARrjmy5Y4p4wR5Rmq4Lj.jpg,train_D20_2124c080-60a5-11ec-8402-0a7404972c70_jpg.rf.ARrjmy5Y4p4wR5Rmq4Lj.jpg,conjunctivitis,train,dog_conjunctivitis,.jpg
expansion\dog_conjunctivitis\train_D20_21294d84-60a5-11ec-8402-0a7404972c70_jpg.rf.2GGClFBRNbOaMkeCKewI.jpg,train_D20_21294d84-60a5-11ec-8402-0a7404972c70_jpg.rf.2GGClFBRNbOaMkeCKewI.jpg,conjunctivitis,train,dog_conjunctivitis,.jpg
expansion\dog_conjunctivitis\train_D20_21446526-60a5-11ec-8402-0a7404972c70_jpg.rf.HrCQNM81jmEZSfLMXodq.jpg,train_D20_21446526-60a5-11ec-8402-0a7404972c70_jpg.rf.HrCQNM81jmEZSfLMXodq.jpg,conjunctivitis,train,dog_conjunctivitis,.jpg
expansion\dog_conjunctivitis\train_D20_310211ef-60a5-11ec-8402-0a7404972c70_jpg.rf.4PJisTeYBns96yRt4884.jpg,train_D20_310211ef-60a5-11ec-8402-0a7404972c70_jpg.rf.4PJisTeYBns96yRt4884.jpg,conjunctivitis,train,dog_conjunctivitis,.jpg
expansion\dog_conjunctivitis\train_D20_31062032-60a5-11ec-8402-0a7404972c70_jpg.rf.fa883gwkO8foavcFPq8m.jpg,train_D20_31062032-60a5-11ec-8402-0a7404972c70_jpg.rf.fa883gwkO8foavcFPq8m.jpg,conjunctivitis,train,dog_conjunctivitis,.jpg
expansion\dog_conjunctivitis\train_D20_3150c312-60a5-11ec-8402-0a7404972c70_jpg.rf.2JuLsdqjpwPCfJRAYieR.jpg,train_D20_3150c312-60a5-11ec-8402-0a7404972c70_jpg.rf.2JuLsdqjpwPCfJRAYieR.jpg,conjunctivitis,train,dog_conjunctivitis,.jpg
expansion\dog_conjunctivitis\train_D20_386e1c26-60a5-11ec-8402-0a7404972c70_jpg.rf.AZhMjW1NTPMBs5vIcZyp.jpg,train_D20_386e1c26-60a5-11ec-8402-0a7404972c70_jpg.rf.AZhMjW1NTPMBs5vIcZyp.jpg,conjunctivitis,train,dog_conjunctivitis,.jpg
expansion\dog_conjunctivitis\train_D21_0d5040b9-60a5-11ec-8402-0a7404972c70_jpg.rf.ot657nphJMtz71g4KXYB.jpg,train_D21_0d5040b9-60a5-11ec-8402-0a7404972c70_jpg.rf.ot657nphJMtz71g4KXYB.jpg,conjunctivitis,train,dog_conjunctivitis,.jpg
expansion\dog_conjunctivitis\train_D21_0d520aa4-60a5-11ec-8402-0a7404972c70_jpg.rf.TvbVxCPwkzEYZdAvOq57.jpg,train_D21_0d520aa4-60a5-11ec-8402-0a7404972c70_jpg.rf.TvbVxCPwkzEYZdAvOq57.jpg,conjunctivitis,train,dog_conjunctivitis,.jpg
expansion\dog_conjunctivitis\train_D21_0d521a1f-60a5-11ec-8402-0a7404972c70_jpg.rf.tEg12MuqF6pj1YldgU1U.jpg,train_D21_0d521a1f-60a5-11ec-8402-0a7404972c70_jpg.rf.tEg12MuqF6pj1YldgU1U.jpg,conjunctivitis,train,dog_conjunctivitis,.jpg
expansion\dog_conjunctivitis\train_D21_0da9b880-60a5-11ec-8402-0a7404972c70_jpg.rf.TewcEX4vt5PRyCJvYWWF.jpg,train_D21_0da9b880-60a5-11ec-8402-0a7404972c70_jpg.rf.TewcEX4vt5PRyCJvYWWF.jpg,conjunctivitis,train,dog_conjunctivitis,.jpg
expansion\dog_conjunctivitis\train_D21_0db264cd-60a5-11ec-8402-0a7404972c70_jpg.rf.fzSiADLRznbAypt9Gh1u.jpg,train_D21_0db264cd-60a5-11ec-8402-0a7404972c70_jpg.rf.fzSiADLRznbAypt9Gh1u.jpg,conjunctivitis,train,dog_conjunctivitis,.jpg
expansion\dog_conjunctivitis\train_D21_0dc5063b-60a5-11ec-8402-0a7404972c70_jpg.rf.uRPdIfyp799T5S8TTAhQ.jpg,train_D21_0dc5063b-60a5-11ec-8402-0a7404972c70_jpg.rf.uRPdIfyp799T5S8TTAhQ.jpg,conjunctivitis,train,dog_conjunctivitis,.jpg
expansion\dog_conjunctivitis\train_D21_0dc91168-60a5-11ec-8402-0a7404972c70_jpg.rf.Kh8PDBK9liftRTjUSZgg.jpg,train_D21_0dc91168-60a5-11ec-8402-0a7404972c70_jpg.rf.Kh8PDBK9liftRTjUSZgg.jpg,conjunctivitis,train,dog_conjunctivitis,.jpg
expansion\dog_conjunctivitis\train_D21_0dc92c37-60a5-11ec-8402-0a7404972c70_jpg.rf.2SagEqslZKgKTVonWriA.jpg,train_D21_0dc92c37-60a5-11ec-8402-0a7404972c70_jpg.rf.2SagEqslZKgKTVonWriA.jpg,conjunctivitis,train,dog_conjunctivitis,.jpg
expansion\dog_conjunctivitis\train_D21_0dccac66-60a5-11ec-8402-0a7404972c70_jpg.rf.5KaVemtwAWQRF91sbnf1.jpg,train_D21_0dccac66-60a5-11ec-8402-0a7404972c70_jpg.rf.5KaVemtwAWQRF91sbnf1.jpg,conjunctivitis,train,dog_conjunctivitis,.jpg
expansion\dog_conjunctivitis\train_D21_0dd071db-60a5-11ec-8402-0a7404972c70_jpg.rf.AJm4g0xzy6HbdtqqFkNn.jpg,train_D21_0dd071db-60a5-11ec-8402-0a7404972c70_jpg.rf.AJm4g0xzy6HbdtqqFkNn.jpg,conjunctivitis,train,dog_conjunctivitis,.jpg
expansion\dog_conjunctivitis\train_D21_0df5d639-60a5-11ec-8402-0a7404972c70_jpg.rf.a3vml711WjBvEBfaMkOH.jpg,train_D21_0df5d639-60a5-11ec-8402-0a7404972c70_jpg.rf.a3vml711WjBvEBfaMkOH.jpg,conjunctivitis,train,dog_conjunctivitis,.jpg
expansion\dog_conjunctivitis\train_D21_0df8ad35-60a5-11ec-8402-0a7404972c70_jpg.rf.NGbbV1ghaG5tIsbSVyzB.jpg,train_D21_0df8ad35-60a5-11ec-8402-0a7404972c70_jpg.rf.NGbbV1ghaG5tIsbSVyzB.jpg,conjunctivitis,train,dog_conjunctivitis,.jpg
expansion\dog_conjunctivitis\train_D21_0e7d5759-60a5-11ec-8402-0a7404972c70_jpg.rf.dEavetgKG8Fw26sgLND5.jpg,train_D21_0e7d5759-60a5-11ec-8402-0a7404972c70_jpg.rf.dEavetgKG8Fw26sgLND5.jpg,conjunctivitis,train,dog_conjunctivitis,.jpg
expansion\dog_conjunctivitis\train_D21_0e802e7f-60a5-11ec-8402-0a7404972c70_jpg.rf.Zc65ZI3bG53f1gO1MTbO.jpg,train_D21_0e802e7f-60a5-11ec-8402-0a7404972c70_jpg.rf.Zc65ZI3bG53f1gO1MTbO.jpg,conjunctivitis,train,dog_conjunctivitis,.jpg
expansion\dog_conjunctivitis\train_D21_0e826b44-60a5-11ec-8402-0a7404972c70_jpg.rf.6aDHkzRdsfho9a5H5uIU.jpg,train_D21_0e826b44-60a5-11ec-8402-0a7404972c70_jpg.rf.6aDHkzRdsfho9a5H5uIU.jpg,conjunctivitis,train,dog_conjunctivitis,.jpg
expansion\dog_conjunctivitis\train_D21_0eeb8a3c-60a5-11ec-8402-0a7404972c70_jpg.rf.6DshP5uEAwPYYYSjdJ55.jpg,train_D21_0eeb8a3c-60a5-11ec-8402-0a7404972c70_jpg.rf.6DshP5uEAwPYYYSjdJ55.jpg,conjunctivitis,train,dog_conjunctivitis,.jpg
expansion\dog_conjunctivitis\train_D21_0ffd5525-60a5-11ec-8402-0a7404972c70_jpg.rf.EsEvroQsx1K3Kxjk6q6P.jpg,train_D21_0ffd5525-60a5-11ec-8402-0a7404972c70_jpg.rf.EsEvroQsx1K3Kxjk6q6P.jpg,conjunctivitis,train,dog_conjunctivitis,.jpg
expansion\dog_conjunctivitis\train_D21_10a3c9b9-60a5-11ec-8402-0a7404972c70_jpg.rf.JJRSqDZ0eIeVHH2Q6alO.jpg,train_D21_10a3c9b9-60a5-11ec-8402-0a7404972c70_jpg.rf.JJRSqDZ0eIeVHH2Q6alO.jpg,conjunctivitis,train,dog_conjunctivitis,.jpg
expansion\dog_conjunctivitis\train_D21_10afbd9d-60a5-11ec-8402-0a7404972c70_jpg.rf.rTi735nrOfuqIHEaU7ZX.jpg,train_D21_10afbd9d-60a5-11ec-8402-0a7404972c70_jpg.rf.rTi735nrOfuqIHEaU7ZX.jpg,conjunctivitis,train,dog_conjunctivitis,.jpg
expansion\dog_conjunctivitis\train_D21_10bb4ec1-60a5-11ec-8402-0a7404972c70_jpg.rf.l4CCdfIr1UqKQYDzcaOC.jpg,train_D21_10bb4ec1-60a5-11ec-8402-0a7404972c70_jpg.rf.l4CCdfIr1UqKQYDzcaOC.jpg,conjunctivitis,train,dog_conjunctivitis,.jpg
expansion\dog_conjunctivitis\train_D21_1c39a804-60a5-11ec-8402-0a7404972c70_jpg.rf.GxlTfTbbWacqvZOXEPPX.jpg,train_D21_1c39a804-60a5-11ec-8402-0a7404972c70_jpg.rf.GxlTfTbbWacqvZOXEPPX.jpg,conjunctivitis,train,dog_conjunctivitis,.jpg
expansion\dog_conjunctivitis\train_D21_1cf68941-60a5-11ec-8402-0a7404972c70_jpg.rf.zxd6Xf8QG4DxGHl0WWdL.jpg,train_D21_1cf68941-60a5-11ec-8402-0a7404972c70_jpg.rf.zxd6Xf8QG4DxGHl0WWdL.jpg,conjunctivitis,train,dog_conjunctivitis,.jpg
expansion\dog_conjunctivitis\train_D21_3b461c6d-60a5-11ec-8402-0a7404972c70_jpg.rf.XumZn1NqG64mYt3BAewv.jpg,train_D21_3b461c6d-60a5-11ec-8402-0a7404972c70_jpg.rf.XumZn1NqG64mYt3BAewv.jpg,conjunctivitis,train,dog_conjunctivitis,.jpg
expansion\dog_conjunctivitis\train_D2_02fd1525-60a5-11ec-8402-0a7404972c70_jpg.rf.vA8TByIsACZ79HFGFJRH.jpg,train_D2_02fd1525-60a5-11ec-8402-0a7404972c70_jpg.rf.vA8TByIsACZ79HFGFJRH.jpg,conjunctivitis,train,dog_conjunctivitis,.jpg
expansion\dog_conjunctivitis\train_D2_03721ab8-60a5-11ec-8402-0a7404972c70_jpg.rf.1lXlQ0jx5Q0Ypa3mui38.jpg,train_D2_03721ab8-60a5-11ec-8402-0a7404972c70_jpg.rf.1lXlQ0jx5Q0Ypa3mui38.jpg,conjunctivitis,train,dog_conjunctivitis,.jpg
expansion\dog_conjunctivitis\train_D2_0d4e8a3e-60a5-11ec-8402-0a7404972c70_jpg.rf.Ybma984Ngblo1u4vXv3c.jpg,train_D2_0d4e8a3e-60a5-11ec-8402-0a7404972c70_jpg.rf.Ybma984Ngblo1u4vXv3c.jpg,conjunctivitis,train,dog_conjunctivitis,.jpg
expansion\dog_conjunctivitis\train_D2_0d4f46be-60a5-11ec-8402-0a7404972c70_jpg.rf.ssqWkTQF6gclUP1zj78f.jpg,train_D2_0d4f46be-60a5-11ec-8402-0a7404972c70_jpg.rf.ssqWkTQF6gclUP1zj78f.jpg,conjunctivitis,train,dog_conjunctivitis,.jpg
expansion\dog_conjunctivitis\train_D2_0d516ece-60a5-11ec-8402-0a7404972c70_jpg.rf.y60JpITSZFTmjnEgZqtw.jpg,train_D2_0d516ece-60a5-11ec-8402-0a7404972c70_jpg.rf.y60JpITSZFTmjnEgZqtw.jpg,conjunctivitis,train,dog_conjunctivitis,.jpg
expansion\dog_conjunctivitis\train_D2_0daa2b02-60a5-11ec-8402-0a7404972c70_jpg.rf.sMKmVaj9Zb9u5bysic39.jpg,train_D2_0daa2b02-60a5-11ec-8402-0a7404972c70_jpg.rf.sMKmVaj9Zb9u5bysic39.jpg,conjunctivitis,train,dog_conjunctivitis,.jpg
expansion\dog_conjunctivitis\train_D2_0db1f1c3-60a5-11ec-8402-0a7404972c70_jpg.rf.wqTqTPgojFSAiVZvq9Ph.jpg,train_D2_0db1f1c3-60a5-11ec-8402-0a7404972c70_jpg.rf.wqTqTPgojFSAiVZvq9Ph.jpg,conjunctivitis,train,dog_conjunctivitis,.jpg
expansion\dog_conjunctivitis\train_D2_0db865f5-60a5-11ec-8402-0a7404972c70_jpg.rf.TAEc22c4Y5V9rsaKBK4H.jpg,train_D2_0db865f5-60a5-11ec-8402-0a7404972c70_jpg.rf.TAEc22c4Y5V9rsaKBK4H.jpg,conjunctivitis,train,dog_conjunctivitis,.jpg
expansion\dog_conjunctivitis\train_D2_0dc516b1-60a5-11ec-8402-0a7404972c70_jpg.rf.jYJU3SW4X4TIHKQxA4U7.jpg,train_D2_0dc516b1-60a5-11ec-8402-0a7404972c70_jpg.rf.jYJU3SW4X4TIHKQxA4U7.jpg,conjunctivitis,train,dog_conjunctivitis,.jpg
expansion\dog_conjunctivitis\train_D2_0dd30d79-60a5-11ec-8402-0a7404972c70_jpg.rf.VkztVXIwouz3jOwW0NPY.jpg,train_D2_0dd30d79-60a5-11ec-8402-0a7404972c70_jpg.rf.VkztVXIwouz3jOwW0NPY.jpg,conjunctivitis,train,dog_conjunctivitis,.jpg
expansion\dog_conjunctivitis\train_D2_0df329a8-60a5-11ec-8402-0a7404972c70_jpg.rf.9r1qfDudp7HgFRFzaek6.jpg,train_D2_0df329a8-60a5-11ec-8402-0a7404972c70_jpg.rf.9r1qfDudp7HgFRFzaek6.jpg,conjunctivitis,train,dog_conjunctivitis,.jpg
expansion\dog_conjunctivitis\train_D2_0df8cd19-60a5-11ec-8402-0a7404972c70_jpg.rf.4gzC3Ba7iKUjAZyjmmpO.jpg,train_D2_0df8cd19-60a5-11ec-8402-0a7404972c70_jpg.rf.4gzC3Ba7iKUjAZyjmmpO.jpg,conjunctivitis,train,dog_conjunctivitis,.jpg
expansion\dog_conjunctivitis\train_D2_0df96967-60a5-11ec-8402-0a7404972c70_jpg.rf.guGTvGWGcdeghLTqFWaR.jpg,train_D2_0df96967-60a5-11ec-8402-0a7404972c70_jpg.rf.guGTvGWGcdeghLTqFWaR.jpg,conjunctivitis,train,dog_conjunctivitis,.jpg
expansion\dog_conjunctivitis\train_D2_0e43db0d-60a5-11ec-8402-0a7404972c70_jpg.rf.Zlicmo7LPia70M3kfWU8.jpg,train_D2_0e43db0d-60a5-11ec-8402-0a7404972c70_jpg.rf.Zlicmo7LPia70M3kfWU8.jpg,conjunctivitis,train,dog_conjunctivitis,.jpg
expansion\dog_conjunctivitis\train_D2_0e7c63bb-60a5-11ec-8402-0a7404972c70_jpg.rf.puhrQSFh07GpjWxMqGTg.jpg,train_D2_0e7c63bb-60a5-11ec-8402-0a7404972c70_jpg.rf.puhrQSFh07GpjWxMqGTg.jpg,conjunctivitis,train,dog_conjunctivitis,.jpg
expansion\dog_conjunctivitis\train_D2_0ea00429-60a5-11ec-8402-0a7404972c70_jpg.rf.5u6e9KFYxhWIM9Ea6gYL.jpg,train_D2_0ea00429-60a5-11ec-8402-0a7404972c70_jpg.rf.5u6e9KFYxhWIM9Ea6gYL.jpg,conjunctivitis,train,dog_conjunctivitis,.jpg
expansion\dog_conjunctivitis\train_D2_0eb16056-60a5-11ec-8402-0a7404972c70_jpg.rf.cdn6nPGmHWgEZGINF7CK.jpg,train_D2_0eb16056-60a5-11ec-8402-0a7404972c70_jpg.rf.cdn6nPGmHWgEZGINF7CK.jpg,conjunctivitis,train,dog_conjunctivitis,.jpg
expansion\dog_conjunctivitis\train_D2_1013dac4-60a5-11ec-8402-0a7404972c70_jpg.rf.wapGNUk3ih9ArPNbY1aL.jpg,train_D2_1013dac4-60a5-11ec-8402-0a7404972c70_jpg.rf.wapGNUk3ih9ArPNbY1aL.jpg,conjunctivitis,train,dog_conjunctivitis,.jpg
expansion\dog_conjunctivitis\train_D2_1015ceac-60a5-11ec-8402-0a7404972c70_jpg.rf.nhQFMMAFwrJm3WoU2r1V.jpg,train_D2_1015ceac-60a5-11ec-8402-0a7404972c70_jpg.rf.nhQFMMAFwrJm3WoU2r1V.jpg,conjunctivitis,train,dog_conjunctivitis,.jpg
expansion\dog_conjunctivitis\train_D2_1017cc0e-60a5-11ec-8402-0a7404972c70_jpg.rf.60DFtJ8uGurT2JlFZJek.jpg,train_D2_1017cc0e-60a5-11ec-8402-0a7404972c70_jpg.rf.60DFtJ8uGurT2JlFZJek.jpg,conjunctivitis,train,dog_conjunctivitis,.jpg
expansion\dog_conjunctivitis\train_D2_1025cdad-60a5-11ec-8402-0a7404972c70_jpg.rf.ZJ7tkndESDkY6yJAavb0.jpg,train_D2_1025cdad-60a5-11ec-8402-0a7404972c70_jpg.rf.ZJ7tkndESDkY6yJAavb0.jpg,conjunctivitis,train,dog_conjunctivitis,.jpg
expansion\dog_conjunctivitis\train_D2_1025d2c9-60a5-11ec-8402-0a7404972c70_jpg.rf.1XeYK4rAxTdk4DqIVTHj.jpg,train_D2_1025d2c9-60a5-11ec-8402-0a7404972c70_jpg.rf.1XeYK4rAxTdk4DqIVTHj.jpg,conjunctivitis,train,dog_conjunctivitis,.jpg
expansion\dog_conjunctivitis\train_D2_10270a4f-60a5-11ec-8402-0a7404972c70_jpg.rf.L8AaDANhO2gimyHm0BXO.jpg,train_D2_10270a4f-60a5-11ec-8402-0a7404972c70_jpg.rf.L8AaDANhO2gimyHm0BXO.jpg,conjunctivitis,train,dog_conjunctivitis,.jpg
expansion\dog_conjunctivitis\train_D2_102a801d-60a5-11ec-8402-0a7404972c70_jpg.rf.XzdNSCKlRHPF5N6GFDRk.jpg,train_D2_102a801d-60a5-11ec-8402-0a7404972c70_jpg.rf.XzdNSCKlRHPF5N6GFDRk.jpg,conjunctivitis,train,dog_conjunctivitis,.jpg
expansion\dog_conjunctivitis\train_D2_102a8afe-60a5-11ec-8402-0a7404972c70_jpg.rf.JaDD1vkEPuMxzg6UxkFs.jpg,train_D2_102a8afe-60a5-11ec-8402-0a7404972c70_jpg.rf.JaDD1vkEPuMxzg6UxkFs.jpg,conjunctivitis,train,dog_conjunctivitis,.jpg
expansion\dog_conjunctivitis\train_D2_1034db10-60a5-11ec-8402-0a7404972c70_jpg.rf.0qNxPiP4QPiZVN3NOI1L.jpg,train_D2_1034db10-60a5-11ec-8402-0a7404972c70_jpg.rf.0qNxPiP4QPiZVN3NOI1L.jpg,conjunctivitis,train,dog_conjunctivitis,.jpg
expansion\dog_conjunctivitis\train_D2_1035c599-60a5-11ec-8402-0a7404972c70_jpg.rf.iIPdfPB8RzinS50ht3j5.jpg,train_D2_1035c599-60a5-11ec-8402-0a7404972c70_jpg.rf.iIPdfPB8RzinS50ht3j5.jpg,conjunctivitis,train,dog_conjunctivitis,.jpg
expansion\dog_conjunctivitis\train_D2_1036b408-60a5-11ec-8402-0a7404972c70_jpg.rf.lFa2tpSa8IHp74oVnMFu.jpg,train_D2_1036b408-60a5-11ec-8402-0a7404972c70_jpg.rf.lFa2tpSa8IHp74oVnMFu.jpg,conjunctivitis,train,dog_conjunctivitis,.jpg
expansion\dog_conjunctivitis\train_D2_1038a7aa-60a5-11ec-8402-0a7404972c70_jpg.rf.V8TuFSo5LczoOJEAQ6fU.jpg,train_D2_1038a7aa-60a5-11ec-8402-0a7404972c70_jpg.rf.V8TuFSo5LczoOJEAQ6fU.jpg,conjunctivitis,train,dog_conjunctivitis,.jpg
expansion\dog_conjunctivitis\train_D2_104fcc59-60a5-11ec-8402-0a7404972c70_jpg.rf.V0npCgVuimBFnzxkvi9a.jpg,train_D2_104fcc59-60a5-11ec-8402-0a7404972c70_jpg.rf.V0npCgVuimBFnzxkvi9a.jpg,conjunctivitis,train,dog_conjunctivitis,.jpg
expansion\dog_conjunctivitis\train_D2_10532d32-60a5-11ec-8402-0a7404972c70_jpg.rf.C05RvHhfoBx8n45y1pZD.jpg,train_D2_10532d32-60a5-11ec-8402-0a7404972c70_jpg.rf.C05RvHhfoBx8n45y1pZD.jpg,conjunctivitis,train,dog_conjunctivitis,.jpg
expansion\dog_conjunctivitis\train_D2_108e786c-60a5-11ec-8402-0a7404972c70_jpg.rf.kt7kKYf91Kx7gKSF31EE.jpg,train_D2_108e786c-60a5-11ec-8402-0a7404972c70_jpg.rf.kt7kKYf91Kx7gKSF31EE.jpg,conjunctivitis,train,dog_conjunctivitis,.jpg
expansion\dog_conjunctivitis\train_D2_10a64ee2-60a5-11ec-8402-0a7404972c70_jpg.rf.yYHEcQCzbmynh4yuNW3M.jpg,train_D2_10a64ee2-60a5-11ec-8402-0a7404972c70_jpg.rf.yYHEcQCzbmynh4yuNW3M.jpg,conjunctivitis,train,dog_conjunctivitis,.jpg
expansion\dog_conjunctivitis\train_D2_10bfbd26-60a5-11ec-8402-0a7404972c70_jpg.rf.1BoX3JdhMue9LeypD9Z0.jpg,train_D2_10bfbd26-60a5-11ec-8402-0a7404972c70_jpg.rf.1BoX3JdhMue9LeypD9Z0.jpg,conjunctivitis,train,dog_conjunctivitis,.jpg
expansion\dog_conjunctivitis\train_D2_10c57af7-60a5-11ec-8402-0a7404972c70_jpg.rf.xESXBQjamemK4fZaH59q.jpg,train_D2_10c57af7-60a5-11ec-8402-0a7404972c70_jpg.rf.xESXBQjamemK4fZaH59q.jpg,conjunctivitis,train,dog_conjunctivitis,.jpg
expansion\dog_conjunctivitis\train_D2_10e132d1-60a5-11ec-8402-0a7404972c70_jpg.rf.aB61LKR36C9A0oFNF8tx.jpg,train_D2_10e132d1-60a5-11ec-8402-0a7404972c70_jpg.rf.aB61LKR36C9A0oFNF8tx.jpg,conjunctivitis,train,dog_conjunctivitis,.jpg
expansion\dog_conjunctivitis\train_D2_1108923b-60a5-11ec-8402-0a7404972c70_jpg.rf.kS1DTDv0ycXefJd1OUZO.jpg,train_D2_1108923b-60a5-11ec-8402-0a7404972c70_jpg.rf.kS1DTDv0ycXefJd1OUZO.jpg,conjunctivitis,train,dog_conjunctivitis,.jpg
expansion\dog_conjunctivitis\train_D2_1111678f-60a5-11ec-8402-0a7404972c70_jpg.rf.MsVNsZSUxr2nSgOyurKy.jpg,train_D2_1111678f-60a5-11ec-8402-0a7404972c70_jpg.rf.MsVNsZSUxr2nSgOyurKy.jpg,conjunctivitis,train,dog_conjunctivitis,.jpg
expansion\dog_conjunctivitis\train_D2_1114bb0a-60a5-11ec-8402-0a7404972c70_jpg.rf.zxMM6hhVViCZv0zNjCPM.jpg,train_D2_1114bb0a-60a5-11ec-8402-0a7404972c70_jpg.rf.zxMM6hhVViCZv0zNjCPM.jpg,conjunctivitis,train,dog_conjunctivitis,.jpg
expansion\dog_conjunctivitis\train_D2_1118a646-60a5-11ec-8402-0a7404972c70_jpg.rf.3FMLXasIsb8aihtBqSw3.jpg,train_D2_1118a646-60a5-11ec-8402-0a7404972c70_jpg.rf.3FMLXasIsb8aihtBqSw3.jpg,conjunctivitis,train,dog_conjunctivitis,.jpg
expansion\dog_conjunctivitis\train_D2_111dc841-60a5-11ec-8402-0a7404972c70_jpg.rf.jxz3yaYBbvhCxlaNxc1l.jpg,train_D2_111dc841-60a5-11ec-8402-0a7404972c70_jpg.rf.jxz3yaYBbvhCxlaNxc1l.jpg,conjunctivitis,train,dog_conjunctivitis,.jpg
expansion\dog_conjunctivitis\train_D2_118960f7-60a5-11ec-8402-0a7404972c70_jpg.rf.BERUlaoWN2AJGcqlROWW.jpg,train_D2_118960f7-60a5-11ec-8402-0a7404972c70_jpg.rf.BERUlaoWN2AJGcqlROWW.jpg,conjunctivitis,train,dog_conjunctivitis,.jpg
expansion\dog_conjunctivitis\train_D2_127b8c25-60a5-11ec-8402-0a7404972c70_jpg.rf.svlfMqCo05qsc10lbJvE.jpg,train_D2_127b8c25-60a5-11ec-8402-0a7404972c70_jpg.rf.svlfMqCo05qsc10lbJvE.jpg,conjunctivitis,train,dog_conjunctivitis,.jpg
expansion\dog_conjunctivitis\train_D2_1287a6ca-60a5-11ec-8402-0a7404972c70_jpg.rf.cbGC6OIYJuTjOLpzgVjq.jpg,train_D2_1287a6ca-60a5-11ec-8402-0a7404972c70_jpg.rf.cbGC6OIYJuTjOLpzgVjq.jpg,conjunctivitis,train,dog_conjunctivitis,.jpg
expansion\dog_conjunctivitis\train_D2_1287aeb5-60a5-11ec-8402-0a7404972c70_jpg.rf.vK4RTLXtX1aLfioLPn7f.jpg,train_D2_1287aeb5-60a5-11ec-8402-0a7404972c70_jpg.rf.vK4RTLXtX1aLfioLPn7f.jpg,conjunctivitis,train,dog_conjunctivitis,.jpg
expansion\dog_conjunctivitis\train_D2_128a3b80-60a5-11ec-8402-0a7404972c70_jpg.rf.R3JHJm8L8izhLUqcrJ6b.jpg,train_D2_128a3b80-60a5-11ec-8402-0a7404972c70_jpg.rf.R3JHJm8L8izhLUqcrJ6b.jpg,conjunctivitis,train,dog_conjunctivitis,.jpg
expansion\dog_conjunctivitis\train_D2_12974567-60a5-11ec-8402-0a7404972c70_jpg.rf.xpD4MsoVCK0XUXbsT4zC.jpg,train_D2_12974567-60a5-11ec-8402-0a7404972c70_jpg.rf.xpD4MsoVCK0XUXbsT4zC.jpg,conjunctivitis,train,dog_conjunctivitis,.jpg
expansion\dog_conjunctivitis\train_D2_129d0841-60a5-11ec-8402-0a7404972c70_jpg.rf.6NjN8lPGe5MF3RcwiDP8.jpg,train_D2_129d0841-60a5-11ec-8402-0a7404972c70_jpg.rf.6NjN8lPGe5MF3RcwiDP8.jpg,conjunctivitis,train,dog_conjunctivitis,.jpg
expansion\dog_conjunctivitis\train_D2_12e17bd0-60a5-11ec-8402-0a7404972c70_jpg.rf.3KC60K8Fm4enJb6Ivqos.jpg,train_D2_12e17bd0-60a5-11ec-8402-0a7404972c70_jpg.rf.3KC60K8Fm4enJb6Ivqos.jpg,conjunctivitis,train,dog_conjunctivitis,.jpg
expansion\dog_conjunctivitis\train_D2_12ee2162-60a5-11ec-8402-0a7404972c70_jpg.rf.Ipa25t6xgPUtiXoge97h.jpg,train_D2_12ee2162-60a5-11ec-8402-0a7404972c70_jpg.rf.Ipa25t6xgPUtiXoge97h.jpg,conjunctivitis,train,dog_conjunctivitis,.jpg
expansion\dog_conjunctivitis\train_D2_12f1b994-60a5-11ec-8402-0a7404972c70_jpg.rf.WutEwz9Dr4Ynff7VPnaw.jpg,train_D2_12f1b994-60a5-11ec-8402-0a7404972c70_jpg.rf.WutEwz9Dr4Ynff7VPnaw.jpg,conjunctivitis,train,dog_conjunctivitis,.jpg
expansion\dog_conjunctivitis\train_D2_12f52203-60a5-11ec-8402-0a7404972c70_jpg.rf.rkABAoFCpUl9KRklLOHa.jpg,train_D2_12f52203-60a5-11ec-8402-0a7404972c70_jpg.rf.rkABAoFCpUl9KRklLOHa.jpg,conjunctivitis,train,dog_conjunctivitis,.jpg
expansion\dog_conjunctivitis\train_D2_135c52e5-60a5-11ec-8402-0a7404972c70_jpg.rf.BDIbEteFLgm17RL9aksI.jpg,train_D2_135c52e5-60a5-11ec-8402-0a7404972c70_jpg.rf.BDIbEteFLgm17RL9aksI.jpg,conjunctivitis,train,dog_conjunctivitis,.jpg
expansion\dog_conjunctivitis\train_D2_13704b7a-60a5-11ec-8402-0a7404972c70_jpg.rf.Vr43Ww076jtgv8eq5FOS.jpg,train_D2_13704b7a-60a5-11ec-8402-0a7404972c70_jpg.rf.Vr43Ww076jtgv8eq5FOS.jpg,conjunctivitis,train,dog_conjunctivitis,.jpg
expansion\dog_conjunctivitis\train_D2_138aad79-60a5-11ec-8402-0a7404972c70_jpg.rf.5J5SnkYai3pj2RCY7CPz.jpg,train_D2_138aad79-60a5-11ec-8402-0a7404972c70_jpg.rf.5J5SnkYai3pj2RCY7CPz.jpg,conjunctivitis,train,dog_conjunctivitis,.jpg
expansion\dog_conjunctivitis\train_D2_138b1e51-60a5-11ec-8402-0a7404972c70_jpg.rf.8Ju1z0hXBLCeTKoUH5Z4.jpg,train_D2_138b1e51-60a5-11ec-8402-0a7404972c70_jpg.rf.8Ju1z0hXBLCeTKoUH5Z4.jpg,conjunctivitis,train,dog_conjunctivitis,.jpg
expansion\dog_conjunctivitis\train_D2_15117015-60a5-11ec-8402-0a7404972c70_jpg.rf.T2JuPkxcVASwoA47IKxQ.jpg,train_D2_15117015-60a5-11ec-8402-0a7404972c70_jpg.rf.T2JuPkxcVASwoA47IKxQ.jpg,conjunctivitis,train,dog_conjunctivitis,.jpg
expansion\dog_conjunctivitis\train_D2_15119d87-60a5-11ec-8402-0a7404972c70_jpg.rf.3aud4rgi5h5WYWsFEhPd.jpg,train_D2_15119d87-60a5-11ec-8402-0a7404972c70_jpg.rf.3aud4rgi5h5WYWsFEhPd.jpg,conjunctivitis,train,dog_conjunctivitis,.jpg
expansion\dog_conjunctivitis\train_D2_15142d42-60a5-11ec-8402-0a7404972c70_jpg.rf.Tu1wRO6BrNWd4oqGxUEy.jpg,train_D2_15142d42-60a5-11ec-8402-0a7404972c70_jpg.rf.Tu1wRO6BrNWd4oqGxUEy.jpg,conjunctivitis,train,dog_conjunctivitis,.jpg
expansion\dog_conjunctivitis\train_D2_16567c6a-60a5-11ec-8402-0a7404972c70_jpg.rf.vnkXvu4LDRi8jeYaPtiX.jpg,train_D2_16567c6a-60a5-11ec-8402-0a7404972c70_jpg.rf.vnkXvu4LDRi8jeYaPtiX.jpg,conjunctivitis,train,dog_conjunctivitis,.jpg
expansion\dog_conjunctivitis\train_D2_1656a73c-60a5-11ec-8402-0a7404972c70_jpg.rf.QVPMOLC7f3zomiYmOMH6.jpg,train_D2_1656a73c-60a5-11ec-8402-0a7404972c70_jpg.rf.QVPMOLC7f3zomiYmOMH6.jpg,conjunctivitis,train,dog_conjunctivitis,.jpg
expansion\dog_conjunctivitis\train_D2_166185b5-60a5-11ec-8402-0a7404972c70_jpg.rf.K6NLyiB1tzkz0L8REfsi.jpg,train_D2_166185b5-60a5-11ec-8402-0a7404972c70_jpg.rf.K6NLyiB1tzkz0L8REfsi.jpg,conjunctivitis,train,dog_conjunctivitis,.jpg
expansion\dog_conjunctivitis\train_D2_1662b07c-60a5-11ec-8402-0a7404972c70_jpg.rf.LvheZt80cpThYHcnczJJ.jpg,train_D2_1662b07c-60a5-11ec-8402-0a7404972c70_jpg.rf.LvheZt80cpThYHcnczJJ.jpg,conjunctivitis,train,dog_conjunctivitis,.jpg
expansion\dog_conjunctivitis\train_D2_166e5468-60a5-11ec-8402-0a7404972c70_jpg.rf.cK9HkJq2rCQLnPHWpFkO.jpg,train_D2_166e5468-60a5-11ec-8402-0a7404972c70_jpg.rf.cK9HkJq2rCQLnPHWpFkO.jpg,conjunctivitis,train,dog_conjunctivitis,.jpg
expansion\dog_conjunctivitis\train_D2_16729091-60a5-11ec-8402-0a7404972c70_jpg.rf.hSt8Ww2AWBqTxdVjneAr.jpg,train_D2_16729091-60a5-11ec-8402-0a7404972c70_jpg.rf.hSt8Ww2AWBqTxdVjneAr.jpg,conjunctivitis,train,dog_conjunctivitis,.jpg
expansion\dog_conjunctivitis\train_D2_16814d59-60a5-11ec-8402-0a7404972c70_jpg.rf.ZNeJO8tE7TRlMdRfnrI3.jpg,train_D2_16814d59-60a5-11ec-8402-0a7404972c70_jpg.rf.ZNeJO8tE7TRlMdRfnrI3.jpg,conjunctivitis,train,dog_conjunctivitis,.jpg
expansion\dog_conjunctivitis\train_D2_183fb670-60a5-11ec-8402-0a7404972c70_jpg.rf.y5SLgUgTikWPZfK20AVy.jpg,train_D2_183fb670-60a5-11ec-8402-0a7404972c70_jpg.rf.y5SLgUgTikWPZfK20AVy.jpg,conjunctivitis,train,dog_conjunctivitis,.jpg
expansion\dog_conjunctivitis\train_D2_184395d9-60a5-11ec-8402-0a7404972c70_jpg.rf.1pHq2t39ccqEww9k15MJ.jpg,train_D2_184395d9-60a5-11ec-8402-0a7404972c70_jpg.rf.1pHq2t39ccqEww9k15MJ.jpg,conjunctivitis,train,dog_conjunctivitis,.jpg
expansion\dog_conjunctivitis\train_D2_18441d56-60a5-11ec-8402-0a7404972c70_jpg.rf.Jn0toMPH7yCCG0pixri8.jpg,train_D2_18441d56-60a5-11ec-8402-0a7404972c70_jpg.rf.Jn0toMPH7yCCG0pixri8.jpg,conjunctivitis,train,dog_conjunctivitis,.jpg
expansion\dog_conjunctivitis\train_D2_184ff849-60a5-11ec-8402-0a7404972c70_jpg.rf.OZRZVYSEIITzOgpJ1ous.jpg,train_D2_184ff849-60a5-11ec-8402-0a7404972c70_jpg.rf.OZRZVYSEIITzOgpJ1ous.jpg,conjunctivitis,train,dog_conjunctivitis,.jpg
expansion\dog_conjunctivitis\train_D2_186317d7-60a5-11ec-8402-0a7404972c70_jpg.rf.2Nb7987EA2rBL1E1Uar3.jpg,train_D2_186317d7-60a5-11ec-8402-0a7404972c70_jpg.rf.2Nb7987EA2rBL1E1Uar3.jpg,conjunctivitis,train,dog_conjunctivitis,.jpg
expansion\dog_conjunctivitis\train_D2_1871ec30-60a5-11ec-8402-0a7404972c70_jpg.rf.0XYDKxESlmWOjDHj8aeQ.jpg,train_D2_1871ec30-60a5-11ec-8402-0a7404972c70_jpg.rf.0XYDKxESlmWOjDHj8aeQ.jpg,conjunctivitis,train,dog_conjunctivitis,.jpg
expansion\dog_conjunctivitis\train_D2_18897959-60a5-11ec-8402-0a7404972c70_jpg.rf.WpTwH6EHLmquetjo41ph.jpg,train_D2_18897959-60a5-11ec-8402-0a7404972c70_jpg.rf.WpTwH6EHLmquetjo41ph.jpg,conjunctivitis,train,dog_conjunctivitis,.jpg
expansion\dog_conjunctivitis\train_D2_18d1c81d-60a5-11ec-8402-0a7404972c70_jpg.rf.r0Q3h4H9rwNeuJxpRr1S.jpg,train_D2_18d1c81d-60a5-11ec-8402-0a7404972c70_jpg.rf.r0Q3h4H9rwNeuJxpRr1S.jpg,conjunctivitis,train,dog_conjunctivitis,.jpg
expansion\dog_conjunctivitis\train_D2_18e68628-60a5-11ec-8402-0a7404972c70_jpg.rf.mAWbG30fcQ69G5IlTgUl.jpg,train_D2_18e68628-60a5-11ec-8402-0a7404972c70_jpg.rf.mAWbG30fcQ69G5IlTgUl.jpg,conjunctivitis,train,dog_conjunctivitis,.jpg
expansion\dog_conjunctivitis\train_D2_18fd27ac-60a5-11ec-8402-0a7404972c70_jpg.rf.FWZdnsG2mBqnM3louNEy.jpg,train_D2_18fd27ac-60a5-11ec-8402-0a7404972c70_jpg.rf.FWZdnsG2mBqnM3louNEy.jpg,conjunctivitis,train,dog_conjunctivitis,.jpg
expansion\dog_conjunctivitis\train_D2_19491e72-60a5-11ec-8402-0a7404972c70_jpg.rf.lBdHEbf3d72PdJJBn7yc.jpg,train_D2_19491e72-60a5-11ec-8402-0a7404972c70_jpg.rf.lBdHEbf3d72PdJJBn7yc.jpg,conjunctivitis,train,dog_conjunctivitis,.jpg
expansion\dog_conjunctivitis\train_D2_1949a43f-60a5-11ec-8402-0a7404972c70_jpg.rf.68MkU48fefjRqYnkmy4b.jpg,train_D2_1949a43f-60a5-11ec-8402-0a7404972c70_jpg.rf.68MkU48fefjRqYnkmy4b.jpg,conjunctivitis,train,dog_conjunctivitis,.jpg
expansion\dog_conjunctivitis\train_D2_194a23b4-60a5-11ec-8402-0a7404972c70_jpg.rf.ffpczzi0Pj6YVRw35tJY.jpg,train_D2_194a23b4-60a5-11ec-8402-0a7404972c70_jpg.rf.ffpczzi0Pj6YVRw35tJY.jpg,conjunctivitis,train,dog_conjunctivitis,.jpg
expansion\dog_conjunctivitis\train_D2_20c693a7-60a5-11ec-8402-0a7404972c70_jpg.rf.xC4SYNtyOs1AaQbZcrVr.jpg,train_D2_20c693a7-60a5-11ec-8402-0a7404972c70_jpg.rf.xC4SYNtyOs1AaQbZcrVr.jpg,conjunctivitis,train,dog_conjunctivitis,.jpg
expansion\dog_conjunctivitis\train_D2_20cb1ec3-60a5-11ec-8402-0a7404972c70_jpg.rf.UeLvbVBMeJrlmM4uIh9U.jpg,train_D2_20cb1ec3-60a5-11ec-8402-0a7404972c70_jpg.rf.UeLvbVBMeJrlmM4uIh9U.jpg,conjunctivitis,train,dog_conjunctivitis,.jpg
expansion\dog_conjunctivitis\train_D2_20f613be-60a5-11ec-8402-0a7404972c70_jpg.rf.sAjUbYR8q4HVbNFB4oFl.jpg,train_D2_20f613be-60a5-11ec-8402-0a7404972c70_jpg.rf.sAjUbYR8q4HVbNFB4oFl.jpg,conjunctivitis,train,dog_conjunctivitis,.jpg
expansion\dog_conjunctivitis\train_D2_21044638-60a5-11ec-8402-0a7404972c70_jpg.rf.txvsOnwLz0E6pepMCTrA.jpg,train_D2_21044638-60a5-11ec-8402-0a7404972c70_jpg.rf.txvsOnwLz0E6pepMCTrA.jpg,conjunctivitis,train,dog_conjunctivitis,.jpg
expansion\dog_conjunctivitis\train_D2_210a2b28-60a5-11ec-8402-0a7404972c70_jpg.rf.J4WMxMkh3zWGFCfxg644.jpg,train_D2_210a2b28-60a5-11ec-8402-0a7404972c70_jpg.rf.J4WMxMkh3zWGFCfxg644.jpg,conjunctivitis,train,dog_conjunctivitis,.jpg
expansion\dog_conjunctivitis\train_D2_210f9514-60a5-11ec-8402-0a7404972c70_jpg.rf.KRI7lvhazRtWvXa2GdVT.jpg,train_D2_210f9514-60a5-11ec-8402-0a7404972c70_jpg.rf.KRI7lvhazRtWvXa2GdVT.jpg,conjunctivitis,train,dog_conjunctivitis,.jpg
expansion\dog_conjunctivitis\train_D2_21128419-60a5-11ec-8402-0a7404972c70_jpg.rf.69JSrIeXYTU4596kUBN2.jpg,train_D2_21128419-60a5-11ec-8402-0a7404972c70_jpg.rf.69JSrIeXYTU4596kUBN2.jpg,conjunctivitis,train,dog_conjunctivitis,.jpg
expansion\dog_conjunctivitis\train_D2_21131b4e-60a5-11ec-8402-0a7404972c70_jpg.rf.3yZuJHv0Xuu4X6fRsuEK.jpg,train_D2_21131b4e-60a5-11ec-8402-0a7404972c70_jpg.rf.3yZuJHv0Xuu4X6fRsuEK.jpg,conjunctivitis,train,dog_conjunctivitis,.jpg
expansion\dog_conjunctivitis\train_D2_211be36f-60a5-11ec-8402-0a7404972c70_jpg.rf.kJCjHJO4di6LcvLbT2xJ.jpg,train_D2_211be36f-60a5-11ec-8402-0a7404972c70_jpg.rf.kJCjHJO4di6LcvLbT2xJ.jpg,conjunctivitis,train,dog_conjunctivitis,.jpg
expansion\dog_conjunctivitis\train_D2_211d8e14-60a5-11ec-8402-0a7404972c70_jpg.rf.v4pIzz4ZgbJtnALM9R9N.jpg,train_D2_211d8e14-60a5-11ec-8402-0a7404972c70_jpg.rf.v4pIzz4ZgbJtnALM9R9N.jpg,conjunctivitis,train,dog_conjunctivitis,.jpg
expansion\dog_conjunctivitis\train_D2_212e8fcf-60a5-11ec-8402-0a7404972c70_jpg.rf.QMp2jmk1BhcXe9Z3sEWQ.jpg,train_D2_212e8fcf-60a5-11ec-8402-0a7404972c70_jpg.rf.QMp2jmk1BhcXe9Z3sEWQ.jpg,conjunctivitis,train,dog_conjunctivitis,.jpg
expansion\dog_conjunctivitis\train_D2_21344a25-60a5-11ec-8402-0a7404972c70_jpg.rf.DeGianB0FjyGNazqV569.jpg,train_D2_21344a25-60a5-11ec-8402-0a7404972c70_jpg.rf.DeGianB0FjyGNazqV569.jpg,conjunctivitis,train,dog_conjunctivitis,.jpg
expansion\dog_conjunctivitis\train_D2_213aac66-60a5-11ec-8402-0a7404972c70_jpg.rf.3qB7Gy0qKN8CT1yKUYfX.jpg,train_D2_213aac66-60a5-11ec-8402-0a7404972c70_jpg.rf.3qB7Gy0qKN8CT1yKUYfX.jpg,conjunctivitis,train,dog_conjunctivitis,.jpg
expansion\dog_conjunctivitis\train_D2_213fb66c-60a5-11ec-8402-0a7404972c70_jpg.rf.wpRpNllWE8iXW7Zomyjh.jpg,train_D2_213fb66c-60a5-11ec-8402-0a7404972c70_jpg.rf.wpRpNllWE8iXW7Zomyjh.jpg,conjunctivitis,train,dog_conjunctivitis,.jpg
expansion\dog_conjunctivitis\train_D2_3087fe90-60a5-11ec-8402-0a7404972c70_jpg.rf.yl6K7IFLp3P9MUhxM39V.jpg,train_D2_3087fe90-60a5-11ec-8402-0a7404972c70_jpg.rf.yl6K7IFLp3P9MUhxM39V.jpg,conjunctivitis,train,dog_conjunctivitis,.jpg
expansion\dog_conjunctivitis\train_D2_309c9ff4-60a5-11ec-8402-0a7404972c70_jpg.rf.Nk6qiI5OzfOkfXgIxIYl.jpg,train_D2_309c9ff4-60a5-11ec-8402-0a7404972c70_jpg.rf.Nk6qiI5OzfOkfXgIxIYl.jpg,conjunctivitis,train,dog_conjunctivitis,.jpg
expansion\dog_conjunctivitis\train_D2_30a0ff47-60a5-11ec-8402-0a7404972c70_jpg.rf.IUvJZY3Aw5ZFmzTplPRL.jpg,train_D2_30a0ff47-60a5-11ec-8402-0a7404972c70_jpg.rf.IUvJZY3Aw5ZFmzTplPRL.jpg,conjunctivitis,train,dog_conjunctivitis,.jpg
expansion\dog_conjunctivitis\train_D2_30a6622f-60a5-11ec-8402-0a7404972c70_jpg.rf.Awu9MlwTDxHKJlPxFmYI.jpg,train_D2_30a6622f-60a5-11ec-8402-0a7404972c70_jpg.rf.Awu9MlwTDxHKJlPxFmYI.jpg,conjunctivitis,train,dog_conjunctivitis,.jpg
expansion\dog_conjunctivitis\train_D2_30ee5b6e-60a5-11ec-8402-0a7404972c70_jpg.rf.zuthMCfVBPJpueHurrV2.jpg,train_D2_30ee5b6e-60a5-11ec-8402-0a7404972c70_jpg.rf.zuthMCfVBPJpueHurrV2.jpg,conjunctivitis,train,dog_conjunctivitis,.jpg
expansion\dog_conjunctivitis\train_D2_30fedcbb-60a5-11ec-8402-0a7404972c70_jpg.rf.I9qq7gWdLUD4kCQ61lFi.jpg,train_D2_30fedcbb-60a5-11ec-8402-0a7404972c70_jpg.rf.I9qq7gWdLUD4kCQ61lFi.jpg,conjunctivitis,train,dog_conjunctivitis,.jpg
expansion\dog_conjunctivitis\train_D2_310be2b7-60a5-11ec-8402-0a7404972c70_jpg.rf.Bi3iTqNpdbgeNaJaUGli.jpg,train_D2_310be2b7-60a5-11ec-8402-0a7404972c70_jpg.rf.Bi3iTqNpdbgeNaJaUGli.jpg,conjunctivitis,train,dog_conjunctivitis,.jpg
expansion\dog_conjunctivitis\train_D2_3117b26f-60a5-11ec-8402-0a7404972c70_jpg.rf.clWqiGcRT0HSQT9lygI9.jpg,train_D2_3117b26f-60a5-11ec-8402-0a7404972c70_jpg.rf.clWqiGcRT0HSQT9lygI9.jpg,conjunctivitis,train,dog_conjunctivitis,.jpg
expansion\dog_conjunctivitis\train_D2_3117d3b9-60a5-11ec-8402-0a7404972c70_jpg.rf.LKmkdExItWfMDp21Cyh9.jpg,train_D2_3117d3b9-60a5-11ec-8402-0a7404972c70_jpg.rf.LKmkdExItWfMDp21Cyh9.jpg,conjunctivitis,train,dog_conjunctivitis,.jpg
expansion\dog_conjunctivitis\train_D2_3129fb4b-60a5-11ec-8402-0a7404972c70_jpg.rf.DH0OKLFAR3N5Z7V4tQba.jpg,train_D2_3129fb4b-60a5-11ec-8402-0a7404972c70_jpg.rf.DH0OKLFAR3N5Z7V4tQba.jpg,conjunctivitis,train,dog_conjunctivitis,.jpg
expansion\dog_conjunctivitis\train_D2_3155cfb7-60a5-11ec-8402-0a7404972c70_jpg.rf.DZBBuHFjphjWvItDaa6W.jpg,train_D2_3155cfb7-60a5-11ec-8402-0a7404972c70_jpg.rf.DZBBuHFjphjWvItDaa6W.jpg,conjunctivitis,train,dog_conjunctivitis,.jpg
expansion\dog_conjunctivitis\train_D2_31561dd5-60a5-11ec-8402-0a7404972c70_jpg.rf.b32iOHRkiz4rpum3dgGI.jpg,train_D2_31561dd5-60a5-11ec-8402-0a7404972c70_jpg.rf.b32iOHRkiz4rpum3dgGI.jpg,conjunctivitis,train,dog_conjunctivitis,.jpg
expansion\dog_conjunctivitis\train_D2_315cc93b-60a5-11ec-8402-0a7404972c70_jpg.rf.8VxEvpgRExZ3ujUoUgI7.jpg,train_D2_315cc93b-60a5-11ec-8402-0a7404972c70_jpg.rf.8VxEvpgRExZ3ujUoUgI7.jpg,conjunctivitis,train,dog_conjunctivitis,.jpg
expansion\dog_conjunctivitis\train_D2_3178f62e-60a5-11ec-8402-0a7404972c70_jpg.rf.HLnLxs3m65b3ZncOIc3p.jpg,train_D2_3178f62e-60a5-11ec-8402-0a7404972c70_jpg.rf.HLnLxs3m65b3ZncOIc3p.jpg,conjunctivitis,train,dog_conjunctivitis,.jpg
expansion\dog_conjunctivitis\train_D2_318ca449-60a5-11ec-8402-0a7404972c70_jpg.rf.CN7rTeAomf6A3TJaEoH0.jpg,train_D2_318ca449-60a5-11ec-8402-0a7404972c70_jpg.rf.CN7rTeAomf6A3TJaEoH0.jpg,conjunctivitis,train,dog_conjunctivitis,.jpg
expansion\dog_conjunctivitis\train_D2_319b467a-60a5-11ec-8402-0a7404972c70_jpg.rf.CHv0GGFnBXH8utlsXUOB.jpg,train_D2_319b467a-60a5-11ec-8402-0a7404972c70_jpg.rf.CHv0GGFnBXH8utlsXUOB.jpg,conjunctivitis,train,dog_conjunctivitis,.jpg
expansion\dog_conjunctivitis\train_D3_02fb326d-60a5-11ec-8402-0a7404972c70_jpg.rf.2h4w1S3ZDO01ESOuIwKb.jpg,train_D3_02fb326d-60a5-11ec-8402-0a7404972c70_jpg.rf.2h4w1S3ZDO01ESOuIwKb.jpg,conjunctivitis,train,dog_conjunctivitis,.jpg
expansion\dog_conjunctivitis\train_D3_0d4ed863-60a5-11ec-8402-0a7404972c70_jpg.rf.vZo9wSQnkFRmcHUSEKWX.jpg,train_D3_0d4ed863-60a5-11ec-8402-0a7404972c70_jpg.rf.vZo9wSQnkFRmcHUSEKWX.jpg,conjunctivitis,train,dog_conjunctivitis,.jpg
expansion\dog_conjunctivitis\train_D3_0d5317b1-60a5-11ec-8402-0a7404972c70_jpg.rf.zXGCxpcOGmxj74BeXHDA.jpg,train_D3_0d5317b1-60a5-11ec-8402-0a7404972c70_jpg.rf.zXGCxpcOGmxj74BeXHDA.jpg,conjunctivitis,train,dog_conjunctivitis,.jpg
expansion\dog_conjunctivitis\train_D3_0daae950-60a5-11ec-8402-0a7404972c70_jpg.rf.Fs7mxdIxBrahwjvHPoe4.jpg,train_D3_0daae950-60a5-11ec-8402-0a7404972c70_jpg.rf.Fs7mxdIxBrahwjvHPoe4.jpg,conjunctivitis,train,dog_conjunctivitis,.jpg
expansion\dog_conjunctivitis\train_D3_0dafb963-60a5-11ec-8402-0a7404972c70_jpg.rf.QzanXZwKeSzW2L90noam.jpg,train_D3_0dafb963-60a5-11ec-8402-0a7404972c70_jpg.rf.QzanXZwKeSzW2L90noam.jpg,conjunctivitis,train,dog_conjunctivitis,.jpg
expansion\dog_conjunctivitis\train_D3_0db305fc-60a5-11ec-8402-0a7404972c70_jpg.rf.j8EftSeYZuafziv0B6V5.jpg,train_D3_0db305fc-60a5-11ec-8402-0a7404972c70_jpg.rf.j8EftSeYZuafziv0B6V5.jpg,conjunctivitis,train,dog_conjunctivitis,.jpg
expansion\dog_conjunctivitis\train_D3_0dbe411b-60a5-11ec-8402-0a7404972c70_jpg.rf.qCFeE590Q2QeEu5EfSlW.jpg,train_D3_0dbe411b-60a5-11ec-8402-0a7404972c70_jpg.rf.qCFeE590Q2QeEu5EfSlW.jpg,conjunctivitis,train,dog_conjunctivitis,.jpg
expansion\dog_conjunctivitis\train_D3_0dc54434-60a5-11ec-8402-0a7404972c70_jpg.rf.RNAsIf4eUjAXPELJxDnh.jpg,train_D3_0dc54434-60a5-11ec-8402-0a7404972c70_jpg.rf.RNAsIf4eUjAXPELJxDnh.jpg,conjunctivitis,train,dog_conjunctivitis,.jpg
expansion\dog_conjunctivitis\train_D3_0dc5a65d-60a5-11ec-8402-0a7404972c70_jpg.rf.I8VaZ9w0trI9mIbgFtge.jpg,train_D3_0dc5a65d-60a5-11ec-8402-0a7404972c70_jpg.rf.I8VaZ9w0trI9mIbgFtge.jpg,conjunctivitis,train,dog_conjunctivitis,.jpg
expansion\dog_conjunctivitis\train_D3_0dc71f59-60a5-11ec-8402-0a7404972c70_jpg.rf.H10CPTpjILNnQsJtb9Ew.jpg,train_D3_0dc71f59-60a5-11ec-8402-0a7404972c70_jpg.rf.H10CPTpjILNnQsJtb9Ew.jpg,conjunctivitis,train,dog_conjunctivitis,.jpg
expansion\dog_conjunctivitis\train_D3_0dee6385-60a5-11ec-8402-0a7404972c70_jpg.rf.uQvUOiYKyRDSVq4OMx0X.jpg,train_D3_0dee6385-60a5-11ec-8402-0a7404972c70_jpg.rf.uQvUOiYKyRDSVq4OMx0X.jpg,conjunctivitis,train,dog_conjunctivitis,.jpg
expansion\dog_conjunctivitis\train_D3_0dfe4133-60a5-11ec-8402-0a7404972c70_jpg.rf.ezYY7XX1dx44konzYTqS.jpg,train_D3_0dfe4133-60a5-11ec-8402-0a7404972c70_jpg.rf.ezYY7XX1dx44konzYTqS.jpg,conjunctivitis,train,dog_conjunctivitis,.jpg
expansion\dog_conjunctivitis\train_D3_0e44b087-60a5-11ec-8402-0a7404972c70_jpg.rf.CXIKQZEtNGkceDWCOQ60.jpg,train_D3_0e44b087-60a5-11ec-8402-0a7404972c70_jpg.rf.CXIKQZEtNGkceDWCOQ60.jpg,conjunctivitis,train,dog_conjunctivitis,.jpg
expansion\dog_conjunctivitis\train_D3_0e616709-60a5-11ec-8402-0a7404972c70_jpg.rf.MeQzCSGutgwDJcYpG0oa.jpg,train_D3_0e616709-60a5-11ec-8402-0a7404972c70_jpg.rf.MeQzCSGutgwDJcYpG0oa.jpg,conjunctivitis,train,dog_conjunctivitis,.jpg
expansion\dog_conjunctivitis\train_D3_0e6e9067-60a5-11ec-8402-0a7404972c70_jpg.rf.PUkEt0sjSBtlTvr6PHU1.jpg,train_D3_0e6e9067-60a5-11ec-8402-0a7404972c70_jpg.rf.PUkEt0sjSBtlTvr6PHU1.jpg,conjunctivitis,train,dog_conjunctivitis,.jpg
expansion\dog_conjunctivitis\train_D3_0e719c44-60a5-11ec-8402-0a7404972c70_jpg.rf.W7RJ7hNdjxtDXxLKnGuI.jpg,train_D3_0e719c44-60a5-11ec-8402-0a7404972c70_jpg.rf.W7RJ7hNdjxtDXxLKnGuI.jpg,conjunctivitis,train,dog_conjunctivitis,.jpg
expansion\dog_conjunctivitis\train_D3_0e858f14-60a5-11ec-8402-0a7404972c70_jpg.rf.BGnAoGIaf3uwm3CxzuFr.jpg,train_D3_0e858f14-60a5-11ec-8402-0a7404972c70_jpg.rf.BGnAoGIaf3uwm3CxzuFr.jpg,conjunctivitis,train,dog_conjunctivitis,.jpg
expansion\dog_conjunctivitis\train_D3_0ea7c738-60a5-11ec-8402-0a7404972c70_jpg.rf.EaFCWcuArqLnY1PFrcAb.jpg,train_D3_0ea7c738-60a5-11ec-8402-0a7404972c70_jpg.rf.EaFCWcuArqLnY1PFrcAb.jpg,conjunctivitis,train,dog_conjunctivitis,.jpg
expansion\dog_conjunctivitis\train_D3_0eb175b0-60a5-11ec-8402-0a7404972c70_jpg.rf.Ry1XlABJmOoTsBATrLJB.jpg,train_D3_0eb175b0-60a5-11ec-8402-0a7404972c70_jpg.rf.Ry1XlABJmOoTsBATrLJB.jpg,conjunctivitis,train,dog_conjunctivitis,.jpg
expansion\dog_conjunctivitis\train_D3_0eb595ad-60a5-11ec-8402-0a7404972c70_jpg.rf.IoJme4sAamU8M1DvcXFj.jpg,train_D3_0eb595ad-60a5-11ec-8402-0a7404972c70_jpg.rf.IoJme4sAamU8M1DvcXFj.jpg,conjunctivitis,train,dog_conjunctivitis,.jpg
expansion\dog_conjunctivitis\train_D3_0eb5dacd-60a5-11ec-8402-0a7404972c70_jpg.rf.hX5QmIggzJ36RigmFWuU.jpg,train_D3_0eb5dacd-60a5-11ec-8402-0a7404972c70_jpg.rf.hX5QmIggzJ36RigmFWuU.jpg,conjunctivitis,train,dog_conjunctivitis,.jpg
expansion\dog_conjunctivitis\train_D3_0ee33cdf-60a5-11ec-8402-0a7404972c70_jpg.rf.PX9B1EWaES523VoQPfrM.jpg,train_D3_0ee33cdf-60a5-11ec-8402-0a7404972c70_jpg.rf.PX9B1EWaES523VoQPfrM.jpg,conjunctivitis,train,dog_conjunctivitis,.jpg
expansion\dog_conjunctivitis\train_D3_10bb498f-60a5-11ec-8402-0a7404972c70_jpg.rf.iD3qLGGylt8a3ujPuxyX.jpg,train_D3_10bb498f-60a5-11ec-8402-0a7404972c70_jpg.rf.iD3qLGGylt8a3ujPuxyX.jpg,conjunctivitis,train,dog_conjunctivitis,.jpg
expansion\dog_conjunctivitis\train_D3_10dbbb95-60a5-11ec-8402-0a7404972c70_jpg.rf.nLDRSwCaCytgBFkHu4m2.jpg,train_D3_10dbbb95-60a5-11ec-8402-0a7404972c70_jpg.rf.nLDRSwCaCytgBFkHu4m2.jpg,conjunctivitis,train,dog_conjunctivitis,.jpg
expansion\dog_conjunctivitis\train_D3_12e88b0c-60a5-11ec-8402-0a7404972c70_jpg.rf.g1p6qobVk13ukyy7fxfc.jpg,train_D3_12e88b0c-60a5-11ec-8402-0a7404972c70_jpg.rf.g1p6qobVk13ukyy7fxfc.jpg,conjunctivitis,train,dog_conjunctivitis,.jpg
expansion\dog_conjunctivitis\train_D3_12ebb5ae-60a5-11ec-8402-0a7404972c70_jpg.rf.eRqYDGTs2g1Jl3NLPce8.jpg,train_D3_12ebb5ae-60a5-11ec-8402-0a7404972c70_jpg.rf.eRqYDGTs2g1Jl3NLPce8.jpg,conjunctivitis,train,dog_conjunctivitis,.jpg
expansion\dog_conjunctivitis\train_D3_12f1d03b-60a5-11ec-8402-0a7404972c70_jpg.rf.2vrU8XF4FavLJXebMzVX.jpg,train_D3_12f1d03b-60a5-11ec-8402-0a7404972c70_jpg.rf.2vrU8XF4FavLJXebMzVX.jpg,conjunctivitis,train,dog_conjunctivitis,.jpg
expansion\dog_conjunctivitis\train_D3_12f4ad13-60a5-11ec-8402-0a7404972c70_jpg.rf.XRbomRVYdRTzUp1APAEu.jpg,train_D3_12f4ad13-60a5-11ec-8402-0a7404972c70_jpg.rf.XRbomRVYdRTzUp1APAEu.jpg,conjunctivitis,train,dog_conjunctivitis,.jpg
expansion\dog_conjunctivitis\train_D3_18d0deb9-60a5-11ec-8402-0a7404972c70_jpg.rf.lwOvXQsULAoP0JMW9ucC.jpg,train_D3_18d0deb9-60a5-11ec-8402-0a7404972c70_jpg.rf.lwOvXQsULAoP0JMW9ucC.jpg,conjunctivitis,train,dog_conjunctivitis,.jpg
expansion\dog_conjunctivitis\train_D3_19ddba1c-60a5-11ec-8402-0a7404972c70_jpg.rf.YB1ghZWtWJnCcwEzGRry.jpg,train_D3_19ddba1c-60a5-11ec-8402-0a7404972c70_jpg.rf.YB1ghZWtWJnCcwEzGRry.jpg,conjunctivitis,train,dog_conjunctivitis,.jpg
expansion\dog_conjunctivitis\train_D3_19e355aa-60a5-11ec-8402-0a7404972c70_jpg.rf.KtGjasKe38FrhfY8GcDa.jpg,train_D3_19e355aa-60a5-11ec-8402-0a7404972c70_jpg.rf.KtGjasKe38FrhfY8GcDa.jpg,conjunctivitis,train,dog_conjunctivitis,.jpg
expansion\dog_conjunctivitis\train_D3_19e6f50e-60a5-11ec-8402-0a7404972c70_jpg.rf.UKiLTz40zWoGo0S7PAra.jpg,train_D3_19e6f50e-60a5-11ec-8402-0a7404972c70_jpg.rf.UKiLTz40zWoGo0S7PAra.jpg,conjunctivitis,train,dog_conjunctivitis,.jpg
expansion\dog_conjunctivitis\train_D3_19e90372-60a5-11ec-8402-0a7404972c70_jpg.rf.r7eF3LH02juDwGSK7GRs.jpg,train_D3_19e90372-60a5-11ec-8402-0a7404972c70_jpg.rf.r7eF3LH02juDwGSK7GRs.jpg,conjunctivitis,train,dog_conjunctivitis,.jpg
expansion\dog_conjunctivitis\train_D3_1cdd5d31-60a5-11ec-8402-0a7404972c70_jpg.rf.Q6v7iRtSUdl3eIV8xSq5.jpg,train_D3_1cdd5d31-60a5-11ec-8402-0a7404972c70_jpg.rf.Q6v7iRtSUdl3eIV8xSq5.jpg,conjunctivitis,train,dog_conjunctivitis,.jpg
expansion\dog_conjunctivitis\train_D3_1ce2c22f-60a5-11ec-8402-0a7404972c70_jpg.rf.aM4S5tnx628YrYTOt0m7.jpg,train_D3_1ce2c22f-60a5-11ec-8402-0a7404972c70_jpg.rf.aM4S5tnx628YrYTOt0m7.jpg,conjunctivitis,train,dog_conjunctivitis,.jpg
expansion\dog_conjunctivitis\train_D3_20c4e23f-60a5-11ec-8402-0a7404972c70_jpg.rf.VXs0gDraMAgx5ADHebzG.jpg,train_D3_20c4e23f-60a5-11ec-8402-0a7404972c70_jpg.rf.VXs0gDraMAgx5ADHebzG.jpg,conjunctivitis,train,dog_conjunctivitis,.jpg
expansion\dog_conjunctivitis\train_D3_20ca6509-60a5-11ec-8402-0a7404972c70_jpg.rf.7fVT1G1IB9he4tdWg6N6.jpg,train_D3_20ca6509-60a5-11ec-8402-0a7404972c70_jpg.rf.7fVT1G1IB9he4tdWg6N6.jpg,conjunctivitis,train,dog_conjunctivitis,.jpg
expansion\dog_conjunctivitis\train_D3_20ebe721-60a5-11ec-8402-0a7404972c70_jpg.rf.C879sxas8dG9pVYqG0sS.jpg,train_D3_20ebe721-60a5-11ec-8402-0a7404972c70_jpg.rf.C879sxas8dG9pVYqG0sS.jpg,conjunctivitis,train,dog_conjunctivitis,.jpg
expansion\dog_conjunctivitis\train_D3_20f694d0-60a5-11ec-8402-0a7404972c70_jpg.rf.dEYkcc7vjUPcRTuTqz2V.jpg,train_D3_20f694d0-60a5-11ec-8402-0a7404972c70_jpg.rf.dEYkcc7vjUPcRTuTqz2V.jpg,conjunctivitis,train,dog_conjunctivitis,.jpg
expansion\dog_conjunctivitis\valid_D0_02fa2fe8-60a5-11ec-8402-0a7404972c70_jpg.rf.01AklnaI8KM671b0cn5p.jpg,valid_D0_02fa2fe8-60a5-11ec-8402-0a7404972c70_jpg.rf.01AklnaI8KM671b0cn5p.jpg,conjunctivitis,valid,dog_conjunctivitis,.jpg
expansion\dog_conjunctivitis\valid_D0_02fa7d26-60a5-11ec-8402-0a7404972c70_jpg.rf.7TJquCxMLphF4DbIuMwe.jpg,valid_D0_02fa7d26-60a5-11ec-8402-0a7404972c70_jpg.rf.7TJquCxMLphF4DbIuMwe.jpg,conjunctivitis,valid,dog_conjunctivitis,.jpg
expansion\dog_conjunctivitis\valid_D0_0dcd4c6c-60a5-11ec-8402-0a7404972c70_jpg.rf.A6Jlqv8JnTEVoRleFnVj.jpg,valid_D0_0dcd4c6c-60a5-11ec-8402-0a7404972c70_jpg.rf.A6Jlqv8JnTEVoRleFnVj.jpg,conjunctivitis,valid,dog_conjunctivitis,.jpg
expansion\dog_conjunctivitis\valid_D0_0dce6e17-60a5-11ec-8402-0a7404972c70_jpg.rf.ogW5qTFrFXx3ylFag97L.jpg,valid_D0_0dce6e17-60a5-11ec-8402-0a7404972c70_jpg.rf.ogW5qTFrFXx3ylFag97L.jpg,conjunctivitis,valid,dog_conjunctivitis,.jpg
expansion\dog_conjunctivitis\valid_D0_0dd25a0d-60a5-11ec-8402-0a7404972c70_jpg.rf.mpW0Q4wjGJZs4iVy5Rs5.jpg,valid_D0_0dd25a0d-60a5-11ec-8402-0a7404972c70_jpg.rf.mpW0Q4wjGJZs4iVy5Rs5.jpg,conjunctivitis,valid,dog_conjunctivitis,.jpg
expansion\dog_conjunctivitis\valid_D0_0dd26f9b-60a5-11ec-8402-0a7404972c70_jpg.rf.5gEGglzuIDbHOocrGoFr.jpg,valid_D0_0dd26f9b-60a5-11ec-8402-0a7404972c70_jpg.rf.5gEGglzuIDbHOocrGoFr.jpg,conjunctivitis,valid,dog_conjunctivitis,.jpg
expansion\dog_conjunctivitis\valid_D0_0df8d984-60a5-11ec-8402-0a7404972c70_jpg.rf.N2Ir4K8RAruIwkeuUBdi.jpg,valid_D0_0df8d984-60a5-11ec-8402-0a7404972c70_jpg.rf.N2Ir4K8RAruIwkeuUBdi.jpg,conjunctivitis,valid,dog_conjunctivitis,.jpg
expansion\dog_conjunctivitis\valid_D0_0e5ea46e-60a5-11ec-8402-0a7404972c70_jpg.rf.Q1MF7U4OnrmSVIHjnaj2.jpg,valid_D0_0e5ea46e-60a5-11ec-8402-0a7404972c70_jpg.rf.Q1MF7U4OnrmSVIHjnaj2.jpg,conjunctivitis,valid,dog_conjunctivitis,.jpg
expansion\dog_conjunctivitis\valid_D0_0e7da93d-60a5-11ec-8402-0a7404972c70_jpg.rf.Dsxpx1DPXt5JlJyt5eaZ.jpg,valid_D0_0e7da93d-60a5-11ec-8402-0a7404972c70_jpg.rf.Dsxpx1DPXt5JlJyt5eaZ.jpg,conjunctivitis,valid,dog_conjunctivitis,.jpg
expansion\dog_conjunctivitis\valid_D0_10295273-60a5-11ec-8402-0a7404972c70_jpg.rf.rkkS7J5usSS1PqQWusOU.jpg,valid_D0_10295273-60a5-11ec-8402-0a7404972c70_jpg.rf.rkkS7J5usSS1PqQWusOU.jpg,conjunctivitis,valid,dog_conjunctivitis,.jpg
expansion\dog_conjunctivitis\valid_D0_103d0a62-60a5-11ec-8402-0a7404972c70_jpg.rf.UQt1zqBRMtVqWmdM0JCU.jpg,valid_D0_103d0a62-60a5-11ec-8402-0a7404972c70_jpg.rf.UQt1zqBRMtVqWmdM0JCU.jpg,conjunctivitis,valid,dog_conjunctivitis,.jpg
expansion\dog_conjunctivitis\valid_D0_10ac0fa7-60a5-11ec-8402-0a7404972c70_jpg.rf.PSppVXzEjWsQ7uG3Xkr7.jpg,valid_D0_10ac0fa7-60a5-11ec-8402-0a7404972c70_jpg.rf.PSppVXzEjWsQ7uG3Xkr7.jpg,conjunctivitis,valid,dog_conjunctivitis,.jpg
expansion\dog_conjunctivitis\valid_D0_111ecf1c-60a5-11ec-8402-0a7404972c70_jpg.rf.g7fukt8evrVlvVPhymnW.jpg,valid_D0_111ecf1c-60a5-11ec-8402-0a7404972c70_jpg.rf.g7fukt8evrVlvVPhymnW.jpg,conjunctivitis,valid,dog_conjunctivitis,.jpg
expansion\dog_conjunctivitis\valid_D0_112d3c2e-60a5-11ec-8402-0a7404972c70_jpg.rf.K9nn3NWlXIevjFDIr0AV.jpg,valid_D0_112d3c2e-60a5-11ec-8402-0a7404972c70_jpg.rf.K9nn3NWlXIevjFDIr0AV.jpg,conjunctivitis,valid,dog_conjunctivitis,.jpg
expansion\dog_conjunctivitis\valid_D0_1178bc2e-60a5-11ec-8402-0a7404972c70_jpg.rf.SuFFQw5Ykzbs1VjM83pZ.jpg,valid_D0_1178bc2e-60a5-11ec-8402-0a7404972c70_jpg.rf.SuFFQw5Ykzbs1VjM83pZ.jpg,conjunctivitis,valid,dog_conjunctivitis,.jpg
expansion\dog_conjunctivitis\valid_D0_12658a1e-60a5-11ec-8402-0a7404972c70_jpg.rf.tr4QeTzDR0L8yUzzQsdz.jpg,valid_D0_12658a1e-60a5-11ec-8402-0a7404972c70_jpg.rf.tr4QeTzDR0L8yUzzQsdz.jpg,conjunctivitis,valid,dog_conjunctivitis,.jpg
expansion\dog_conjunctivitis\valid_D0_12981c49-60a5-11ec-8402-0a7404972c70_jpg.rf.E5gQxTPaS1ZRazGEf43E.jpg,valid_D0_12981c49-60a5-11ec-8402-0a7404972c70_jpg.rf.E5gQxTPaS1ZRazGEf43E.jpg,conjunctivitis,valid,dog_conjunctivitis,.jpg
expansion\dog_conjunctivitis\valid_D0_12f88988-60a5-11ec-8402-0a7404972c70_jpg.rf.rSspnbPqXUUJxjJOJgMO.jpg,valid_D0_12f88988-60a5-11ec-8402-0a7404972c70_jpg.rf.rSspnbPqXUUJxjJOJgMO.jpg,conjunctivitis,valid,dog_conjunctivitis,.jpg
expansion\dog_conjunctivitis\valid_D0_1654fb77-60a5-11ec-8402-0a7404972c70_jpg.rf.SPzVaG0aSbBT7Y84ShzP.jpg,valid_D0_1654fb77-60a5-11ec-8402-0a7404972c70_jpg.rf.SPzVaG0aSbBT7Y84ShzP.jpg,conjunctivitis,valid,dog_conjunctivitis,.jpg
expansion\dog_conjunctivitis\valid_D0_16974b2a-60a5-11ec-8402-0a7404972c70_jpg.rf.f9KoD5DxI0pne5MX4IVu.jpg,valid_D0_16974b2a-60a5-11ec-8402-0a7404972c70_jpg.rf.f9KoD5DxI0pne5MX4IVu.jpg,conjunctivitis,valid,dog_conjunctivitis,.jpg
expansion\dog_conjunctivitis\valid_D0_184c0322-60a5-11ec-8402-0a7404972c70_jpg.rf.GLz82xZfrscU9NoEBVMn.jpg,valid_D0_184c0322-60a5-11ec-8402-0a7404972c70_jpg.rf.GLz82xZfrscU9NoEBVMn.jpg,conjunctivitis,valid,dog_conjunctivitis,.jpg
expansion\dog_conjunctivitis\valid_D0_1872528c-60a5-11ec-8402-0a7404972c70_jpg.rf.7mQ1nT0aZLOwePs8lprf.jpg,valid_D0_1872528c-60a5-11ec-8402-0a7404972c70_jpg.rf.7mQ1nT0aZLOwePs8lprf.jpg,conjunctivitis,valid,dog_conjunctivitis,.jpg
expansion\dog_conjunctivitis\valid_D0_1877c29e-60a5-11ec-8402-0a7404972c70_jpg.rf.E7yaqMGZbMPzP5tOTzHC.jpg,valid_D0_1877c29e-60a5-11ec-8402-0a7404972c70_jpg.rf.E7yaqMGZbMPzP5tOTzHC.jpg,conjunctivitis,valid,dog_conjunctivitis,.jpg
expansion\dog_conjunctivitis\valid_D0_18872f3e-60a5-11ec-8402-0a7404972c70_jpg.rf.l1dPKHJffFugzny4mhfN.jpg,valid_D0_18872f3e-60a5-11ec-8402-0a7404972c70_jpg.rf.l1dPKHJffFugzny4mhfN.jpg,conjunctivitis,valid,dog_conjunctivitis,.jpg
expansion\dog_conjunctivitis\valid_D0_194136ec-60a5-11ec-8402-0a7404972c70_jpg.rf.fKwBNwFsR4S9JjIVkJZd.jpg,valid_D0_194136ec-60a5-11ec-8402-0a7404972c70_jpg.rf.fKwBNwFsR4S9JjIVkJZd.jpg,conjunctivitis,valid,dog_conjunctivitis,.jpg
expansion\dog_conjunctivitis\valid_D0_20c70b14-60a5-11ec-8402-0a7404972c70_jpg.rf.lC266cOLAaSnEkj8igrz.jpg,valid_D0_20c70b14-60a5-11ec-8402-0a7404972c70_jpg.rf.lC266cOLAaSnEkj8igrz.jpg,conjunctivitis,valid,dog_conjunctivitis,.jpg
expansion\dog_conjunctivitis\valid_D0_211cbbcb-60a5-11ec-8402-0a7404972c70_jpg.rf.vuMrVLHPoSprMfokTbHN.jpg,valid_D0_211cbbcb-60a5-11ec-8402-0a7404972c70_jpg.rf.vuMrVLHPoSprMfokTbHN.jpg,conjunctivitis,valid,dog_conjunctivitis,.jpg
expansion\dog_conjunctivitis\valid_D0_30c48ce0-60a5-11ec-8402-0a7404972c70_jpg.rf.G2XlfZxRThBAUbBRR8jw.jpg,valid_D0_30c48ce0-60a5-11ec-8402-0a7404972c70_jpg.rf.G2XlfZxRThBAUbBRR8jw.jpg,conjunctivitis,valid,dog_conjunctivitis,.jpg
expansion\dog_conjunctivitis\valid_D0_30d15823-60a5-11ec-8402-0a7404972c70_jpg.rf.0snYTd23KdeUmmTY8R6n.jpg,valid_D0_30d15823-60a5-11ec-8402-0a7404972c70_jpg.rf.0snYTd23KdeUmmTY8R6n.jpg,conjunctivitis,valid,dog_conjunctivitis,.jpg
expansion\dog_conjunctivitis\valid_D0_319be15e-60a5-11ec-8402-0a7404972c70_jpg.rf.jeCMBN4iehR8FiE16yQ6.jpg,valid_D0_319be15e-60a5-11ec-8402-0a7404972c70_jpg.rf.jeCMBN4iehR8FiE16yQ6.jpg,conjunctivitis,valid,dog_conjunctivitis,.jpg
expansion\dog_conjunctivitis\valid_D18_10290613-60a5-11ec-8402-0a7404972c70_jpg.rf.HDtPs7FImYco5g9xQQcZ.jpg,valid_D18_10290613-60a5-11ec-8402-0a7404972c70_jpg.rf.HDtPs7FImYco5g9xQQcZ.jpg,conjunctivitis,valid,dog_conjunctivitis,.jpg
expansion\dog_conjunctivitis\valid_D18_10690f00-60a5-11ec-8402-0a7404972c70_jpg.rf.n4utkuFoXoXqUGPUzpPO.jpg,valid_D18_10690f00-60a5-11ec-8402-0a7404972c70_jpg.rf.n4utkuFoXoXqUGPUzpPO.jpg,conjunctivitis,valid,dog_conjunctivitis,.jpg
expansion\dog_conjunctivitis\valid_D18_1108576d-60a5-11ec-8402-0a7404972c70_jpg.rf.hysvxpyuj8H1A1656UPB.jpg,valid_D18_1108576d-60a5-11ec-8402-0a7404972c70_jpg.rf.hysvxpyuj8H1A1656UPB.jpg,conjunctivitis,valid,dog_conjunctivitis,.jpg
expansion\dog_conjunctivitis\valid_D18_1287c82b-60a5-11ec-8402-0a7404972c70_jpg.rf.zmzhwLlwM9qWzZQZ3nSr.jpg,valid_D18_1287c82b-60a5-11ec-8402-0a7404972c70_jpg.rf.zmzhwLlwM9qWzZQZ3nSr.jpg,conjunctivitis,valid,dog_conjunctivitis,.jpg
expansion\dog_conjunctivitis\valid_D18_13900031-60a5-11ec-8402-0a7404972c70_jpg.rf.pc0zZhnoFM8TiswhqiTu.jpg,valid_D18_13900031-60a5-11ec-8402-0a7404972c70_jpg.rf.pc0zZhnoFM8TiswhqiTu.jpg,conjunctivitis,valid,dog_conjunctivitis,.jpg
expansion\dog_conjunctivitis\valid_D18_15143601-60a5-11ec-8402-0a7404972c70_jpg.rf.VUClBRpZTV4WKOa7oaad.jpg,valid_D18_15143601-60a5-11ec-8402-0a7404972c70_jpg.rf.VUClBRpZTV4WKOa7oaad.jpg,conjunctivitis,valid,dog_conjunctivitis,.jpg
expansion\dog_conjunctivitis\valid_D18_1906c027-60a5-11ec-8402-0a7404972c70_jpg.rf.04hclDDhgYvQV7KeiMcx.jpg,valid_D18_1906c027-60a5-11ec-8402-0a7404972c70_jpg.rf.04hclDDhgYvQV7KeiMcx.jpg,conjunctivitis,valid,dog_conjunctivitis,.jpg
expansion\dog_conjunctivitis\valid_D18_19211f66-60a5-11ec-8402-0a7404972c70_jpg.rf.PS0wGQmjJCKuBBmwXCJs.jpg,valid_D18_19211f66-60a5-11ec-8402-0a7404972c70_jpg.rf.PS0wGQmjJCKuBBmwXCJs.jpg,conjunctivitis,valid,dog_conjunctivitis,.jpg
expansion\dog_conjunctivitis\valid_D18_2105f874-60a5-11ec-8402-0a7404972c70_jpg.rf.sLM36VKUuRtiAZ8YkPqX.jpg,valid_D18_2105f874-60a5-11ec-8402-0a7404972c70_jpg.rf.sLM36VKUuRtiAZ8YkPqX.jpg,conjunctivitis,valid,dog_conjunctivitis,.jpg
expansion\dog_conjunctivitis\valid_D18_21107677-60a5-11ec-8402-0a7404972c70_jpg.rf.qEMwZXgDukqpUVZnSmwm.jpg,valid_D18_21107677-60a5-11ec-8402-0a7404972c70_jpg.rf.qEMwZXgDukqpUVZnSmwm.jpg,conjunctivitis,valid,dog_conjunctivitis,.jpg
expansion\dog_conjunctivitis\valid_D18_213170e5-60a5-11ec-8402-0a7404972c70_jpg.rf.Y68tvgivf7buRzWGWE7n.jpg,valid_D18_213170e5-60a5-11ec-8402-0a7404972c70_jpg.rf.Y68tvgivf7buRzWGWE7n.jpg,conjunctivitis,valid,dog_conjunctivitis,.jpg
expansion\dog_conjunctivitis\valid_D18_30967c7a-60a5-11ec-8402-0a7404972c70_jpg.rf.f0hSFpVsWHhOggl5BAOu.jpg,valid_D18_30967c7a-60a5-11ec-8402-0a7404972c70_jpg.rf.f0hSFpVsWHhOggl5BAOu.jpg,conjunctivitis,valid,dog_conjunctivitis,.jpg
expansion\dog_conjunctivitis\valid_D18_3100a892-60a5-11ec-8402-0a7404972c70_jpg.rf.6Rp9g5YRBHsYV85IN5xp.jpg,valid_D18_3100a892-60a5-11ec-8402-0a7404972c70_jpg.rf.6Rp9g5YRBHsYV85IN5xp.jpg,conjunctivitis,valid,dog_conjunctivitis,.jpg
expansion\dog_conjunctivitis\valid_D18_31449ba9-60a5-11ec-8402-0a7404972c70_jpg.rf.V4yaXnnPchyMk7eFMY6s.jpg,valid_D18_31449ba9-60a5-11ec-8402-0a7404972c70_jpg.rf.V4yaXnnPchyMk7eFMY6s.jpg,conjunctivitis,valid,dog_conjunctivitis,.jpg
expansion\dog_conjunctivitis\valid_D18_3158957a-60a5-11ec-8402-0a7404972c70_jpg.rf.UUgYshYyrNvUlEaYTEWO.jpg,valid_D18_3158957a-60a5-11ec-8402-0a7404972c70_jpg.rf.UUgYshYyrNvUlEaYTEWO.jpg,conjunctivitis,valid,dog_conjunctivitis,.jpg
expansion\dog_conjunctivitis\valid_D18_31771975-60a5-11ec-8402-0a7404972c70_jpg.rf.xIpjJwgodXaqnmPqSOWx.jpg,valid_D18_31771975-60a5-11ec-8402-0a7404972c70_jpg.rf.xIpjJwgodXaqnmPqSOWx.jpg,conjunctivitis,valid,dog_conjunctivitis,.jpg
expansion\dog_conjunctivitis\valid_D19_0db876f0-60a5-11ec-8402-0a7404972c70_jpg.rf.imgAg8a4WHhKSMNc2L65.jpg,valid_D19_0db876f0-60a5-11ec-8402-0a7404972c70_jpg.rf.imgAg8a4WHhKSMNc2L65.jpg,conjunctivitis,valid,dog_conjunctivitis,.jpg
expansion\dog_conjunctivitis\valid_D19_0dc27aae-60a5-11ec-8402-0a7404972c70_jpg.rf.FSiDpgpgZYLeQI5aIjpK.jpg,valid_D19_0dc27aae-60a5-11ec-8402-0a7404972c70_jpg.rf.FSiDpgpgZYLeQI5aIjpK.jpg,conjunctivitis,valid,dog_conjunctivitis,.jpg
expansion\dog_conjunctivitis\valid_D19_0dcd4772-60a5-11ec-8402-0a7404972c70_jpg.rf.T41AhqND6xmMsL5KszO4.jpg,valid_D19_0dcd4772-60a5-11ec-8402-0a7404972c70_jpg.rf.T41AhqND6xmMsL5KszO4.jpg,conjunctivitis,valid,dog_conjunctivitis,.jpg
expansion\dog_conjunctivitis\valid_D19_0e69bb34-60a5-11ec-8402-0a7404972c70_jpg.rf.57It23Jddm45H9niHpm0.jpg,valid_D19_0e69bb34-60a5-11ec-8402-0a7404972c70_jpg.rf.57It23Jddm45H9niHpm0.jpg,conjunctivitis,valid,dog_conjunctivitis,.jpg
expansion\dog_conjunctivitis\valid_D19_0e7c16a2-60a5-11ec-8402-0a7404972c70_jpg.rf.VCnfRBF2FvauljPdWqEu.jpg,valid_D19_0e7c16a2-60a5-11ec-8402-0a7404972c70_jpg.rf.VCnfRBF2FvauljPdWqEu.jpg,conjunctivitis,valid,dog_conjunctivitis,.jpg
expansion\dog_conjunctivitis\valid_D19_0eb4c2b0-60a5-11ec-8402-0a7404972c70_jpg.rf.XBHXGNUTPaMAQaUUn3VV.jpg,valid_D19_0eb4c2b0-60a5-11ec-8402-0a7404972c70_jpg.rf.XBHXGNUTPaMAQaUUn3VV.jpg,conjunctivitis,valid,dog_conjunctivitis,.jpg
expansion\dog_conjunctivitis\valid_D19_10dbaa0c-60a5-11ec-8402-0a7404972c70_jpg.rf.szTvwjFlmAe8vsf33Hov.jpg,valid_D19_10dbaa0c-60a5-11ec-8402-0a7404972c70_jpg.rf.szTvwjFlmAe8vsf33Hov.jpg,conjunctivitis,valid,dog_conjunctivitis,.jpg
expansion\dog_conjunctivitis\valid_D19_12e91fdb-60a5-11ec-8402-0a7404972c70_jpg.rf.ekm7XalwzVRxb6pSzVC8.jpg,valid_D19_12e91fdb-60a5-11ec-8402-0a7404972c70_jpg.rf.ekm7XalwzVRxb6pSzVC8.jpg,conjunctivitis,valid,dog_conjunctivitis,.jpg
expansion\dog_conjunctivitis\valid_D19_12ebd9a7-60a5-11ec-8402-0a7404972c70_jpg.rf.fUrddbuxudHWWw3AqTrF.jpg,valid_D19_12ebd9a7-60a5-11ec-8402-0a7404972c70_jpg.rf.fUrddbuxudHWWw3AqTrF.jpg,conjunctivitis,valid,dog_conjunctivitis,.jpg
expansion\dog_conjunctivitis\valid_D19_1d0b600e-60a5-11ec-8402-0a7404972c70_jpg.rf.cAHYBksdmU8U0ml5vlCh.jpg,valid_D19_1d0b600e-60a5-11ec-8402-0a7404972c70_jpg.rf.cAHYBksdmU8U0ml5vlCh.jpg,conjunctivitis,valid,dog_conjunctivitis,.jpg
expansion\dog_conjunctivitis\valid_D1_03ac06fd-60a5-11ec-8402-0a7404972c70_jpg.rf.vitKraEKkCOerECmf4mq.jpg,valid_D1_03ac06fd-60a5-11ec-8402-0a7404972c70_jpg.rf.vitKraEKkCOerECmf4mq.jpg,conjunctivitis,valid,dog_conjunctivitis,.jpg
expansion\dog_conjunctivitis\valid_D1_0daa4ab9-60a5-11ec-8402-0a7404972c70_jpg.rf.m2SWHWSsOJO1f7rWcrwv.jpg,valid_D1_0daa4ab9-60a5-11ec-8402-0a7404972c70_jpg.rf.m2SWHWSsOJO1f7rWcrwv.jpg,conjunctivitis,valid,dog_conjunctivitis,.jpg
expansion\dog_conjunctivitis\valid_D1_0dad41d6-60a5-11ec-8402-0a7404972c70_jpg.rf.Xp4sMHJyKETAU0tLcvfi.jpg,valid_D1_0dad41d6-60a5-11ec-8402-0a7404972c70_jpg.rf.Xp4sMHJyKETAU0tLcvfi.jpg,conjunctivitis,valid,dog_conjunctivitis,.jpg
expansion\dog_conjunctivitis\valid_D1_0dbca471-60a5-11ec-8402-0a7404972c70_jpg.rf.JOQXrDsswEDfSTuTQ4Pc.jpg,valid_D1_0dbca471-60a5-11ec-8402-0a7404972c70_jpg.rf.JOQXrDsswEDfSTuTQ4Pc.jpg,conjunctivitis,valid,dog_conjunctivitis,.jpg
expansion\dog_conjunctivitis\valid_D1_0e841ddd-60a5-11ec-8402-0a7404972c70_jpg.rf.4NM9MvmigetKKcyZjiFR.jpg,valid_D1_0e841ddd-60a5-11ec-8402-0a7404972c70_jpg.rf.4NM9MvmigetKKcyZjiFR.jpg,conjunctivitis,valid,dog_conjunctivitis,.jpg
expansion\dog_conjunctivitis\valid_D1_0eb0b91e-60a5-11ec-8402-0a7404972c70_jpg.rf.KNi6dglBxjyfHyo07iD1.jpg,valid_D1_0eb0b91e-60a5-11ec-8402-0a7404972c70_jpg.rf.KNi6dglBxjyfHyo07iD1.jpg,conjunctivitis,valid,dog_conjunctivitis,.jpg
expansion\dog_conjunctivitis\valid_D1_0ffb5d60-60a5-11ec-8402-0a7404972c70_jpg.rf.VYT3FQvMhTxzGOMsmXJk.jpg,valid_D1_0ffb5d60-60a5-11ec-8402-0a7404972c70_jpg.rf.VYT3FQvMhTxzGOMsmXJk.jpg,conjunctivitis,valid,dog_conjunctivitis,.jpg
expansion\dog_conjunctivitis\valid_D1_108127ff-60a5-11ec-8402-0a7404972c70_jpg.rf.SFJXdoejDQSEkEYkVX6E.jpg,valid_D1_108127ff-60a5-11ec-8402-0a7404972c70_jpg.rf.SFJXdoejDQSEkEYkVX6E.jpg,conjunctivitis,valid,dog_conjunctivitis,.jpg
expansion\dog_conjunctivitis\valid_D1_110e0cfc-60a5-11ec-8402-0a7404972c70_jpg.rf.OBYSZYqXdfAf4jwYQDzK.jpg,valid_D1_110e0cfc-60a5-11ec-8402-0a7404972c70_jpg.rf.OBYSZYqXdfAf4jwYQDzK.jpg,conjunctivitis,valid,dog_conjunctivitis,.jpg
expansion\dog_conjunctivitis\valid_D1_116ca7e3-60a5-11ec-8402-0a7404972c70_jpg.rf.a3IeZRrWeh0BFBd0TmdW.jpg,valid_D1_116ca7e3-60a5-11ec-8402-0a7404972c70_jpg.rf.a3IeZRrWeh0BFBd0TmdW.jpg,conjunctivitis,valid,dog_conjunctivitis,.jpg
expansion\dog_conjunctivitis\valid_D1_1273d9d9-60a5-11ec-8402-0a7404972c70_jpg.rf.gPAkhfX0VzDrgh6GY9az.jpg,valid_D1_1273d9d9-60a5-11ec-8402-0a7404972c70_jpg.rf.gPAkhfX0VzDrgh6GY9az.jpg,conjunctivitis,valid,dog_conjunctivitis,.jpg
expansion\dog_conjunctivitis\valid_D1_127727b7-60a5-11ec-8402-0a7404972c70_jpg.rf.dy47Pb9yplLRX5sg3fJ4.jpg,valid_D1_127727b7-60a5-11ec-8402-0a7404972c70_jpg.rf.dy47Pb9yplLRX5sg3fJ4.jpg,conjunctivitis,valid,dog_conjunctivitis,.jpg
expansion\dog_conjunctivitis\valid_D1_1294635f-60a5-11ec-8402-0a7404972c70_jpg.rf.FSQo5KWMG2XlfgBotqPC.jpg,valid_D1_1294635f-60a5-11ec-8402-0a7404972c70_jpg.rf.FSQo5KWMG2XlfgBotqPC.jpg,conjunctivitis,valid,dog_conjunctivitis,.jpg
expansion\dog_conjunctivitis\valid_D1_12eab858-60a5-11ec-8402-0a7404972c70_jpg.rf.WVJx5xRMasUNqiNNpeV3.jpg,valid_D1_12eab858-60a5-11ec-8402-0a7404972c70_jpg.rf.WVJx5xRMasUNqiNNpeV3.jpg,conjunctivitis,valid,dog_conjunctivitis,.jpg
expansion\dog_conjunctivitis\valid_D1_12f8e9ff-60a5-11ec-8402-0a7404972c70_jpg.rf.xmOoBZ8COqNoGrQQZvam.jpg,valid_D1_12f8e9ff-60a5-11ec-8402-0a7404972c70_jpg.rf.xmOoBZ8COqNoGrQQZvam.jpg,conjunctivitis,valid,dog_conjunctivitis,.jpg
expansion\dog_conjunctivitis\valid_D1_136fb931-60a5-11ec-8402-0a7404972c70_jpg.rf.xg6mXuubx6WVWKX2FlfY.jpg,valid_D1_136fb931-60a5-11ec-8402-0a7404972c70_jpg.rf.xg6mXuubx6WVWKX2FlfY.jpg,conjunctivitis,valid,dog_conjunctivitis,.jpg
expansion\dog_conjunctivitis\valid_D1_1514c59d-60a5-11ec-8402-0a7404972c70_jpg.rf.EHDc5CjK5wHXGcUReFyy.jpg,valid_D1_1514c59d-60a5-11ec-8402-0a7404972c70_jpg.rf.EHDc5CjK5wHXGcUReFyy.jpg,conjunctivitis,valid,dog_conjunctivitis,.jpg
expansion\dog_conjunctivitis\valid_D1_184a1d71-60a5-11ec-8402-0a7404972c70_jpg.rf.EJB9E7ASpxz1Xmmkimvi.jpg,valid_D1_184a1d71-60a5-11ec-8402-0a7404972c70_jpg.rf.EJB9E7ASpxz1Xmmkimvi.jpg,conjunctivitis,valid,dog_conjunctivitis,.jpg
expansion\dog_conjunctivitis\valid_D1_186294e7-60a5-11ec-8402-0a7404972c70_jpg.rf.EUnJ0CAJ85xHFWGtgqsW.jpg,valid_D1_186294e7-60a5-11ec-8402-0a7404972c70_jpg.rf.EUnJ0CAJ85xHFWGtgqsW.jpg,conjunctivitis,valid,dog_conjunctivitis,.jpg
expansion\dog_conjunctivitis\valid_D1_18c99089-60a5-11ec-8402-0a7404972c70_jpg.rf.josNphRmBjqsjw11cP9f.jpg,valid_D1_18c99089-60a5-11ec-8402-0a7404972c70_jpg.rf.josNphRmBjqsjw11cP9f.jpg,conjunctivitis,valid,dog_conjunctivitis,.jpg
expansion\dog_conjunctivitis\valid_D1_18d09027-60a5-11ec-8402-0a7404972c70_jpg.rf.NhWfLet9Fy4EcrSBuETA.jpg,valid_D1_18d09027-60a5-11ec-8402-0a7404972c70_jpg.rf.NhWfLet9Fy4EcrSBuETA.jpg,conjunctivitis,valid,dog_conjunctivitis,.jpg
expansion\dog_conjunctivitis\valid_D1_18f347e9-60a5-11ec-8402-0a7404972c70_jpg.rf.3XlefeiI552UgZhEFYJP.jpg,valid_D1_18f347e9-60a5-11ec-8402-0a7404972c70_jpg.rf.3XlefeiI552UgZhEFYJP.jpg,conjunctivitis,valid,dog_conjunctivitis,.jpg
expansion\dog_conjunctivitis\valid_D1_191d14c2-60a5-11ec-8402-0a7404972c70_jpg.rf.N96FjewAhpCu2cyOzkLS.jpg,valid_D1_191d14c2-60a5-11ec-8402-0a7404972c70_jpg.rf.N96FjewAhpCu2cyOzkLS.jpg,conjunctivitis,valid,dog_conjunctivitis,.jpg
expansion\dog_conjunctivitis\valid_D1_192154d0-60a5-11ec-8402-0a7404972c70_jpg.rf.unYPU5yvR2bnuOxBAPD9.jpg,valid_D1_192154d0-60a5-11ec-8402-0a7404972c70_jpg.rf.unYPU5yvR2bnuOxBAPD9.jpg,conjunctivitis,valid,dog_conjunctivitis,.jpg
expansion\dog_conjunctivitis\valid_D1_19268e83-60a5-11ec-8402-0a7404972c70_jpg.rf.f6HixrwH9q1tL4HWt2A2.jpg,valid_D1_19268e83-60a5-11ec-8402-0a7404972c70_jpg.rf.f6HixrwH9q1tL4HWt2A2.jpg,conjunctivitis,valid,dog_conjunctivitis,.jpg
expansion\dog_conjunctivitis\valid_D1_1d079ede-60a5-11ec-8402-0a7404972c70_jpg.rf.QCJ2Ho7ramgYVDxnJG9X.jpg,valid_D1_1d079ede-60a5-11ec-8402-0a7404972c70_jpg.rf.QCJ2Ho7ramgYVDxnJG9X.jpg,conjunctivitis,valid,dog_conjunctivitis,.jpg
expansion\dog_conjunctivitis\valid_D1_21266563-60a5-11ec-8402-0a7404972c70_jpg.rf.K0Cr94Te2ShoQEglTVof.jpg,valid_D1_21266563-60a5-11ec-8402-0a7404972c70_jpg.rf.K0Cr94Te2ShoQEglTVof.jpg,conjunctivitis,valid,dog_conjunctivitis,.jpg
expansion\dog_conjunctivitis\valid_D1_213c702a-60a5-11ec-8402-0a7404972c70_jpg.rf.Feir5xngOnxaoWvnWpBr.jpg,valid_D1_213c702a-60a5-11ec-8402-0a7404972c70_jpg.rf.Feir5xngOnxaoWvnWpBr.jpg,conjunctivitis,valid,dog_conjunctivitis,.jpg
expansion\dog_conjunctivitis\valid_D1_31306af9-60a5-11ec-8402-0a7404972c70_jpg.rf.K2GprgNbsYzL3dRqgvzv.jpg,valid_D1_31306af9-60a5-11ec-8402-0a7404972c70_jpg.rf.K2GprgNbsYzL3dRqgvzv.jpg,conjunctivitis,valid,dog_conjunctivitis,.jpg
expansion\dog_conjunctivitis\valid_D20_0370ee8c-60a5-11ec-8402-0a7404972c70_jpg.rf.sfAKRHefWy6MH3q2Vzl3.jpg,valid_D20_0370ee8c-60a5-11ec-8402-0a7404972c70_jpg.rf.sfAKRHefWy6MH3q2Vzl3.jpg,conjunctivitis,valid,dog_conjunctivitis,.jpg
expansion\dog_conjunctivitis\valid_D20_10036a1d-60a5-11ec-8402-0a7404972c70_jpg.rf.GPl3x4zBguxSObuPe6t3.jpg,valid_D20_10036a1d-60a5-11ec-8402-0a7404972c70_jpg.rf.GPl3x4zBguxSObuPe6t3.jpg,conjunctivitis,valid,dog_conjunctivitis,.jpg
expansion\dog_conjunctivitis\valid_D20_10359dbc-60a5-11ec-8402-0a7404972c70_jpg.rf.txAHaPqR8Fg7Lj0cnRQb.jpg,valid_D20_10359dbc-60a5-11ec-8402-0a7404972c70_jpg.rf.txAHaPqR8Fg7Lj0cnRQb.jpg,conjunctivitis,valid,dog_conjunctivitis,.jpg
expansion\dog_conjunctivitis\valid_D20_1055d726-60a5-11ec-8402-0a7404972c70_jpg.rf.7gylQZnGJ2phhEg32han.jpg,valid_D20_1055d726-60a5-11ec-8402-0a7404972c70_jpg.rf.7gylQZnGJ2phhEg32han.jpg,conjunctivitis,valid,dog_conjunctivitis,.jpg
expansion\dog_conjunctivitis\valid_D20_1265a2e1-60a5-11ec-8402-0a7404972c70_jpg.rf.ggnRxdjRm9oAV0b0NRo9.jpg,valid_D20_1265a2e1-60a5-11ec-8402-0a7404972c70_jpg.rf.ggnRxdjRm9oAV0b0NRo9.jpg,conjunctivitis,valid,dog_conjunctivitis,.jpg
expansion\dog_conjunctivitis\valid_D20_12708501-60a5-11ec-8402-0a7404972c70_jpg.rf.jMmygdNZgNpbEzgliEMR.jpg,valid_D20_12708501-60a5-11ec-8402-0a7404972c70_jpg.rf.jMmygdNZgNpbEzgliEMR.jpg,conjunctivitis,valid,dog_conjunctivitis,.jpg
expansion\dog_conjunctivitis\valid_D20_1277bb3d-60a5-11ec-8402-0a7404972c70_jpg.rf.gci6fAlRBNgnQABbdWL8.jpg,valid_D20_1277bb3d-60a5-11ec-8402-0a7404972c70_jpg.rf.gci6fAlRBNgnQABbdWL8.jpg,conjunctivitis,valid,dog_conjunctivitis,.jpg
expansion\dog_conjunctivitis\valid_D20_1279d626-60a5-11ec-8402-0a7404972c70_jpg.rf.gaarZBVeN8a4udGos5T6.jpg,valid_D20_1279d626-60a5-11ec-8402-0a7404972c70_jpg.rf.gaarZBVeN8a4udGos5T6.jpg,conjunctivitis,valid,dog_conjunctivitis,.jpg
expansion\dog_conjunctivitis\valid_D20_129544d4-60a5-11ec-8402-0a7404972c70_jpg.rf.LsUMddZ2DHo2ilpk9JZd.jpg,valid_D20_129544d4-60a5-11ec-8402-0a7404972c70_jpg.rf.LsUMddZ2DHo2ilpk9JZd.jpg,conjunctivitis,valid,dog_conjunctivitis,.jpg
expansion\dog_conjunctivitis\valid_D20_1390d460-60a5-11ec-8402-0a7404972c70_jpg.rf.VgaFhjYBK7MF08qcbJIg.jpg,valid_D20_1390d460-60a5-11ec-8402-0a7404972c70_jpg.rf.VgaFhjYBK7MF08qcbJIg.jpg,conjunctivitis,valid,dog_conjunctivitis,.jpg
expansion\dog_conjunctivitis\valid_D20_139413a9-60a5-11ec-8402-0a7404972c70_jpg.rf.Tuvn1tPy81Pv1qTdgkQ5.jpg,valid_D20_139413a9-60a5-11ec-8402-0a7404972c70_jpg.rf.Tuvn1tPy81Pv1qTdgkQ5.jpg,conjunctivitis,valid,dog_conjunctivitis,.jpg
expansion\dog_conjunctivitis\valid_D20_1514fbd3-60a5-11ec-8402-0a7404972c70_jpg.rf.RvDacuM8vLrn1SSapneR.jpg,valid_D20_1514fbd3-60a5-11ec-8402-0a7404972c70_jpg.rf.RvDacuM8vLrn1SSapneR.jpg,conjunctivitis,valid,dog_conjunctivitis,.jpg
expansion\dog_conjunctivitis\valid_D20_1843f817-60a5-11ec-8402-0a7404972c70_jpg.rf.uqglBuSFkbavoQmcdrNp.jpg,valid_D20_1843f817-60a5-11ec-8402-0a7404972c70_jpg.rf.uqglBuSFkbavoQmcdrNp.jpg,conjunctivitis,valid,dog_conjunctivitis,.jpg
expansion\dog_conjunctivitis\valid_D20_18490413-60a5-11ec-8402-0a7404972c70_jpg.rf.ylMIOwHRh6XOc4OCLr8a.jpg,valid_D20_18490413-60a5-11ec-8402-0a7404972c70_jpg.rf.ylMIOwHRh6XOc4OCLr8a.jpg,conjunctivitis,valid,dog_conjunctivitis,.jpg
expansion\dog_conjunctivitis\valid_D20_184971dc-60a5-11ec-8402-0a7404972c70_jpg.rf.oJJB0r1uIiQFsocHcyTo.jpg,valid_D20_184971dc-60a5-11ec-8402-0a7404972c70_jpg.rf.oJJB0r1uIiQFsocHcyTo.jpg,conjunctivitis,valid,dog_conjunctivitis,.jpg
expansion\dog_conjunctivitis\valid_D20_19083549-60a5-11ec-8402-0a7404972c70_jpg.rf.KYdVzKau3p4ctRLZKnFE.jpg,valid_D20_19083549-60a5-11ec-8402-0a7404972c70_jpg.rf.KYdVzKau3p4ctRLZKnFE.jpg,conjunctivitis,valid,dog_conjunctivitis,.jpg
expansion\dog_conjunctivitis\valid_D20_21346383-60a5-11ec-8402-0a7404972c70_jpg.rf.nqBsIr6DxIPmdIEHRqkM.jpg,valid_D20_21346383-60a5-11ec-8402-0a7404972c70_jpg.rf.nqBsIr6DxIPmdIEHRqkM.jpg,conjunctivitis,valid,dog_conjunctivitis,.jpg
expansion\dog_conjunctivitis\valid_D20_213529e4-60a5-11ec-8402-0a7404972c70_jpg.rf.s3jzC2C0pIs5SmkRbA7F.jpg,valid_D20_213529e4-60a5-11ec-8402-0a7404972c70_jpg.rf.s3jzC2C0pIs5SmkRbA7F.jpg,conjunctivitis,valid,dog_conjunctivitis,.jpg
expansion\dog_conjunctivitis\valid_D20_2138bc68-60a5-11ec-8402-0a7404972c70_jpg.rf.YBiWHPNmuabwaH4BM6fk.jpg,valid_D20_2138bc68-60a5-11ec-8402-0a7404972c70_jpg.rf.YBiWHPNmuabwaH4BM6fk.jpg,conjunctivitis,valid,dog_conjunctivitis,.jpg
expansion\dog_conjunctivitis\valid_D20_30907d24-60a5-11ec-8402-0a7404972c70_jpg.rf.zmZwsCUt11nTJMGHoAsa.jpg,valid_D20_30907d24-60a5-11ec-8402-0a7404972c70_jpg.rf.zmZwsCUt11nTJMGHoAsa.jpg,conjunctivitis,valid,dog_conjunctivitis,.jpg
expansion\dog_conjunctivitis\valid_D21_03ad35cf-60a5-11ec-8402-0a7404972c70_jpg.rf.pHxhcyLQsS5mAnyoDdYv.jpg,valid_D21_03ad35cf-60a5-11ec-8402-0a7404972c70_jpg.rf.pHxhcyLQsS5mAnyoDdYv.jpg,conjunctivitis,valid,dog_conjunctivitis,.jpg
expansion\dog_conjunctivitis\valid_D21_0dca4847-60a5-11ec-8402-0a7404972c70_jpg.rf.LbVicKtcJdbIPMSqIAh0.jpg,valid_D21_0dca4847-60a5-11ec-8402-0a7404972c70_jpg.rf.LbVicKtcJdbIPMSqIAh0.jpg,conjunctivitis,valid,dog_conjunctivitis,.jpg
expansion\dog_conjunctivitis\valid_D21_0eb01928-60a5-11ec-8402-0a7404972c70_jpg.rf.BzBx5mGmHwBuzeuj92zB.jpg,valid_D21_0eb01928-60a5-11ec-8402-0a7404972c70_jpg.rf.BzBx5mGmHwBuzeuj92zB.jpg,conjunctivitis,valid,dog_conjunctivitis,.jpg
expansion\dog_conjunctivitis\valid_D21_0f00a607-60a5-11ec-8402-0a7404972c70_jpg.rf.EvVG19oydONQhYlkulf0.jpg,valid_D21_0f00a607-60a5-11ec-8402-0a7404972c70_jpg.rf.EvVG19oydONQhYlkulf0.jpg,conjunctivitis,valid,dog_conjunctivitis,.jpg
expansion\dog_conjunctivitis\valid_D21_10bb540a-60a5-11ec-8402-0a7404972c70_jpg.rf.ZIEHIVULZFlJd8sWHFaa.jpg,valid_D21_10bb540a-60a5-11ec-8402-0a7404972c70_jpg.rf.ZIEHIVULZFlJd8sWHFaa.jpg,conjunctivitis,valid,dog_conjunctivitis,.jpg
expansion\dog_conjunctivitis\valid_D2_03abffa6-60a5-11ec-8402-0a7404972c70_jpg.rf.DslIF9kAVOSrm5RwHrPF.jpg,valid_D2_03abffa6-60a5-11ec-8402-0a7404972c70_jpg.rf.DslIF9kAVOSrm5RwHrPF.jpg,conjunctivitis,valid,dog_conjunctivitis,.jpg
expansion\dog_conjunctivitis\valid_D2_0dd60584-60a5-11ec-8402-0a7404972c70_jpg.rf.o275oV47F8RBKjIGVxAA.jpg,valid_D2_0dd60584-60a5-11ec-8402-0a7404972c70_jpg.rf.o275oV47F8RBKjIGVxAA.jpg,conjunctivitis,valid,dog_conjunctivitis,.jpg
expansion\dog_conjunctivitis\valid_D2_0e7c0ce3-60a5-11ec-8402-0a7404972c70_jpg.rf.7x0d1EDZZWkdDl5mspXd.jpg,valid_D2_0e7c0ce3-60a5-11ec-8402-0a7404972c70_jpg.rf.7x0d1EDZZWkdDl5mspXd.jpg,conjunctivitis,valid,dog_conjunctivitis,.jpg
expansion\dog_conjunctivitis\valid_D2_1026f44f-60a5-11ec-8402-0a7404972c70_jpg.rf.r9qCb4MGJP3WBvkCNiOE.jpg,valid_D2_1026f44f-60a5-11ec-8402-0a7404972c70_jpg.rf.r9qCb4MGJP3WBvkCNiOE.jpg,conjunctivitis,valid,dog_conjunctivitis,.jpg
expansion\dog_conjunctivitis\valid_D2_103610b2-60a5-11ec-8402-0a7404972c70_jpg.rf.bsxF1vw2GYk8BVk5VbQ9.jpg,valid_D2_103610b2-60a5-11ec-8402-0a7404972c70_jpg.rf.bsxF1vw2GYk8BVk5VbQ9.jpg,conjunctivitis,valid,dog_conjunctivitis,.jpg
expansion\dog_conjunctivitis\valid_D2_103ced32-60a5-11ec-8402-0a7404972c70_jpg.rf.pHKuiGzHCsbbA30sAVhh.jpg,valid_D2_103ced32-60a5-11ec-8402-0a7404972c70_jpg.rf.pHKuiGzHCsbbA30sAVhh.jpg,conjunctivitis,valid,dog_conjunctivitis,.jpg
expansion\dog_conjunctivitis\valid_D2_108ff639-60a5-11ec-8402-0a7404972c70_jpg.rf.ZhQ4wCg8vAOcJvVhkNFZ.jpg,valid_D2_108ff639-60a5-11ec-8402-0a7404972c70_jpg.rf.ZhQ4wCg8vAOcJvVhkNFZ.jpg,conjunctivitis,valid,dog_conjunctivitis,.jpg
expansion\dog_conjunctivitis\valid_D2_10a3a455-60a5-11ec-8402-0a7404972c70_jpg.rf.AXeHq18WRm9m8klVilHW.jpg,valid_D2_10a3a455-60a5-11ec-8402-0a7404972c70_jpg.rf.AXeHq18WRm9m8klVilHW.jpg,conjunctivitis,valid,dog_conjunctivitis,.jpg
expansion\dog_conjunctivitis\valid_D2_12642350-60a5-11ec-8402-0a7404972c70_jpg.rf.bU1u2XmGlAciku9mc4QP.jpg,valid_D2_12642350-60a5-11ec-8402-0a7404972c70_jpg.rf.bU1u2XmGlAciku9mc4QP.jpg,conjunctivitis,valid,dog_conjunctivitis,.jpg
expansion\dog_conjunctivitis\valid_D2_126b0fdc-60a5-11ec-8402-0a7404972c70_jpg.rf.ZDugXDOyT2p2JJiYWuOe.jpg,valid_D2_126b0fdc-60a5-11ec-8402-0a7404972c70_jpg.rf.ZDugXDOyT2p2JJiYWuOe.jpg,conjunctivitis,valid,dog_conjunctivitis,.jpg
expansion\dog_conjunctivitis\valid_D2_128ef0b9-60a5-11ec-8402-0a7404972c70_jpg.rf.Yu2dn98RxE7EYTVRXyuq.jpg,valid_D2_128ef0b9-60a5-11ec-8402-0a7404972c70_jpg.rf.Yu2dn98RxE7EYTVRXyuq.jpg,conjunctivitis,valid,dog_conjunctivitis,.jpg
expansion\dog_conjunctivitis\valid_D2_12cf1169-60a5-11ec-8402-0a7404972c70_jpg.rf.Pa7QgQ8DXZsHjMmebsnF.jpg,valid_D2_12cf1169-60a5-11ec-8402-0a7404972c70_jpg.rf.Pa7QgQ8DXZsHjMmebsnF.jpg,conjunctivitis,valid,dog_conjunctivitis,.jpg
expansion\dog_conjunctivitis\valid_D2_12e9d9ba-60a5-11ec-8402-0a7404972c70_jpg.rf.qJ0vStCrX3ejQ2Brx1GV.jpg,valid_D2_12e9d9ba-60a5-11ec-8402-0a7404972c70_jpg.rf.qJ0vStCrX3ejQ2Brx1GV.jpg,conjunctivitis,valid,dog_conjunctivitis,.jpg
expansion\dog_conjunctivitis\valid_D2_12f46b5c-60a5-11ec-8402-0a7404972c70_jpg.rf.o9C7ia1V5mZLq3gvY9Td.jpg,valid_D2_12f46b5c-60a5-11ec-8402-0a7404972c70_jpg.rf.o9C7ia1V5mZLq3gvY9Td.jpg,conjunctivitis,valid,dog_conjunctivitis,.jpg
expansion\dog_conjunctivitis\valid_D2_18629d30-60a5-11ec-8402-0a7404972c70_jpg.rf.SaNILlq4WB47sgKTqwYc.jpg,valid_D2_18629d30-60a5-11ec-8402-0a7404972c70_jpg.rf.SaNILlq4WB47sgKTqwYc.jpg,conjunctivitis,valid,dog_conjunctivitis,.jpg
expansion\dog_conjunctivitis\valid_D2_188ccdab-60a5-11ec-8402-0a7404972c70_jpg.rf.cHozdgpGvrYbCS6c6CQz.jpg,valid_D2_188ccdab-60a5-11ec-8402-0a7404972c70_jpg.rf.cHozdgpGvrYbCS6c6CQz.jpg,conjunctivitis,valid,dog_conjunctivitis,.jpg
expansion\dog_conjunctivitis\valid_D2_1d0b48ba-60a5-11ec-8402-0a7404972c70_jpg.rf.kBQznbjxbHlJdlzejz9Q.jpg,valid_D2_1d0b48ba-60a5-11ec-8402-0a7404972c70_jpg.rf.kBQznbjxbHlJdlzejz9Q.jpg,conjunctivitis,valid,dog_conjunctivitis,.jpg
expansion\dog_conjunctivitis\valid_D2_211bea95-60a5-11ec-8402-0a7404972c70_jpg.rf.ugamhIwXJBNIewpxtTkp.jpg,valid_D2_211bea95-60a5-11ec-8402-0a7404972c70_jpg.rf.ugamhIwXJBNIewpxtTkp.jpg,conjunctivitis,valid,dog_conjunctivitis,.jpg
expansion\dog_conjunctivitis\valid_D2_214143b1-60a5-11ec-8402-0a7404972c70_jpg.rf.kHXR7tspzSWdBNVIgvEF.jpg,valid_D2_214143b1-60a5-11ec-8402-0a7404972c70_jpg.rf.kHXR7tspzSWdBNVIgvEF.jpg,conjunctivitis,valid,dog_conjunctivitis,.jpg
expansion\dog_conjunctivitis\valid_D2_30c77f9d-60a5-11ec-8402-0a7404972c70_jpg.rf.8pEgl0aRgnzKEiT4Ewcv.jpg,valid_D2_30c77f9d-60a5-11ec-8402-0a7404972c70_jpg.rf.8pEgl0aRgnzKEiT4Ewcv.jpg,conjunctivitis,valid,dog_conjunctivitis,.jpg
expansion\dog_conjunctivitis\valid_D2_30e9f5a3-60a5-11ec-8402-0a7404972c70_jpg.rf.SG5uqtraZRxLWteqkNjD.jpg,valid_D2_30e9f5a3-60a5-11ec-8402-0a7404972c70_jpg.rf.SG5uqtraZRxLWteqkNjD.jpg,conjunctivitis,valid,dog_conjunctivitis,.jpg
expansion\dog_conjunctivitis\valid_D2_31100ed9-60a5-11ec-8402-0a7404972c70_jpg.rf.EZUNz3Ccxy0Au6TLgb01.jpg,valid_D2_31100ed9-60a5-11ec-8402-0a7404972c70_jpg.rf.EZUNz3Ccxy0Au6TLgb01.jpg,conjunctivitis,valid,dog_conjunctivitis,.jpg
expansion\dog_conjunctivitis\valid_D3_0d510313-60a5-11ec-8402-0a7404972c70_jpg.rf.qCd1HxPtu16Wuzifxn6h.jpg,valid_D3_0d510313-60a5-11ec-8402-0a7404972c70_jpg.rf.qCd1HxPtu16Wuzifxn6h.jpg,conjunctivitis,valid,dog_conjunctivitis,.jpg
expansion\dog_conjunctivitis\valid_D3_0daf628a-60a5-11ec-8402-0a7404972c70_jpg.rf.hTXLtJVeQyoWtRahO5c0.jpg,valid_D3_0daf628a-60a5-11ec-8402-0a7404972c70_jpg.rf.hTXLtJVeQyoWtRahO5c0.jpg,conjunctivitis,valid,dog_conjunctivitis,.jpg
expansion\dog_conjunctivitis\valid_D3_0dc8601c-60a5-11ec-8402-0a7404972c70_jpg.rf.Gdtr5FLa7GAd5WgPhY9v.jpg,valid_D3_0dc8601c-60a5-11ec-8402-0a7404972c70_jpg.rf.Gdtr5FLa7GAd5WgPhY9v.jpg,conjunctivitis,valid,dog_conjunctivitis,.jpg
expansion\dog_conjunctivitis\valid_D3_0e540352-60a5-11ec-8402-0a7404972c70_jpg.rf.VFGRiOt8R7v77fX42cAc.jpg,valid_D3_0e540352-60a5-11ec-8402-0a7404972c70_jpg.rf.VFGRiOt8R7v77fX42cAc.jpg,conjunctivitis,valid,dog_conjunctivitis,.jpg
expansion\dog_conjunctivitis\valid_D3_0eeb9eab-60a5-11ec-8402-0a7404972c70_jpg.rf.IcVhk3MjIcVsk8WLrRsw.jpg,valid_D3_0eeb9eab-60a5-11ec-8402-0a7404972c70_jpg.rf.IcVhk3MjIcVsk8WLrRsw.jpg,conjunctivitis,valid,dog_conjunctivitis,.jpg
expansion\dog_conjunctivitis\valid_D3_10a1713c-60a5-11ec-8402-0a7404972c70_jpg.rf.ABkWmfSvBdmpSC4NMSVp.jpg,valid_D3_10a1713c-60a5-11ec-8402-0a7404972c70_jpg.rf.ABkWmfSvBdmpSC4NMSVp.jpg,conjunctivitis,valid,dog_conjunctivitis,.jpg
expansion\dog_conjunctivitis\valid_D3_10bc2723-60a5-11ec-8402-0a7404972c70_jpg.rf.wU5pyCjpECGmfGWEG9vB.jpg,valid_D3_10bc2723-60a5-11ec-8402-0a7404972c70_jpg.rf.wU5pyCjpECGmfGWEG9vB.jpg,conjunctivitis,valid,dog_conjunctivitis,.jpg
expansion\dog_conjunctivitis\valid_D3_10fd1e24-60a5-11ec-8402-0a7404972c70_jpg.rf.gB8CgFeu31QRMCIVk8fu.jpg,valid_D3_10fd1e24-60a5-11ec-8402-0a7404972c70_jpg.rf.gB8CgFeu31QRMCIVk8fu.jpg,conjunctivitis,valid,dog_conjunctivitis,.jpg
expansion\dog_conjunctivitis\valid_D3_12e1ac85-60a5-11ec-8402-0a7404972c70_jpg.rf.rdrmTPOQbK3Y3XqFn95g.jpg,valid_D3_12e1ac85-60a5-11ec-8402-0a7404972c70_jpg.rf.rdrmTPOQbK3Y3XqFn95g.jpg,conjunctivitis,valid,dog_conjunctivitis,.jpg
expansion\dog_conjunctivitis\valid_D3_1cf6a53c-60a5-11ec-8402-0a7404972c70_jpg.rf.oRd0HCOgZeKKpsTjZhJj.jpg,valid_D3_1cf6a53c-60a5-11ec-8402-0a7404972c70_jpg.rf.oRd0HCOgZeKKpsTjZhJj.jpg,conjunctivitis,valid,dog_conjunctivitis,.jpg
expansion\dog_conjunctivitis\valid_D3_20f5f0d8-60a5-11ec-8402-0a7404972c70_jpg.rf.7ka03OUWcetSk9j6LRhR.jpg,valid_D3_20f5f0d8-60a5-11ec-8402-0a7404972c70_jpg.rf.7ka03OUWcetSk9j6LRhR.jpg,conjunctivitis,valid,dog_conjunctivitis,.jpg
expansion\dog_conjunctivitis\valid_D3_20f63f4c-60a5-11ec-8402-0a7404972c70_jpg.rf.sVIw1CG0X1wF52L1JEVJ.jpg,valid_D3_20f63f4c-60a5-11ec-8402-0a7404972c70_jpg.rf.sVIw1CG0X1wF52L1JEVJ.jpg,conjunctivitis,valid,dog_conjunctivitis,.jpg
expansion\dog_conjunctivitis\valid_D3_20fff3a9-60a5-11ec-8402-0a7404972c70_jpg.rf.0GLmBI25iwEHKZGrauF0.jpg,valid_D3_20fff3a9-60a5-11ec-8402-0a7404972c70_jpg.rf.0GLmBI25iwEHKZGrauF0.jpg,conjunctivitis,valid,dog_conjunctivitis,.jpg
expansion\dog_entropion\test_D0_0366e0a5-60a5-11ec-8402-0a7404972c70_jpg.rf.KqlK78HDcFP59LE6eBLN.jpg,test_D0_0366e0a5-60a5-11ec-8402-0a7404972c70_jpg.rf.KqlK78HDcFP59LE6eBLN.jpg,entropion,test,dog_entropion,.jpg
expansion\dog_entropion\test_D0_36a6468b-60a5-11ec-8402-0a7404972c70_jpg.rf.8nDTvRsYNrowFp7jvN79.jpg,test_D0_36a6468b-60a5-11ec-8402-0a7404972c70_jpg.rf.8nDTvRsYNrowFp7jvN79.jpg,entropion,test,dog_entropion,.jpg
expansion\dog_entropion\test_D10_0368d75b-60a5-11ec-8402-0a7404972c70_jpg.rf.7wx49BfJr6yy2MeFOEll.jpg,test_D10_0368d75b-60a5-11ec-8402-0a7404972c70_jpg.rf.7wx49BfJr6yy2MeFOEll.jpg,entropion,test,dog_entropion,.jpg
expansion\dog_entropion\test_D10_0c454d4b-60a5-11ec-8402-0a7404972c70_png.rf.wohXikDvtBGvPjwORvIW.png,test_D10_0c454d4b-60a5-11ec-8402-0a7404972c70_png.rf.wohXikDvtBGvPjwORvIW.png,entropion,test,dog_entropion,.png
expansion\dog_entropion\test_D10_0e641109-60a5-11ec-8402-0a7404972c70_jpg.rf.hnilWHYGMlVXLVwt0UH3.jpg,test_D10_0e641109-60a5-11ec-8402-0a7404972c70_jpg.rf.hnilWHYGMlVXLVwt0UH3.jpg,entropion,test,dog_entropion,.jpg
expansion\dog_entropion\test_D10_247cc0cf-60a5-11ec-8402-0a7404972c70_jpg.rf.edTkMQzYrKrCEwAZG5e3.jpg,test_D10_247cc0cf-60a5-11ec-8402-0a7404972c70_jpg.rf.edTkMQzYrKrCEwAZG5e3.jpg,entropion,test,dog_entropion,.jpg
expansion\dog_entropion\test_D10_29d68853-60a5-11ec-8402-0a7404972c70_jpg.rf.nOCbBLA85r8F9WfDXNfE.jpg,test_D10_29d68853-60a5-11ec-8402-0a7404972c70_jpg.rf.nOCbBLA85r8F9WfDXNfE.jpg,entropion,test,dog_entropion,.jpg
expansion\dog_entropion\test_D10_29f5997c-60a5-11ec-8402-0a7404972c70_jpg.rf.Brc0vvVfqdzIwSMSIu2N.jpg,test_D10_29f5997c-60a5-11ec-8402-0a7404972c70_jpg.rf.Brc0vvVfqdzIwSMSIu2N.jpg,entropion,test,dog_entropion,.jpg
expansion\dog_entropion\test_D11_03657529-60a5-11ec-8402-0a7404972c70_jpg.rf.94Xqh59KO41BOXThu8pB.jpg,test_D11_03657529-60a5-11ec-8402-0a7404972c70_jpg.rf.94Xqh59KO41BOXThu8pB.jpg,entropion,test,dog_entropion,.jpg
expansion\dog_entropion\test_D11_0e624f18-60a5-11ec-8402-0a7404972c70_jpg.rf.4NxaXKSZ1koIGyvgsO7F.jpg,test_D11_0e624f18-60a5-11ec-8402-0a7404972c70_jpg.rf.4NxaXKSZ1koIGyvgsO7F.jpg,entropion,test,dog_entropion,.jpg
expansion\dog_entropion\test_D13_3341e200-60a5-11ec-8402-0a7404972c70_jpg.rf.hyOd9nTD6zymZZWkthYh.jpg,test_D13_3341e200-60a5-11ec-8402-0a7404972c70_jpg.rf.hyOd9nTD6zymZZWkthYh.jpg,entropion,test,dog_entropion,.jpg
expansion\dog_entropion\test_D14_0e45c8d5-60a5-11ec-8402-0a7404972c70_jpg.rf.zCW326TgJeZ9JmQ66cX8.jpg,test_D14_0e45c8d5-60a5-11ec-8402-0a7404972c70_jpg.rf.zCW326TgJeZ9JmQ66cX8.jpg,entropion,test,dog_entropion,.jpg
expansion\dog_entropion\test_D14_0e5e70a9-60a5-11ec-8402-0a7404972c70_jpg.rf.N0AOt0OmekUM2UBa4La9.jpg,test_D14_0e5e70a9-60a5-11ec-8402-0a7404972c70_jpg.rf.N0AOt0OmekUM2UBa4La9.jpg,entropion,test,dog_entropion,.jpg
expansion\dog_entropion\test_D16_0e412226-60a5-11ec-8402-0a7404972c70_jpg.rf.vkdWkyszAD22D9faITFc.jpg,test_D16_0e412226-60a5-11ec-8402-0a7404972c70_jpg.rf.vkdWkyszAD22D9faITFc.jpg,entropion,test,dog_entropion,.jpg
expansion\dog_entropion\test_D17_0e4a8687-60a5-11ec-8402-0a7404972c70_jpg.rf.yNO3aTubrIeGAXL1UVAl.jpg,test_D17_0e4a8687-60a5-11ec-8402-0a7404972c70_jpg.rf.yNO3aTubrIeGAXL1UVAl.jpg,entropion,test,dog_entropion,.jpg
expansion\dog_entropion\test_D17_0e62ee20-60a5-11ec-8402-0a7404972c70_jpg.rf.Cd1OWYO5lMZqc09KNE13.jpg,test_D17_0e62ee20-60a5-11ec-8402-0a7404972c70_jpg.rf.Cd1OWYO5lMZqc09KNE13.jpg,entropion,test,dog_entropion,.jpg
expansion\dog_entropion\test_D17_0e7cfd9a-60a5-11ec-8402-0a7404972c70_jpg.rf.oxoEoE8Xlh20PDJvWB1T.jpg,test_D17_0e7cfd9a-60a5-11ec-8402-0a7404972c70_jpg.rf.oxoEoE8Xlh20PDJvWB1T.jpg,entropion,test,dog_entropion,.jpg
expansion\dog_entropion\test_D19_0e5696da-60a5-11ec-8402-0a7404972c70_jpg.rf.1fqv9BofggLtr23UfI3w.jpg,test_D19_0e5696da-60a5-11ec-8402-0a7404972c70_jpg.rf.1fqv9BofggLtr23UfI3w.jpg,entropion,test,dog_entropion,.jpg
expansion\dog_entropion\test_D20_0e5c073f-60a5-11ec-8402-0a7404972c70_jpg.rf.pD9JvB0ILdQatdyMjqcO.jpg,test_D20_0e5c073f-60a5-11ec-8402-0a7404972c70_jpg.rf.pD9JvB0ILdQatdyMjqcO.jpg,entropion,test,dog_entropion,.jpg
expansion\dog_entropion\test_D22_036cde43-60a5-11ec-8402-0a7404972c70_jpg.rf.jicOJrVuPO0ztSbwHyDb.jpg,test_D22_036cde43-60a5-11ec-8402-0a7404972c70_jpg.rf.jicOJrVuPO0ztSbwHyDb.jpg,entropion,test,dog_entropion,.jpg
expansion\dog_entropion\test_D22_0e448539-60a5-11ec-8402-0a7404972c70_jpg.rf.62yeHhW5Oz7m2kpJ15Ua.jpg,test_D22_0e448539-60a5-11ec-8402-0a7404972c70_jpg.rf.62yeHhW5Oz7m2kpJ15Ua.jpg,entropion,test,dog_entropion,.jpg
expansion\dog_entropion\test_D24_03624c55-60a5-11ec-8402-0a7404972c70_jpg.rf.MVElEUCZ5lbcfTbbfNUO.jpg,test_D24_03624c55-60a5-11ec-8402-0a7404972c70_jpg.rf.MVElEUCZ5lbcfTbbfNUO.jpg,entropion,test,dog_entropion,.jpg
expansion\dog_entropion\test_D24_2e2bb2a6-60a5-11ec-8402-0a7404972c70_jpg.rf.RjOlimiw7bKwjNLrg5HH.jpg,test_D24_2e2bb2a6-60a5-11ec-8402-0a7404972c70_jpg.rf.RjOlimiw7bKwjNLrg5HH.jpg,entropion,test,dog_entropion,.jpg
expansion\dog_entropion\test_D25_0e409a45-60a5-11ec-8402-0a7404972c70_jpg.rf.MG0Erdhkh7XcEDFSZZZB.jpg,test_D25_0e409a45-60a5-11ec-8402-0a7404972c70_jpg.rf.MG0Erdhkh7XcEDFSZZZB.jpg,entropion,test,dog_entropion,.jpg
expansion\dog_entropion\test_D25_0e55dcd0-60a5-11ec-8402-0a7404972c70_jpg.rf.P2yxQhhxHLktEbo7n8HG.jpg,test_D25_0e55dcd0-60a5-11ec-8402-0a7404972c70_jpg.rf.P2yxQhhxHLktEbo7n8HG.jpg,entropion,test,dog_entropion,.jpg
expansion\dog_entropion\test_D28_0366e939-60a5-11ec-8402-0a7404972c70_jpg.rf.R3I0XqHLNRogDYviAPfc.jpg,test_D28_0366e939-60a5-11ec-8402-0a7404972c70_jpg.rf.R3I0XqHLNRogDYviAPfc.jpg,entropion,test,dog_entropion,.jpg
expansion\dog_entropion\test_D29_0e554857-60a5-11ec-8402-0a7404972c70_jpg.rf.xiQRGOHJjivqTmLIkQny.jpg,test_D29_0e554857-60a5-11ec-8402-0a7404972c70_jpg.rf.xiQRGOHJjivqTmLIkQny.jpg,entropion,test,dog_entropion,.jpg
expansion\dog_entropion\test_D29_36a59099-60a5-11ec-8402-0a7404972c70_jpg.rf.P6yTVvjaseLn6G07JjLi.jpg,test_D29_36a59099-60a5-11ec-8402-0a7404972c70_jpg.rf.P6yTVvjaseLn6G07JjLi.jpg,entropion,test,dog_entropion,.jpg
expansion\dog_entropion\test_D31_03655b12-60a5-11ec-8402-0a7404972c70_jpg.rf.6o1LznrEz8jBICE5IGjL.jpg,test_D31_03655b12-60a5-11ec-8402-0a7404972c70_jpg.rf.6o1LznrEz8jBICE5IGjL.jpg,entropion,test,dog_entropion,.jpg
expansion\dog_entropion\test_D31_0e5e1ccd-60a5-11ec-8402-0a7404972c70_jpg.rf.r80vfrNSuy5KeEZAUJbX.jpg,test_D31_0e5e1ccd-60a5-11ec-8402-0a7404972c70_jpg.rf.r80vfrNSuy5KeEZAUJbX.jpg,entropion,test,dog_entropion,.jpg
expansion\dog_entropion\test_D31_0e6000e4-60a5-11ec-8402-0a7404972c70_jpg.rf.xtyE2ydv89LyawYPJdk6.jpg,test_D31_0e6000e4-60a5-11ec-8402-0a7404972c70_jpg.rf.xtyE2ydv89LyawYPJdk6.jpg,entropion,test,dog_entropion,.jpg
expansion\dog_entropion\test_D31_33591d88-60a5-11ec-8402-0a7404972c70_jpg.rf.8FgTcYerIfj7K9EhZYlS.jpg,test_D31_33591d88-60a5-11ec-8402-0a7404972c70_jpg.rf.8FgTcYerIfj7K9EhZYlS.jpg,entropion,test,dog_entropion,.jpg
expansion\dog_entropion\test_D32_0e42053f-60a5-11ec-8402-0a7404972c70_jpg.rf.BF63wWPPLhjCAvXrfVRO.jpg,test_D32_0e42053f-60a5-11ec-8402-0a7404972c70_jpg.rf.BF63wWPPLhjCAvXrfVRO.jpg,entropion,test,dog_entropion,.jpg
expansion\dog_entropion\test_D33_0e708f86-60a5-11ec-8402-0a7404972c70_jpg.rf.MCVyhnh4b38lBkCjarTJ.jpg,test_D33_0e708f86-60a5-11ec-8402-0a7404972c70_jpg.rf.MCVyhnh4b38lBkCjarTJ.jpg,entropion,test,dog_entropion,.jpg
expansion\dog_entropion\test_D34_03681930-60a5-11ec-8402-0a7404972c70_jpg.rf.mOUf73XIiGt9hZM5rH1h.jpg,test_D34_03681930-60a5-11ec-8402-0a7404972c70_jpg.rf.mOUf73XIiGt9hZM5rH1h.jpg,entropion,test,dog_entropion,.jpg
expansion\dog_entropion\test_D34_335e6beb-60a5-11ec-8402-0a7404972c70_jpg.rf.gMSeVLVEm5SBXWVN6G6p.jpg,test_D34_335e6beb-60a5-11ec-8402-0a7404972c70_jpg.rf.gMSeVLVEm5SBXWVN6G6p.jpg,entropion,test,dog_entropion,.jpg
expansion\dog_entropion\test_D3_0e5888ca-60a5-11ec-8402-0a7404972c70_jpg.rf.BffAQGP3CEfYvtuBM2Gb.jpg,test_D3_0e5888ca-60a5-11ec-8402-0a7404972c70_jpg.rf.BffAQGP3CEfYvtuBM2Gb.jpg,entropion,test,dog_entropion,.jpg
expansion\dog_entropion\test_D3_0e5ffc0b-60a5-11ec-8402-0a7404972c70_jpg.rf.HnTLZgFW5dfaXS5ckoku.jpg,test_D3_0e5ffc0b-60a5-11ec-8402-0a7404972c70_jpg.rf.HnTLZgFW5dfaXS5ckoku.jpg,entropion,test,dog_entropion,.jpg
expansion\dog_entropion\test_D4_0e7f4b2f-60a5-11ec-8402-0a7404972c70_jpg.rf.DlogRCxODKLkRU3b4goe.jpg,test_D4_0e7f4b2f-60a5-11ec-8402-0a7404972c70_jpg.rf.DlogRCxODKLkRU3b4goe.jpg,entropion,test,dog_entropion,.jpg
expansion\dog_entropion\test_D5_03c851ab-60a5-11ec-8402-0a7404972c70_png.rf.BpWQXDbKICG7bOQxtDbm.png,test_D5_03c851ab-60a5-11ec-8402-0a7404972c70_png.rf.BpWQXDbKICG7bOQxtDbm.png,entropion,test,dog_entropion,.png
expansion\dog_entropion\test_D5_29ee9656-60a5-11ec-8402-0a7404972c70_jpg.rf.hPXOtP8sYqXZCQNP18MR.jpg,test_D5_29ee9656-60a5-11ec-8402-0a7404972c70_jpg.rf.hPXOtP8sYqXZCQNP18MR.jpg,entropion,test,dog_entropion,.jpg
expansion\dog_entropion\test_D6_03d67515-60a5-11ec-8402-0a7404972c70_png.rf.VAlGNuLJxlmOYLAaElFi.png,test_D6_03d67515-60a5-11ec-8402-0a7404972c70_png.rf.VAlGNuLJxlmOYLAaElFi.png,entropion,test,dog_entropion,.png
expansion\dog_entropion\test_D6_0bfe9165-60a5-11ec-8402-0a7404972c70_png.rf.Juxp4eLmwKLaKTmLEoZ7.png,test_D6_0bfe9165-60a5-11ec-8402-0a7404972c70_png.rf.Juxp4eLmwKLaKTmLEoZ7.png,entropion,test,dog_entropion,.png
expansion\dog_entropion\test_D6_29b6cebd-60a5-11ec-8402-0a7404972c70_jpg.rf.vorqjMx4Gql7JFvT9GJV.jpg,test_D6_29b6cebd-60a5-11ec-8402-0a7404972c70_jpg.rf.vorqjMx4Gql7JFvT9GJV.jpg,entropion,test,dog_entropion,.jpg
expansion\dog_entropion\test_D6_29f09c5f-60a5-11ec-8402-0a7404972c70_jpg.rf.VgstbvanVEhsxBhdaknw.jpg,test_D6_29f09c5f-60a5-11ec-8402-0a7404972c70_jpg.rf.VgstbvanVEhsxBhdaknw.jpg,entropion,test,dog_entropion,.jpg
expansion\dog_entropion\test_D8_245f4b40-60a5-11ec-8402-0a7404972c70_jpg.rf.GPcEGJdSADqpCfuKvpmU.jpg,test_D8_245f4b40-60a5-11ec-8402-0a7404972c70_jpg.rf.GPcEGJdSADqpCfuKvpmU.jpg,entropion,test,dog_entropion,.jpg
expansion\dog_entropion\test_D8_29f6181d-60a5-11ec-8402-0a7404972c70_jpg.rf.fEcu5bYjjxnjSfV8g9Ln.jpg,test_D8_29f6181d-60a5-11ec-8402-0a7404972c70_jpg.rf.fEcu5bYjjxnjSfV8g9Ln.jpg,entropion,test,dog_entropion,.jpg
expansion\dog_entropion\test_D9_245d8388-60a5-11ec-8402-0a7404972c70_jpg.rf.rrr67kgkKwYzzw10xeyl.jpg,test_D9_245d8388-60a5-11ec-8402-0a7404972c70_jpg.rf.rrr67kgkKwYzzw10xeyl.jpg,entropion,test,dog_entropion,.jpg
expansion\dog_entropion\test_D9_29f057a8-60a5-11ec-8402-0a7404972c70_jpg.rf.ed1NFf8ulmjBIpdTOqVm.jpg,test_D9_29f057a8-60a5-11ec-8402-0a7404972c70_jpg.rf.ed1NFf8ulmjBIpdTOqVm.jpg,entropion,test,dog_entropion,.jpg
expansion\dog_entropion\test_D9_29f5c6f3-60a5-11ec-8402-0a7404972c70_jpg.rf.6oGWsyzUYJwqC5kkvmYN.jpg,test_D9_29f5c6f3-60a5-11ec-8402-0a7404972c70_jpg.rf.6oGWsyzUYJwqC5kkvmYN.jpg,entropion,test,dog_entropion,.jpg
expansion\dog_entropion\train_D0_0e433ff7-60a5-11ec-8402-0a7404972c70_jpg.rf.Sp3WtaWjEykyXWRnnlJn.jpg,train_D0_0e433ff7-60a5-11ec-8402-0a7404972c70_jpg.rf.Sp3WtaWjEykyXWRnnlJn.jpg,entropion,train,dog_entropion,.jpg
expansion\dog_entropion\train_D0_0e459089-60a5-11ec-8402-0a7404972c70_jpg.rf.1n6Tb0gn53BWvohwnFs4.jpg,train_D0_0e459089-60a5-11ec-8402-0a7404972c70_jpg.rf.1n6Tb0gn53BWvohwnFs4.jpg,entropion,train,dog_entropion,.jpg
expansion\dog_entropion\train_D0_0e45eff0-60a5-11ec-8402-0a7404972c70_jpg.rf.D1rERJMSgbDzrhAL4QVA.jpg,train_D0_0e45eff0-60a5-11ec-8402-0a7404972c70_jpg.rf.D1rERJMSgbDzrhAL4QVA.jpg,entropion,train,dog_entropion,.jpg
expansion\dog_entropion\train_D0_0e4babfc-60a5-11ec-8402-0a7404972c70_jpg.rf.bvIlA7uFa2hwblluFC0t.jpg,train_D0_0e4babfc-60a5-11ec-8402-0a7404972c70_jpg.rf.bvIlA7uFa2hwblluFC0t.jpg,entropion,train,dog_entropion,.jpg
expansion\dog_entropion\train_D0_0e4cbe60-60a5-11ec-8402-0a7404972c70_jpg.rf.kemLTprFaiyUckmaCb8a.jpg,train_D0_0e4cbe60-60a5-11ec-8402-0a7404972c70_jpg.rf.kemLTprFaiyUckmaCb8a.jpg,entropion,train,dog_entropion,.jpg
expansion\dog_entropion\train_D0_0e4f7134-60a5-11ec-8402-0a7404972c70_jpg.rf.7YrStNNYXqROt2U0DM5j.jpg,train_D0_0e4f7134-60a5-11ec-8402-0a7404972c70_jpg.rf.7YrStNNYXqROt2U0DM5j.jpg,entropion,train,dog_entropion,.jpg
expansion\dog_entropion\train_D0_0e53b3df-60a5-11ec-8402-0a7404972c70_jpg.rf.Klobe65vzgZz4c07Cha1.jpg,train_D0_0e53b3df-60a5-11ec-8402-0a7404972c70_jpg.rf.Klobe65vzgZz4c07Cha1.jpg,entropion,train,dog_entropion,.jpg
expansion\dog_entropion\train_D0_0e58416f-60a5-11ec-8402-0a7404972c70_jpg.rf.ip5gpIV6NhcddN6LrWMD.jpg,train_D0_0e58416f-60a5-11ec-8402-0a7404972c70_jpg.rf.ip5gpIV6NhcddN6LrWMD.jpg,entropion,train,dog_entropion,.jpg
expansion\dog_entropion\train_D0_0e618478-60a5-11ec-8402-0a7404972c70_jpg.rf.7rhe9VS60aZWZQAMNb15.jpg,train_D0_0e618478-60a5-11ec-8402-0a7404972c70_jpg.rf.7rhe9VS60aZWZQAMNb15.jpg,entropion,train,dog_entropion,.jpg
expansion\dog_entropion\train_D0_0e641655-60a5-11ec-8402-0a7404972c70_jpg.rf.Em6VJxN0NSo4fUugfpef.jpg,train_D0_0e641655-60a5-11ec-8402-0a7404972c70_jpg.rf.Em6VJxN0NSo4fUugfpef.jpg,entropion,train,dog_entropion,.jpg
expansion\dog_entropion\train_D0_0e655cad-60a5-11ec-8402-0a7404972c70_jpg.rf.06SAwsb1roiDwmzhiyAM.jpg,train_D0_0e655cad-60a5-11ec-8402-0a7404972c70_jpg.rf.06SAwsb1roiDwmzhiyAM.jpg,entropion,train,dog_entropion,.jpg
expansion\dog_entropion\train_D0_0e734bc6-60a5-11ec-8402-0a7404972c70_jpg.rf.PeuORsjcgMcFBLhiWFD6.jpg,train_D0_0e734bc6-60a5-11ec-8402-0a7404972c70_jpg.rf.PeuORsjcgMcFBLhiWFD6.jpg,entropion,train,dog_entropion,.jpg
expansion\dog_entropion\train_D0_2f1e975c-60a5-11ec-8402-0a7404972c70_jpg.rf.THLZ4BZNXmTKuDQJEaf7.jpg,train_D0_2f1e975c-60a5-11ec-8402-0a7404972c70_jpg.rf.THLZ4BZNXmTKuDQJEaf7.jpg,entropion,train,dog_entropion,.jpg
expansion\dog_entropion\train_D0_30bc265d-60a5-11ec-8402-0a7404972c70_jpg.rf.mlTMzpVXbOrzcoWxpD1G.jpg,train_D0_30bc265d-60a5-11ec-8402-0a7404972c70_jpg.rf.mlTMzpVXbOrzcoWxpD1G.jpg,entropion,train,dog_entropion,.jpg
expansion\dog_entropion\train_D0_36a68ffe-60a5-11ec-8402-0a7404972c70_jpg.rf.xBHNP6QG9fnMrKrnbwM0.jpg,train_D0_36a68ffe-60a5-11ec-8402-0a7404972c70_jpg.rf.xBHNP6QG9fnMrKrnbwM0.jpg,entropion,train,dog_entropion,.jpg
expansion\dog_entropion\train_D10_0363c30f-60a5-11ec-8402-0a7404972c70_jpg.rf.AQGONAq6AsJ1rRaO0qjh.jpg,train_D10_0363c30f-60a5-11ec-8402-0a7404972c70_jpg.rf.AQGONAq6AsJ1rRaO0qjh.jpg,entropion,train,dog_entropion,.jpg
expansion\dog_entropion\train_D10_036cbfb8-60a5-11ec-8402-0a7404972c70_jpg.rf.Eyr6T2D19TpvONVSktMb.jpg,train_D10_036cbfb8-60a5-11ec-8402-0a7404972c70_jpg.rf.Eyr6T2D19TpvONVSktMb.jpg,entropion,train,dog_entropion,.jpg
expansion\dog_entropion\train_D10_03d37696-60a5-11ec-8402-0a7404972c70_png.rf.sivtivW39dKafrgHLgHY.png,train_D10_03d37696-60a5-11ec-8402-0a7404972c70_png.rf.sivtivW39dKafrgHLgHY.png,entropion,train,dog_entropion,.png
expansion\dog_entropion\train_D10_0c2967f8-60a5-11ec-8402-0a7404972c70_png.rf.xyueF0szDzs2Zt44fGQO.png,train_D10_0c2967f8-60a5-11ec-8402-0a7404972c70_png.rf.xyueF0szDzs2Zt44fGQO.png,entropion,train,dog_entropion,.png
expansion\dog_entropion\train_D10_0c5f60e5-60a5-11ec-8402-0a7404972c70_png.rf.kNJ3UqmpZGPub8gydjvd.png,train_D10_0c5f60e5-60a5-11ec-8402-0a7404972c70_png.rf.kNJ3UqmpZGPub8gydjvd.png,entropion,train,dog_entropion,.png
expansion\dog_entropion\train_D10_0c6c1bbc-60a5-11ec-8402-0a7404972c70_png.rf.0VIYwoqk2RQZ40jvthEY.png,train_D10_0c6c1bbc-60a5-11ec-8402-0a7404972c70_png.rf.0VIYwoqk2RQZ40jvthEY.png,entropion,train,dog_entropion,.png
expansion\dog_entropion\train_D10_0c6ddb00-60a5-11ec-8402-0a7404972c70_png.rf.s2tSK87NBE5kd1Gd2FqU.png,train_D10_0c6ddb00-60a5-11ec-8402-0a7404972c70_png.rf.s2tSK87NBE5kd1Gd2FqU.png,entropion,train,dog_entropion,.png
expansion\dog_entropion\train_D10_0e429b95-60a5-11ec-8402-0a7404972c70_jpg.rf.2zme80iEHMRKS5B7nOPf.jpg,train_D10_0e429b95-60a5-11ec-8402-0a7404972c70_jpg.rf.2zme80iEHMRKS5B7nOPf.jpg,entropion,train,dog_entropion,.jpg
expansion\dog_entropion\train_D10_0e44755a-60a5-11ec-8402-0a7404972c70_jpg.rf.uruYYPJPpdhnvoGYTdTl.jpg,train_D10_0e44755a-60a5-11ec-8402-0a7404972c70_jpg.rf.uruYYPJPpdhnvoGYTdTl.jpg,entropion,train,dog_entropion,.jpg
expansion\dog_entropion\train_D10_0e57297e-60a5-11ec-8402-0a7404972c70_jpg.rf.Eg1bGveR0boVMgTYfW7t.jpg,train_D10_0e57297e-60a5-11ec-8402-0a7404972c70_jpg.rf.Eg1bGveR0boVMgTYfW7t.jpg,entropion,train,dog_entropion,.jpg
expansion\dog_entropion\train_D10_0e5f5f48-60a5-11ec-8402-0a7404972c70_jpg.rf.ZyYwguKdgTgRe4PO5DgM.jpg,train_D10_0e5f5f48-60a5-11ec-8402-0a7404972c70_jpg.rf.ZyYwguKdgTgRe4PO5DgM.jpg,entropion,train,dog_entropion,.jpg
expansion\dog_entropion\train_D10_0e750f45-60a5-11ec-8402-0a7404972c70_jpg.rf.Wm948Tx1vFbOg6bYBdZw.jpg,train_D10_0e750f45-60a5-11ec-8402-0a7404972c70_jpg.rf.Wm948Tx1vFbOg6bYBdZw.jpg,entropion,train,dog_entropion,.jpg
expansion\dog_entropion\train_D10_245b3bf7-60a5-11ec-8402-0a7404972c70_jpg.rf.0Ljpp6oirMFcb5jFH1FF.jpg,train_D10_245b3bf7-60a5-11ec-8402-0a7404972c70_jpg.rf.0Ljpp6oirMFcb5jFH1FF.jpg,entropion,train,dog_entropion,.jpg
expansion\dog_entropion\train_D10_299c0465-60a5-11ec-8402-0a7404972c70_jpg.rf.JNh17yWuhzwqH2KyvMsV.jpg,train_D10_299c0465-60a5-11ec-8402-0a7404972c70_jpg.rf.JNh17yWuhzwqH2KyvMsV.jpg,entropion,train,dog_entropion,.jpg
expansion\dog_entropion\train_D10_29b9dad9-60a5-11ec-8402-0a7404972c70_jpg.rf.90XRF1AxyLojgCAo9qEv.jpg,train_D10_29b9dad9-60a5-11ec-8402-0a7404972c70_jpg.rf.90XRF1AxyLojgCAo9qEv.jpg,entropion,train,dog_entropion,.jpg
expansion\dog_entropion\train_D10_2e2d157c-60a5-11ec-8402-0a7404972c70_jpg.rf.YF4YEV5B6hscH1LucExs.jpg,train_D10_2e2d157c-60a5-11ec-8402-0a7404972c70_jpg.rf.YF4YEV5B6hscH1LucExs.jpg,entropion,train,dog_entropion,.jpg
expansion\dog_entropion\train_D10_32857c65-60a5-11ec-8402-0a7404972c70_jpg.rf.VdH8wHdyAdxlqTOHov64.jpg,train_D10_32857c65-60a5-11ec-8402-0a7404972c70_jpg.rf.VdH8wHdyAdxlqTOHov64.jpg,entropion,train,dog_entropion,.jpg
expansion\dog_entropion\train_D10_333d23bc-60a5-11ec-8402-0a7404972c70_jpg.rf.Fd1p42nwwHvqwyxsX0XG.jpg,train_D10_333d23bc-60a5-11ec-8402-0a7404972c70_jpg.rf.Fd1p42nwwHvqwyxsX0XG.jpg,entropion,train,dog_entropion,.jpg
expansion\dog_entropion\train_D10_3342815b-60a5-11ec-8402-0a7404972c70_jpg.rf.20UijeOA4bbnY2J73LDM.jpg,train_D10_3342815b-60a5-11ec-8402-0a7404972c70_jpg.rf.20UijeOA4bbnY2J73LDM.jpg,entropion,train,dog_entropion,.jpg
expansion\dog_entropion\train_D10_3359fc3c-60a5-11ec-8402-0a7404972c70_jpg.rf.93SmZYyaBipPIZzc7iNx.jpg,train_D10_3359fc3c-60a5-11ec-8402-0a7404972c70_jpg.rf.93SmZYyaBipPIZzc7iNx.jpg,entropion,train,dog_entropion,.jpg
expansion\dog_entropion\train_D11_0369cb07-60a5-11ec-8402-0a7404972c70_jpg.rf.cP1GZLIcDnuUmuvL3AlG.jpg,train_D11_0369cb07-60a5-11ec-8402-0a7404972c70_jpg.rf.cP1GZLIcDnuUmuvL3AlG.jpg,entropion,train,dog_entropion,.jpg
expansion\dog_entropion\train_D11_0e46f696-60a5-11ec-8402-0a7404972c70_jpg.rf.pneqSRPcOtEUc3EhQimc.jpg,train_D11_0e46f696-60a5-11ec-8402-0a7404972c70_jpg.rf.pneqSRPcOtEUc3EhQimc.jpg,entropion,train,dog_entropion,.jpg
expansion\dog_entropion\train_D11_0e4e16be-60a5-11ec-8402-0a7404972c70_jpg.rf.PuN94Z8bZsn1ujouymJi.jpg,train_D11_0e4e16be-60a5-11ec-8402-0a7404972c70_jpg.rf.PuN94Z8bZsn1ujouymJi.jpg,entropion,train,dog_entropion,.jpg
expansion\dog_entropion\train_D11_0e587158-60a5-11ec-8402-0a7404972c70_jpg.rf.kXsZ4pee0VFlC19yj9U3.jpg,train_D11_0e587158-60a5-11ec-8402-0a7404972c70_jpg.rf.kXsZ4pee0VFlC19yj9U3.jpg,entropion,train,dog_entropion,.jpg
expansion\dog_entropion\train_D11_0e6576ed-60a5-11ec-8402-0a7404972c70_jpg.rf.jhSsDEhfrbHdiTfU0agp.jpg,train_D11_0e6576ed-60a5-11ec-8402-0a7404972c70_jpg.rf.jhSsDEhfrbHdiTfU0agp.jpg,entropion,train,dog_entropion,.jpg
expansion\dog_entropion\train_D11_0e69cc30-60a5-11ec-8402-0a7404972c70_jpg.rf.TG1ZXaLVOdbYqxh4XJIT.jpg,train_D11_0e69cc30-60a5-11ec-8402-0a7404972c70_jpg.rf.TG1ZXaLVOdbYqxh4XJIT.jpg,entropion,train,dog_entropion,.jpg
expansion\dog_entropion\train_D11_0e70d569-60a5-11ec-8402-0a7404972c70_jpg.rf.1mDvn5OsShEMWDp7oXDd.jpg,train_D11_0e70d569-60a5-11ec-8402-0a7404972c70_jpg.rf.1mDvn5OsShEMWDp7oXDd.jpg,entropion,train,dog_entropion,.jpg
expansion\dog_entropion\train_D11_333d62b0-60a5-11ec-8402-0a7404972c70_jpg.rf.tRANrrWIPVqwU8Vhpz5F.jpg,train_D11_333d62b0-60a5-11ec-8402-0a7404972c70_jpg.rf.tRANrrWIPVqwU8Vhpz5F.jpg,entropion,train,dog_entropion,.jpg
expansion\dog_entropion\train_D11_333de0c4-60a5-11ec-8402-0a7404972c70_jpg.rf.aD0VXZNvJKgItfHWCJFg.jpg,train_D11_333de0c4-60a5-11ec-8402-0a7404972c70_jpg.rf.aD0VXZNvJKgItfHWCJFg.jpg,entropion,train,dog_entropion,.jpg
expansion\dog_entropion\train_D12_03639391-60a5-11ec-8402-0a7404972c70_jpg.rf.hFrmegvPkfs08GitmYEJ.jpg,train_D12_03639391-60a5-11ec-8402-0a7404972c70_jpg.rf.hFrmegvPkfs08GitmYEJ.jpg,entropion,train,dog_entropion,.jpg
expansion\dog_entropion\train_D12_0368ccbc-60a5-11ec-8402-0a7404972c70_jpg.rf.xxbwkVI7G5Kcw5nQzTAG.jpg,train_D12_0368ccbc-60a5-11ec-8402-0a7404972c70_jpg.rf.xxbwkVI7G5Kcw5nQzTAG.jpg,entropion,train,dog_entropion,.jpg
expansion\dog_entropion\train_D12_0e45b5c1-60a5-11ec-8402-0a7404972c70_jpg.rf.dQlXQM8QxEXPeryEqb58.jpg,train_D12_0e45b5c1-60a5-11ec-8402-0a7404972c70_jpg.rf.dQlXQM8QxEXPeryEqb58.jpg,entropion,train,dog_entropion,.jpg
expansion\dog_entropion\train_D12_0e4a7cb2-60a5-11ec-8402-0a7404972c70_jpg.rf.VSogaPsqlCbhqLhVUdK2.jpg,train_D12_0e4a7cb2-60a5-11ec-8402-0a7404972c70_jpg.rf.VSogaPsqlCbhqLhVUdK2.jpg,entropion,train,dog_entropion,.jpg
expansion\dog_entropion\train_D12_0e4ec13e-60a5-11ec-8402-0a7404972c70_jpg.rf.0VpFa1T56Mt4c5xbm3YM.jpg,train_D12_0e4ec13e-60a5-11ec-8402-0a7404972c70_jpg.rf.0VpFa1T56Mt4c5xbm3YM.jpg,entropion,train,dog_entropion,.jpg
expansion\dog_entropion\train_D12_0e5656c9-60a5-11ec-8402-0a7404972c70_jpg.rf.XvR9ydT7fXNn9H7fk2XK.jpg,train_D12_0e5656c9-60a5-11ec-8402-0a7404972c70_jpg.rf.XvR9ydT7fXNn9H7fk2XK.jpg,entropion,train,dog_entropion,.jpg
expansion\dog_entropion\train_D12_0e57a663-60a5-11ec-8402-0a7404972c70_jpg.rf.9KlLi5iYOZFweO4BIq0h.jpg,train_D12_0e57a663-60a5-11ec-8402-0a7404972c70_jpg.rf.9KlLi5iYOZFweO4BIq0h.jpg,entropion,train,dog_entropion,.jpg
expansion\dog_entropion\train_D12_0e5a615b-60a5-11ec-8402-0a7404972c70_jpg.rf.vh45jkVGPF99AAAqPzGL.jpg,train_D12_0e5a615b-60a5-11ec-8402-0a7404972c70_jpg.rf.vh45jkVGPF99AAAqPzGL.jpg,entropion,train,dog_entropion,.jpg
expansion\dog_entropion\train_D12_0e602537-60a5-11ec-8402-0a7404972c70_jpg.rf.CcXXfvoCiaz7ipLzZdp6.jpg,train_D12_0e602537-60a5-11ec-8402-0a7404972c70_jpg.rf.CcXXfvoCiaz7ipLzZdp6.jpg,entropion,train,dog_entropion,.jpg
expansion\dog_entropion\train_D12_0e622a09-60a5-11ec-8402-0a7404972c70_jpg.rf.pz2dyN8otfgiKZYqyFyV.jpg,train_D12_0e622a09-60a5-11ec-8402-0a7404972c70_jpg.rf.pz2dyN8otfgiKZYqyFyV.jpg,entropion,train,dog_entropion,.jpg
expansion\dog_entropion\train_D12_0e6d3c6d-60a5-11ec-8402-0a7404972c70_jpg.rf.ZMjhcvXorRyUklgG1ZNk.jpg,train_D12_0e6d3c6d-60a5-11ec-8402-0a7404972c70_jpg.rf.ZMjhcvXorRyUklgG1ZNk.jpg,entropion,train,dog_entropion,.jpg
expansion\dog_entropion\train_D12_2e29bc63-60a5-11ec-8402-0a7404972c70_jpg.rf.nLVSwIlFOWXGarKoC6IU.jpg,train_D12_2e29bc63-60a5-11ec-8402-0a7404972c70_jpg.rf.nLVSwIlFOWXGarKoC6IU.jpg,entropion,train,dog_entropion,.jpg
expansion\dog_entropion\train_D12_333d4bca-60a5-11ec-8402-0a7404972c70_jpg.rf.d5W1otQzRKbTbdZoN1OW.jpg,train_D12_333d4bca-60a5-11ec-8402-0a7404972c70_jpg.rf.d5W1otQzRKbTbdZoN1OW.jpg,entropion,train,dog_entropion,.jpg
expansion\dog_entropion\train_D12_36a6eb75-60a5-11ec-8402-0a7404972c70_jpg.rf.Czid7Cl1ybH6bdiU8z1E.jpg,train_D12_36a6eb75-60a5-11ec-8402-0a7404972c70_jpg.rf.Czid7Cl1ybH6bdiU8z1E.jpg,entropion,train,dog_entropion,.jpg
expansion\dog_entropion\train_D13_03658395-60a5-11ec-8402-0a7404972c70_jpg.rf.SrIdOrEsQDCUJ9801OMs.jpg,train_D13_03658395-60a5-11ec-8402-0a7404972c70_jpg.rf.SrIdOrEsQDCUJ9801OMs.jpg,entropion,train,dog_entropion,.jpg
expansion\dog_entropion\train_D13_0e42aafa-60a5-11ec-8402-0a7404972c70_jpg.rf.0Agcgz6EiKOKRilbQXI9.jpg,train_D13_0e42aafa-60a5-11ec-8402-0a7404972c70_jpg.rf.0Agcgz6EiKOKRilbQXI9.jpg,entropion,train,dog_entropion,.jpg
expansion\dog_entropion\train_D13_0e4bbaf2-60a5-11ec-8402-0a7404972c70_jpg.rf.57Jevz8Hv0fkoX6FxBVz.jpg,train_D13_0e4bbaf2-60a5-11ec-8402-0a7404972c70_jpg.rf.57Jevz8Hv0fkoX6FxBVz.jpg,entropion,train,dog_entropion,.jpg
expansion\dog_entropion\train_D13_0e56cb58-60a5-11ec-8402-0a7404972c70_jpg.rf.MGRoJrgK7OfbEHO1azqA.jpg,train_D13_0e56cb58-60a5-11ec-8402-0a7404972c70_jpg.rf.MGRoJrgK7OfbEHO1azqA.jpg,entropion,train,dog_entropion,.jpg
expansion\dog_entropion\train_D13_0e5e2770-60a5-11ec-8402-0a7404972c70_jpg.rf.lqF4sREUSYgGbagNsOAR.jpg,train_D13_0e5e2770-60a5-11ec-8402-0a7404972c70_jpg.rf.lqF4sREUSYgGbagNsOAR.jpg,entropion,train,dog_entropion,.jpg
expansion\dog_entropion\train_D13_0e5e3ff9-60a5-11ec-8402-0a7404972c70_jpg.rf.401ponrMBYP3AQFkhaFd.jpg,train_D13_0e5e3ff9-60a5-11ec-8402-0a7404972c70_jpg.rf.401ponrMBYP3AQFkhaFd.jpg,entropion,train,dog_entropion,.jpg
expansion\dog_entropion\train_D13_0e5ef681-60a5-11ec-8402-0a7404972c70_jpg.rf.3JwbWYn7Be4CbPr1xAsQ.jpg,train_D13_0e5ef681-60a5-11ec-8402-0a7404972c70_jpg.rf.3JwbWYn7Be4CbPr1xAsQ.jpg,entropion,train,dog_entropion,.jpg
expansion\dog_entropion\train_D13_0e60c79c-60a5-11ec-8402-0a7404972c70_jpg.rf.2WCOS1Lz7fFCGB0o59ri.jpg,train_D13_0e60c79c-60a5-11ec-8402-0a7404972c70_jpg.rf.2WCOS1Lz7fFCGB0o59ri.jpg,entropion,train,dog_entropion,.jpg
expansion\dog_entropion\train_D13_0e62251d-60a5-11ec-8402-0a7404972c70_jpg.rf.O9iBudFRhw702FXGj9Oa.jpg,train_D13_0e62251d-60a5-11ec-8402-0a7404972c70_jpg.rf.O9iBudFRhw702FXGj9Oa.jpg,entropion,train,dog_entropion,.jpg
expansion\dog_entropion\train_D13_0e70688d-60a5-11ec-8402-0a7404972c70_jpg.rf.ufm6UY3gRv3lK57j7Dmb.jpg,train_D13_0e70688d-60a5-11ec-8402-0a7404972c70_jpg.rf.ufm6UY3gRv3lK57j7Dmb.jpg,entropion,train,dog_entropion,.jpg
expansion\dog_entropion\train_D13_0e79604e-60a5-11ec-8402-0a7404972c70_jpg.rf.abe3DsG7ON2XycwBHvAY.jpg,train_D13_0e79604e-60a5-11ec-8402-0a7404972c70_jpg.rf.abe3DsG7ON2XycwBHvAY.jpg,entropion,train,dog_entropion,.jpg
expansion\dog_entropion\train_D13_333dc996-60a5-11ec-8402-0a7404972c70_jpg.rf.IooOgHkXmxW1mjIjtS4X.jpg,train_D13_333dc996-60a5-11ec-8402-0a7404972c70_jpg.rf.IooOgHkXmxW1mjIjtS4X.jpg,entropion,train,dog_entropion,.jpg
expansion\dog_entropion\train_D13_333e0870-60a5-11ec-8402-0a7404972c70_jpg.rf.pjumalu80XBUZewy6uAL.jpg,train_D13_333e0870-60a5-11ec-8402-0a7404972c70_jpg.rf.pjumalu80XBUZewy6uAL.jpg,entropion,train,dog_entropion,.jpg
expansion\dog_entropion\train_D13_36a6db30-60a5-11ec-8402-0a7404972c70_jpg.rf.K3KdfBLNotDCXSEaTgu1.jpg,train_D13_36a6db30-60a5-11ec-8402-0a7404972c70_jpg.rf.K3KdfBLNotDCXSEaTgu1.jpg,entropion,train,dog_entropion,.jpg
expansion\dog_entropion\train_D14_0369c404-60a5-11ec-8402-0a7404972c70_jpg.rf.SsPuz02ZWwFAP6JEhBPB.jpg,train_D14_0369c404-60a5-11ec-8402-0a7404972c70_jpg.rf.SsPuz02ZWwFAP6JEhBPB.jpg,entropion,train,dog_entropion,.jpg
expansion\dog_entropion\train_D14_0e449e53-60a5-11ec-8402-0a7404972c70_jpg.rf.FnJdGMTktHRb5saZ1VGz.jpg,train_D14_0e449e53-60a5-11ec-8402-0a7404972c70_jpg.rf.FnJdGMTktHRb5saZ1VGz.jpg,entropion,train,dog_entropion,.jpg
expansion\dog_entropion\train_D14_0e474b19-60a5-11ec-8402-0a7404972c70_jpg.rf.AzoGGmV9nXZ6wxMutkYw.jpg,train_D14_0e474b19-60a5-11ec-8402-0a7404972c70_jpg.rf.AzoGGmV9nXZ6wxMutkYw.jpg,entropion,train,dog_entropion,.jpg
expansion\dog_entropion\train_D14_0e4a65d5-60a5-11ec-8402-0a7404972c70_jpg.rf.s81QzRBqf8TU8ElSE31e.jpg,train_D14_0e4a65d5-60a5-11ec-8402-0a7404972c70_jpg.rf.s81QzRBqf8TU8ElSE31e.jpg,entropion,train,dog_entropion,.jpg
expansion\dog_entropion\train_D14_0e4bc041-60a5-11ec-8402-0a7404972c70_jpg.rf.cDDC5KbRGnKAWSLiZRZD.jpg,train_D14_0e4bc041-60a5-11ec-8402-0a7404972c70_jpg.rf.cDDC5KbRGnKAWSLiZRZD.jpg,entropion,train,dog_entropion,.jpg
expansion\dog_entropion\train_D14_0e4ccd30-60a5-11ec-8402-0a7404972c70_jpg.rf.pdZqETkOWlOazsmXssEM.jpg,train_D14_0e4ccd30-60a5-11ec-8402-0a7404972c70_jpg.rf.pdZqETkOWlOazsmXssEM.jpg,entropion,train,dog_entropion,.jpg
expansion\dog_entropion\train_D14_0e4f9e98-60a5-11ec-8402-0a7404972c70_jpg.rf.Ytv00N2PQELZoENbulDp.jpg,train_D14_0e4f9e98-60a5-11ec-8402-0a7404972c70_jpg.rf.Ytv00N2PQELZoENbulDp.jpg,entropion,train,dog_entropion,.jpg
expansion\dog_entropion\train_D14_0e57689a-60a5-11ec-8402-0a7404972c70_jpg.rf.85QzXbfJeSDvajbiGp5y.jpg,train_D14_0e57689a-60a5-11ec-8402-0a7404972c70_jpg.rf.85QzXbfJeSDvajbiGp5y.jpg,entropion,train,dog_entropion,.jpg
expansion\dog_entropion\train_D14_0e58c44c-60a5-11ec-8402-0a7404972c70_jpg.rf.vz0FkHZduOm7anSUqvVJ.jpg,train_D14_0e58c44c-60a5-11ec-8402-0a7404972c70_jpg.rf.vz0FkHZduOm7anSUqvVJ.jpg,entropion,train,dog_entropion,.jpg
expansion\dog_entropion\train_D14_0e61148b-60a5-11ec-8402-0a7404972c70_jpg.rf.v0Rw8eBwdAlicBXoKoDW.jpg,train_D14_0e61148b-60a5-11ec-8402-0a7404972c70_jpg.rf.v0Rw8eBwdAlicBXoKoDW.jpg,entropion,train,dog_entropion,.jpg
expansion\dog_entropion\train_D14_0e624a14-60a5-11ec-8402-0a7404972c70_jpg.rf.tL6uPckT4pOkIH5pQmMs.jpg,train_D14_0e624a14-60a5-11ec-8402-0a7404972c70_jpg.rf.tL6uPckT4pOkIH5pQmMs.jpg,entropion,train,dog_entropion,.jpg
expansion\dog_entropion\train_D14_36a60763-60a5-11ec-8402-0a7404972c70_jpg.rf.VE8wJIJJ4qxtdujPHIx8.jpg,train_D14_36a60763-60a5-11ec-8402-0a7404972c70_jpg.rf.VE8wJIJJ4qxtdujPHIx8.jpg,entropion,train,dog_entropion,.jpg
expansion\dog_entropion\train_D15_0368afcd-60a5-11ec-8402-0a7404972c70_jpg.rf.DPZ5K7uTdx3jG0Vbm65J.jpg,train_D15_0368afcd-60a5-11ec-8402-0a7404972c70_jpg.rf.DPZ5K7uTdx3jG0Vbm65J.jpg,entropion,train,dog_entropion,.jpg
expansion\dog_entropion\train_D15_0368e9b5-60a5-11ec-8402-0a7404972c70_jpg.rf.Xw3rt4rJinEtCiQTFhxQ.jpg,train_D15_0368e9b5-60a5-11ec-8402-0a7404972c70_jpg.rf.Xw3rt4rJinEtCiQTFhxQ.jpg,entropion,train,dog_entropion,.jpg
expansion\dog_entropion\train_D15_0e43ea0b-60a5-11ec-8402-0a7404972c70_jpg.rf.BFIMHy1WgTMVYfoyZRPj.jpg,train_D15_0e43ea0b-60a5-11ec-8402-0a7404972c70_jpg.rf.BFIMHy1WgTMVYfoyZRPj.jpg,entropion,train,dog_entropion,.jpg
expansion\dog_entropion\train_D15_0e51a999-60a5-11ec-8402-0a7404972c70_jpg.rf.3AeLsUehrWTobuPCsZcN.jpg,train_D15_0e51a999-60a5-11ec-8402-0a7404972c70_jpg.rf.3AeLsUehrWTobuPCsZcN.jpg,entropion,train,dog_entropion,.jpg
expansion\dog_entropion\train_D15_0e539a40-60a5-11ec-8402-0a7404972c70_jpg.rf.ATkF8w1Elpz8hOKrmrAo.jpg,train_D15_0e539a40-60a5-11ec-8402-0a7404972c70_jpg.rf.ATkF8w1Elpz8hOKrmrAo.jpg,entropion,train,dog_entropion,.jpg
expansion\dog_entropion\train_D15_0e57a17c-60a5-11ec-8402-0a7404972c70_jpg.rf.Sf3GQY1WZislzUqIpAJA.jpg,train_D15_0e57a17c-60a5-11ec-8402-0a7404972c70_jpg.rf.Sf3GQY1WZislzUqIpAJA.jpg,entropion,train,dog_entropion,.jpg
expansion\dog_entropion\train_D15_0e5dfdde-60a5-11ec-8402-0a7404972c70_jpg.rf.2nBJIm8hsy3bTHLl48NZ.jpg,train_D15_0e5dfdde-60a5-11ec-8402-0a7404972c70_jpg.rf.2nBJIm8hsy3bTHLl48NZ.jpg,entropion,train,dog_entropion,.jpg
expansion\dog_entropion\train_D15_0e5fba1d-60a5-11ec-8402-0a7404972c70_jpg.rf.bk6D2PLrFR9y6GAySB8j.jpg,train_D15_0e5fba1d-60a5-11ec-8402-0a7404972c70_jpg.rf.bk6D2PLrFR9y6GAySB8j.jpg,entropion,train,dog_entropion,.jpg
expansion\dog_entropion\train_D15_0e606de0-60a5-11ec-8402-0a7404972c70_jpg.rf.U4XchCzRHjPKtN8mHK27.jpg,train_D15_0e606de0-60a5-11ec-8402-0a7404972c70_jpg.rf.U4XchCzRHjPKtN8mHK27.jpg,entropion,train,dog_entropion,.jpg
expansion\dog_entropion\train_D15_0e61283e-60a5-11ec-8402-0a7404972c70_jpg.rf.uuu0M2PvCbsFoMH9C6Ex.jpg,train_D15_0e61283e-60a5-11ec-8402-0a7404972c70_jpg.rf.uuu0M2PvCbsFoMH9C6Ex.jpg,entropion,train,dog_entropion,.jpg
expansion\dog_entropion\train_D15_0e69c756-60a5-11ec-8402-0a7404972c70_jpg.rf.849gYeR7Z0iAK74GZWmh.jpg,train_D15_0e69c756-60a5-11ec-8402-0a7404972c70_jpg.rf.849gYeR7Z0iAK74GZWmh.jpg,entropion,train,dog_entropion,.jpg
expansion\dog_entropion\train_D15_2ed3a067-60a5-11ec-8402-0a7404972c70_jpg.rf.sigO8NiTww56JQQKHpqy.jpg,train_D15_2ed3a067-60a5-11ec-8402-0a7404972c70_jpg.rf.sigO8NiTww56JQQKHpqy.jpg,entropion,train,dog_entropion,.jpg
expansion\dog_entropion\train_D15_31c8cb3f-60a5-11ec-8402-0a7404972c70_jpg.rf.hTlCcsy1cCsbjeW3Ep9g.jpg,train_D15_31c8cb3f-60a5-11ec-8402-0a7404972c70_jpg.rf.hTlCcsy1cCsbjeW3Ep9g.jpg,entropion,train,dog_entropion,.jpg
expansion\dog_entropion\train_D15_334255db-60a5-11ec-8402-0a7404972c70_jpg.rf.Sk3A0sEQ1e9flpkulA7K.jpg,train_D15_334255db-60a5-11ec-8402-0a7404972c70_jpg.rf.Sk3A0sEQ1e9flpkulA7K.jpg,entropion,train,dog_entropion,.jpg
expansion\dog_entropion\train_D15_3d93e65f-60a5-11ec-8402-0a7404972c70_jpg.rf.c0WFwcFNLob9G5qt1taC.jpg,train_D15_3d93e65f-60a5-11ec-8402-0a7404972c70_jpg.rf.c0WFwcFNLob9G5qt1taC.jpg,entropion,train,dog_entropion,.jpg
expansion\dog_entropion\train_D16_0369f354-60a5-11ec-8402-0a7404972c70_jpg.rf.q7wOLyxxFcJ7zLZYFvKa.jpg,train_D16_0369f354-60a5-11ec-8402-0a7404972c70_jpg.rf.q7wOLyxxFcJ7zLZYFvKa.jpg,entropion,train,dog_entropion,.jpg
expansion\dog_entropion\train_D16_0e46034a-60a5-11ec-8402-0a7404972c70_jpg.rf.E5B60o23KLDSo9pnxCbj.jpg,train_D16_0e46034a-60a5-11ec-8402-0a7404972c70_jpg.rf.E5B60o23KLDSo9pnxCbj.jpg,entropion,train,dog_entropion,.jpg
expansion\dog_entropion\train_D16_0e4e3534-60a5-11ec-8402-0a7404972c70_jpg.rf.HFtFjENKYn5MZmI0b9Wv.jpg,train_D16_0e4e3534-60a5-11ec-8402-0a7404972c70_jpg.rf.HFtFjENKYn5MZmI0b9Wv.jpg,entropion,train,dog_entropion,.jpg
expansion\dog_entropion\train_D16_0e4f3764-60a5-11ec-8402-0a7404972c70_jpg.rf.sUBdotd6imKjL040aUxJ.jpg,train_D16_0e4f3764-60a5-11ec-8402-0a7404972c70_jpg.rf.sUBdotd6imKjL040aUxJ.jpg,entropion,train,dog_entropion,.jpg
expansion\dog_entropion\train_D16_0e59b01b-60a5-11ec-8402-0a7404972c70_jpg.rf.QCAId5D5Z4w2LpNKBWVq.jpg,train_D16_0e59b01b-60a5-11ec-8402-0a7404972c70_jpg.rf.QCAId5D5Z4w2LpNKBWVq.jpg,entropion,train,dog_entropion,.jpg
expansion\dog_entropion\train_D16_0e5a8a0a-60a5-11ec-8402-0a7404972c70_jpg.rf.FDKRsixOjywUwQvJWVR7.jpg,train_D16_0e5a8a0a-60a5-11ec-8402-0a7404972c70_jpg.rf.FDKRsixOjywUwQvJWVR7.jpg,entropion,train,dog_entropion,.jpg
expansion\dog_entropion\train_D16_0e5d80f0-60a5-11ec-8402-0a7404972c70_jpg.rf.Yc2z8aiENCLCArCGKuPn.jpg,train_D16_0e5d80f0-60a5-11ec-8402-0a7404972c70_jpg.rf.Yc2z8aiENCLCArCGKuPn.jpg,entropion,train,dog_entropion,.jpg
expansion\dog_entropion\train_D16_0e5e44cc-60a5-11ec-8402-0a7404972c70_jpg.rf.hYOooYLoHfUZ669wTUTp.jpg,train_D16_0e5e44cc-60a5-11ec-8402-0a7404972c70_jpg.rf.hYOooYLoHfUZ669wTUTp.jpg,entropion,train,dog_entropion,.jpg
expansion\dog_entropion\train_D16_0e5fc402-60a5-11ec-8402-0a7404972c70_jpg.rf.ytl5NJCGJQ8xMLVX37O9.jpg,train_D16_0e5fc402-60a5-11ec-8402-0a7404972c70_jpg.rf.ytl5NJCGJQ8xMLVX37O9.jpg,entropion,train,dog_entropion,.jpg
expansion\dog_entropion\train_D16_0e6035cf-60a5-11ec-8402-0a7404972c70_jpg.rf.vbJbh4B0ZqLoWQWEDB8F.jpg,train_D16_0e6035cf-60a5-11ec-8402-0a7404972c70_jpg.rf.vbJbh4B0ZqLoWQWEDB8F.jpg,entropion,train,dog_entropion,.jpg
expansion\dog_entropion\train_D16_0e6174ab-60a5-11ec-8402-0a7404972c70_jpg.rf.HpEuPc2x7efEMLwQmr0H.jpg,train_D16_0e6174ab-60a5-11ec-8402-0a7404972c70_jpg.rf.HpEuPc2x7efEMLwQmr0H.jpg,entropion,train,dog_entropion,.jpg
expansion\dog_entropion\train_D16_31c8f9be-60a5-11ec-8402-0a7404972c70_jpg.rf.SvwoCA5oFfyp4BPrHNyG.jpg,train_D16_31c8f9be-60a5-11ec-8402-0a7404972c70_jpg.rf.SvwoCA5oFfyp4BPrHNyG.jpg,entropion,train,dog_entropion,.jpg
expansion\dog_entropion\train_D16_333defab-60a5-11ec-8402-0a7404972c70_jpg.rf.D9LyJWsdZqLQtKk4up1u.jpg,train_D16_333defab-60a5-11ec-8402-0a7404972c70_jpg.rf.D9LyJWsdZqLQtKk4up1u.jpg,entropion,train,dog_entropion,.jpg
expansion\dog_entropion\train_D16_36a67ffa-60a5-11ec-8402-0a7404972c70_jpg.rf.gLTHQ0xxRWWP12HrTkHl.jpg,train_D16_36a67ffa-60a5-11ec-8402-0a7404972c70_jpg.rf.gLTHQ0xxRWWP12HrTkHl.jpg,entropion,train,dog_entropion,.jpg
expansion\dog_entropion\train_D16_36ad802f-60a5-11ec-8402-0a7404972c70_jpg.rf.X31dMOslRxnOCtmZrCpg.jpg,train_D16_36ad802f-60a5-11ec-8402-0a7404972c70_jpg.rf.X31dMOslRxnOCtmZrCpg.jpg,entropion,train,dog_entropion,.jpg
expansion\dog_entropion\train_D17_0363bc6b-60a5-11ec-8402-0a7404972c70_jpg.rf.tru2W7J91BdD58o63hBl.jpg,train_D17_0363bc6b-60a5-11ec-8402-0a7404972c70_jpg.rf.tru2W7J91BdD58o63hBl.jpg,entropion,train,dog_entropion,.jpg
expansion\dog_entropion\train_D17_0368f39a-60a5-11ec-8402-0a7404972c70_jpg.rf.BIt7bHLDqGqKcvGvFK6i.jpg,train_D17_0368f39a-60a5-11ec-8402-0a7404972c70_jpg.rf.BIt7bHLDqGqKcvGvFK6i.jpg,entropion,train,dog_entropion,.jpg
expansion\dog_entropion\train_D17_036cd717-60a5-11ec-8402-0a7404972c70_jpg.rf.ySLlVywqAPXKMN5XVRDs.jpg,train_D17_036cd717-60a5-11ec-8402-0a7404972c70_jpg.rf.ySLlVywqAPXKMN5XVRDs.jpg,entropion,train,dog_entropion,.jpg
expansion\dog_entropion\train_D17_0e42e2c7-60a5-11ec-8402-0a7404972c70_jpg.rf.fdWGaWpgai5C89mG21Wd.jpg,train_D17_0e42e2c7-60a5-11ec-8402-0a7404972c70_jpg.rf.fdWGaWpgai5C89mG21Wd.jpg,entropion,train,dog_entropion,.jpg
expansion\dog_entropion\train_D17_0e4356b1-60a5-11ec-8402-0a7404972c70_jpg.rf.EL69OCrF5PBQvXzVYtED.jpg,train_D17_0e4356b1-60a5-11ec-8402-0a7404972c70_jpg.rf.EL69OCrF5PBQvXzVYtED.jpg,entropion,train,dog_entropion,.jpg
expansion\dog_entropion\train_D17_0e44602c-60a5-11ec-8402-0a7404972c70_jpg.rf.nvKj0yBe82btAJJ4ZwrI.jpg,train_D17_0e44602c-60a5-11ec-8402-0a7404972c70_jpg.rf.nvKj0yBe82btAJJ4ZwrI.jpg,entropion,train,dog_entropion,.jpg
expansion\dog_entropion\train_D17_0e458b97-60a5-11ec-8402-0a7404972c70_jpg.rf.VPoy2l6GtNdAlynuv5yk.jpg,train_D17_0e458b97-60a5-11ec-8402-0a7404972c70_jpg.rf.VPoy2l6GtNdAlynuv5yk.jpg,entropion,train,dog_entropion,.jpg
expansion\dog_entropion\train_D17_0e4f7622-60a5-11ec-8402-0a7404972c70_jpg.rf.VIKUBp71unt4gLlobR9r.jpg,train_D17_0e4f7622-60a5-11ec-8402-0a7404972c70_jpg.rf.VIKUBp71unt4gLlobR9r.jpg,entropion,train,dog_entropion,.jpg
expansion\dog_entropion\train_D17_0e4f7b17-60a5-11ec-8402-0a7404972c70_jpg.rf.OOpG5i7OjxyKipHSolt0.jpg,train_D17_0e4f7b17-60a5-11ec-8402-0a7404972c70_jpg.rf.OOpG5i7OjxyKipHSolt0.jpg,entropion,train,dog_entropion,.jpg
expansion\dog_entropion\train_D17_0e59f1b8-60a5-11ec-8402-0a7404972c70_jpg.rf.Ja96X9eU0gxY11PUwT3Y.jpg,train_D17_0e59f1b8-60a5-11ec-8402-0a7404972c70_jpg.rf.Ja96X9eU0gxY11PUwT3Y.jpg,entropion,train,dog_entropion,.jpg
expansion\dog_entropion\train_D17_0e5e3114-60a5-11ec-8402-0a7404972c70_jpg.rf.o2VZ6mkuoocUDnLYxVmN.jpg,train_D17_0e5e3114-60a5-11ec-8402-0a7404972c70_jpg.rf.o2VZ6mkuoocUDnLYxVmN.jpg,entropion,train,dog_entropion,.jpg
expansion\dog_entropion\train_D17_0e5eb2d5-60a5-11ec-8402-0a7404972c70_jpg.rf.0PkZnG0IoB2QSAlg2Vdf.jpg,train_D17_0e5eb2d5-60a5-11ec-8402-0a7404972c70_jpg.rf.0PkZnG0IoB2QSAlg2Vdf.jpg,entropion,train,dog_entropion,.jpg
expansion\dog_entropion\train_D17_0e5fb53c-60a5-11ec-8402-0a7404972c70_jpg.rf.rR8rFtAcMEscrhU401TY.jpg,train_D17_0e5fb53c-60a5-11ec-8402-0a7404972c70_jpg.rf.rR8rFtAcMEscrhU401TY.jpg,entropion,train,dog_entropion,.jpg
expansion\dog_entropion\train_D17_0e613384-60a5-11ec-8402-0a7404972c70_jpg.rf.EcMreEewDyFTKqhikpBB.jpg,train_D17_0e613384-60a5-11ec-8402-0a7404972c70_jpg.rf.EcMreEewDyFTKqhikpBB.jpg,entropion,train,dog_entropion,.jpg
expansion\dog_entropion\train_D17_0e617a4d-60a5-11ec-8402-0a7404972c70_jpg.rf.j7DEcZTAYXcZOEwMSwtZ.jpg,train_D17_0e617a4d-60a5-11ec-8402-0a7404972c70_jpg.rf.j7DEcZTAYXcZOEwMSwtZ.jpg,entropion,train,dog_entropion,.jpg
expansion\dog_entropion\train_D17_0e61a4df-60a5-11ec-8402-0a7404972c70_jpg.rf.8b5giiMssiTpczZn9RTF.jpg,train_D17_0e61a4df-60a5-11ec-8402-0a7404972c70_jpg.rf.8b5giiMssiTpczZn9RTF.jpg,entropion,train,dog_entropion,.jpg
expansion\dog_entropion\train_D17_0e62d9cd-60a5-11ec-8402-0a7404972c70_jpg.rf.ylM1DKZGfmlTrK6Cjp6K.jpg,train_D17_0e62d9cd-60a5-11ec-8402-0a7404972c70_jpg.rf.ylM1DKZGfmlTrK6Cjp6K.jpg,entropion,train,dog_entropion,.jpg
expansion\dog_entropion\train_D17_0e6a94a4-60a5-11ec-8402-0a7404972c70_jpg.rf.iKLslQsNMhJGaTGX2mVL.jpg,train_D17_0e6a94a4-60a5-11ec-8402-0a7404972c70_jpg.rf.iKLslQsNMhJGaTGX2mVL.jpg,entropion,train,dog_entropion,.jpg
expansion\dog_entropion\train_D17_0e7a3c90-60a5-11ec-8402-0a7404972c70_jpg.rf.oXtUQ00zaY4QMZZKt8XG.jpg,train_D17_0e7a3c90-60a5-11ec-8402-0a7404972c70_jpg.rf.oXtUQ00zaY4QMZZKt8XG.jpg,entropion,train,dog_entropion,.jpg
expansion\dog_entropion\train_D17_0e7ff786-60a5-11ec-8402-0a7404972c70_jpg.rf.E0hctQFtxfEFocDETKbq.jpg,train_D17_0e7ff786-60a5-11ec-8402-0a7404972c70_jpg.rf.E0hctQFtxfEFocDETKbq.jpg,entropion,train,dog_entropion,.jpg
expansion\dog_entropion\train_D17_333d1ad4-60a5-11ec-8402-0a7404972c70_jpg.rf.XSD6q9tDUmFYkd5kui1L.jpg,train_D17_333d1ad4-60a5-11ec-8402-0a7404972c70_jpg.rf.XSD6q9tDUmFYkd5kui1L.jpg,entropion,train,dog_entropion,.jpg
expansion\dog_entropion\train_D17_36a5789d-60a5-11ec-8402-0a7404972c70_jpg.rf.K1lk2QjGCWukiqixdtyY.jpg,train_D17_36a5789d-60a5-11ec-8402-0a7404972c70_jpg.rf.K1lk2QjGCWukiqixdtyY.jpg,entropion,train,dog_entropion,.jpg
expansion\dog_entropion\train_D17_36ad0b03-60a5-11ec-8402-0a7404972c70_jpg.rf.ZZLsuGq5H2btL7UYzawk.jpg,train_D17_36ad0b03-60a5-11ec-8402-0a7404972c70_jpg.rf.ZZLsuGq5H2btL7UYzawk.jpg,entropion,train,dog_entropion,.jpg
expansion\dog_entropion\train_D18_0e41549d-60a5-11ec-8402-0a7404972c70_jpg.rf.ddcDaEqfPmiXYS2red8M.jpg,train_D18_0e41549d-60a5-11ec-8402-0a7404972c70_jpg.rf.ddcDaEqfPmiXYS2red8M.jpg,entropion,train,dog_entropion,.jpg
expansion\dog_entropion\train_D18_0e42205a-60a5-11ec-8402-0a7404972c70_jpg.rf.fXe1ALC5DdPc7LWcynef.jpg,train_D18_0e42205a-60a5-11ec-8402-0a7404972c70_jpg.rf.fXe1ALC5DdPc7LWcynef.jpg,entropion,train,dog_entropion,.jpg
expansion\dog_entropion\train_D18_0e46ba89-60a5-11ec-8402-0a7404972c70_jpg.rf.0NJL0clMyIx2NeYaYCPK.jpg,train_D18_0e46ba89-60a5-11ec-8402-0a7404972c70_jpg.rf.0NJL0clMyIx2NeYaYCPK.jpg,entropion,train,dog_entropion,.jpg
expansion\dog_entropion\train_D18_0e59ddd9-60a5-11ec-8402-0a7404972c70_jpg.rf.HfBUpnmGQHWSybue3Vs0.jpg,train_D18_0e59ddd9-60a5-11ec-8402-0a7404972c70_jpg.rf.HfBUpnmGQHWSybue3Vs0.jpg,entropion,train,dog_entropion,.jpg
expansion\dog_entropion\train_D18_0e5cc8a3-60a5-11ec-8402-0a7404972c70_jpg.rf.nuKyUGAgS5FQjHkZT1fR.jpg,train_D18_0e5cc8a3-60a5-11ec-8402-0a7404972c70_jpg.rf.nuKyUGAgS5FQjHkZT1fR.jpg,entropion,train,dog_entropion,.jpg
expansion\dog_entropion\train_D18_0e5e080c-60a5-11ec-8402-0a7404972c70_jpg.rf.wT5mwHJKpTFe1ep18pVw.jpg,train_D18_0e5e080c-60a5-11ec-8402-0a7404972c70_jpg.rf.wT5mwHJKpTFe1ep18pVw.jpg,entropion,train,dog_entropion,.jpg
expansion\dog_entropion\train_D18_0e5eecd0-60a5-11ec-8402-0a7404972c70_jpg.rf.FT0f34kF3KC2R5H25ufn.jpg,train_D18_0e5eecd0-60a5-11ec-8402-0a7404972c70_jpg.rf.FT0f34kF3KC2R5H25ufn.jpg,entropion,train,dog_entropion,.jpg
expansion\dog_entropion\train_D18_0e5fc95e-60a5-11ec-8402-0a7404972c70_jpg.rf.HWXHieM1MgxUBGKUDFI5.jpg,train_D18_0e5fc95e-60a5-11ec-8402-0a7404972c70_jpg.rf.HWXHieM1MgxUBGKUDFI5.jpg,entropion,train,dog_entropion,.jpg
expansion\dog_entropion\train_D18_0e62c46e-60a5-11ec-8402-0a7404972c70_jpg.rf.MTyusb6qJ9exrKjUqKu2.jpg,train_D18_0e62c46e-60a5-11ec-8402-0a7404972c70_jpg.rf.MTyusb6qJ9exrKjUqKu2.jpg,entropion,train,dog_entropion,.jpg
expansion\dog_entropion\train_D18_0e62f2f0-60a5-11ec-8402-0a7404972c70_jpg.rf.iTXYUuBnszkgKLZaOv1x.jpg,train_D18_0e62f2f0-60a5-11ec-8402-0a7404972c70_jpg.rf.iTXYUuBnszkgKLZaOv1x.jpg,entropion,train,dog_entropion,.jpg
expansion\dog_entropion\train_D18_33595b8f-60a5-11ec-8402-0a7404972c70_jpg.rf.JaZdfUdqW7FyLDFlwZoi.jpg,train_D18_33595b8f-60a5-11ec-8402-0a7404972c70_jpg.rf.JaZdfUdqW7FyLDFlwZoi.jpg,entropion,train,dog_entropion,.jpg
expansion\dog_entropion\train_D18_335bd0fa-60a5-11ec-8402-0a7404972c70_jpg.rf.69CEvsKcfaRxw0ngvto3.jpg,train_D18_335bd0fa-60a5-11ec-8402-0a7404972c70_jpg.rf.69CEvsKcfaRxw0ngvto3.jpg,entropion,train,dog_entropion,.jpg
expansion\dog_entropion\train_D18_36a65e2b-60a5-11ec-8402-0a7404972c70_jpg.rf.FyhhgMNkhq0s81x1eGj4.jpg,train_D18_36a65e2b-60a5-11ec-8402-0a7404972c70_jpg.rf.FyhhgMNkhq0s81x1eGj4.jpg,entropion,train,dog_entropion,.jpg
expansion\dog_entropion\train_D19_03634cd0-60a5-11ec-8402-0a7404972c70_jpg.rf.4h2DYkaVoeRy1N5Xb9Lt.jpg,train_D19_03634cd0-60a5-11ec-8402-0a7404972c70_jpg.rf.4h2DYkaVoeRy1N5Xb9Lt.jpg,entropion,train,dog_entropion,.jpg
expansion\dog_entropion\train_D19_0e55c322-60a5-11ec-8402-0a7404972c70_jpg.rf.XEsEFCWOBSpXJv5Wb2u9.jpg,train_D19_0e55c322-60a5-11ec-8402-0a7404972c70_jpg.rf.XEsEFCWOBSpXJv5Wb2u9.jpg,entropion,train,dog_entropion,.jpg
expansion\dog_entropion\train_D19_0e5a801d-60a5-11ec-8402-0a7404972c70_jpg.rf.9woSsUUBDDEo29tExbtA.jpg,train_D19_0e5a801d-60a5-11ec-8402-0a7404972c70_jpg.rf.9woSsUUBDDEo29tExbtA.jpg,entropion,train,dog_entropion,.jpg
expansion\dog_entropion\train_D19_0e5e154e-60a5-11ec-8402-0a7404972c70_jpg.rf.VMw89f3mMFkkJxiWU4sc.jpg,train_D19_0e5e154e-60a5-11ec-8402-0a7404972c70_jpg.rf.VMw89f3mMFkkJxiWU4sc.jpg,entropion,train,dog_entropion,.jpg
expansion\dog_entropion\train_D19_0e65712a-60a5-11ec-8402-0a7404972c70_jpg.rf.23mfHPoPbCrI8q0dCW94.jpg,train_D19_0e65712a-60a5-11ec-8402-0a7404972c70_jpg.rf.23mfHPoPbCrI8q0dCW94.jpg,entropion,train,dog_entropion,.jpg
expansion\dog_entropion\train_D19_0e808f85-60a5-11ec-8402-0a7404972c70_jpg.rf.ECjGYcGZx9pd9bV1VALe.jpg,train_D19_0e808f85-60a5-11ec-8402-0a7404972c70_jpg.rf.ECjGYcGZx9pd9bV1VALe.jpg,entropion,train,dog_entropion,.jpg
expansion\dog_entropion\train_D19_2e2db78d-60a5-11ec-8402-0a7404972c70_jpg.rf.EZ72aIB8rdLKXeLTet2c.jpg,train_D19_2e2db78d-60a5-11ec-8402-0a7404972c70_jpg.rf.EZ72aIB8rdLKXeLTet2c.jpg,entropion,train,dog_entropion,.jpg
expansion\dog_entropion\train_D19_36ad6fc7-60a5-11ec-8402-0a7404972c70_jpg.rf.HypoW2L1jverPZoLJzQV.jpg,train_D19_36ad6fc7-60a5-11ec-8402-0a7404972c70_jpg.rf.HypoW2L1jverPZoLJzQV.jpg,entropion,train,dog_entropion,.jpg
expansion\dog_entropion\train_D1_0e4131f0-60a5-11ec-8402-0a7404972c70_jpg.rf.gdoWK4ybHa3Esjm5cc2C.jpg,train_D1_0e4131f0-60a5-11ec-8402-0a7404972c70_jpg.rf.gdoWK4ybHa3Esjm5cc2C.jpg,entropion,train,dog_entropion,.jpg
expansion\dog_entropion\train_D1_0e457991-60a5-11ec-8402-0a7404972c70_jpg.rf.N3P973rgu4ie84vljexP.jpg,train_D1_0e457991-60a5-11ec-8402-0a7404972c70_jpg.rf.N3P973rgu4ie84vljexP.jpg,entropion,train,dog_entropion,.jpg
expansion\dog_entropion\train_D1_0e45de60-60a5-11ec-8402-0a7404972c70_jpg.rf.291N4oACa3B7dLa4c6YR.jpg,train_D1_0e45de60-60a5-11ec-8402-0a7404972c70_jpg.rf.291N4oACa3B7dLa4c6YR.jpg,entropion,train,dog_entropion,.jpg
expansion\dog_entropion\train_D1_0e5eb7f4-60a5-11ec-8402-0a7404972c70_jpg.rf.KT2WGlo5UbvWvxvGpXUT.jpg,train_D1_0e5eb7f4-60a5-11ec-8402-0a7404972c70_jpg.rf.KT2WGlo5UbvWvxvGpXUT.jpg,entropion,train,dog_entropion,.jpg
expansion\dog_entropion\train_D1_0e65528d-60a5-11ec-8402-0a7404972c70_jpg.rf.OKwDZvvFjXvYMogyI8UY.jpg,train_D1_0e65528d-60a5-11ec-8402-0a7404972c70_jpg.rf.OKwDZvvFjXvYMogyI8UY.jpg,entropion,train,dog_entropion,.jpg
expansion\dog_entropion\train_D1_2e29c173-60a5-11ec-8402-0a7404972c70_jpg.rf.zmolnC2Wj8bOZQzBLeTx.jpg,train_D1_2e29c173-60a5-11ec-8402-0a7404972c70_jpg.rf.zmolnC2Wj8bOZQzBLeTx.jpg,entropion,train,dog_entropion,.jpg
expansion\dog_entropion\train_D1_2f1e7f9c-60a5-11ec-8402-0a7404972c70_jpg.rf.6ut0qFXLPNyG9CPUY5I1.jpg,train_D1_2f1e7f9c-60a5-11ec-8402-0a7404972c70_jpg.rf.6ut0qFXLPNyG9CPUY5I1.jpg,entropion,train,dog_entropion,.jpg
expansion\dog_entropion\train_D20_0365490d-60a5-11ec-8402-0a7404972c70_jpg.rf.pV3K4jxMLMlZumcIjvA2.jpg,train_D20_0365490d-60a5-11ec-8402-0a7404972c70_jpg.rf.pV3K4jxMLMlZumcIjvA2.jpg,entropion,train,dog_entropion,.jpg
expansion\dog_entropion\train_D20_0e42b97b-60a5-11ec-8402-0a7404972c70_jpg.rf.D1anThXMO8qb8o6Hixt9.jpg,train_D20_0e42b97b-60a5-11ec-8402-0a7404972c70_jpg.rf.D1anThXMO8qb8o6Hixt9.jpg,entropion,train,dog_entropion,.jpg
expansion\dog_entropion\train_D20_0e439bde-60a5-11ec-8402-0a7404972c70_jpg.rf.2MEmNP5Xayan8mpWXtP7.jpg,train_D20_0e439bde-60a5-11ec-8402-0a7404972c70_jpg.rf.2MEmNP5Xayan8mpWXtP7.jpg,entropion,train,dog_entropion,.jpg
expansion\dog_entropion\train_D20_0e43fe51-60a5-11ec-8402-0a7404972c70_jpg.rf.AWqTjLYtv5xgKx4BmxVR.jpg,train_D20_0e43fe51-60a5-11ec-8402-0a7404972c70_jpg.rf.AWqTjLYtv5xgKx4BmxVR.jpg,entropion,train,dog_entropion,.jpg
expansion\dog_entropion\train_D20_0e4e2188-60a5-11ec-8402-0a7404972c70_jpg.rf.1xVCXrFiNhkT3snmelRg.jpg,train_D20_0e4e2188-60a5-11ec-8402-0a7404972c70_jpg.rf.1xVCXrFiNhkT3snmelRg.jpg,entropion,train,dog_entropion,.jpg
expansion\dog_entropion\train_D20_0e5995da-60a5-11ec-8402-0a7404972c70_jpg.rf.CmP801TKzKyPRXUm2S3S.jpg,train_D20_0e5995da-60a5-11ec-8402-0a7404972c70_jpg.rf.CmP801TKzKyPRXUm2S3S.jpg,entropion,train,dog_entropion,.jpg
expansion\dog_entropion\train_D20_0e5d9c35-60a5-11ec-8402-0a7404972c70_jpg.rf.PP3VIwg5KHqOtHUDc3N2.jpg,train_D20_0e5d9c35-60a5-11ec-8402-0a7404972c70_jpg.rf.PP3VIwg5KHqOtHUDc3N2.jpg,entropion,train,dog_entropion,.jpg
expansion\dog_entropion\train_D20_0e5ddf17-60a5-11ec-8402-0a7404972c70_jpg.rf.L1oWnsJoELFzFxJcQ2p1.jpg,train_D20_0e5ddf17-60a5-11ec-8402-0a7404972c70_jpg.rf.L1oWnsJoELFzFxJcQ2p1.jpg,entropion,train,dog_entropion,.jpg
expansion\dog_entropion\train_D20_0e614298-60a5-11ec-8402-0a7404972c70_jpg.rf.aknifQN9Gl8Se9hNpuLV.jpg,train_D20_0e614298-60a5-11ec-8402-0a7404972c70_jpg.rf.aknifQN9Gl8Se9hNpuLV.jpg,entropion,train,dog_entropion,.jpg
expansion\dog_entropion\train_D20_0e62b00f-60a5-11ec-8402-0a7404972c70_jpg.rf.iiW0qYKiTPVot6HgByHX.jpg,train_D20_0e62b00f-60a5-11ec-8402-0a7404972c70_jpg.rf.iiW0qYKiTPVot6HgByHX.jpg,entropion,train,dog_entropion,.jpg
expansion\dog_entropion\train_D20_2e2b75e5-60a5-11ec-8402-0a7404972c70_jpg.rf.tS6rvLq1z0N3wp7N5e4Q.jpg,train_D20_2e2b75e5-60a5-11ec-8402-0a7404972c70_jpg.rf.tS6rvLq1z0N3wp7N5e4Q.jpg,entropion,train,dog_entropion,.jpg
expansion\dog_entropion\train_D20_3345a335-60a5-11ec-8402-0a7404972c70_jpg.rf.kDyOGViTSEZHvVmUipGy.jpg,train_D20_3345a335-60a5-11ec-8402-0a7404972c70_jpg.rf.kDyOGViTSEZHvVmUipGy.jpg,entropion,train,dog_entropion,.jpg
expansion\dog_entropion\train_D20_335e9969-60a5-11ec-8402-0a7404972c70_jpg.rf.XBfCE0SzC8GecndtVK4Z.jpg,train_D20_335e9969-60a5-11ec-8402-0a7404972c70_jpg.rf.XBfCE0SzC8GecndtVK4Z.jpg,entropion,train,dog_entropion,.jpg
expansion\dog_entropion\train_D21_03667f0e-60a5-11ec-8402-0a7404972c70_jpg.rf.nYhnQwUehIHxJ9JrD0E3.jpg,train_D21_03667f0e-60a5-11ec-8402-0a7404972c70_jpg.rf.nYhnQwUehIHxJ9JrD0E3.jpg,entropion,train,dog_entropion,.jpg
expansion\dog_entropion\train_D21_0e45d957-60a5-11ec-8402-0a7404972c70_jpg.rf.Gu1GUq2GBejrSwpqpVOA.jpg,train_D21_0e45d957-60a5-11ec-8402-0a7404972c70_jpg.rf.Gu1GUq2GBejrSwpqpVOA.jpg,entropion,train,dog_entropion,.jpg
expansion\dog_entropion\train_D21_0e4b3afa-60a5-11ec-8402-0a7404972c70_jpg.rf.Ks0jfdkICqe3A0lVhIed.jpg,train_D21_0e4b3afa-60a5-11ec-8402-0a7404972c70_jpg.rf.Ks0jfdkICqe3A0lVhIed.jpg,entropion,train,dog_entropion,.jpg
expansion\dog_entropion\train_D21_0e4bd467-60a5-11ec-8402-0a7404972c70_jpg.rf.txEHvGpfZMfsKRvZbuaj.jpg,train_D21_0e4bd467-60a5-11ec-8402-0a7404972c70_jpg.rf.txEHvGpfZMfsKRvZbuaj.jpg,entropion,train,dog_entropion,.jpg
expansion\dog_entropion\train_D21_0e4cc349-60a5-11ec-8402-0a7404972c70_jpg.rf.wSpcqp7r8XsxJ70FkWEb.jpg,train_D21_0e4cc349-60a5-11ec-8402-0a7404972c70_jpg.rf.wSpcqp7r8XsxJ70FkWEb.jpg,entropion,train,dog_entropion,.jpg
expansion\dog_entropion\train_D21_0e57ad87-60a5-11ec-8402-0a7404972c70_jpg.rf.ZVgDw5ZG2XXw1toMP9vW.jpg,train_D21_0e57ad87-60a5-11ec-8402-0a7404972c70_jpg.rf.ZVgDw5ZG2XXw1toMP9vW.jpg,entropion,train,dog_entropion,.jpg
expansion\dog_entropion\train_D21_0e5802fe-60a5-11ec-8402-0a7404972c70_jpg.rf.6zPDHEucqtJZ9Kxd5akd.jpg,train_D21_0e5802fe-60a5-11ec-8402-0a7404972c70_jpg.rf.6zPDHEucqtJZ9Kxd5akd.jpg,entropion,train,dog_entropion,.jpg
expansion\dog_entropion\train_D21_0e5ed2a2-60a5-11ec-8402-0a7404972c70_jpg.rf.KS5jEsbxFZhuRIbIw0pN.jpg,train_D21_0e5ed2a2-60a5-11ec-8402-0a7404972c70_jpg.rf.KS5jEsbxFZhuRIbIw0pN.jpg,entropion,train,dog_entropion,.jpg
expansion\dog_entropion\train_D21_0e6122f2-60a5-11ec-8402-0a7404972c70_jpg.rf.L5VojSN1O5ZoHAia9jua.jpg,train_D21_0e6122f2-60a5-11ec-8402-0a7404972c70_jpg.rf.L5VojSN1O5ZoHAia9jua.jpg,entropion,train,dog_entropion,.jpg
expansion\dog_entropion\train_D21_0e62639e-60a5-11ec-8402-0a7404972c70_jpg.rf.GUOySlh54Z5zdFcmio4g.jpg,train_D21_0e62639e-60a5-11ec-8402-0a7404972c70_jpg.rf.GUOySlh54Z5zdFcmio4g.jpg,entropion,train,dog_entropion,.jpg
expansion\dog_entropion\train_D21_0e646e62-60a5-11ec-8402-0a7404972c70_jpg.rf.M1kfAlvJcSZ0soEmQEDD.jpg,train_D21_0e646e62-60a5-11ec-8402-0a7404972c70_jpg.rf.M1kfAlvJcSZ0soEmQEDD.jpg,entropion,train,dog_entropion,.jpg
expansion\dog_entropion\train_D21_0e6524fc-60a5-11ec-8402-0a7404972c70_jpg.rf.rC0GSwHhvQQYyvdRn5Ef.jpg,train_D21_0e6524fc-60a5-11ec-8402-0a7404972c70_jpg.rf.rC0GSwHhvQQYyvdRn5Ef.jpg,entropion,train,dog_entropion,.jpg
expansion\dog_entropion\train_D21_36ae7f61-60a5-11ec-8402-0a7404972c70_jpg.rf.FbXwfoHWmQ7tt5e9UnA2.jpg,train_D21_36ae7f61-60a5-11ec-8402-0a7404972c70_jpg.rf.FbXwfoHWmQ7tt5e9UnA2.jpg,entropion,train,dog_entropion,.jpg
expansion\dog_entropion\train_D21_3d941693-60a5-11ec-8402-0a7404972c70_jpg.rf.qpGigUBkOaZ5Y6BxuKU7.jpg,train_D21_3d941693-60a5-11ec-8402-0a7404972c70_jpg.rf.qpGigUBkOaZ5Y6BxuKU7.jpg,entropion,train,dog_entropion,.jpg
expansion\dog_entropion\train_D22_0363d784-60a5-11ec-8402-0a7404972c70_jpg.rf.kpLNlTkJAgrFg5N6CEU0.jpg,train_D22_0363d784-60a5-11ec-8402-0a7404972c70_jpg.rf.kpLNlTkJAgrFg5N6CEU0.jpg,entropion,train,dog_entropion,.jpg
expansion\dog_entropion\train_D22_03673a85-60a5-11ec-8402-0a7404972c70_jpg.rf.fn1iZ4h2HTF3O8StQ0Ng.jpg,train_D22_03673a85-60a5-11ec-8402-0a7404972c70_jpg.rf.fn1iZ4h2HTF3O8StQ0Ng.jpg,entropion,train,dog_entropion,.jpg
expansion\dog_entropion\train_D22_0e42a54e-60a5-11ec-8402-0a7404972c70_jpg.rf.FHuoJGLv777lpf1gG3CJ.jpg,train_D22_0e42a54e-60a5-11ec-8402-0a7404972c70_jpg.rf.FHuoJGLv777lpf1gG3CJ.jpg,entropion,train,dog_entropion,.jpg
expansion\dog_entropion\train_D22_0e43745f-60a5-11ec-8402-0a7404972c70_jpg.rf.rjZduWjGTd0G6hGLqWAW.jpg,train_D22_0e43745f-60a5-11ec-8402-0a7404972c70_jpg.rf.rjZduWjGTd0G6hGLqWAW.jpg,entropion,train,dog_entropion,.jpg
expansion\dog_entropion\train_D22_0e46a6e8-60a5-11ec-8402-0a7404972c70_jpg.rf.gLa482riGPrRhiX5yyNd.jpg,train_D22_0e46a6e8-60a5-11ec-8402-0a7404972c70_jpg.rf.gLa482riGPrRhiX5yyNd.jpg,entropion,train,dog_entropion,.jpg
expansion\dog_entropion\train_D22_0e46e30c-60a5-11ec-8402-0a7404972c70_jpg.rf.aOprfuJRcIv3CKQonawp.jpg,train_D22_0e46e30c-60a5-11ec-8402-0a7404972c70_jpg.rf.aOprfuJRcIv3CKQonawp.jpg,entropion,train,dog_entropion,.jpg
expansion\dog_entropion\train_D22_0e4f99cc-60a5-11ec-8402-0a7404972c70_jpg.rf.wTcFf8clB0qpWizKYYAH.jpg,train_D22_0e4f99cc-60a5-11ec-8402-0a7404972c70_jpg.rf.wTcFf8clB0qpWizKYYAH.jpg,entropion,train,dog_entropion,.jpg
expansion\dog_entropion\train_D22_0e5d174f-60a5-11ec-8402-0a7404972c70_jpg.rf.HR9twDHAQL1fyI0bnPZv.jpg,train_D22_0e5d174f-60a5-11ec-8402-0a7404972c70_jpg.rf.HR9twDHAQL1fyI0bnPZv.jpg,entropion,train,dog_entropion,.jpg
expansion\dog_entropion\train_D22_0e655767-60a5-11ec-8402-0a7404972c70_jpg.rf.NuvyjNnV6GCCDDWJnuab.jpg,train_D22_0e655767-60a5-11ec-8402-0a7404972c70_jpg.rf.NuvyjNnV6GCCDDWJnuab.jpg,entropion,train,dog_entropion,.jpg
expansion\dog_entropion\train_D22_0e7a4b8d-60a5-11ec-8402-0a7404972c70_jpg.rf.nctr8iMKK8CyurKy4zRA.jpg,train_D22_0e7a4b8d-60a5-11ec-8402-0a7404972c70_jpg.rf.nctr8iMKK8CyurKy4zRA.jpg,entropion,train,dog_entropion,.jpg
expansion\dog_entropion\train_D22_2e2d2f7f-60a5-11ec-8402-0a7404972c70_jpg.rf.tHf9wo7SzOgGa5Bt1ASB.jpg,train_D22_2e2d2f7f-60a5-11ec-8402-0a7404972c70_jpg.rf.tHf9wo7SzOgGa5Bt1ASB.jpg,entropion,train,dog_entropion,.jpg
expansion\dog_entropion\train_D22_2e2d39b8-60a5-11ec-8402-0a7404972c70_jpg.rf.XM5CIlwKljoho8m29QWr.jpg,train_D22_2e2d39b8-60a5-11ec-8402-0a7404972c70_jpg.rf.XM5CIlwKljoho8m29QWr.jpg,entropion,train,dog_entropion,.jpg
expansion\dog_entropion\train_D22_30c1f714-60a5-11ec-8402-0a7404972c70_jpg.rf.s8DT63hEQ2Kk9B96Php2.jpg,train_D22_30c1f714-60a5-11ec-8402-0a7404972c70_jpg.rf.s8DT63hEQ2Kk9B96Php2.jpg,entropion,train,dog_entropion,.jpg
expansion\dog_entropion\train_D22_31c8c65f-60a5-11ec-8402-0a7404972c70_jpg.rf.yrvE36eDzMJJJPyYs6Kr.jpg,train_D22_31c8c65f-60a5-11ec-8402-0a7404972c70_jpg.rf.yrvE36eDzMJJJPyYs6Kr.jpg,entropion,train,dog_entropion,.jpg
expansion\dog_entropion\train_D22_31c8feb3-60a5-11ec-8402-0a7404972c70_jpg.rf.ow1FfIg02se6W944ZZkC.jpg,train_D22_31c8feb3-60a5-11ec-8402-0a7404972c70_jpg.rf.ow1FfIg02se6W944ZZkC.jpg,entropion,train,dog_entropion,.jpg
expansion\dog_entropion\train_D22_333d6a64-60a5-11ec-8402-0a7404972c70_jpg.rf.DE6xmtnUOxfQ5HNpzxA5.jpg,train_D22_333d6a64-60a5-11ec-8402-0a7404972c70_jpg.rf.DE6xmtnUOxfQ5HNpzxA5.jpg,entropion,train,dog_entropion,.jpg
expansion\dog_entropion\train_D22_3359993a-60a5-11ec-8402-0a7404972c70_jpg.rf.jBFdk8C9BsARiMn3wBSV.jpg,train_D22_3359993a-60a5-11ec-8402-0a7404972c70_jpg.rf.jBFdk8C9BsARiMn3wBSV.jpg,entropion,train,dog_entropion,.jpg
expansion\dog_entropion\train_D22_335db936-60a5-11ec-8402-0a7404972c70_jpg.rf.30EFSj8hv8YVHYppfmDb.jpg,train_D22_335db936-60a5-11ec-8402-0a7404972c70_jpg.rf.30EFSj8hv8YVHYppfmDb.jpg,entropion,train,dog_entropion,.jpg
expansion\dog_entropion\train_D23_03656a2b-60a5-11ec-8402-0a7404972c70_jpg.rf.ANAuCFfSNEMipxUTaF2v.jpg,train_D23_03656a2b-60a5-11ec-8402-0a7404972c70_jpg.rf.ANAuCFfSNEMipxUTaF2v.jpg,entropion,train,dog_entropion,.jpg
expansion\dog_entropion\train_D23_03714af1-60a5-11ec-8402-0a7404972c70_jpg.rf.MENfDcYmUKKFMb9ZGAWa.jpg,train_D23_03714af1-60a5-11ec-8402-0a7404972c70_jpg.rf.MENfDcYmUKKFMb9ZGAWa.jpg,entropion,train,dog_entropion,.jpg
expansion\dog_entropion\train_D23_0e416db9-60a5-11ec-8402-0a7404972c70_jpg.rf.0g9M6VLvWAzqn7Ozp8Vo.jpg,train_D23_0e416db9-60a5-11ec-8402-0a7404972c70_jpg.rf.0g9M6VLvWAzqn7Ozp8Vo.jpg,entropion,train,dog_entropion,.jpg
expansion\dog_entropion\train_D23_0e417418-60a5-11ec-8402-0a7404972c70_jpg.rf.D9oUrVXHD7SlDTlB2ahH.jpg,train_D23_0e417418-60a5-11ec-8402-0a7404972c70_jpg.rf.D9oUrVXHD7SlDTlB2ahH.jpg,entropion,train,dog_entropion,.jpg
expansion\dog_entropion\train_D23_0e475a00-60a5-11ec-8402-0a7404972c70_jpg.rf.bo4N1xsxg9GAY4mftNW5.jpg,train_D23_0e475a00-60a5-11ec-8402-0a7404972c70_jpg.rf.bo4N1xsxg9GAY4mftNW5.jpg,entropion,train,dog_entropion,.jpg
expansion\dog_entropion\train_D23_0e4f8b36-60a5-11ec-8402-0a7404972c70_jpg.rf.PUQJMn0JrFmhEFy6mqV4.jpg,train_D23_0e4f8b36-60a5-11ec-8402-0a7404972c70_jpg.rf.PUQJMn0JrFmhEFy6mqV4.jpg,entropion,train,dog_entropion,.jpg
expansion\dog_entropion\train_D23_0e55874e-60a5-11ec-8402-0a7404972c70_jpg.rf.cJHdauWvtluZ4UM5GwIS.jpg,train_D23_0e55874e-60a5-11ec-8402-0a7404972c70_jpg.rf.cJHdauWvtluZ4UM5GwIS.jpg,entropion,train,dog_entropion,.jpg
expansion\dog_entropion\train_D23_0e55eba8-60a5-11ec-8402-0a7404972c70_jpg.rf.JaD0HpdCRqyJuY1lRdfz.jpg,train_D23_0e55eba8-60a5-11ec-8402-0a7404972c70_jpg.rf.JaD0HpdCRqyJuY1lRdfz.jpg,entropion,train,dog_entropion,.jpg
expansion\dog_entropion\train_D23_0e55f0ff-60a5-11ec-8402-0a7404972c70_jpg.rf.VZqiWJ3LSzSysr7idNBP.jpg,train_D23_0e55f0ff-60a5-11ec-8402-0a7404972c70_jpg.rf.VZqiWJ3LSzSysr7idNBP.jpg,entropion,train,dog_entropion,.jpg
expansion\dog_entropion\train_D23_0e5a4ce4-60a5-11ec-8402-0a7404972c70_jpg.rf.uj7Gj4HDr2a8aPitvvrZ.jpg,train_D23_0e5a4ce4-60a5-11ec-8402-0a7404972c70_jpg.rf.uj7Gj4HDr2a8aPitvvrZ.jpg,entropion,train,dog_entropion,.jpg
expansion\dog_entropion\train_D23_0e5a519a-60a5-11ec-8402-0a7404972c70_jpg.rf.UC6Sqtr67s9VmTazO0aZ.jpg,train_D23_0e5a519a-60a5-11ec-8402-0a7404972c70_jpg.rf.UC6Sqtr67s9VmTazO0aZ.jpg,entropion,train,dog_entropion,.jpg
expansion\dog_entropion\train_D23_0e5a8524-60a5-11ec-8402-0a7404972c70_jpg.rf.mkQWZnJm7SWjLq4uVGTO.jpg,train_D23_0e5a8524-60a5-11ec-8402-0a7404972c70_jpg.rf.mkQWZnJm7SWjLq4uVGTO.jpg,entropion,train,dog_entropion,.jpg
expansion\dog_entropion\train_D23_0e5c0c15-60a5-11ec-8402-0a7404972c70_jpg.rf.8kewBKJSGA5lpHvF98LV.jpg,train_D23_0e5c0c15-60a5-11ec-8402-0a7404972c70_jpg.rf.8kewBKJSGA5lpHvF98LV.jpg,entropion,train,dog_entropion,.jpg
expansion\dog_entropion\train_D23_0e5ef1a9-60a5-11ec-8402-0a7404972c70_jpg.rf.Ggr5ajIeSgpxxOOwGDYF.jpg,train_D23_0e5ef1a9-60a5-11ec-8402-0a7404972c70_jpg.rf.Ggr5ajIeSgpxxOOwGDYF.jpg,entropion,train,dog_entropion,.jpg
expansion\dog_entropion\train_D23_0e605edd-60a5-11ec-8402-0a7404972c70_jpg.rf.SXhFR2YOim5cGRBs9kVE.jpg,train_D23_0e605edd-60a5-11ec-8402-0a7404972c70_jpg.rf.SXhFR2YOim5cGRBs9kVE.jpg,entropion,train,dog_entropion,.jpg
expansion\dog_entropion\train_D23_0e7a318f-60a5-11ec-8402-0a7404972c70_jpg.rf.ERRcYL1H6uiTW4njIHqS.jpg,train_D23_0e7a318f-60a5-11ec-8402-0a7404972c70_jpg.rf.ERRcYL1H6uiTW4njIHqS.jpg,entropion,train,dog_entropion,.jpg
expansion\dog_entropion\train_D23_0e807ae3-60a5-11ec-8402-0a7404972c70_jpg.rf.3ghCB8ukBlYHgJS6PQf2.jpg,train_D23_0e807ae3-60a5-11ec-8402-0a7404972c70_jpg.rf.3ghCB8ukBlYHgJS6PQf2.jpg,entropion,train,dog_entropion,.jpg
expansion\dog_entropion\train_D23_2ed55e15-60a5-11ec-8402-0a7404972c70_jpg.rf.HddJRQpD9Dc7wl277EXM.jpg,train_D23_2ed55e15-60a5-11ec-8402-0a7404972c70_jpg.rf.HddJRQpD9Dc7wl277EXM.jpg,entropion,train,dog_entropion,.jpg
expansion\dog_entropion\train_D23_2f219af4-60a5-11ec-8402-0a7404972c70_jpg.rf.6TkuJnjcMxugbIfLikhW.jpg,train_D23_2f219af4-60a5-11ec-8402-0a7404972c70_jpg.rf.6TkuJnjcMxugbIfLikhW.jpg,entropion,train,dog_entropion,.jpg
expansion\dog_entropion\train_D23_33419757-60a5-11ec-8402-0a7404972c70_jpg.rf.47lkJnlcnEti6i4SgYn5.jpg,train_D23_33419757-60a5-11ec-8402-0a7404972c70_jpg.rf.47lkJnlcnEti6i4SgYn5.jpg,entropion,train,dog_entropion,.jpg
expansion\dog_entropion\train_D23_3341d3a2-60a5-11ec-8402-0a7404972c70_jpg.rf.oh70hlXtMKzA7HjN99Ql.jpg,train_D23_3341d3a2-60a5-11ec-8402-0a7404972c70_jpg.rf.oh70hlXtMKzA7HjN99Ql.jpg,entropion,train,dog_entropion,.jpg
expansion\dog_entropion\train_D23_36acf346-60a5-11ec-8402-0a7404972c70_jpg.rf.0s66KDevtDefNJq2kfqF.jpg,train_D23_36acf346-60a5-11ec-8402-0a7404972c70_jpg.rf.0s66KDevtDefNJq2kfqF.jpg,entropion,train,dog_entropion,.jpg
expansion\dog_entropion\train_D24_03621c5a-60a5-11ec-8402-0a7404972c70_jpg.rf.bG4Srk5pbG8s1UBTQzYr.jpg,train_D24_03621c5a-60a5-11ec-8402-0a7404972c70_jpg.rf.bG4Srk5pbG8s1UBTQzYr.jpg,entropion,train,dog_entropion,.jpg
expansion\dog_entropion\train_D24_0366ad60-60a5-11ec-8402-0a7404972c70_jpg.rf.fYfi9bRnPzy9xnVZILeA.jpg,train_D24_0366ad60-60a5-11ec-8402-0a7404972c70_jpg.rf.fYfi9bRnPzy9xnVZILeA.jpg,entropion,train,dog_entropion,.jpg
expansion\dog_entropion\train_D24_0367137e-60a5-11ec-8402-0a7404972c70_jpg.rf.JLraluWnSHMpukGgA6iK.jpg,train_D24_0367137e-60a5-11ec-8402-0a7404972c70_jpg.rf.JLraluWnSHMpukGgA6iK.jpg,entropion,train,dog_entropion,.jpg
expansion\dog_entropion\train_D24_0e4163eb-60a5-11ec-8402-0a7404972c70_jpg.rf.4KqU3YlFlYr2f1Oni2Cz.jpg,train_D24_0e4163eb-60a5-11ec-8402-0a7404972c70_jpg.rf.4KqU3YlFlYr2f1Oni2Cz.jpg,entropion,train,dog_entropion,.jpg
expansion\dog_entropion\train_D24_0e423013-60a5-11ec-8402-0a7404972c70_jpg.rf.nzO0rExoV1Lx1lXmFwVM.jpg,train_D24_0e423013-60a5-11ec-8402-0a7404972c70_jpg.rf.nzO0rExoV1Lx1lXmFwVM.jpg,entropion,train,dog_entropion,.jpg
expansion\dog_entropion\train_D24_0e4252d8-60a5-11ec-8402-0a7404972c70_jpg.rf.7F4isUX0ncOIRnHXne90.jpg,train_D24_0e4252d8-60a5-11ec-8402-0a7404972c70_jpg.rf.7F4isUX0ncOIRnHXne90.jpg,entropion,train,dog_entropion,.jpg
expansion\dog_entropion\train_D24_0e445664-60a5-11ec-8402-0a7404972c70_jpg.rf.euA60jiWYmXhhWL9c5WM.jpg,train_D24_0e445664-60a5-11ec-8402-0a7404972c70_jpg.rf.euA60jiWYmXhhWL9c5WM.jpg,entropion,train,dog_entropion,.jpg
expansion\dog_entropion\train_D24_0e45eaaa-60a5-11ec-8402-0a7404972c70_jpg.rf.YriQTW5Vl9tSP9vwnTFd.jpg,train_D24_0e45eaaa-60a5-11ec-8402-0a7404972c70_jpg.rf.YriQTW5Vl9tSP9vwnTFd.jpg,entropion,train,dog_entropion,.jpg
expansion\dog_entropion\train_D24_0e4cc838-60a5-11ec-8402-0a7404972c70_jpg.rf.uZYHpK007i6AHMR4p2QF.jpg,train_D24_0e4cc838-60a5-11ec-8402-0a7404972c70_jpg.rf.uZYHpK007i6AHMR4p2QF.jpg,entropion,train,dog_entropion,.jpg
expansion\dog_entropion\train_D24_0e4df1de-60a5-11ec-8402-0a7404972c70_jpg.rf.ajCB1cGCtbGKVFs43yOV.jpg,train_D24_0e4df1de-60a5-11ec-8402-0a7404972c70_jpg.rf.ajCB1cGCtbGKVFs43yOV.jpg,entropion,train,dog_entropion,.jpg
expansion\dog_entropion\train_D24_0e4df6f6-60a5-11ec-8402-0a7404972c70_jpg.rf.8Nkzk6hQ9XyPHCAeDA3m.jpg,train_D24_0e4df6f6-60a5-11ec-8402-0a7404972c70_jpg.rf.8Nkzk6hQ9XyPHCAeDA3m.jpg,entropion,train,dog_entropion,.jpg
expansion\dog_entropion\train_D24_0e584696-60a5-11ec-8402-0a7404972c70_jpg.rf.I0ZOhlEE4oBL9cyATuL8.jpg,train_D24_0e584696-60a5-11ec-8402-0a7404972c70_jpg.rf.I0ZOhlEE4oBL9cyATuL8.jpg,entropion,train,dog_entropion,.jpg
expansion\dog_entropion\train_D24_0e5de91e-60a5-11ec-8402-0a7404972c70_jpg.rf.Jd1YroGAnnxmEe5hisK5.jpg,train_D24_0e5de91e-60a5-11ec-8402-0a7404972c70_jpg.rf.Jd1YroGAnnxmEe5hisK5.jpg,entropion,train,dog_entropion,.jpg
expansion\dog_entropion\train_D24_0e60ccc5-60a5-11ec-8402-0a7404972c70_jpg.rf.9fJZNMbXw76tlznkP6M0.jpg,train_D24_0e60ccc5-60a5-11ec-8402-0a7404972c70_jpg.rf.9fJZNMbXw76tlznkP6M0.jpg,entropion,train,dog_entropion,.jpg
expansion\dog_entropion\train_D24_0e6268fe-60a5-11ec-8402-0a7404972c70_jpg.rf.GTcpLjIY3MAKbv0C2KUn.jpg,train_D24_0e6268fe-60a5-11ec-8402-0a7404972c70_jpg.rf.GTcpLjIY3MAKbv0C2KUn.jpg,entropion,train,dog_entropion,.jpg
expansion\dog_entropion\train_D24_0e63f239-60a5-11ec-8402-0a7404972c70_jpg.rf.mbitJWcSbKV9NQHYrcrD.jpg,train_D24_0e63f239-60a5-11ec-8402-0a7404972c70_jpg.rf.mbitJWcSbKV9NQHYrcrD.jpg,entropion,train,dog_entropion,.jpg
expansion\dog_entropion\train_D24_0e69f98d-60a5-11ec-8402-0a7404972c70_jpg.rf.OgVmMLX2vGfwwmxlzH4m.jpg,train_D24_0e69f98d-60a5-11ec-8402-0a7404972c70_jpg.rf.OgVmMLX2vGfwwmxlzH4m.jpg,entropion,train,dog_entropion,.jpg
expansion\dog_entropion\train_D24_0e7faf26-60a5-11ec-8402-0a7404972c70_jpg.rf.R3i978yao3vI9qzmagJo.jpg,train_D24_0e7faf26-60a5-11ec-8402-0a7404972c70_jpg.rf.R3i978yao3vI9qzmagJo.jpg,entropion,train,dog_entropion,.jpg
expansion\dog_entropion\train_D24_0e7fe177-60a5-11ec-8402-0a7404972c70_jpg.rf.b0gg8ErZ9NKPvraf1jB6.jpg,train_D24_0e7fe177-60a5-11ec-8402-0a7404972c70_jpg.rf.b0gg8ErZ9NKPvraf1jB6.jpg,entropion,train,dog_entropion,.jpg
expansion\dog_entropion\train_D24_2e2b2614-60a5-11ec-8402-0a7404972c70_jpg.rf.ClEjMaV6MBGUHXWTiChJ.jpg,train_D24_2e2b2614-60a5-11ec-8402-0a7404972c70_jpg.rf.ClEjMaV6MBGUHXWTiChJ.jpg,entropion,train,dog_entropion,.jpg
expansion\dog_entropion\train_D25_03678d18-60a5-11ec-8402-0a7404972c70_jpg.rf.uddupdxwx8JmoFNvEuDZ.jpg,train_D25_03678d18-60a5-11ec-8402-0a7404972c70_jpg.rf.uddupdxwx8JmoFNvEuDZ.jpg,entropion,train,dog_entropion,.jpg
expansion\dog_entropion\train_D25_0e40d81c-60a5-11ec-8402-0a7404972c70_jpg.rf.25HJdcCE3zRXagiBhHxy.jpg,train_D25_0e40d81c-60a5-11ec-8402-0a7404972c70_jpg.rf.25HJdcCE3zRXagiBhHxy.jpg,entropion,train,dog_entropion,.jpg
expansion\dog_entropion\train_D25_0e4ab018-60a5-11ec-8402-0a7404972c70_jpg.rf.YPMKQkQEFS3LTOdPRk6w.jpg,train_D25_0e4ab018-60a5-11ec-8402-0a7404972c70_jpg.rf.YPMKQkQEFS3LTOdPRk6w.jpg,entropion,train,dog_entropion,.jpg
expansion\dog_entropion\train_D25_0e5201b3-60a5-11ec-8402-0a7404972c70_jpg.rf.YdJ0ayI20QFuwSQpSXLR.jpg,train_D25_0e5201b3-60a5-11ec-8402-0a7404972c70_jpg.rf.YdJ0ayI20QFuwSQpSXLR.jpg,entropion,train,dog_entropion,.jpg
expansion\dog_entropion\train_D25_0e569c35-60a5-11ec-8402-0a7404972c70_jpg.rf.4kEkr1nidGeKmxYkErYE.jpg,train_D25_0e569c35-60a5-11ec-8402-0a7404972c70_jpg.rf.4kEkr1nidGeKmxYkErYE.jpg,entropion,train,dog_entropion,.jpg
expansion\dog_entropion\train_D25_0e603ad3-60a5-11ec-8402-0a7404972c70_jpg.rf.hihCF53rZtOPdRnG22YQ.jpg,train_D25_0e603ad3-60a5-11ec-8402-0a7404972c70_jpg.rf.hihCF53rZtOPdRnG22YQ.jpg,entropion,train,dog_entropion,.jpg
expansion\dog_entropion\train_D25_0e610056-60a5-11ec-8402-0a7404972c70_jpg.rf.SfAMH25vG3kh31RCGhU0.jpg,train_D25_0e610056-60a5-11ec-8402-0a7404972c70_jpg.rf.SfAMH25vG3kh31RCGhU0.jpg,entropion,train,dog_entropion,.jpg
expansion\dog_entropion\train_D25_0e62ab24-60a5-11ec-8402-0a7404972c70_jpg.rf.a6pjhhA0k29PJfwSDAQw.jpg,train_D25_0e62ab24-60a5-11ec-8402-0a7404972c70_jpg.rf.a6pjhhA0k29PJfwSDAQw.jpg,entropion,train,dog_entropion,.jpg
expansion\dog_entropion\train_D25_0e7e76ff-60a5-11ec-8402-0a7404972c70_jpg.rf.D4VSlLHQesI4m5gyuULM.jpg,train_D25_0e7e76ff-60a5-11ec-8402-0a7404972c70_jpg.rf.D4VSlLHQesI4m5gyuULM.jpg,entropion,train,dog_entropion,.jpg
expansion\dog_entropion\train_D25_2f1c4f67-60a5-11ec-8402-0a7404972c70_jpg.rf.ZImHEdJRc8f8piiKbMPe.jpg,train_D25_2f1c4f67-60a5-11ec-8402-0a7404972c70_jpg.rf.ZImHEdJRc8f8piiKbMPe.jpg,entropion,train,dog_entropion,.jpg
expansion\dog_entropion\train_D25_333d32d9-60a5-11ec-8402-0a7404972c70_jpg.rf.PLdaCkWiwNgjj8kKQ1pr.jpg,train_D25_333d32d9-60a5-11ec-8402-0a7404972c70_jpg.rf.PLdaCkWiwNgjj8kKQ1pr.jpg,entropion,train,dog_entropion,.jpg
expansion\dog_entropion\train_D26_0e4aa0c2-60a5-11ec-8402-0a7404972c70_jpg.rf.UQb0DTbtVUadqH6dQb2J.jpg,train_D26_0e4aa0c2-60a5-11ec-8402-0a7404972c70_jpg.rf.UQb0DTbtVUadqH6dQb2J.jpg,entropion,train,dog_entropion,.jpg
expansion\dog_entropion\train_D26_0e4b72a7-60a5-11ec-8402-0a7404972c70_jpg.rf.lD9j2eoTJvpKXTbZtaKz.jpg,train_D26_0e4b72a7-60a5-11ec-8402-0a7404972c70_jpg.rf.lD9j2eoTJvpKXTbZtaKz.jpg,entropion,train,dog_entropion,.jpg
expansion\dog_entropion\train_D26_0e4c866c-60a5-11ec-8402-0a7404972c70_jpg.rf.Dbdb21Ty5ZSl7gJcmFuH.jpg,train_D26_0e4c866c-60a5-11ec-8402-0a7404972c70_jpg.rf.Dbdb21Ty5ZSl7gJcmFuH.jpg,entropion,train,dog_entropion,.jpg
expansion\dog_entropion\train_D26_0e59cda5-60a5-11ec-8402-0a7404972c70_jpg.rf.oKyprs4DkPji7OFflDku.jpg,train_D26_0e59cda5-60a5-11ec-8402-0a7404972c70_jpg.rf.oKyprs4DkPji7OFflDku.jpg,entropion,train,dog_entropion,.jpg
expansion\dog_entropion\train_D26_0e60e5df-60a5-11ec-8402-0a7404972c70_jpg.rf.nmKf0OJdOa1r8xRG2n1I.jpg,train_D26_0e60e5df-60a5-11ec-8402-0a7404972c70_jpg.rf.nmKf0OJdOa1r8xRG2n1I.jpg,entropion,train,dog_entropion,.jpg
expansion\dog_entropion\train_D26_0e62bf69-60a5-11ec-8402-0a7404972c70_jpg.rf.gsbIbxt51nPNOu7BmGW3.jpg,train_D26_0e62bf69-60a5-11ec-8402-0a7404972c70_jpg.rf.gsbIbxt51nPNOu7BmGW3.jpg,entropion,train,dog_entropion,.jpg
expansion\dog_entropion\train_D26_0e807ff3-60a5-11ec-8402-0a7404972c70_jpg.rf.WaKwTvyoWE1cKimkRpQU.jpg,train_D26_0e807ff3-60a5-11ec-8402-0a7404972c70_jpg.rf.WaKwTvyoWE1cKimkRpQU.jpg,entropion,train,dog_entropion,.jpg
expansion\dog_entropion\train_D26_2e2d99ec-60a5-11ec-8402-0a7404972c70_jpg.rf.4AyrMY9gEN2k1Qu0TeEp.jpg,train_D26_2e2d99ec-60a5-11ec-8402-0a7404972c70_jpg.rf.4AyrMY9gEN2k1Qu0TeEp.jpg,entropion,train,dog_entropion,.jpg
expansion\dog_entropion\train_D26_36c6735e-60a5-11ec-8402-0a7404972c70_jpg.rf.MSj1dCU9EFlyudr2xgUf.jpg,train_D26_36c6735e-60a5-11ec-8402-0a7404972c70_jpg.rf.MSj1dCU9EFlyudr2xgUf.jpg,entropion,train,dog_entropion,.jpg
expansion\dog_entropion\train_D27_0366f790-60a5-11ec-8402-0a7404972c70_jpg.rf.Ee030Ciy882OPtGZXtuV.jpg,train_D27_0366f790-60a5-11ec-8402-0a7404972c70_jpg.rf.Ee030Ciy882OPtGZXtuV.jpg,entropion,train,dog_entropion,.jpg
expansion\dog_entropion\train_D27_0e443206-60a5-11ec-8402-0a7404972c70_jpg.rf.TdKPaKtdKI1b8Yam8WdN.jpg,train_D27_0e443206-60a5-11ec-8402-0a7404972c70_jpg.rf.TdKPaKtdKI1b8Yam8WdN.jpg,entropion,train,dog_entropion,.jpg
expansion\dog_entropion\train_D27_0e44b9b1-60a5-11ec-8402-0a7404972c70_jpg.rf.9Btre6E8VmQfjxgIaych.jpg,train_D27_0e44b9b1-60a5-11ec-8402-0a7404972c70_jpg.rf.9Btre6E8VmQfjxgIaych.jpg,entropion,train,dog_entropion,.jpg
expansion\dog_entropion\train_D27_0e47c175-60a5-11ec-8402-0a7404972c70_jpg.rf.R5ZTv3CKct8QgzeyCATD.jpg,train_D27_0e47c175-60a5-11ec-8402-0a7404972c70_jpg.rf.R5ZTv3CKct8QgzeyCATD.jpg,entropion,train,dog_entropion,.jpg
expansion\dog_entropion\train_D27_0e5ce64e-60a5-11ec-8402-0a7404972c70_jpg.rf.0avaYSKIWGWsQ7gtV0c1.jpg,train_D27_0e5ce64e-60a5-11ec-8402-0a7404972c70_jpg.rf.0avaYSKIWGWsQ7gtV0c1.jpg,entropion,train,dog_entropion,.jpg
expansion\dog_entropion\train_D27_0e5ed796-60a5-11ec-8402-0a7404972c70_jpg.rf.b8nW17SxI72AKpioOWmO.jpg,train_D27_0e5ed796-60a5-11ec-8402-0a7404972c70_jpg.rf.b8nW17SxI72AKpioOWmO.jpg,entropion,train,dog_entropion,.jpg
expansion\dog_entropion\train_D27_0e60f655-60a5-11ec-8402-0a7404972c70_jpg.rf.s3heDkKiLuOVHOB4sDWz.jpg,train_D27_0e60f655-60a5-11ec-8402-0a7404972c70_jpg.rf.s3heDkKiLuOVHOB4sDWz.jpg,entropion,train,dog_entropion,.jpg
expansion\dog_entropion\train_D27_0e64735d-60a5-11ec-8402-0a7404972c70_jpg.rf.SfZncVbvjs338tSNlII5.jpg,train_D27_0e64735d-60a5-11ec-8402-0a7404972c70_jpg.rf.SfZncVbvjs338tSNlII5.jpg,entropion,train,dog_entropion,.jpg
expansion\dog_entropion\train_D27_0e7a7b4c-60a5-11ec-8402-0a7404972c70_jpg.rf.blMRjb4phBuJZKAleUbb.jpg,train_D27_0e7a7b4c-60a5-11ec-8402-0a7404972c70_jpg.rf.blMRjb4phBuJZKAleUbb.jpg,entropion,train,dog_entropion,.jpg
expansion\dog_entropion\train_D27_31c8f018-60a5-11ec-8402-0a7404972c70_jpg.rf.Vt0jhxvteyeO3oSNdUne.jpg,train_D27_31c8f018-60a5-11ec-8402-0a7404972c70_jpg.rf.Vt0jhxvteyeO3oSNdUne.jpg,entropion,train,dog_entropion,.jpg
expansion\dog_entropion\train_D27_33423e52-60a5-11ec-8402-0a7404972c70_jpg.rf.gupshAUFl4NWyuTdhbGf.jpg,train_D27_33423e52-60a5-11ec-8402-0a7404972c70_jpg.rf.gupshAUFl4NWyuTdhbGf.jpg,entropion,train,dog_entropion,.jpg
expansion\dog_entropion\train_D27_335df8a2-60a5-11ec-8402-0a7404972c70_jpg.rf.GvTxFpzYeekRJBM7MjUV.jpg,train_D27_335df8a2-60a5-11ec-8402-0a7404972c70_jpg.rf.GvTxFpzYeekRJBM7MjUV.jpg,entropion,train,dog_entropion,.jpg
expansion\dog_entropion\train_D28_036229a1-60a5-11ec-8402-0a7404972c70_jpg.rf.kaZNwBNyDEVF07oJ7DbV.jpg,train_D28_036229a1-60a5-11ec-8402-0a7404972c70_jpg.rf.kaZNwBNyDEVF07oJ7DbV.jpg,entropion,train,dog_entropion,.jpg
expansion\dog_entropion\train_D28_03635a0e-60a5-11ec-8402-0a7404972c70_jpg.rf.5Jw3273yjzeVQ5XGEKC9.jpg,train_D28_03635a0e-60a5-11ec-8402-0a7404972c70_jpg.rf.5Jw3273yjzeVQ5XGEKC9.jpg,entropion,train,dog_entropion,.jpg
expansion\dog_entropion\train_D28_03667741-60a5-11ec-8402-0a7404972c70_jpg.rf.ysyedjU4Buo1SRXE8fWi.jpg,train_D28_03667741-60a5-11ec-8402-0a7404972c70_jpg.rf.ysyedjU4Buo1SRXE8fWi.jpg,entropion,train,dog_entropion,.jpg
expansion\dog_entropion\train_D28_03682148-60a5-11ec-8402-0a7404972c70_jpg.rf.YE1kiw3LpxDolrF0sptF.jpg,train_D28_03682148-60a5-11ec-8402-0a7404972c70_jpg.rf.YE1kiw3LpxDolrF0sptF.jpg,entropion,train,dog_entropion,.jpg
expansion\dog_entropion\train_D28_0e41096a-60a5-11ec-8402-0a7404972c70_jpg.rf.AaUBXH4tGCGnCmCftfXg.jpg,train_D28_0e41096a-60a5-11ec-8402-0a7404972c70_jpg.rf.AaUBXH4tGCGnCmCftfXg.jpg,entropion,train,dog_entropion,.jpg
expansion\dog_entropion\train_D28_0e41b0d7-60a5-11ec-8402-0a7404972c70_jpg.rf.QAUUJS35okuV6ltNhbOe.jpg,train_D28_0e41b0d7-60a5-11ec-8402-0a7404972c70_jpg.rf.QAUUJS35okuV6ltNhbOe.jpg,entropion,train,dog_entropion,.jpg
expansion\dog_entropion\train_D28_0e5a4769-60a5-11ec-8402-0a7404972c70_jpg.rf.zwPWg7g4tUqz81A7gIIh.jpg,train_D28_0e5a4769-60a5-11ec-8402-0a7404972c70_jpg.rf.zwPWg7g4tUqz81A7gIIh.jpg,entropion,train,dog_entropion,.jpg
expansion\dog_entropion\train_D28_0e5e02bc-60a5-11ec-8402-0a7404972c70_jpg.rf.hXSYlm3f8lxlZIEXZxfR.jpg,train_D28_0e5e02bc-60a5-11ec-8402-0a7404972c70_jpg.rf.hXSYlm3f8lxlZIEXZxfR.jpg,entropion,train,dog_entropion,.jpg
expansion\dog_entropion\train_D28_0e5f3bb6-60a5-11ec-8402-0a7404972c70_jpg.rf.MCLx4wCVOY7ggycxBC0H.jpg,train_D28_0e5f3bb6-60a5-11ec-8402-0a7404972c70_jpg.rf.MCLx4wCVOY7ggycxBC0H.jpg,entropion,train,dog_entropion,.jpg
expansion\dog_entropion\train_D28_0e602fbd-60a5-11ec-8402-0a7404972c70_jpg.rf.l5Q9KqyPA0yh1Qbl2SZs.jpg,train_D28_0e602fbd-60a5-11ec-8402-0a7404972c70_jpg.rf.l5Q9KqyPA0yh1Qbl2SZs.jpg,entropion,train,dog_entropion,.jpg
expansion\dog_entropion\train_D28_0e63fdc6-60a5-11ec-8402-0a7404972c70_jpg.rf.jXL8JFxsovny1JD40Q1P.jpg,train_D28_0e63fdc6-60a5-11ec-8402-0a7404972c70_jpg.rf.jXL8JFxsovny1JD40Q1P.jpg,entropion,train,dog_entropion,.jpg
expansion\dog_entropion\train_D28_0e801729-60a5-11ec-8402-0a7404972c70_jpg.rf.VOuWmhFgmexsyU0TBk9g.jpg,train_D28_0e801729-60a5-11ec-8402-0a7404972c70_jpg.rf.VOuWmhFgmexsyU0TBk9g.jpg,entropion,train,dog_entropion,.jpg
expansion\dog_entropion\train_D28_2e2aec11-60a5-11ec-8402-0a7404972c70_jpg.rf.kdBezkwGi95yD6CYABkj.jpg,train_D28_2e2aec11-60a5-11ec-8402-0a7404972c70_jpg.rf.kdBezkwGi95yD6CYABkj.jpg,entropion,train,dog_entropion,.jpg
expansion\dog_entropion\train_D28_3285ad30-60a5-11ec-8402-0a7404972c70_jpg.rf.pwKUw5nmjd8sRbLqIqlJ.jpg,train_D28_3285ad30-60a5-11ec-8402-0a7404972c70_jpg.rf.pwKUw5nmjd8sRbLqIqlJ.jpg,entropion,train,dog_entropion,.jpg
expansion\dog_entropion\train_D29_036541a6-60a5-11ec-8402-0a7404972c70_jpg.rf.X5j2LuwiMXtfKR875iJx.jpg,train_D29_036541a6-60a5-11ec-8402-0a7404972c70_jpg.rf.X5j2LuwiMXtfKR875iJx.jpg,entropion,train,dog_entropion,.jpg
expansion\dog_entropion\train_D29_0365916d-60a5-11ec-8402-0a7404972c70_jpg.rf.eaCoKH0ipKbVA1bWybt1.jpg,train_D29_0365916d-60a5-11ec-8402-0a7404972c70_jpg.rf.eaCoKH0ipKbVA1bWybt1.jpg,entropion,train,dog_entropion,.jpg
expansion\dog_entropion\train_D29_036c395d-60a5-11ec-8402-0a7404972c70_jpg.rf.BxOGFTBGAp9lKTw3KEOt.jpg,train_D29_036c395d-60a5-11ec-8402-0a7404972c70_jpg.rf.BxOGFTBGAp9lKTw3KEOt.jpg,entropion,train,dog_entropion,.jpg
expansion\dog_entropion\train_D29_036f9bae-60a5-11ec-8402-0a7404972c70_jpg.rf.tYy5ta9TvZqRbceT15yx.jpg,train_D29_036f9bae-60a5-11ec-8402-0a7404972c70_jpg.rf.tYy5ta9TvZqRbceT15yx.jpg,entropion,train,dog_entropion,.jpg
expansion\dog_entropion\train_D29_0e42584c-60a5-11ec-8402-0a7404972c70_jpg.rf.bJvlW9VpZDELo1bktyKL.jpg,train_D29_0e42584c-60a5-11ec-8402-0a7404972c70_jpg.rf.bJvlW9VpZDELo1bktyKL.jpg,entropion,train,dog_entropion,.jpg
expansion\dog_entropion\train_D29_0e462311-60a5-11ec-8402-0a7404972c70_jpg.rf.sZ30ugUiz9sYvJ9P914R.jpg,train_D29_0e462311-60a5-11ec-8402-0a7404972c70_jpg.rf.sZ30ugUiz9sYvJ9P914R.jpg,entropion,train,dog_entropion,.jpg
expansion\dog_entropion\train_D29_0e7f1491-60a5-11ec-8402-0a7404972c70_jpg.rf.QgFxcec3mjrQtpLgSV56.jpg,train_D29_0e7f1491-60a5-11ec-8402-0a7404972c70_jpg.rf.QgFxcec3mjrQtpLgSV56.jpg,entropion,train,dog_entropion,.jpg
expansion\dog_entropion\train_D29_2e2da3a5-60a5-11ec-8402-0a7404972c70_jpg.rf.fLJoMC7jLnuVHiMjX2Jn.jpg,train_D29_2e2da3a5-60a5-11ec-8402-0a7404972c70_jpg.rf.fLJoMC7jLnuVHiMjX2Jn.jpg,entropion,train,dog_entropion,.jpg
expansion\dog_entropion\train_D29_31c88ac1-60a5-11ec-8402-0a7404972c70_jpg.rf.o4PI2HRq7ZHPmEVotLtv.jpg,train_D29_31c88ac1-60a5-11ec-8402-0a7404972c70_jpg.rf.o4PI2HRq7ZHPmEVotLtv.jpg,entropion,train,dog_entropion,.jpg
expansion\dog_entropion\train_D29_31cbeaac-60a5-11ec-8402-0a7404972c70_jpg.rf.jgve542Y0FTjG5ka1OAT.jpg,train_D29_31cbeaac-60a5-11ec-8402-0a7404972c70_jpg.rf.jgve542Y0FTjG5ka1OAT.jpg,entropion,train,dog_entropion,.jpg
expansion\dog_entropion\train_D29_335a64e4-60a5-11ec-8402-0a7404972c70_jpg.rf.QXLCNGZtn1RyGl44yg0A.jpg,train_D29_335a64e4-60a5-11ec-8402-0a7404972c70_jpg.rf.QXLCNGZtn1RyGl44yg0A.jpg,entropion,train,dog_entropion,.jpg
expansion\dog_entropion\train_D29_36a63f0b-60a5-11ec-8402-0a7404972c70_jpg.rf.9oI9SJtMkgtU2fw1b8LC.jpg,train_D29_36a63f0b-60a5-11ec-8402-0a7404972c70_jpg.rf.9oI9SJtMkgtU2fw1b8LC.jpg,entropion,train,dog_entropion,.jpg
expansion\dog_entropion\train_D29_36a665d9-60a5-11ec-8402-0a7404972c70_jpg.rf.MKQEgjfNwBwVQ6Z5eweB.jpg,train_D29_36a665d9-60a5-11ec-8402-0a7404972c70_jpg.rf.MKQEgjfNwBwVQ6Z5eweB.jpg,entropion,train,dog_entropion,.jpg
expansion\dog_entropion\train_D2_03653371-60a5-11ec-8402-0a7404972c70_jpg.rf.BhBBxLew1pFXcSu0pCII.jpg,train_D2_03653371-60a5-11ec-8402-0a7404972c70_jpg.rf.BhBBxLew1pFXcSu0pCII.jpg,entropion,train,dog_entropion,.jpg
expansion\dog_entropion\train_D2_036c6540-60a5-11ec-8402-0a7404972c70_jpg.rf.F4CXlWwlwiunakB1jWYQ.jpg,train_D2_036c6540-60a5-11ec-8402-0a7404972c70_jpg.rf.F4CXlWwlwiunakB1jWYQ.jpg,entropion,train,dog_entropion,.jpg
expansion\dog_entropion\train_D2_0e436f8a-60a5-11ec-8402-0a7404972c70_jpg.rf.aaXZLgW7T3H8KrY2To3y.jpg,train_D2_0e436f8a-60a5-11ec-8402-0a7404972c70_jpg.rf.aaXZLgW7T3H8KrY2To3y.jpg,entropion,train,dog_entropion,.jpg
expansion\dog_entropion\train_D2_0e4754be-60a5-11ec-8402-0a7404972c70_jpg.rf.tk5YIWqQFDOy67ONONbG.jpg,train_D2_0e4754be-60a5-11ec-8402-0a7404972c70_jpg.rf.tk5YIWqQFDOy67ONONbG.jpg,entropion,train,dog_entropion,.jpg
expansion\dog_entropion\train_D2_0e4e1c10-60a5-11ec-8402-0a7404972c70_jpg.rf.twFnvVXllXDUOCy8V2vf.jpg,train_D2_0e4e1c10-60a5-11ec-8402-0a7404972c70_jpg.rf.twFnvVXllXDUOCy8V2vf.jpg,entropion,train,dog_entropion,.jpg
expansion\dog_entropion\train_D2_0e5990f2-60a5-11ec-8402-0a7404972c70_jpg.rf.f6q8HDy3peZsZUEAwMxM.jpg,train_D2_0e5990f2-60a5-11ec-8402-0a7404972c70_jpg.rf.f6q8HDy3peZsZUEAwMxM.jpg,entropion,train,dog_entropion,.jpg
expansion\dog_entropion\train_D2_0e59c8c9-60a5-11ec-8402-0a7404972c70_jpg.rf.B6MsYDZTg6o2r8xYwhWo.jpg,train_D2_0e59c8c9-60a5-11ec-8402-0a7404972c70_jpg.rf.B6MsYDZTg6o2r8xYwhWo.jpg,entropion,train,dog_entropion,.jpg
expansion\dog_entropion\train_D2_0e5e228e-60a5-11ec-8402-0a7404972c70_jpg.rf.xxyYhknwKiSmVDe32snF.jpg,train_D2_0e5e228e-60a5-11ec-8402-0a7404972c70_jpg.rf.xxyYhknwKiSmVDe32snF.jpg,entropion,train,dog_entropion,.jpg
expansion\dog_entropion\train_D2_0e7f5a68-60a5-11ec-8402-0a7404972c70_jpg.rf.7mVMNCSWemiatYs0vYRg.jpg,train_D2_0e7f5a68-60a5-11ec-8402-0a7404972c70_jpg.rf.7mVMNCSWemiatYs0vYRg.jpg,entropion,train,dog_entropion,.jpg
expansion\dog_entropion\train_D2_2e2a98ef-60a5-11ec-8402-0a7404972c70_jpg.rf.5Ffp30ozXfzBmxjki7mi.jpg,train_D2_2e2a98ef-60a5-11ec-8402-0a7404972c70_jpg.rf.5Ffp30ozXfzBmxjki7mi.jpg,entropion,train,dog_entropion,.jpg
expansion\dog_entropion\train_D2_33417f43-60a5-11ec-8402-0a7404972c70_jpg.rf.106TLk66333gWjpEsj2Z.jpg,train_D2_33417f43-60a5-11ec-8402-0a7404972c70_jpg.rf.106TLk66333gWjpEsj2Z.jpg,entropion,train,dog_entropion,.jpg
expansion\dog_entropion\train_D2_36a675e3-60a5-11ec-8402-0a7404972c70_jpg.rf.u2lOvBknujhkd40Zn1lg.jpg,train_D2_36a675e3-60a5-11ec-8402-0a7404972c70_jpg.rf.u2lOvBknujhkd40Zn1lg.jpg,entropion,train,dog_entropion,.jpg
expansion\dog_entropion\train_D30_036686ed-60a5-11ec-8402-0a7404972c70_jpg.rf.I5UbV7pN7zOGsohljrAT.jpg,train_D30_036686ed-60a5-11ec-8402-0a7404972c70_jpg.rf.I5UbV7pN7zOGsohljrAT.jpg,entropion,train,dog_entropion,.jpg
expansion\dog_entropion\train_D30_0e43f97d-60a5-11ec-8402-0a7404972c70_jpg.rf.1hf2OKIrjG7kCasnfE5w.jpg,train_D30_0e43f97d-60a5-11ec-8402-0a7404972c70_jpg.rf.1hf2OKIrjG7kCasnfE5w.jpg,entropion,train,dog_entropion,.jpg
expansion\dog_entropion\train_D30_0e4de729-60a5-11ec-8402-0a7404972c70_jpg.rf.1F8ZRTXzNcN5Z3KBPnKf.jpg,train_D30_0e4de729-60a5-11ec-8402-0a7404972c70_jpg.rf.1F8ZRTXzNcN5Z3KBPnKf.jpg,entropion,train,dog_entropion,.jpg
expansion\dog_entropion\train_D30_0e585bc5-60a5-11ec-8402-0a7404972c70_jpg.rf.Sbankl7XHj3VeUkitglh.jpg,train_D30_0e585bc5-60a5-11ec-8402-0a7404972c70_jpg.rf.Sbankl7XHj3VeUkitglh.jpg,entropion,train,dog_entropion,.jpg
expansion\dog_entropion\train_D30_0e59d27d-60a5-11ec-8402-0a7404972c70_jpg.rf.dvXMreC3zoLcq0RTbBZ1.jpg,train_D30_0e59d27d-60a5-11ec-8402-0a7404972c70_jpg.rf.dvXMreC3zoLcq0RTbBZ1.jpg,entropion,train,dog_entropion,.jpg
expansion\dog_entropion\train_D30_0e5f0a59-60a5-11ec-8402-0a7404972c70_jpg.rf.f53JixwcYE2asrcijXwp.jpg,train_D30_0e5f0a59-60a5-11ec-8402-0a7404972c70_jpg.rf.f53JixwcYE2asrcijXwp.jpg,entropion,train,dog_entropion,.jpg
expansion\dog_entropion\train_D30_0e5f644c-60a5-11ec-8402-0a7404972c70_jpg.rf.hov9CunZ4PdxjS2wifdk.jpg,train_D30_0e5f644c-60a5-11ec-8402-0a7404972c70_jpg.rf.hov9CunZ4PdxjS2wifdk.jpg,entropion,train,dog_entropion,.jpg
expansion\dog_entropion\train_D30_0e60737f-60a5-11ec-8402-0a7404972c70_jpg.rf.KBB1WOVEFYbk3d0cGIoa.jpg,train_D30_0e60737f-60a5-11ec-8402-0a7404972c70_jpg.rf.KBB1WOVEFYbk3d0cGIoa.jpg,entropion,train,dog_entropion,.jpg
expansion\dog_entropion\train_D30_0e656c4a-60a5-11ec-8402-0a7404972c70_jpg.rf.EqAPrg61RFMilkXzxHUD.jpg,train_D30_0e656c4a-60a5-11ec-8402-0a7404972c70_jpg.rf.EqAPrg61RFMilkXzxHUD.jpg,entropion,train,dog_entropion,.jpg
expansion\dog_entropion\train_D30_2f202b12-60a5-11ec-8402-0a7404972c70_jpg.rf.xsLzkwBKXJij1lXNKbu7.jpg,train_D30_2f202b12-60a5-11ec-8402-0a7404972c70_jpg.rf.xsLzkwBKXJij1lXNKbu7.jpg,entropion,train,dog_entropion,.jpg
expansion\dog_entropion\train_D30_328552d0-60a5-11ec-8402-0a7404972c70_jpg.rf.ZiXafvkZWW9XswjgyGpt.jpg,train_D30_328552d0-60a5-11ec-8402-0a7404972c70_jpg.rf.ZiXafvkZWW9XswjgyGpt.jpg,entropion,train,dog_entropion,.jpg
expansion\dog_entropion\train_D30_333e00e3-60a5-11ec-8402-0a7404972c70_jpg.rf.jyiPxqmg7Dl6KxyBvTh7.jpg,train_D30_333e00e3-60a5-11ec-8402-0a7404972c70_jpg.rf.jyiPxqmg7Dl6KxyBvTh7.jpg,entropion,train,dog_entropion,.jpg
expansion\dog_entropion\train_D30_33418e3d-60a5-11ec-8402-0a7404972c70_jpg.rf.aLKA3GDzjFJIxKDPROJp.jpg,train_D30_33418e3d-60a5-11ec-8402-0a7404972c70_jpg.rf.aLKA3GDzjFJIxKDPROJp.jpg,entropion,train,dog_entropion,.jpg
expansion\dog_entropion\train_D30_3341e91a-60a5-11ec-8402-0a7404972c70_jpg.rf.DmoqH2YqBAmntdAgrv2M.jpg,train_D30_3341e91a-60a5-11ec-8402-0a7404972c70_jpg.rf.DmoqH2YqBAmntdAgrv2M.jpg,entropion,train,dog_entropion,.jpg
expansion\dog_entropion\train_D30_33596af6-60a5-11ec-8402-0a7404972c70_jpg.rf.Z4RKiMdlb6wPad1VGjkS.jpg,train_D30_33596af6-60a5-11ec-8402-0a7404972c70_jpg.rf.Z4RKiMdlb6wPad1VGjkS.jpg,entropion,train,dog_entropion,.jpg
expansion\dog_entropion\train_D31_0365630a-60a5-11ec-8402-0a7404972c70_jpg.rf.okphR3YaUBzIWEtbgmbz.jpg,train_D31_0365630a-60a5-11ec-8402-0a7404972c70_jpg.rf.okphR3YaUBzIWEtbgmbz.jpg,entropion,train,dog_entropion,.jpg
expansion\dog_entropion\train_D31_0366efd5-60a5-11ec-8402-0a7404972c70_jpg.rf.HWpiZ0AQTr41XvfKJYM4.jpg,train_D31_0366efd5-60a5-11ec-8402-0a7404972c70_jpg.rf.HWpiZ0AQTr41XvfKJYM4.jpg,entropion,train,dog_entropion,.jpg
expansion\dog_entropion\train_D31_03680b36-60a5-11ec-8402-0a7404972c70_jpg.rf.cmw9T6If1If9LqixytoU.jpg,train_D31_03680b36-60a5-11ec-8402-0a7404972c70_jpg.rf.cmw9T6If1If9LqixytoU.jpg,entropion,train,dog_entropion,.jpg
expansion\dog_entropion\train_D31_03691f26-60a5-11ec-8402-0a7404972c70_jpg.rf.jAAodI1HHDPcJJGUnRb1.jpg,train_D31_03691f26-60a5-11ec-8402-0a7404972c70_jpg.rf.jAAodI1HHDPcJJGUnRb1.jpg,entropion,train,dog_entropion,.jpg
expansion\dog_entropion\train_D31_036f7cb5-60a5-11ec-8402-0a7404972c70_jpg.rf.Djsfa2ljhKjLmwmdz7Om.jpg,train_D31_036f7cb5-60a5-11ec-8402-0a7404972c70_jpg.rf.Djsfa2ljhKjLmwmdz7Om.jpg,entropion,train,dog_entropion,.jpg
expansion\dog_entropion\train_D31_0e4113cf-60a5-11ec-8402-0a7404972c70_jpg.rf.aid2Zb9qULZAqL6efzgh.jpg,train_D31_0e4113cf-60a5-11ec-8402-0a7404972c70_jpg.rf.aid2Zb9qULZAqL6efzgh.jpg,entropion,train,dog_entropion,.jpg
expansion\dog_entropion\train_D31_0e4bdd9c-60a5-11ec-8402-0a7404972c70_jpg.rf.TbdUe7Q6y2NB2igB81DI.jpg,train_D31_0e4bdd9c-60a5-11ec-8402-0a7404972c70_jpg.rf.TbdUe7Q6y2NB2igB81DI.jpg,entropion,train,dog_entropion,.jpg
expansion\dog_entropion\train_D31_0e4e57b6-60a5-11ec-8402-0a7404972c70_jpg.rf.wJunXTFBb2xS2NSak84k.jpg,train_D31_0e4e57b6-60a5-11ec-8402-0a7404972c70_jpg.rf.wJunXTFBb2xS2NSak84k.jpg,entropion,train,dog_entropion,.jpg
expansion\dog_entropion\train_D31_0e51ae6a-60a5-11ec-8402-0a7404972c70_jpg.rf.uGvqWGAmNBfROIFxOWqx.jpg,train_D31_0e51ae6a-60a5-11ec-8402-0a7404972c70_jpg.rf.uGvqWGAmNBfROIFxOWqx.jpg,entropion,train,dog_entropion,.jpg
expansion\dog_entropion\train_D31_0e577e8b-60a5-11ec-8402-0a7404972c70_jpg.rf.Y1cqxzYvwLnRx4ecmzTI.jpg,train_D31_0e577e8b-60a5-11ec-8402-0a7404972c70_jpg.rf.Y1cqxzYvwLnRx4ecmzTI.jpg,entropion,train,dog_entropion,.jpg
expansion\dog_entropion\train_D31_0e59a0c3-60a5-11ec-8402-0a7404972c70_jpg.rf.muIE0b30VnVCRDNvpk4e.jpg,train_D31_0e59a0c3-60a5-11ec-8402-0a7404972c70_jpg.rf.muIE0b30VnVCRDNvpk4e.jpg,entropion,train,dog_entropion,.jpg
expansion\dog_entropion\train_D31_0e5bedc1-60a5-11ec-8402-0a7404972c70_jpg.rf.ALnYcYU6gGldn2UGksdN.jpg,train_D31_0e5bedc1-60a5-11ec-8402-0a7404972c70_jpg.rf.ALnYcYU6gGldn2UGksdN.jpg,entropion,train,dog_entropion,.jpg
expansion\dog_entropion\train_D31_0e5ccd7c-60a5-11ec-8402-0a7404972c70_jpg.rf.NSVgk8lPnyfmjIjFcLAd.jpg,train_D31_0e5ccd7c-60a5-11ec-8402-0a7404972c70_jpg.rf.NSVgk8lPnyfmjIjFcLAd.jpg,entropion,train,dog_entropion,.jpg
expansion\dog_entropion\train_D31_0e60690a-60a5-11ec-8402-0a7404972c70_jpg.rf.mSrODnuPHwJiEEeiF63M.jpg,train_D31_0e60690a-60a5-11ec-8402-0a7404972c70_jpg.rf.mSrODnuPHwJiEEeiF63M.jpg,entropion,train,dog_entropion,.jpg
expansion\dog_entropion\train_D31_0e6091d7-60a5-11ec-8402-0a7404972c70_jpg.rf.4alzDL3eBVukRMQE986r.jpg,train_D31_0e6091d7-60a5-11ec-8402-0a7404972c70_jpg.rf.4alzDL3eBVukRMQE986r.jpg,entropion,train,dog_entropion,.jpg
expansion\dog_entropion\train_D31_0e65488a-60a5-11ec-8402-0a7404972c70_jpg.rf.rX9mTlWhkLRTBGa9sVNc.jpg,train_D31_0e65488a-60a5-11ec-8402-0a7404972c70_jpg.rf.rX9mTlWhkLRTBGa9sVNc.jpg,entropion,train,dog_entropion,.jpg
expansion\dog_entropion\train_D31_0e7feda5-60a5-11ec-8402-0a7404972c70_jpg.rf.7U4zTsUciPoBs2Pwf7YK.jpg,train_D31_0e7feda5-60a5-11ec-8402-0a7404972c70_jpg.rf.7U4zTsUciPoBs2Pwf7YK.jpg,entropion,train,dog_entropion,.jpg
expansion\dog_entropion\train_D31_2e29a27c-60a5-11ec-8402-0a7404972c70_jpg.rf.QVX1gP3miGJWbpOat63H.jpg,train_D31_2e29a27c-60a5-11ec-8402-0a7404972c70_jpg.rf.QVX1gP3miGJWbpOat63H.jpg,entropion,train,dog_entropion,.jpg
expansion\dog_entropion\train_D31_31c8947f-60a5-11ec-8402-0a7404972c70_jpg.rf.g9JinEQkEZQqVUu289BH.jpg,train_D31_31c8947f-60a5-11ec-8402-0a7404972c70_jpg.rf.g9JinEQkEZQqVUu289BH.jpg,entropion,train,dog_entropion,.jpg
expansion\dog_entropion\train_D31_31c8f4ef-60a5-11ec-8402-0a7404972c70_jpg.rf.FEoBNKHpOleCY0plRKxV.jpg,train_D31_31c8f4ef-60a5-11ec-8402-0a7404972c70_jpg.rf.FEoBNKHpOleCY0plRKxV.jpg,entropion,train,dog_entropion,.jpg
expansion\dog_entropion\train_D31_335a5600-60a5-11ec-8402-0a7404972c70_jpg.rf.SFY5bfgRNI2BNANwuDp2.jpg,train_D31_335a5600-60a5-11ec-8402-0a7404972c70_jpg.rf.SFY5bfgRNI2BNANwuDp2.jpg,entropion,train,dog_entropion,.jpg
expansion\dog_entropion\train_D31_36ae6f87-60a5-11ec-8402-0a7404972c70_jpg.rf.AqGk1YdAp63sVBnyPzFU.jpg,train_D31_36ae6f87-60a5-11ec-8402-0a7404972c70_jpg.rf.AqGk1YdAp63sVBnyPzFU.jpg,entropion,train,dog_entropion,.jpg
expansion\dog_entropion\train_D32_036375ad-60a5-11ec-8402-0a7404972c70_jpg.rf.duQQU52gYIJR66G24lWE.jpg,train_D32_036375ad-60a5-11ec-8402-0a7404972c70_jpg.rf.duQQU52gYIJR66G24lWE.jpg,entropion,train,dog_entropion,.jpg
expansion\dog_entropion\train_D32_0369e501-60a5-11ec-8402-0a7404972c70_jpg.rf.eS04jbvnFVc52SAFwNYH.jpg,train_D32_0369e501-60a5-11ec-8402-0a7404972c70_jpg.rf.eS04jbvnFVc52SAFwNYH.jpg,entropion,train,dog_entropion,.jpg
expansion\dog_entropion\train_D32_0e448f16-60a5-11ec-8402-0a7404972c70_jpg.rf.0mM1xDJfSlZZ56ellLiC.jpg,train_D32_0e448f16-60a5-11ec-8402-0a7404972c70_jpg.rf.0mM1xDJfSlZZ56ellLiC.jpg,entropion,train,dog_entropion,.jpg
expansion\dog_entropion\train_D32_0e465afb-60a5-11ec-8402-0a7404972c70_jpg.rf.ghEXMHAMatrDJQqhOgV5.jpg,train_D32_0e465afb-60a5-11ec-8402-0a7404972c70_jpg.rf.ghEXMHAMatrDJQqhOgV5.jpg,entropion,train,dog_entropion,.jpg
expansion\dog_entropion\train_D32_0e4a98b3-60a5-11ec-8402-0a7404972c70_jpg.rf.L8JuDZecCj1t2GPTjyjT.jpg,train_D32_0e4a98b3-60a5-11ec-8402-0a7404972c70_jpg.rf.L8JuDZecCj1t2GPTjyjT.jpg,entropion,train,dog_entropion,.jpg
expansion\dog_entropion\train_D32_0e59a61a-60a5-11ec-8402-0a7404972c70_jpg.rf.L3EiiCHwduxiNNLS7Efc.jpg,train_D32_0e59a61a-60a5-11ec-8402-0a7404972c70_jpg.rf.L3EiiCHwduxiNNLS7Efc.jpg,entropion,train,dog_entropion,.jpg
expansion\dog_entropion\train_D32_0e5a8ee5-60a5-11ec-8402-0a7404972c70_jpg.rf.HP9MICDROLoz5YDcJ1lE.jpg,train_D32_0e5a8ee5-60a5-11ec-8402-0a7404972c70_jpg.rf.HP9MICDROLoz5YDcJ1lE.jpg,entropion,train,dog_entropion,.jpg
expansion\dog_entropion\train_D32_0e5d315a-60a5-11ec-8402-0a7404972c70_jpg.rf.pTqj7P1V0PVHDKa4bejQ.jpg,train_D32_0e5d315a-60a5-11ec-8402-0a7404972c70_jpg.rf.pTqj7P1V0PVHDKa4bejQ.jpg,entropion,train,dog_entropion,.jpg
expansion\dog_entropion\train_D32_0e5f45ad-60a5-11ec-8402-0a7404972c70_jpg.rf.dHCcQHJ1zzv7QOI8Fa41.jpg,train_D32_0e5f45ad-60a5-11ec-8402-0a7404972c70_jpg.rf.dHCcQHJ1zzv7QOI8Fa41.jpg,entropion,train,dog_entropion,.jpg
expansion\dog_entropion\train_D32_0e625931-60a5-11ec-8402-0a7404972c70_jpg.rf.bOkJP643bYylVSP5bIyF.jpg,train_D32_0e625931-60a5-11ec-8402-0a7404972c70_jpg.rf.bOkJP643bYylVSP5bIyF.jpg,entropion,train,dog_entropion,.jpg
expansion\dog_entropion\train_D32_333db204-60a5-11ec-8402-0a7404972c70_jpg.rf.hVvTGz48nzUPQ8xALujq.jpg,train_D32_333db204-60a5-11ec-8402-0a7404972c70_jpg.rf.hVvTGz48nzUPQ8xALujq.jpg,entropion,train,dog_entropion,.jpg
expansion\dog_entropion\train_D32_3341cb1c-60a5-11ec-8402-0a7404972c70_jpg.rf.VW6RyziZ3ddvVZSXXvPn.jpg,train_D32_3341cb1c-60a5-11ec-8402-0a7404972c70_jpg.rf.VW6RyziZ3ddvVZSXXvPn.jpg,entropion,train,dog_entropion,.jpg
expansion\dog_entropion\train_D33_0e46657d-60a5-11ec-8402-0a7404972c70_jpg.rf.nFCOV4NNIxGYbOysc1jp.jpg,train_D33_0e46657d-60a5-11ec-8402-0a7404972c70_jpg.rf.nFCOV4NNIxGYbOysc1jp.jpg,entropion,train,dog_entropion,.jpg
expansion\dog_entropion\train_D33_0e4dab98-60a5-11ec-8402-0a7404972c70_jpg.rf.fJl7Xd4tyoWfQ9upR5JS.jpg,train_D33_0e4dab98-60a5-11ec-8402-0a7404972c70_jpg.rf.fJl7Xd4tyoWfQ9upR5JS.jpg,entropion,train,dog_entropion,.jpg
expansion\dog_entropion\train_D33_0e574265-60a5-11ec-8402-0a7404972c70_jpg.rf.DCIoa2cejdwb5bSXN22t.jpg,train_D33_0e574265-60a5-11ec-8402-0a7404972c70_jpg.rf.DCIoa2cejdwb5bSXN22t.jpg,entropion,train,dog_entropion,.jpg
expansion\dog_entropion\train_D33_0e59b9d0-60a5-11ec-8402-0a7404972c70_jpg.rf.6xDaVU10FFYmeUJYfiuw.jpg,train_D33_0e59b9d0-60a5-11ec-8402-0a7404972c70_jpg.rf.6xDaVU10FFYmeUJYfiuw.jpg,entropion,train,dog_entropion,.jpg
expansion\dog_entropion\train_D33_0e5d0c03-60a5-11ec-8402-0a7404972c70_jpg.rf.MM74ViOn5jEcILGXoeiE.jpg,train_D33_0e5d0c03-60a5-11ec-8402-0a7404972c70_jpg.rf.MM74ViOn5jEcILGXoeiE.jpg,entropion,train,dog_entropion,.jpg
expansion\dog_entropion\train_D33_0e5f4f9f-60a5-11ec-8402-0a7404972c70_jpg.rf.qwqtxssLmWy0Std8ok81.jpg,train_D33_0e5f4f9f-60a5-11ec-8402-0a7404972c70_jpg.rf.qwqtxssLmWy0Std8ok81.jpg,entropion,train,dog_entropion,.jpg
expansion\dog_entropion\train_D33_335ea952-60a5-11ec-8402-0a7404972c70_jpg.rf.tQIycJe5r1PCKjcmEIaD.jpg,train_D33_335ea952-60a5-11ec-8402-0a7404972c70_jpg.rf.tQIycJe5r1PCKjcmEIaD.jpg,entropion,train,dog_entropion,.jpg
expansion\dog_entropion\train_D33_36c70454-60a5-11ec-8402-0a7404972c70_jpg.rf.nRySwqcukSjEOyBS3DeF.jpg,train_D33_36c70454-60a5-11ec-8402-0a7404972c70_jpg.rf.nRySwqcukSjEOyBS3DeF.jpg,entropion,train,dog_entropion,.jpg
expansion\dog_entropion\train_D33_3d940c29-60a5-11ec-8402-0a7404972c70_jpg.rf.plmg9Ja5O3dedHXtbm80.jpg,train_D33_3d940c29-60a5-11ec-8402-0a7404972c70_jpg.rf.plmg9Ja5O3dedHXtbm80.jpg,entropion,train,dog_entropion,.jpg
expansion\dog_entropion\train_D34_0367e2fa-60a5-11ec-8402-0a7404972c70_jpg.rf.h2VjRj9fwAh8iUUt1Cay.jpg,train_D34_0367e2fa-60a5-11ec-8402-0a7404972c70_jpg.rf.h2VjRj9fwAh8iUUt1Cay.jpg,entropion,train,dog_entropion,.jpg
expansion\dog_entropion\train_D34_03686a65-60a5-11ec-8402-0a7404972c70_jpg.rf.MkDEpjRxdWmpJPF3pL6E.jpg,train_D34_03686a65-60a5-11ec-8402-0a7404972c70_jpg.rf.MkDEpjRxdWmpJPF3pL6E.jpg,entropion,train,dog_entropion,.jpg
expansion\dog_entropion\train_D34_0e411d55-60a5-11ec-8402-0a7404972c70_jpg.rf.kv50qVyXO9t4bdUnltdU.jpg,train_D34_0e411d55-60a5-11ec-8402-0a7404972c70_jpg.rf.kv50qVyXO9t4bdUnltdU.jpg,entropion,train,dog_entropion,.jpg
expansion\dog_entropion\train_D34_0e434ab5-60a5-11ec-8402-0a7404972c70_jpg.rf.AMtOayTeTAiY7cFCKtLK.jpg,train_D34_0e434ab5-60a5-11ec-8402-0a7404972c70_jpg.rf.AMtOayTeTAiY7cFCKtLK.jpg,entropion,train,dog_entropion,.jpg
expansion\dog_entropion\train_D34_0e531389-60a5-11ec-8402-0a7404972c70_jpg.rf.sokokwCTN5fwl0uOUfE6.jpg,train_D34_0e531389-60a5-11ec-8402-0a7404972c70_jpg.rf.sokokwCTN5fwl0uOUfE6.jpg,entropion,train,dog_entropion,.jpg
expansion\dog_entropion\train_D34_0e57474d-60a5-11ec-8402-0a7404972c70_jpg.rf.bEZyRD1Co6rs4DkAJUVC.jpg,train_D34_0e57474d-60a5-11ec-8402-0a7404972c70_jpg.rf.bEZyRD1Co6rs4DkAJUVC.jpg,entropion,train,dog_entropion,.jpg
expansion\dog_entropion\train_D34_0e58762b-60a5-11ec-8402-0a7404972c70_jpg.rf.ofsViPPimQ3AeBkur9LA.jpg,train_D34_0e58762b-60a5-11ec-8402-0a7404972c70_jpg.rf.ofsViPPimQ3AeBkur9LA.jpg,entropion,train,dog_entropion,.jpg
expansion\dog_entropion\train_D34_0e58d96a-60a5-11ec-8402-0a7404972c70_jpg.rf.6QvHi7ETz09bY395qcxy.jpg,train_D34_0e58d96a-60a5-11ec-8402-0a7404972c70_jpg.rf.6QvHi7ETz09bY395qcxy.jpg,entropion,train,dog_entropion,.jpg
expansion\dog_entropion\train_D34_0e5c3f4e-60a5-11ec-8402-0a7404972c70_jpg.rf.lnk275Ss4pAzxm5Munl5.jpg,train_D34_0e5c3f4e-60a5-11ec-8402-0a7404972c70_jpg.rf.lnk275Ss4pAzxm5Munl5.jpg,entropion,train,dog_entropion,.jpg
expansion\dog_entropion\train_D34_0e5d87c9-60a5-11ec-8402-0a7404972c70_jpg.rf.u9UQqRcnkMFYHuiajk1A.jpg,train_D34_0e5d87c9-60a5-11ec-8402-0a7404972c70_jpg.rf.u9UQqRcnkMFYHuiajk1A.jpg,entropion,train,dog_entropion,.jpg
expansion\dog_entropion\train_D34_0e65628b-60a5-11ec-8402-0a7404972c70_jpg.rf.ZtcjfpgPayrAk6bPc5m4.jpg,train_D34_0e65628b-60a5-11ec-8402-0a7404972c70_jpg.rf.ZtcjfpgPayrAk6bPc5m4.jpg,entropion,train,dog_entropion,.jpg
expansion\dog_entropion\train_D34_0e6d2cb3-60a5-11ec-8402-0a7404972c70_jpg.rf.CE1zX48uHVcz3gm8Al5k.jpg,train_D34_0e6d2cb3-60a5-11ec-8402-0a7404972c70_jpg.rf.CE1zX48uHVcz3gm8Al5k.jpg,entropion,train,dog_entropion,.jpg
expansion\dog_entropion\train_D34_2ed4d8fb-60a5-11ec-8402-0a7404972c70_jpg.rf.2jNMMNg2uMHxGgnz18X6.jpg,train_D34_2ed4d8fb-60a5-11ec-8402-0a7404972c70_jpg.rf.2jNMMNg2uMHxGgnz18X6.jpg,entropion,train,dog_entropion,.jpg
expansion\dog_entropion\train_D34_333d533a-60a5-11ec-8402-0a7404972c70_jpg.rf.INV5xGphfD9Dd8SyIhtG.jpg,train_D34_333d533a-60a5-11ec-8402-0a7404972c70_jpg.rf.INV5xGphfD9Dd8SyIhtG.jpg,entropion,train,dog_entropion,.jpg
expansion\dog_entropion\train_D34_36ad3336-60a5-11ec-8402-0a7404972c70_jpg.rf.teSRz5LcmT0BHpVdDHu0.jpg,train_D34_36ad3336-60a5-11ec-8402-0a7404972c70_jpg.rf.teSRz5LcmT0BHpVdDHu0.jpg,entropion,train,dog_entropion,.jpg
expansion\dog_entropion\train_D35_0e4c6aa1-60a5-11ec-8402-0a7404972c70_jpg.rf.nSP4CzJFj7IUKx102D2n.jpg,train_D35_0e4c6aa1-60a5-11ec-8402-0a7404972c70_jpg.rf.nSP4CzJFj7IUKx102D2n.jpg,entropion,train,dog_entropion,.jpg
expansion\dog_entropion\train_D35_0e5d218b-60a5-11ec-8402-0a7404972c70_jpg.rf.uxcy7G9bvmcp9UWD3G26.jpg,train_D35_0e5d218b-60a5-11ec-8402-0a7404972c70_jpg.rf.uxcy7G9bvmcp9UWD3G26.jpg,entropion,train,dog_entropion,.jpg
expansion\dog_entropion\train_D3_03623e8b-60a5-11ec-8402-0a7404972c70_jpg.rf.QUD6rT3XR0LanP9xJESy.jpg,train_D3_03623e8b-60a5-11ec-8402-0a7404972c70_jpg.rf.QUD6rT3XR0LanP9xJESy.jpg,entropion,train,dog_entropion,.jpg
expansion\dog_entropion\train_D3_0369b5a0-60a5-11ec-8402-0a7404972c70_jpg.rf.d2xLgKq7QDVxaKNyhb9s.jpg,train_D3_0369b5a0-60a5-11ec-8402-0a7404972c70_jpg.rf.d2xLgKq7QDVxaKNyhb9s.jpg,entropion,train,dog_entropion,.jpg
expansion\dog_entropion\train_D3_03719afb-60a5-11ec-8402-0a7404972c70_jpg.rf.ZFVJ0CuicbK9CZ918Rky.jpg,train_D3_03719afb-60a5-11ec-8402-0a7404972c70_jpg.rf.ZFVJ0CuicbK9CZ918Rky.jpg,entropion,train,dog_entropion,.jpg
expansion\dog_entropion\train_D3_0e46088c-60a5-11ec-8402-0a7404972c70_jpg.rf.huH77gIjvRbEFkt1WY0N.jpg,train_D3_0e46088c-60a5-11ec-8402-0a7404972c70_jpg.rf.huH77gIjvRbEFkt1WY0N.jpg,entropion,train,dog_entropion,.jpg
expansion\dog_entropion\train_D3_0e573835-60a5-11ec-8402-0a7404972c70_jpg.rf.IZGp4TgJDgpiASfALriv.jpg,train_D3_0e573835-60a5-11ec-8402-0a7404972c70_jpg.rf.IZGp4TgJDgpiASfALriv.jpg,entropion,train,dog_entropion,.jpg
expansion\dog_entropion\train_D3_0e58812f-60a5-11ec-8402-0a7404972c70_jpg.rf.lYXtamDhZ3x0cPrGPGCs.jpg,train_D3_0e58812f-60a5-11ec-8402-0a7404972c70_jpg.rf.lYXtamDhZ3x0cPrGPGCs.jpg,entropion,train,dog_entropion,.jpg
expansion\dog_entropion\train_D3_0e5ea829-60a5-11ec-8402-0a7404972c70_jpg.rf.bAWQ8SuVASg8oFuujyvC.jpg,train_D3_0e5ea829-60a5-11ec-8402-0a7404972c70_jpg.rf.bAWQ8SuVASg8oFuujyvC.jpg,entropion,train,dog_entropion,.jpg
expansion\dog_entropion\train_D3_0e5f59e5-60a5-11ec-8402-0a7404972c70_jpg.rf.bJALD1io2atHXyJz5EXy.jpg,train_D3_0e5f59e5-60a5-11ec-8402-0a7404972c70_jpg.rf.bJALD1io2atHXyJz5EXy.jpg,entropion,train,dog_entropion,.jpg
expansion\dog_entropion\train_D3_0e6014f6-60a5-11ec-8402-0a7404972c70_jpg.rf.XVKnHYS3qfxYC5sp8tPB.jpg,train_D3_0e6014f6-60a5-11ec-8402-0a7404972c70_jpg.rf.XVKnHYS3qfxYC5sp8tPB.jpg,entropion,train,dog_entropion,.jpg
expansion\dog_entropion\train_D3_0e604b26-60a5-11ec-8402-0a7404972c70_jpg.rf.yrRcIZuDLWw6wzI8A8MD.jpg,train_D3_0e604b26-60a5-11ec-8402-0a7404972c70_jpg.rf.yrRcIZuDLWw6wzI8A8MD.jpg,entropion,train,dog_entropion,.jpg
expansion\dog_entropion\train_D3_0e605504-60a5-11ec-8402-0a7404972c70_jpg.rf.5Ubvgd5UZoIDdNrWJOuZ.jpg,train_D3_0e605504-60a5-11ec-8402-0a7404972c70_jpg.rf.5Ubvgd5UZoIDdNrWJOuZ.jpg,entropion,train,dog_entropion,.jpg
expansion\dog_entropion\train_D3_0e6059f4-60a5-11ec-8402-0a7404972c70_jpg.rf.BExZczhMJ9qyNXXs3XIn.jpg,train_D3_0e6059f4-60a5-11ec-8402-0a7404972c70_jpg.rf.BExZczhMJ9qyNXXs3XIn.jpg,entropion,train,dog_entropion,.jpg
expansion\dog_entropion\train_D3_0e61d1c3-60a5-11ec-8402-0a7404972c70_jpg.rf.ytKYJrtuBIQtuQ71c5OS.jpg,train_D3_0e61d1c3-60a5-11ec-8402-0a7404972c70_jpg.rf.ytKYJrtuBIQtuQ71c5OS.jpg,entropion,train,dog_entropion,.jpg
expansion\dog_entropion\train_D3_0e6296aa-60a5-11ec-8402-0a7404972c70_jpg.rf.9Koeil6Ef6X8eNwDdi5K.jpg,train_D3_0e6296aa-60a5-11ec-8402-0a7404972c70_jpg.rf.9Koeil6Ef6X8eNwDdi5K.jpg,entropion,train,dog_entropion,.jpg
expansion\dog_entropion\train_D3_0e6424e7-60a5-11ec-8402-0a7404972c70_jpg.rf.InJIw3XKUCnxvyqr4VgC.jpg,train_D3_0e6424e7-60a5-11ec-8402-0a7404972c70_jpg.rf.InJIw3XKUCnxvyqr4VgC.jpg,entropion,train,dog_entropion,.jpg
expansion\dog_entropion\train_D3_2e25ea1b-60a5-11ec-8402-0a7404972c70_jpg.rf.CFQAlrPWVr9rEe6b4xNI.jpg,train_D3_2e25ea1b-60a5-11ec-8402-0a7404972c70_jpg.rf.CFQAlrPWVr9rEe6b4xNI.jpg,entropion,train,dog_entropion,.jpg
expansion\dog_entropion\train_D3_2f1cdc59-60a5-11ec-8402-0a7404972c70_jpg.rf.a3a13iM2jMCZ7JpisGwF.jpg,train_D3_2f1cdc59-60a5-11ec-8402-0a7404972c70_jpg.rf.a3a13iM2jMCZ7JpisGwF.jpg,entropion,train,dog_entropion,.jpg
expansion\dog_entropion\train_D3_30c71509-60a5-11ec-8402-0a7404972c70_jpg.rf.1cAT0DBqXNRFqHmhRIx5.jpg,train_D3_30c71509-60a5-11ec-8402-0a7404972c70_jpg.rf.1cAT0DBqXNRFqHmhRIx5.jpg,entropion,train,dog_entropion,.jpg
expansion\dog_entropion\train_D3_32859db0-60a5-11ec-8402-0a7404972c70_jpg.rf.Yklm30mSmseOErjdmj3u.jpg,train_D3_32859db0-60a5-11ec-8402-0a7404972c70_jpg.rf.Yklm30mSmseOErjdmj3u.jpg,entropion,train,dog_entropion,.jpg
expansion\dog_entropion\train_D4_0e43ef52-60a5-11ec-8402-0a7404972c70_jpg.rf.inNI1wM5edS7m0SETM5n.jpg,train_D4_0e43ef52-60a5-11ec-8402-0a7404972c70_jpg.rf.inNI1wM5edS7m0SETM5n.jpg,entropion,train,dog_entropion,.jpg
expansion\dog_entropion\train_D4_0e45bf1b-60a5-11ec-8402-0a7404972c70_jpg.rf.f25MxcysH2rrl51T23Ip.jpg,train_D4_0e45bf1b-60a5-11ec-8402-0a7404972c70_jpg.rf.f25MxcysH2rrl51T23Ip.jpg,entropion,train,dog_entropion,.jpg
expansion\dog_entropion\train_D4_0e49c17c-60a5-11ec-8402-0a7404972c70_jpg.rf.wlMW0Z7o4O7xGmVaSWoR.jpg,train_D4_0e49c17c-60a5-11ec-8402-0a7404972c70_jpg.rf.wlMW0Z7o4O7xGmVaSWoR.jpg,entropion,train,dog_entropion,.jpg
expansion\dog_entropion\train_D4_0e4e835f-60a5-11ec-8402-0a7404972c70_jpg.rf.M5JZNS6PJILwrjHJ3S5r.jpg,train_D4_0e4e835f-60a5-11ec-8402-0a7404972c70_jpg.rf.M5JZNS6PJILwrjHJ3S5r.jpg,entropion,train,dog_entropion,.jpg
expansion\dog_entropion\train_D4_0e4ef89c-60a5-11ec-8402-0a7404972c70_jpg.rf.uFYDqTAvjiVHnL9Ri1bl.jpg,train_D4_0e4ef89c-60a5-11ec-8402-0a7404972c70_jpg.rf.uFYDqTAvjiVHnL9Ri1bl.jpg,entropion,train,dog_entropion,.jpg
expansion\dog_entropion\train_D4_0e51d86b-60a5-11ec-8402-0a7404972c70_jpg.rf.yjr00OqRDQcwUj2zWL00.jpg,train_D4_0e51d86b-60a5-11ec-8402-0a7404972c70_jpg.rf.yjr00OqRDQcwUj2zWL00.jpg,entropion,train,dog_entropion,.jpg
expansion\dog_entropion\train_D4_0e53a3e0-60a5-11ec-8402-0a7404972c70_jpg.rf.FssIuLWK9KdRy3s7klhY.jpg,train_D4_0e53a3e0-60a5-11ec-8402-0a7404972c70_jpg.rf.FssIuLWK9KdRy3s7klhY.jpg,entropion,train,dog_entropion,.jpg
expansion\dog_entropion\train_D4_0e578888-60a5-11ec-8402-0a7404972c70_jpg.rf.Wzzmc2uCIAv3W3afLrqY.jpg,train_D4_0e578888-60a5-11ec-8402-0a7404972c70_jpg.rf.Wzzmc2uCIAv3W3afLrqY.jpg,entropion,train,dog_entropion,.jpg
expansion\dog_entropion\train_D4_0e58b9d7-60a5-11ec-8402-0a7404972c70_jpg.rf.5TFVIf3U821KohmH8KAg.jpg,train_D4_0e58b9d7-60a5-11ec-8402-0a7404972c70_jpg.rf.5TFVIf3U821KohmH8KAg.jpg,entropion,train,dog_entropion,.jpg
expansion\dog_entropion\train_D4_0e5c7014-60a5-11ec-8402-0a7404972c70_jpg.rf.bYwT2Mp5XxyyRxFlN2PX.jpg,train_D4_0e5c7014-60a5-11ec-8402-0a7404972c70_jpg.rf.bYwT2Mp5XxyyRxFlN2PX.jpg,entropion,train,dog_entropion,.jpg
expansion\dog_entropion\train_D4_0e5d9746-60a5-11ec-8402-0a7404972c70_jpg.rf.2NxewARpPaqsrpRt3Zaf.jpg,train_D4_0e5d9746-60a5-11ec-8402-0a7404972c70_jpg.rf.2NxewARpPaqsrpRt3Zaf.jpg,entropion,train,dog_entropion,.jpg
expansion\dog_entropion\train_D4_0e5f40ab-60a5-11ec-8402-0a7404972c70_jpg.rf.TDF8WXHyGWs5LOZNhzxo.jpg,train_D4_0e5f40ab-60a5-11ec-8402-0a7404972c70_jpg.rf.TDF8WXHyGWs5LOZNhzxo.jpg,entropion,train,dog_entropion,.jpg
expansion\dog_entropion\train_D4_0e60ead3-60a5-11ec-8402-0a7404972c70_jpg.rf.ItvpMUwEQXJAGY89yTN1.jpg,train_D4_0e60ead3-60a5-11ec-8402-0a7404972c70_jpg.rf.ItvpMUwEQXJAGY89yTN1.jpg,entropion,train,dog_entropion,.jpg
expansion\dog_entropion\train_D4_0e7e71cf-60a5-11ec-8402-0a7404972c70_jpg.rf.dozYP3ZjZ9R7SWTLmajN.jpg,train_D4_0e7e71cf-60a5-11ec-8402-0a7404972c70_jpg.rf.dozYP3ZjZ9R7SWTLmajN.jpg,entropion,train,dog_entropion,.jpg
expansion\dog_entropion\train_D4_30bc1bbd-60a5-11ec-8402-0a7404972c70_jpg.rf.v6fEgkl9D1euq2fetZd3.jpg,train_D4_30bc1bbd-60a5-11ec-8402-0a7404972c70_jpg.rf.v6fEgkl9D1euq2fetZd3.jpg,entropion,train,dog_entropion,.jpg
expansion\dog_entropion\train_D5_0c895946-60a5-11ec-8402-0a7404972c70_png.rf.PB3GpyOM7GapgiLefbyJ.png,train_D5_0c895946-60a5-11ec-8402-0a7404972c70_png.rf.PB3GpyOM7GapgiLefbyJ.png,entropion,train,dog_entropion,.png
expansion\dog_entropion\train_D5_0c914312-60a5-11ec-8402-0a7404972c70_png.rf.Wfj6wkKHUZd2iIkSLcUC.png,train_D5_0c914312-60a5-11ec-8402-0a7404972c70_png.rf.Wfj6wkKHUZd2iIkSLcUC.png,entropion,train,dog_entropion,.png
expansion\dog_entropion\train_D5_0c95418b-60a5-11ec-8402-0a7404972c70_png.rf.q5ZT4bGbqAiyzArUXlBX.png,train_D5_0c95418b-60a5-11ec-8402-0a7404972c70_png.rf.q5ZT4bGbqAiyzArUXlBX.png,entropion,train,dog_entropion,.png
expansion\dog_entropion\train_D5_0e4cd222-60a5-11ec-8402-0a7404972c70_jpg.rf.p60CdvRxsXzXlTfNgOn8.jpg,train_D5_0e4cd222-60a5-11ec-8402-0a7404972c70_jpg.rf.p60CdvRxsXzXlTfNgOn8.jpg,entropion,train,dog_entropion,.jpg
expansion\dog_entropion\train_D5_0e4efd9e-60a5-11ec-8402-0a7404972c70_jpg.rf.NKNduwso9S7OEtkIdy6z.jpg,train_D5_0e4efd9e-60a5-11ec-8402-0a7404972c70_jpg.rf.NKNduwso9S7OEtkIdy6z.jpg,entropion,train,dog_entropion,.jpg
expansion\dog_entropion\train_D5_0e53a8b0-60a5-11ec-8402-0a7404972c70_jpg.rf.9OrLCLS3XYuG9lv0KzGv.jpg,train_D5_0e53a8b0-60a5-11ec-8402-0a7404972c70_jpg.rf.9OrLCLS3XYuG9lv0KzGv.jpg,entropion,train,dog_entropion,.jpg
expansion\dog_entropion\train_D5_0e63f844-60a5-11ec-8402-0a7404972c70_jpg.rf.EDpUO2zmuleDRyvEsi8d.jpg,train_D5_0e63f844-60a5-11ec-8402-0a7404972c70_jpg.rf.EDpUO2zmuleDRyvEsi8d.jpg,entropion,train,dog_entropion,.jpg
expansion\dog_entropion\train_D5_24766fdb-60a5-11ec-8402-0a7404972c70_jpg.rf.Eexibd6E5twBeJxSD8TL.jpg,train_D5_24766fdb-60a5-11ec-8402-0a7404972c70_jpg.rf.Eexibd6E5twBeJxSD8TL.jpg,entropion,train,dog_entropion,.jpg
expansion\dog_entropion\train_D5_29a73a4e-60a5-11ec-8402-0a7404972c70_jpg.rf.yZqlD1hudUJ1jiCQtMGb.jpg,train_D5_29a73a4e-60a5-11ec-8402-0a7404972c70_jpg.rf.yZqlD1hudUJ1jiCQtMGb.jpg,entropion,train,dog_entropion,.jpg
expansion\dog_entropion\train_D5_29d1a186-60a5-11ec-8402-0a7404972c70_jpg.rf.QrdaAwiBsxgvTwhqYIPK.jpg,train_D5_29d1a186-60a5-11ec-8402-0a7404972c70_jpg.rf.QrdaAwiBsxgvTwhqYIPK.jpg,entropion,train,dog_entropion,.jpg
expansion\dog_entropion\train_D5_29d8d833-60a5-11ec-8402-0a7404972c70_jpg.rf.9YTjIXd723zWGtyzHa8Q.jpg,train_D5_29d8d833-60a5-11ec-8402-0a7404972c70_jpg.rf.9YTjIXd723zWGtyzHa8Q.jpg,entropion,train,dog_entropion,.jpg
expansion\dog_entropion\train_D5_29da695c-60a5-11ec-8402-0a7404972c70_jpg.rf.yS2GNIDQk1c1rPgEw588.jpg,train_D5_29da695c-60a5-11ec-8402-0a7404972c70_jpg.rf.yS2GNIDQk1c1rPgEw588.jpg,entropion,train,dog_entropion,.jpg
expansion\dog_entropion\train_D5_29f82caf-60a5-11ec-8402-0a7404972c70_jpg.rf.Mgypd2OYWo10a1mnb5iY.jpg,train_D5_29f82caf-60a5-11ec-8402-0a7404972c70_jpg.rf.Mgypd2OYWo10a1mnb5iY.jpg,entropion,train,dog_entropion,.jpg
expansion\dog_entropion\train_D6_0bf57c8a-60a5-11ec-8402-0a7404972c70_png.rf.0xyfbyqMPP3B1ddHZzIq.png,train_D6_0bf57c8a-60a5-11ec-8402-0a7404972c70_png.rf.0xyfbyqMPP3B1ddHZzIq.png,entropion,train,dog_entropion,.png
expansion\dog_entropion\train_D6_0bf82a77-60a5-11ec-8402-0a7404972c70_png.rf.d2U4qODYp5QkoNG49cNj.png,train_D6_0bf82a77-60a5-11ec-8402-0a7404972c70_png.rf.d2U4qODYp5QkoNG49cNj.png,entropion,train,dog_entropion,.png
expansion\dog_entropion\train_D6_0bfded42-60a5-11ec-8402-0a7404972c70_png.rf.4TBoi1pr1XihLk8SNhGm.png,train_D6_0bfded42-60a5-11ec-8402-0a7404972c70_png.rf.4TBoi1pr1XihLk8SNhGm.png,entropion,train,dog_entropion,.png
expansion\dog_entropion\train_D6_0c0e28d3-60a5-11ec-8402-0a7404972c70_png.rf.ZdSOdgyMHCTixBVvna8Q.png,train_D6_0c0e28d3-60a5-11ec-8402-0a7404972c70_png.rf.ZdSOdgyMHCTixBVvna8Q.png,entropion,train,dog_entropion,.png
expansion\dog_entropion\train_D6_0c3d498d-60a5-11ec-8402-0a7404972c70_png.rf.OBOXHNqsIDV2pOWM39fq.png,train_D6_0c3d498d-60a5-11ec-8402-0a7404972c70_png.rf.OBOXHNqsIDV2pOWM39fq.png,entropion,train,dog_entropion,.png
expansion\dog_entropion\train_D6_0c4cf1cf-60a5-11ec-8402-0a7404972c70_png.rf.n8HkvTKEfi0ufo21ifRB.png,train_D6_0c4cf1cf-60a5-11ec-8402-0a7404972c70_png.rf.n8HkvTKEfi0ufo21ifRB.png,entropion,train,dog_entropion,.png
expansion\dog_entropion\train_D6_29889630-60a5-11ec-8402-0a7404972c70_jpg.rf.SjnMpTMVa8vFnQU7sy81.jpg,train_D6_29889630-60a5-11ec-8402-0a7404972c70_jpg.rf.SjnMpTMVa8vFnQU7sy81.jpg,entropion,train,dog_entropion,.jpg
expansion\dog_entropion\train_D6_29accd20-60a5-11ec-8402-0a7404972c70_jpg.rf.lAwgwjjomYZ1T7RjUCv3.jpg,train_D6_29accd20-60a5-11ec-8402-0a7404972c70_jpg.rf.lAwgwjjomYZ1T7RjUCv3.jpg,entropion,train,dog_entropion,.jpg
expansion\dog_entropion\train_D6_29acfa7b-60a5-11ec-8402-0a7404972c70_jpg.rf.qvVpglwloBMd33YwZCSG.jpg,train_D6_29acfa7b-60a5-11ec-8402-0a7404972c70_jpg.rf.qvVpglwloBMd33YwZCSG.jpg,entropion,train,dog_entropion,.jpg
expansion\dog_entropion\train_D6_29bfd691-60a5-11ec-8402-0a7404972c70_jpg.rf.p2gVdGqcUaw3PVf1bj6z.jpg,train_D6_29bfd691-60a5-11ec-8402-0a7404972c70_jpg.rf.p2gVdGqcUaw3PVf1bj6z.jpg,entropion,train,dog_entropion,.jpg
expansion\dog_entropion\train_D6_29cf327d-60a5-11ec-8402-0a7404972c70_jpg.rf.pNB9BIMCxYAPloyvmh8n.jpg,train_D6_29cf327d-60a5-11ec-8402-0a7404972c70_jpg.rf.pNB9BIMCxYAPloyvmh8n.jpg,entropion,train,dog_entropion,.jpg
expansion\dog_entropion\train_D6_29db8f57-60a5-11ec-8402-0a7404972c70_jpg.rf.HhYL6BhbOWwldbxznTRV.jpg,train_D6_29db8f57-60a5-11ec-8402-0a7404972c70_jpg.rf.HhYL6BhbOWwldbxznTRV.jpg,entropion,train,dog_entropion,.jpg
expansion\dog_entropion\train_D6_29ec0b78-60a5-11ec-8402-0a7404972c70_jpg.rf.TieRy7R5qdSg5wXMOJIB.jpg,train_D6_29ec0b78-60a5-11ec-8402-0a7404972c70_jpg.rf.TieRy7R5qdSg5wXMOJIB.jpg,entropion,train,dog_entropion,.jpg
expansion\dog_entropion\train_D7_03d3d1a8-60a5-11ec-8402-0a7404972c70_png.rf.G7qmCuVuzvxe32Kfhy9z.png,train_D7_03d3d1a8-60a5-11ec-8402-0a7404972c70_png.rf.G7qmCuVuzvxe32Kfhy9z.png,entropion,train,dog_entropion,.png
expansion\dog_entropion\train_D7_0c0cfd79-60a5-11ec-8402-0a7404972c70_png.rf.GenqUz1guCivKRWNk94Y.png,train_D7_0c0cfd79-60a5-11ec-8402-0a7404972c70_png.rf.GenqUz1guCivKRWNk94Y.png,entropion,train,dog_entropion,.png
expansion\dog_entropion\train_D7_0c57a881-60a5-11ec-8402-0a7404972c70_png.rf.dAHmmMKuXE61FspTMBRT.png,train_D7_0c57a881-60a5-11ec-8402-0a7404972c70_png.rf.dAHmmMKuXE61FspTMBRT.png,entropion,train,dog_entropion,.png
expansion\dog_entropion\train_D7_0c6214c0-60a5-11ec-8402-0a7404972c70_png.rf.QBRMCFZGfbwED5IXklMl.png,train_D7_0c6214c0-60a5-11ec-8402-0a7404972c70_png.rf.QBRMCFZGfbwED5IXklMl.png,entropion,train,dog_entropion,.png
expansion\dog_entropion\train_D7_29cd9a56-60a5-11ec-8402-0a7404972c70_jpg.rf.9JoJ8bWDftYSCILTxMad.jpg,train_D7_29cd9a56-60a5-11ec-8402-0a7404972c70_jpg.rf.9JoJ8bWDftYSCILTxMad.jpg,entropion,train,dog_entropion,.jpg
expansion\dog_entropion\train_D7_29dfb5c2-60a5-11ec-8402-0a7404972c70_jpg.rf.5YnbEt6vaOX1rCDYMRoq.jpg,train_D7_29dfb5c2-60a5-11ec-8402-0a7404972c70_jpg.rf.5YnbEt6vaOX1rCDYMRoq.jpg,entropion,train,dog_entropion,.jpg
expansion\dog_entropion\train_D8_03d2be04-60a5-11ec-8402-0a7404972c70_png.rf.5o7jFord6vyCI0NXXnPt.png,train_D8_03d2be04-60a5-11ec-8402-0a7404972c70_png.rf.5o7jFord6vyCI0NXXnPt.png,entropion,train,dog_entropion,.png
expansion\dog_entropion\train_D8_0c303e80-60a5-11ec-8402-0a7404972c70_png.rf.VnJeD5pjgSiv7iPNqRGR.png,train_D8_0c303e80-60a5-11ec-8402-0a7404972c70_png.rf.VnJeD5pjgSiv7iPNqRGR.png,entropion,train,dog_entropion,.png
expansion\dog_entropion\train_D8_0c674e6b-60a5-11ec-8402-0a7404972c70_png.rf.xaToHnihhNWK5GBuHPwK.png,train_D8_0c674e6b-60a5-11ec-8402-0a7404972c70_png.rf.xaToHnihhNWK5GBuHPwK.png,entropion,train,dog_entropion,.png
expansion\dog_entropion\train_D8_245a5d79-60a5-11ec-8402-0a7404972c70_jpg.rf.J8eGJNtDT64BIcvpvfwU.jpg,train_D8_245a5d79-60a5-11ec-8402-0a7404972c70_jpg.rf.J8eGJNtDT64BIcvpvfwU.jpg,entropion,train,dog_entropion,.jpg
expansion\dog_entropion\train_D8_247fbe0d-60a5-11ec-8402-0a7404972c70_jpg.rf.Qads5vVRTZfGjdRNuuOM.jpg,train_D8_247fbe0d-60a5-11ec-8402-0a7404972c70_jpg.rf.Qads5vVRTZfGjdRNuuOM.jpg,entropion,train,dog_entropion,.jpg
expansion\dog_entropion\train_D8_24828d3c-60a5-11ec-8402-0a7404972c70_jpg.rf.v2Xe7G1klb3O4YrbiG6g.jpg,train_D8_24828d3c-60a5-11ec-8402-0a7404972c70_jpg.rf.v2Xe7G1klb3O4YrbiG6g.jpg,entropion,train,dog_entropion,.jpg
expansion\dog_entropion\train_D8_298949b9-60a5-11ec-8402-0a7404972c70_jpg.rf.0sZSTKcfn8PpEwXVDwm0.jpg,train_D8_298949b9-60a5-11ec-8402-0a7404972c70_jpg.rf.0sZSTKcfn8PpEwXVDwm0.jpg,entropion,train,dog_entropion,.jpg
expansion\dog_entropion\train_D8_29e15ee8-60a5-11ec-8402-0a7404972c70_jpg.rf.Zdw0Oiv1iupA6QbQd5Hq.jpg,train_D8_29e15ee8-60a5-11ec-8402-0a7404972c70_jpg.rf.Zdw0Oiv1iupA6QbQd5Hq.jpg,entropion,train,dog_entropion,.jpg
expansion\dog_entropion\train_D8_29e2ef58-60a5-11ec-8402-0a7404972c70_jpg.rf.KfRzzHAm8gl5rrgHQIcF.jpg,train_D8_29e2ef58-60a5-11ec-8402-0a7404972c70_jpg.rf.KfRzzHAm8gl5rrgHQIcF.jpg,entropion,train,dog_entropion,.jpg
expansion\dog_entropion\train_D8_29eec3b6-60a5-11ec-8402-0a7404972c70_jpg.rf.jxVaLHa9DkNIl0XPvMZB.jpg,train_D8_29eec3b6-60a5-11ec-8402-0a7404972c70_jpg.rf.jxVaLHa9DkNIl0XPvMZB.jpg,entropion,train,dog_entropion,.jpg
expansion\dog_entropion\train_D9_03ba8391-60a5-11ec-8402-0a7404972c70_png.rf.dkMcDeOqAemMAb40RNKT.png,train_D9_03ba8391-60a5-11ec-8402-0a7404972c70_png.rf.dkMcDeOqAemMAb40RNKT.png,entropion,train,dog_entropion,.png
expansion\dog_entropion\train_D9_0bf4eb93-60a5-11ec-8402-0a7404972c70_png.rf.MpcYdFmQADS8YdbxqJCF.png,train_D9_0bf4eb93-60a5-11ec-8402-0a7404972c70_png.rf.MpcYdFmQADS8YdbxqJCF.png,entropion,train,dog_entropion,.png
expansion\dog_entropion\train_D9_0c1ce4c1-60a5-11ec-8402-0a7404972c70_png.rf.2VrkvSsjAJYHzbqg5Tmd.png,train_D9_0c1ce4c1-60a5-11ec-8402-0a7404972c70_png.rf.2VrkvSsjAJYHzbqg5Tmd.png,entropion,train,dog_entropion,.png
expansion\dog_entropion\train_D9_0c28385a-60a5-11ec-8402-0a7404972c70_png.rf.DNkB26UqRtvlDGiVBzaf.png,train_D9_0c28385a-60a5-11ec-8402-0a7404972c70_png.rf.DNkB26UqRtvlDGiVBzaf.png,entropion,train,dog_entropion,.png
expansion\dog_entropion\train_D9_0c832403-60a5-11ec-8402-0a7404972c70_png.rf.db5iiRTWOf5j7QM9y5cD.png,train_D9_0c832403-60a5-11ec-8402-0a7404972c70_png.rf.db5iiRTWOf5j7QM9y5cD.png,entropion,train,dog_entropion,.png
expansion\dog_entropion\train_D9_0c94a933-60a5-11ec-8402-0a7404972c70_png.rf.w6Ok2oopoHwiFhPeQ6KU.png,train_D9_0c94a933-60a5-11ec-8402-0a7404972c70_png.rf.w6Ok2oopoHwiFhPeQ6KU.png,entropion,train,dog_entropion,.png
expansion\dog_entropion\train_D9_2994d811-60a5-11ec-8402-0a7404972c70_jpg.rf.atnX3MwOddFDwTdFopOS.jpg,train_D9_2994d811-60a5-11ec-8402-0a7404972c70_jpg.rf.atnX3MwOddFDwTdFopOS.jpg,entropion,train,dog_entropion,.jpg
expansion\dog_entropion\train_D9_299d6a3b-60a5-11ec-8402-0a7404972c70_jpg.rf.T4t4aC3WGs4GvV89l2yA.jpg,train_D9_299d6a3b-60a5-11ec-8402-0a7404972c70_jpg.rf.T4t4aC3WGs4GvV89l2yA.jpg,entropion,train,dog_entropion,.jpg
expansion\dog_entropion\train_D9_29bf3431-60a5-11ec-8402-0a7404972c70_jpg.rf.8SK0mULgkcVDl3Tj8lek.jpg,train_D9_29bf3431-60a5-11ec-8402-0a7404972c70_jpg.rf.8SK0mULgkcVDl3Tj8lek.jpg,entropion,train,dog_entropion,.jpg
expansion\dog_entropion\train_D9_29d7121d-60a5-11ec-8402-0a7404972c70_jpg.rf.k3aaX6t5i1XSnAtGDrJa.jpg,train_D9_29d7121d-60a5-11ec-8402-0a7404972c70_jpg.rf.k3aaX6t5i1XSnAtGDrJa.jpg,entropion,train,dog_entropion,.jpg
expansion\dog_entropion\valid_D0_0367052d-60a5-11ec-8402-0a7404972c70_jpg.rf.j9JxO5EcxuyKIYEpkFQX.jpg,valid_D0_0367052d-60a5-11ec-8402-0a7404972c70_jpg.rf.j9JxO5EcxuyKIYEpkFQX.jpg,entropion,valid,dog_entropion,.jpg
expansion\dog_entropion\valid_D10_0c5a9231-60a5-11ec-8402-0a7404972c70_png.rf.Ptz20lH8DSCChIaT1i0P.png,valid_D10_0c5a9231-60a5-11ec-8402-0a7404972c70_png.rf.Ptz20lH8DSCChIaT1i0P.png,entropion,valid,dog_entropion,.png
expansion\dog_entropion\valid_D10_0e49c674-60a5-11ec-8402-0a7404972c70_jpg.rf.GAJ1CFqO7ZNncnAO9VsZ.jpg,valid_D10_0e49c674-60a5-11ec-8402-0a7404972c70_jpg.rf.GAJ1CFqO7ZNncnAO9VsZ.jpg,entropion,valid,dog_entropion,.jpg
expansion\dog_entropion\valid_D12_0e586340-60a5-11ec-8402-0a7404972c70_jpg.rf.YPsPVDAVwqPhaX7xk7HG.jpg,valid_D12_0e586340-60a5-11ec-8402-0a7404972c70_jpg.rf.YPsPVDAVwqPhaX7xk7HG.jpg,entropion,valid,dog_entropion,.jpg
expansion\dog_entropion\valid_D12_36ae77d4-60a5-11ec-8402-0a7404972c70_jpg.rf.Zqz2oag0dUUwwKcB9NsT.jpg,valid_D12_36ae77d4-60a5-11ec-8402-0a7404972c70_jpg.rf.Zqz2oag0dUUwwKcB9NsT.jpg,entropion,valid,dog_entropion,.jpg
expansion\dog_entropion\valid_D13_0368719e-60a5-11ec-8402-0a7404972c70_jpg.rf.DK5Qd4LYHBvoyaTv0c2t.jpg,valid_D13_0368719e-60a5-11ec-8402-0a7404972c70_jpg.rf.DK5Qd4LYHBvoyaTv0c2t.jpg,entropion,valid,dog_entropion,.jpg
expansion\dog_entropion\valid_D13_0e46b0c9-60a5-11ec-8402-0a7404972c70_jpg.rf.gQQ4SQgowgPFJuWJOTbT.jpg,valid_D13_0e46b0c9-60a5-11ec-8402-0a7404972c70_jpg.rf.gQQ4SQgowgPFJuWJOTbT.jpg,entropion,valid,dog_entropion,.jpg
expansion\dog_entropion\valid_D13_0e47bc6b-60a5-11ec-8402-0a7404972c70_jpg.rf.lCLs1how5Xw3ZMNKfAcw.jpg,valid_D13_0e47bc6b-60a5-11ec-8402-0a7404972c70_jpg.rf.lCLs1how5Xw3ZMNKfAcw.jpg,entropion,valid,dog_entropion,.jpg
expansion\dog_entropion\valid_D13_2ed3be63-60a5-11ec-8402-0a7404972c70_jpg.rf.sJKelxsYtXyaOVVBFGm2.jpg,valid_D13_2ed3be63-60a5-11ec-8402-0a7404972c70_jpg.rf.sJKelxsYtXyaOVVBFGm2.jpg,entropion,valid,dog_entropion,.jpg
expansion\dog_entropion\valid_D14_0e71b436-60a5-11ec-8402-0a7404972c70_jpg.rf.kYJLkI9n8nMrMl54r6RE.jpg,valid_D14_0e71b436-60a5-11ec-8402-0a7404972c70_jpg.rf.kYJLkI9n8nMrMl54r6RE.jpg,entropion,valid,dog_entropion,.jpg
expansion\dog_entropion\valid_D15_0e46ee42-60a5-11ec-8402-0a7404972c70_jpg.rf.nEux2409zv9M9oR1hkOd.jpg,valid_D15_0e46ee42-60a5-11ec-8402-0a7404972c70_jpg.rf.nEux2409zv9M9oR1hkOd.jpg,entropion,valid,dog_entropion,.jpg
expansion\dog_entropion\valid_D15_0e5cd265-60a5-11ec-8402-0a7404972c70_jpg.rf.ADvLYAjdKc9INpcVHVTu.jpg,valid_D15_0e5cd265-60a5-11ec-8402-0a7404972c70_jpg.rf.ADvLYAjdKc9INpcVHVTu.jpg,entropion,valid,dog_entropion,.jpg
expansion\dog_entropion\valid_D15_2e2433c5-60a5-11ec-8402-0a7404972c70_jpg.rf.ZJQpJGVMPJULuY7H8Jlp.jpg,valid_D15_2e2433c5-60a5-11ec-8402-0a7404972c70_jpg.rf.ZJQpJGVMPJULuY7H8Jlp.jpg,entropion,valid,dog_entropion,.jpg
expansion\dog_entropion\valid_D15_36a637a3-60a5-11ec-8402-0a7404972c70_jpg.rf.VHEhSX2R83Iwbj3Pq52l.jpg,valid_D15_36a637a3-60a5-11ec-8402-0a7404972c70_jpg.rf.VHEhSX2R83Iwbj3Pq52l.jpg,entropion,valid,dog_entropion,.jpg
expansion\dog_entropion\valid_D16_0e4a7636-60a5-11ec-8402-0a7404972c70_jpg.rf.Mu5z5rjrCEmLMtg3DU6T.jpg,valid_D16_0e4a7636-60a5-11ec-8402-0a7404972c70_jpg.rf.Mu5z5rjrCEmLMtg3DU6T.jpg,entropion,valid,dog_entropion,.jpg
expansion\dog_entropion\valid_D16_0e623fa3-60a5-11ec-8402-0a7404972c70_jpg.rf.JVqTYKItMC6Djruifyr8.jpg,valid_D16_0e623fa3-60a5-11ec-8402-0a7404972c70_jpg.rf.JVqTYKItMC6Djruifyr8.jpg,entropion,valid,dog_entropion,.jpg
expansion\dog_entropion\valid_D17_0368c5f1-60a5-11ec-8402-0a7404972c70_jpg.rf.Xxo0enYLHJsFRkPlnzwM.jpg,valid_D17_0368c5f1-60a5-11ec-8402-0a7404972c70_jpg.rf.Xxo0enYLHJsFRkPlnzwM.jpg,entropion,valid,dog_entropion,.jpg
expansion\dog_entropion\valid_D17_0e4e67c0-60a5-11ec-8402-0a7404972c70_jpg.rf.oFK9kStQUH5YlMTtBfQD.jpg,valid_D17_0e4e67c0-60a5-11ec-8402-0a7404972c70_jpg.rf.oFK9kStQUH5YlMTtBfQD.jpg,entropion,valid,dog_entropion,.jpg
expansion\dog_entropion\valid_D17_0e652a8e-60a5-11ec-8402-0a7404972c70_jpg.rf.5ouGCDapA8dOrOYbGNoC.jpg,valid_D17_0e652a8e-60a5-11ec-8402-0a7404972c70_jpg.rf.5ouGCDapA8dOrOYbGNoC.jpg,entropion,valid,dog_entropion,.jpg
expansion\dog_entropion\valid_D18_0e4a6aba-60a5-11ec-8402-0a7404972c70_jpg.rf.i6QQwRSWpwYTRwQa8IAP.jpg,valid_D18_0e4a6aba-60a5-11ec-8402-0a7404972c70_jpg.rf.i6QQwRSWpwYTRwQa8IAP.jpg,entropion,valid,dog_entropion,.jpg
expansion\dog_entropion\valid_D18_0e4e891c-60a5-11ec-8402-0a7404972c70_jpg.rf.DtC2M0njFRF4Ukl3H1LM.jpg,valid_D18_0e4e891c-60a5-11ec-8402-0a7404972c70_jpg.rf.DtC2M0njFRF4Ukl3H1LM.jpg,entropion,valid,dog_entropion,.jpg
expansion\dog_entropion\valid_D18_0e5fd84b-60a5-11ec-8402-0a7404972c70_jpg.rf.gunmiiHjjWWA2rHwj1D2.jpg,valid_D18_0e5fd84b-60a5-11ec-8402-0a7404972c70_jpg.rf.gunmiiHjjWWA2rHwj1D2.jpg,entropion,valid,dog_entropion,.jpg
expansion\dog_entropion\valid_D18_0e808a72-60a5-11ec-8402-0a7404972c70_jpg.rf.Hrz9DLjWv1QhhxsNEg2O.jpg,valid_D18_0e808a72-60a5-11ec-8402-0a7404972c70_jpg.rf.Hrz9DLjWv1QhhxsNEg2O.jpg,entropion,valid,dog_entropion,.jpg
expansion\dog_entropion\valid_D19_03637d28-60a5-11ec-8402-0a7404972c70_jpg.rf.lWTFAPtLtLH26BFjp5FB.jpg,valid_D19_03637d28-60a5-11ec-8402-0a7404972c70_jpg.rf.lWTFAPtLtLH26BFjp5FB.jpg,entropion,valid,dog_entropion,.jpg
expansion\dog_entropion\valid_D19_03658a73-60a5-11ec-8402-0a7404972c70_jpg.rf.JI2F0LoDwQho5sERInI5.jpg,valid_D19_03658a73-60a5-11ec-8402-0a7404972c70_jpg.rf.JI2F0LoDwQho5sERInI5.jpg,entropion,valid,dog_entropion,.jpg
expansion\dog_entropion\valid_D19_0e5825d3-60a5-11ec-8402-0a7404972c70_jpg.rf.3JjGXVlaiCazTjuqjsBk.jpg,valid_D19_0e5825d3-60a5-11ec-8402-0a7404972c70_jpg.rf.3JjGXVlaiCazTjuqjsBk.jpg,entropion,valid,dog_entropion,.jpg
expansion\dog_entropion\valid_D19_0e611e24-60a5-11ec-8402-0a7404972c70_jpg.rf.NyDqE0VZ57ii39MRGeP2.jpg,valid_D19_0e611e24-60a5-11ec-8402-0a7404972c70_jpg.rf.NyDqE0VZ57ii39MRGeP2.jpg,entropion,valid,dog_entropion,.jpg
expansion\dog_entropion\valid_D19_0e65439d-60a5-11ec-8402-0a7404972c70_jpg.rf.GeNQmzdCkMxplu7rluNh.jpg,valid_D19_0e65439d-60a5-11ec-8402-0a7404972c70_jpg.rf.GeNQmzdCkMxplu7rluNh.jpg,entropion,valid,dog_entropion,.jpg
expansion\dog_entropion\valid_D1_0e576f19-60a5-11ec-8402-0a7404972c70_jpg.rf.h5HrceNwDJjMVdSRtOEN.jpg,valid_D1_0e576f19-60a5-11ec-8402-0a7404972c70_jpg.rf.h5HrceNwDJjMVdSRtOEN.jpg,entropion,valid,dog_entropion,.jpg
expansion\dog_entropion\valid_D1_0e80016a-60a5-11ec-8402-0a7404972c70_jpg.rf.BESBk5cMOBGdDxsA9fhd.jpg,valid_D1_0e80016a-60a5-11ec-8402-0a7404972c70_jpg.rf.BESBk5cMOBGdDxsA9fhd.jpg,entropion,valid,dog_entropion,.jpg
expansion\dog_entropion\valid_D1_36a5afee-60a5-11ec-8402-0a7404972c70_jpg.rf.acKaK5ibkO93mB77VGEX.jpg,valid_D1_36a5afee-60a5-11ec-8402-0a7404972c70_jpg.rf.acKaK5ibkO93mB77VGEX.jpg,entropion,valid,dog_entropion,.jpg
expansion\dog_entropion\valid_D20_036cc6e5-60a5-11ec-8402-0a7404972c70_jpg.rf.V79u6ZYaLo8UcMQ1ctLV.jpg,valid_D20_036cc6e5-60a5-11ec-8402-0a7404972c70_jpg.rf.V79u6ZYaLo8UcMQ1ctLV.jpg,entropion,valid,dog_entropion,.jpg
expansion\dog_entropion\valid_D20_0e520697-60a5-11ec-8402-0a7404972c70_jpg.rf.9MKJtTpDIzC8AZ8JBO4i.jpg,valid_D20_0e520697-60a5-11ec-8402-0a7404972c70_jpg.rf.9MKJtTpDIzC8AZ8JBO4i.jpg,entropion,valid,dog_entropion,.jpg
expansion\dog_entropion\valid_D20_0e5fce68-60a5-11ec-8402-0a7404972c70_jpg.rf.Itfka7aWRrymMVu0eMWe.jpg,valid_D20_0e5fce68-60a5-11ec-8402-0a7404972c70_jpg.rf.Itfka7aWRrymMVu0eMWe.jpg,entropion,valid,dog_entropion,.jpg
expansion\dog_entropion\valid_D21_0e429179-60a5-11ec-8402-0a7404972c70_jpg.rf.KXTxTCnDLQqvcDRvIOtB.jpg,valid_D21_0e429179-60a5-11ec-8402-0a7404972c70_jpg.rf.KXTxTCnDLQqvcDRvIOtB.jpg,entropion,valid,dog_entropion,.jpg
expansion\dog_entropion\valid_D21_0e4a60ac-60a5-11ec-8402-0a7404972c70_jpg.rf.IEqn1VrSUhkP3hQkP8oU.jpg,valid_D21_0e4a60ac-60a5-11ec-8402-0a7404972c70_jpg.rf.IEqn1VrSUhkP3hQkP8oU.jpg,entropion,valid,dog_entropion,.jpg
expansion\dog_entropion\valid_D21_0e5ea30e-60a5-11ec-8402-0a7404972c70_jpg.rf.DiARVeQpIx1ZH5Q7Crkq.jpg,valid_D21_0e5ea30e-60a5-11ec-8402-0a7404972c70_jpg.rf.DiARVeQpIx1ZH5Q7Crkq.jpg,entropion,valid,dog_entropion,.jpg
expansion\dog_entropion\valid_D21_0e62449c-60a5-11ec-8402-0a7404972c70_jpg.rf.NfUgbWwi6hlbgJy8TYvy.jpg,valid_D21_0e62449c-60a5-11ec-8402-0a7404972c70_jpg.rf.NfUgbWwi6hlbgJy8TYvy.jpg,entropion,valid,dog_entropion,.jpg
expansion\dog_entropion\valid_D22_03664ada-60a5-11ec-8402-0a7404972c70_jpg.rf.Xh8PQnZ6BCVsQpSae6wS.jpg,valid_D22_03664ada-60a5-11ec-8402-0a7404972c70_jpg.rf.Xh8PQnZ6BCVsQpSae6wS.jpg,entropion,valid,dog_entropion,.jpg
expansion\dog_entropion\valid_D22_0e530ea1-60a5-11ec-8402-0a7404972c70_jpg.rf.GPI7czmhmyLYJMFFdMej.jpg,valid_D22_0e530ea1-60a5-11ec-8402-0a7404972c70_jpg.rf.GPI7czmhmyLYJMFFdMej.jpg,entropion,valid,dog_entropion,.jpg
expansion\dog_entropion\valid_D22_0e55e1af-60a5-11ec-8402-0a7404972c70_jpg.rf.eAVCOuBZyvFUh7anydTT.jpg,valid_D22_0e55e1af-60a5-11ec-8402-0a7404972c70_jpg.rf.eAVCOuBZyvFUh7anydTT.jpg,entropion,valid,dog_entropion,.jpg
expansion\dog_entropion\valid_D23_0e44b432-60a5-11ec-8402-0a7404972c70_jpg.rf.iMIoFm1SyEhUwUcmDYA6.jpg,valid_D23_0e44b432-60a5-11ec-8402-0a7404972c70_jpg.rf.iMIoFm1SyEhUwUcmDYA6.jpg,entropion,valid,dog_entropion,.jpg
expansion\dog_entropion\valid_D23_0e518c3c-60a5-11ec-8402-0a7404972c70_jpg.rf.F8Q0XAjn4edNnd9JfPDH.jpg,valid_D23_0e518c3c-60a5-11ec-8402-0a7404972c70_jpg.rf.F8Q0XAjn4edNnd9JfPDH.jpg,entropion,valid,dog_entropion,.jpg
expansion\dog_entropion\valid_D23_0e5a706f-60a5-11ec-8402-0a7404972c70_jpg.rf.sK8dpTXVUwRepF8bo80B.jpg,valid_D23_0e5a706f-60a5-11ec-8402-0a7404972c70_jpg.rf.sK8dpTXVUwRepF8bo80B.jpg,entropion,valid,dog_entropion,.jpg
expansion\dog_entropion\valid_D23_0e5dd539-60a5-11ec-8402-0a7404972c70_jpg.rf.PetrdiZ2RiG6ZgCi0y3y.jpg,valid_D23_0e5dd539-60a5-11ec-8402-0a7404972c70_jpg.rf.PetrdiZ2RiG6ZgCi0y3y.jpg,entropion,valid,dog_entropion,.jpg
expansion\dog_entropion\valid_D23_0e616fc6-60a5-11ec-8402-0a7404972c70_jpg.rf.5OH3RO8Hr7C0cEmugKvU.jpg,valid_D23_0e616fc6-60a5-11ec-8402-0a7404972c70_jpg.rf.5OH3RO8Hr7C0cEmugKvU.jpg,entropion,valid,dog_entropion,.jpg
expansion\dog_entropion\valid_D23_0e657bd8-60a5-11ec-8402-0a7404972c70_jpg.rf.B7VmAOOvRPOOFdGyOGLo.jpg,valid_D23_0e657bd8-60a5-11ec-8402-0a7404972c70_jpg.rf.B7VmAOOvRPOOFdGyOGLo.jpg,entropion,valid,dog_entropion,.jpg
expansion\dog_entropion\valid_D23_2e2415cf-60a5-11ec-8402-0a7404972c70_jpg.rf.ovU3JJhA5hDs6tfQ48pL.jpg,valid_D23_2e2415cf-60a5-11ec-8402-0a7404972c70_jpg.rf.ovU3JJhA5hDs6tfQ48pL.jpg,entropion,valid,dog_entropion,.jpg
expansion\dog_entropion\valid_D24_0e4ad40b-60a5-11ec-8402-0a7404972c70_jpg.rf.je0hQSXANNW0rFVSTWqG.jpg,valid_D24_0e4ad40b-60a5-11ec-8402-0a7404972c70_jpg.rf.je0hQSXANNW0rFVSTWqG.jpg,entropion,valid,dog_entropion,.jpg
expansion\dog_entropion\valid_D24_0e4bb5ba-60a5-11ec-8402-0a7404972c70_jpg.rf.ktMRw22QHX2frGvjMYuo.jpg,valid_D24_0e4bb5ba-60a5-11ec-8402-0a7404972c70_jpg.rf.ktMRw22QHX2frGvjMYuo.jpg,entropion,valid,dog_entropion,.jpg
expansion\dog_entropion\valid_D24_3285cd24-60a5-11ec-8402-0a7404972c70_jpg.rf.yt8gbo4uYMIURyaGioBi.jpg,valid_D24_3285cd24-60a5-11ec-8402-0a7404972c70_jpg.rf.yt8gbo4uYMIURyaGioBi.jpg,entropion,valid,dog_entropion,.jpg
expansion\dog_entropion\valid_D25_0e47d134-60a5-11ec-8402-0a7404972c70_jpg.rf.QaRRdPTjXHZLf4xdikel.jpg,valid_D25_0e47d134-60a5-11ec-8402-0a7404972c70_jpg.rf.QaRRdPTjXHZLf4xdikel.jpg,entropion,valid,dog_entropion,.jpg
expansion\dog_entropion\valid_D25_0e4e5cbe-60a5-11ec-8402-0a7404972c70_jpg.rf.xmwOOFiF8ZomklsiSwGr.jpg,valid_D25_0e4e5cbe-60a5-11ec-8402-0a7404972c70_jpg.rf.xmwOOFiF8ZomklsiSwGr.jpg,entropion,valid,dog_entropion,.jpg
expansion\dog_entropion\valid_D25_0e600ab7-60a5-11ec-8402-0a7404972c70_jpg.rf.vwxqSqpRSrIVSMQVDLWN.jpg,valid_D25_0e600ab7-60a5-11ec-8402-0a7404972c70_jpg.rf.vwxqSqpRSrIVSMQVDLWN.jpg,entropion,valid,dog_entropion,.jpg
expansion\dog_entropion\valid_D25_36ae67e4-60a5-11ec-8402-0a7404972c70_jpg.rf.h5xi5GbG5wSC5zkElLH9.jpg,valid_D25_36ae67e4-60a5-11ec-8402-0a7404972c70_jpg.rf.h5xi5GbG5wSC5zkElLH9.jpg,entropion,valid,dog_entropion,.jpg
expansion\dog_entropion\valid_D26_0e5ead48-60a5-11ec-8402-0a7404972c70_jpg.rf.jfS6vSEvJW7QM9WL0zzo.jpg,valid_D26_0e5ead48-60a5-11ec-8402-0a7404972c70_jpg.rf.jfS6vSEvJW7QM9WL0zzo.jpg,entropion,valid,dog_entropion,.jpg
expansion\dog_entropion\valid_D27_0362376f-60a5-11ec-8402-0a7404972c70_jpg.rf.DTiLzZelZ7HmIrpYqCsV.jpg,valid_D27_0362376f-60a5-11ec-8402-0a7404972c70_jpg.rf.DTiLzZelZ7HmIrpYqCsV.jpg,entropion,valid,dog_entropion,.jpg
expansion\dog_entropion\valid_D27_0e4aa630-60a5-11ec-8402-0a7404972c70_jpg.rf.DILMggHWds5JiVd3CB6v.jpg,valid_D27_0e4aa630-60a5-11ec-8402-0a7404972c70_jpg.rf.DILMggHWds5JiVd3CB6v.jpg,entropion,valid,dog_entropion,.jpg
expansion\dog_entropion\valid_D27_0e51dd5f-60a5-11ec-8402-0a7404972c70_jpg.rf.YQs451xkfbM06myiSSxP.jpg,valid_D27_0e51dd5f-60a5-11ec-8402-0a7404972c70_jpg.rf.YQs451xkfbM06myiSSxP.jpg,entropion,valid,dog_entropion,.jpg
expansion\dog_entropion\valid_D27_0e58ce32-60a5-11ec-8402-0a7404972c70_jpg.rf.TlxkPS00zpHEZWQbgwQt.jpg,valid_D27_0e58ce32-60a5-11ec-8402-0a7404972c70_jpg.rf.TlxkPS00zpHEZWQbgwQt.jpg,entropion,valid,dog_entropion,.jpg
expansion\dog_entropion\valid_D27_0e601a35-60a5-11ec-8402-0a7404972c70_jpg.rf.5gT4MyhNf8ZcmaI3zTKJ.jpg,valid_D27_0e601a35-60a5-11ec-8402-0a7404972c70_jpg.rf.5gT4MyhNf8ZcmaI3zTKJ.jpg,entropion,valid,dog_entropion,.jpg
expansion\dog_entropion\valid_D27_0e62c95b-60a5-11ec-8402-0a7404972c70_jpg.rf.8o76idUQinF4qOQPdAXB.jpg,valid_D27_0e62c95b-60a5-11ec-8402-0a7404972c70_jpg.rf.8o76idUQinF4qOQPdAXB.jpg,entropion,valid,dog_entropion,.jpg
expansion\dog_entropion\valid_D28_0e566090-60a5-11ec-8402-0a7404972c70_jpg.rf.HQ4gTPFUrjiD9V1Ykasf.jpg,valid_D28_0e566090-60a5-11ec-8402-0a7404972c70_jpg.rf.HQ4gTPFUrjiD9V1Ykasf.jpg,entropion,valid,dog_entropion,.jpg
expansion\dog_entropion\valid_D28_0e603fea-60a5-11ec-8402-0a7404972c70_jpg.rf.YqBhXCVhvA38XLe7YtI2.jpg,valid_D28_0e603fea-60a5-11ec-8402-0a7404972c70_jpg.rf.YqBhXCVhvA38XLe7YtI2.jpg,entropion,valid,dog_entropion,.jpg
expansion\dog_entropion\valid_D28_0e7a4646-60a5-11ec-8402-0a7404972c70_jpg.rf.f6RJK1UC4HfP5xEQdB71.jpg,valid_D28_0e7a4646-60a5-11ec-8402-0a7404972c70_jpg.rf.f6RJK1UC4HfP5xEQdB71.jpg,entropion,valid,dog_entropion,.jpg
expansion\dog_entropion\valid_D28_32854acf-60a5-11ec-8402-0a7404972c70_jpg.rf.c8YZMtGdXLCZwpwukukb.jpg,valid_D28_32854acf-60a5-11ec-8402-0a7404972c70_jpg.rf.c8YZMtGdXLCZwpwukukb.jpg,entropion,valid,dog_entropion,.jpg
expansion\dog_entropion\valid_D28_36ae96c7-60a5-11ec-8402-0a7404972c70_jpg.rf.IYCNg4Pb99Y2Ve3rCgAD.jpg,valid_D28_36ae96c7-60a5-11ec-8402-0a7404972c70_jpg.rf.IYCNg4Pb99Y2Ve3rCgAD.jpg,entropion,valid,dog_entropion,.jpg
expansion\dog_entropion\valid_D29_0e46c50c-60a5-11ec-8402-0a7404972c70_jpg.rf.F5TvOnzFAk9JU9tSZvYq.jpg,valid_D29_0e46c50c-60a5-11ec-8402-0a7404972c70_jpg.rf.F5TvOnzFAk9JU9tSZvYq.jpg,entropion,valid,dog_entropion,.jpg
expansion\dog_entropion\valid_D29_0e520b71-60a5-11ec-8402-0a7404972c70_jpg.rf.uG7vnQYVthILsldST85V.jpg,valid_D29_0e520b71-60a5-11ec-8402-0a7404972c70_jpg.rf.uG7vnQYVthILsldST85V.jpg,entropion,valid,dog_entropion,.jpg
expansion\dog_entropion\valid_D29_0e6a9f10-60a5-11ec-8402-0a7404972c70_jpg.rf.0qx4hsbwCcQRwZq1tlsb.jpg,valid_D29_0e6a9f10-60a5-11ec-8402-0a7404972c70_jpg.rf.0qx4hsbwCcQRwZq1tlsb.jpg,entropion,valid,dog_entropion,.jpg
expansion\dog_entropion\valid_D2_0e5850dc-60a5-11ec-8402-0a7404972c70_jpg.rf.4EgjuTnnw6nWUnMJ7XJk.jpg,valid_D2_0e5850dc-60a5-11ec-8402-0a7404972c70_jpg.rf.4EgjuTnnw6nWUnMJ7XJk.jpg,entropion,valid,dog_entropion,.jpg
expansion\dog_entropion\valid_D2_36c582a8-60a5-11ec-8402-0a7404972c70_jpg.rf.10LEh8qm10oFTPu3bWoA.jpg,valid_D2_36c582a8-60a5-11ec-8402-0a7404972c70_jpg.rf.10LEh8qm10oFTPu3bWoA.jpg,entropion,valid,dog_entropion,.jpg
expansion\dog_entropion\valid_D30_0367f7a5-60a5-11ec-8402-0a7404972c70_jpg.rf.UTeOgtRBSj7LvmDa9ADQ.jpg,valid_D30_0367f7a5-60a5-11ec-8402-0a7404972c70_jpg.rf.UTeOgtRBSj7LvmDa9ADQ.jpg,entropion,valid,dog_entropion,.jpg
expansion\dog_entropion\valid_D30_0e5bf369-60a5-11ec-8402-0a7404972c70_jpg.rf.SFR4tmGtwAVueywLvZVJ.jpg,valid_D30_0e5bf369-60a5-11ec-8402-0a7404972c70_jpg.rf.SFR4tmGtwAVueywLvZVJ.jpg,entropion,valid,dog_entropion,.jpg
expansion\dog_entropion\valid_D30_0e5f54f0-60a5-11ec-8402-0a7404972c70_jpg.rf.9EOtFq3PA9KKkyPAIYcP.jpg,valid_D30_0e5f54f0-60a5-11ec-8402-0a7404972c70_jpg.rf.9EOtFq3PA9KKkyPAIYcP.jpg,entropion,valid,dog_entropion,.jpg
expansion\dog_entropion\valid_D31_0e4391e8-60a5-11ec-8402-0a7404972c70_jpg.rf.RHtwlcCb6Kj4X3OIzbnc.jpg,valid_D31_0e4391e8-60a5-11ec-8402-0a7404972c70_jpg.rf.RHtwlcCb6Kj4X3OIzbnc.jpg,entropion,valid,dog_entropion,.jpg
expansion\dog_entropion\valid_D31_0e588e5b-60a5-11ec-8402-0a7404972c70_jpg.rf.6R0RBqzYtBuOW6MWktIu.jpg,valid_D31_0e588e5b-60a5-11ec-8402-0a7404972c70_jpg.rf.6R0RBqzYtBuOW6MWktIu.jpg,entropion,valid,dog_entropion,.jpg
expansion\dog_entropion\valid_D31_0e6a99c6-60a5-11ec-8402-0a7404972c70_jpg.rf.cWA7rpGkJvQBqRnkDGdp.jpg,valid_D31_0e6a99c6-60a5-11ec-8402-0a7404972c70_jpg.rf.cWA7rpGkJvQBqRnkDGdp.jpg,entropion,valid,dog_entropion,.jpg
expansion\dog_entropion\valid_D31_0e782642-60a5-11ec-8402-0a7404972c70_jpg.rf.aqKSTORfTtkK4LK01Jyz.jpg,valid_D31_0e782642-60a5-11ec-8402-0a7404972c70_jpg.rf.aqKSTORfTtkK4LK01Jyz.jpg,entropion,valid,dog_entropion,.jpg
expansion\dog_entropion\valid_D32_0e43a213-60a5-11ec-8402-0a7404972c70_jpg.rf.9VgQp6E36upSZGpJWSkA.jpg,valid_D32_0e43a213-60a5-11ec-8402-0a7404972c70_jpg.rf.9VgQp6E36upSZGpJWSkA.jpg,entropion,valid,dog_entropion,.jpg
expansion\dog_entropion\valid_D32_0e4a911e-60a5-11ec-8402-0a7404972c70_jpg.rf.HgwXxSLDgHCxOQvtdYql.jpg,valid_D32_0e4a911e-60a5-11ec-8402-0a7404972c70_jpg.rf.HgwXxSLDgHCxOQvtdYql.jpg,entropion,valid,dog_entropion,.jpg
expansion\dog_entropion\valid_D32_0e561ea4-60a5-11ec-8402-0a7404972c70_jpg.rf.m7Msvbym7pIDaD2Q16oF.jpg,valid_D32_0e561ea4-60a5-11ec-8402-0a7404972c70_jpg.rf.m7Msvbym7pIDaD2Q16oF.jpg,entropion,valid,dog_entropion,.jpg
expansion\dog_entropion\valid_D32_0e57e99c-60a5-11ec-8402-0a7404972c70_jpg.rf.GAlyhyMMu2riuO0uSYi3.jpg,valid_D32_0e57e99c-60a5-11ec-8402-0a7404972c70_jpg.rf.GAlyhyMMu2riuO0uSYi3.jpg,entropion,valid,dog_entropion,.jpg
expansion\dog_entropion\valid_D32_2f2193aa-60a5-11ec-8402-0a7404972c70_jpg.rf.6giAwB664oyT0Dz8NTiI.jpg,valid_D32_2f2193aa-60a5-11ec-8402-0a7404972c70_jpg.rf.6giAwB664oyT0Dz8NTiI.jpg,entropion,valid,dog_entropion,.jpg
expansion\dog_entropion\valid_D33_0e45e5cb-60a5-11ec-8402-0a7404972c70_jpg.rf.qvZci1dy7e4VyovdHKEd.jpg,valid_D33_0e45e5cb-60a5-11ec-8402-0a7404972c70_jpg.rf.qvZci1dy7e4VyovdHKEd.jpg,entropion,valid,dog_entropion,.jpg
expansion\dog_entropion\valid_D33_0e47b73d-60a5-11ec-8402-0a7404972c70_jpg.rf.8tzYVEEdRoMWCwez3ppk.jpg,valid_D33_0e47b73d-60a5-11ec-8402-0a7404972c70_jpg.rf.8tzYVEEdRoMWCwez3ppk.jpg,entropion,valid,dog_entropion,.jpg
expansion\dog_entropion\valid_D33_0e49dab3-60a5-11ec-8402-0a7404972c70_jpg.rf.ZamvyHoPPtwJpm3L567g.jpg,valid_D33_0e49dab3-60a5-11ec-8402-0a7404972c70_jpg.rf.ZamvyHoPPtwJpm3L567g.jpg,entropion,valid,dog_entropion,.jpg
expansion\dog_entropion\valid_D34_31ca596f-60a5-11ec-8402-0a7404972c70_jpg.rf.bDBUpaeMk3enD0J2hfgz.jpg,valid_D34_31ca596f-60a5-11ec-8402-0a7404972c70_jpg.rf.bDBUpaeMk3enD0J2hfgz.jpg,entropion,valid,dog_entropion,.jpg
expansion\dog_entropion\valid_D34_36ae5853-60a5-11ec-8402-0a7404972c70_jpg.rf.btpvOODBDMV8QhVEC5v9.jpg,valid_D34_36ae5853-60a5-11ec-8402-0a7404972c70_jpg.rf.btpvOODBDMV8QhVEC5v9.jpg,entropion,valid,dog_entropion,.jpg
expansion\dog_entropion\valid_D3_0e53296b-60a5-11ec-8402-0a7404972c70_jpg.rf.Gdu8bpa6JcHt9ICFwBfV.jpg,valid_D3_0e53296b-60a5-11ec-8402-0a7404972c70_jpg.rf.Gdu8bpa6JcHt9ICFwBfV.jpg,entropion,valid,dog_entropion,.jpg
expansion\dog_entropion\valid_D3_0e57ef2e-60a5-11ec-8402-0a7404972c70_jpg.rf.YfE3EdAxG2EYyCw26ST6.jpg,valid_D3_0e57ef2e-60a5-11ec-8402-0a7404972c70_jpg.rf.YfE3EdAxG2EYyCw26ST6.jpg,entropion,valid,dog_entropion,.jpg
expansion\dog_entropion\valid_D3_0e5e6a48-60a5-11ec-8402-0a7404972c70_jpg.rf.HOmVVRNm1pq0yKH3eZhj.jpg,valid_D3_0e5e6a48-60a5-11ec-8402-0a7404972c70_jpg.rf.HOmVVRNm1pq0yKH3eZhj.jpg,entropion,valid,dog_entropion,.jpg
expansion\dog_entropion\valid_D3_0e645ec0-60a5-11ec-8402-0a7404972c70_jpg.rf.9Z2MLEKV1UZIgIu206pA.jpg,valid_D3_0e645ec0-60a5-11ec-8402-0a7404972c70_jpg.rf.9Z2MLEKV1UZIgIu206pA.jpg,entropion,valid,dog_entropion,.jpg
expansion\dog_entropion\valid_D3_0e72f554-60a5-11ec-8402-0a7404972c70_jpg.rf.GR0OICXC7zQZxspgqbts.jpg,valid_D3_0e72f554-60a5-11ec-8402-0a7404972c70_jpg.rf.GR0OICXC7zQZxspgqbts.jpg,entropion,valid,dog_entropion,.jpg
expansion\dog_entropion\valid_D4_2ed3ef8a-60a5-11ec-8402-0a7404972c70_jpg.rf.cMJ3RUQ7w3yl76XoqnRw.jpg,valid_D4_2ed3ef8a-60a5-11ec-8402-0a7404972c70_jpg.rf.cMJ3RUQ7w3yl76XoqnRw.jpg,entropion,valid,dog_entropion,.jpg
expansion\dog_entropion\valid_D5_03cdd596-60a5-11ec-8402-0a7404972c70_png.rf.bbpUriBpo16M30YFP9jl.png,valid_D5_03cdd596-60a5-11ec-8402-0a7404972c70_png.rf.bbpUriBpo16M30YFP9jl.png,entropion,valid,dog_entropion,.png
expansion\dog_entropion\valid_D5_0e60e0f0-60a5-11ec-8402-0a7404972c70_jpg.rf.evfpbZLGTiZjFNEcopXq.jpg,valid_D5_0e60e0f0-60a5-11ec-8402-0a7404972c70_jpg.rf.evfpbZLGTiZjFNEcopXq.jpg,entropion,valid,dog_entropion,.jpg
expansion\dog_entropion\valid_D5_29b7da81-60a5-11ec-8402-0a7404972c70_jpg.rf.g5m0kWoFEFu381Iy0RM4.jpg,valid_D5_29b7da81-60a5-11ec-8402-0a7404972c70_jpg.rf.g5m0kWoFEFu381Iy0RM4.jpg,entropion,valid,dog_entropion,.jpg
expansion\dog_entropion\valid_D5_29c6eb96-60a5-11ec-8402-0a7404972c70_jpg.rf.y8stX9dLaXC8a3RjNK3j.jpg,valid_D5_29c6eb96-60a5-11ec-8402-0a7404972c70_jpg.rf.y8stX9dLaXC8a3RjNK3j.jpg,entropion,valid,dog_entropion,.jpg
expansion\dog_entropion\valid_D5_29ecee19-60a5-11ec-8402-0a7404972c70_jpg.rf.1YVfE5Enchb369Rm5lrZ.jpg,valid_D5_29ecee19-60a5-11ec-8402-0a7404972c70_jpg.rf.1YVfE5Enchb369Rm5lrZ.jpg,entropion,valid,dog_entropion,.jpg
expansion\dog_entropion\valid_D5_29f30eef-60a5-11ec-8402-0a7404972c70_jpg.rf.1CP01vVJ1mtpxzsm9OM0.jpg,valid_D5_29f30eef-60a5-11ec-8402-0a7404972c70_jpg.rf.1CP01vVJ1mtpxzsm9OM0.jpg,entropion,valid,dog_entropion,.jpg
expansion\dog_entropion\valid_D5_29fa0dbe-60a5-11ec-8402-0a7404972c70_jpg.rf.zkeRen0cECPGFoVOWuyy.jpg,valid_D5_29fa0dbe-60a5-11ec-8402-0a7404972c70_jpg.rf.zkeRen0cECPGFoVOWuyy.jpg,entropion,valid,dog_entropion,.jpg
expansion\dog_entropion\valid_D6_245b4fcb-60a5-11ec-8402-0a7404972c70_jpg.rf.nKngg5s55hlEZvRYGK7N.jpg,valid_D6_245b4fcb-60a5-11ec-8402-0a7404972c70_jpg.rf.nKngg5s55hlEZvRYGK7N.jpg,entropion,valid,dog_entropion,.jpg
expansion\dog_entropion\valid_D6_29e2d64d-60a5-11ec-8402-0a7404972c70_jpg.rf.TW1l4n0rLFo9DREZwDqG.jpg,valid_D6_29e2d64d-60a5-11ec-8402-0a7404972c70_jpg.rf.TW1l4n0rLFo9DREZwDqG.jpg,entropion,valid,dog_entropion,.jpg
expansion\dog_entropion\valid_D7_03df5956-60a5-11ec-8402-0a7404972c70_png.rf.sHooi4Etsp94qwY9wOVQ.png,valid_D7_03df5956-60a5-11ec-8402-0a7404972c70_png.rf.sHooi4Etsp94qwY9wOVQ.png,entropion,valid,dog_entropion,.png
expansion\dog_entropion\valid_D7_0c0c35b6-60a5-11ec-8402-0a7404972c70_png.rf.YDYa9YkXYrjj6Jim5i4r.png,valid_D7_0c0c35b6-60a5-11ec-8402-0a7404972c70_png.rf.YDYa9YkXYrjj6Jim5i4r.png,entropion,valid,dog_entropion,.png
expansion\dog_entropion\valid_D7_0c3df5e1-60a5-11ec-8402-0a7404972c70_png.rf.6PoJYJStYfsCO7u2o7an.png,valid_D7_0c3df5e1-60a5-11ec-8402-0a7404972c70_png.rf.6PoJYJStYfsCO7u2o7an.png,entropion,valid,dog_entropion,.png
expansion\dog_entropion\valid_D7_0c568cb8-60a5-11ec-8402-0a7404972c70_png.rf.lrrSmkpusrT2CLt5tcZH.png,valid_D7_0c568cb8-60a5-11ec-8402-0a7404972c70_png.rf.lrrSmkpusrT2CLt5tcZH.png,entropion,valid,dog_entropion,.png
expansion\dog_entropion\valid_D7_29a9fe57-60a5-11ec-8402-0a7404972c70_jpg.rf.FOHUzRD8QJ6jMMqaH8Ud.jpg,valid_D7_29a9fe57-60a5-11ec-8402-0a7404972c70_jpg.rf.FOHUzRD8QJ6jMMqaH8Ud.jpg,entropion,valid,dog_entropion,.jpg
expansion\dog_entropion\valid_D7_29d49793-60a5-11ec-8402-0a7404972c70_jpg.rf.OF06L1DC2eO348Kcmt5j.jpg,valid_D7_29d49793-60a5-11ec-8402-0a7404972c70_jpg.rf.OF06L1DC2eO348Kcmt5j.jpg,entropion,valid,dog_entropion,.jpg
expansion\dog_entropion\valid_D8_0c545241-60a5-11ec-8402-0a7404972c70_png.rf.aTOc5ywnY8VlnSEio98L.png,valid_D8_0c545241-60a5-11ec-8402-0a7404972c70_png.rf.aTOc5ywnY8VlnSEio98L.png,entropion,valid,dog_entropion,.png
expansion\dog_entropion\valid_D8_247bfe39-60a5-11ec-8402-0a7404972c70_jpg.rf.jTf80etkqKG1EHAeh4Lj.jpg,valid_D8_247bfe39-60a5-11ec-8402-0a7404972c70_jpg.rf.jTf80etkqKG1EHAeh4Lj.jpg,entropion,valid,dog_entropion,.jpg
expansion\dog_entropion\valid_D9_0c1f0de5-60a5-11ec-8402-0a7404972c70_png.rf.5UOWzO2D7d6609iuqSWp.png,valid_D9_0c1f0de5-60a5-11ec-8402-0a7404972c70_png.rf.5UOWzO2D7d6609iuqSWp.png,entropion,valid,dog_entropion,.png
expansion\dog_entropion\valid_D9_0c48c788-60a5-11ec-8402-0a7404972c70_png.rf.JblaroRxurQJKWAfaCfk.png,valid_D9_0c48c788-60a5-11ec-8402-0a7404972c70_png.rf.JblaroRxurQJKWAfaCfk.png,entropion,valid,dog_entropion,.png
expansion\dog_entropion\valid_D9_29b99446-60a5-11ec-8402-0a7404972c70_jpg.rf.2UYLbj7W8TrGAtLUYxTX.jpg,valid_D9_29b99446-60a5-11ec-8402-0a7404972c70_jpg.rf.2UYLbj7W8TrGAtLUYxTX.jpg,entropion,valid,dog_entropion,.jpg
expansion\dog_entropion\valid_D9_29d584eb-60a5-11ec-8402-0a7404972c70_jpg.rf.LbABq3xmhBb0dpZSsAQI.jpg,valid_D9_29d584eb-60a5-11ec-8402-0a7404972c70_jpg.rf.LbABq3xmhBb0dpZSsAQI.jpg,entropion,valid,dog_entropion,.jpg
