image_a,image_b,hamming_distance
C:\Users\ashis\Desktop\ScanAI\dataset_manager\clean\_UNMAPPED\Unlabeled\roboflow__cattle-diseases__14_jpg.rf.440111ef644df4006dbb21e499397eba.jpg,C:\Users\ashis\Desktop\ScanAI\dataset_manager\clean\skin\lumpy_skin_disease\kaggle__devang03mgr__cattle-diseases-datasets__14_jpg.rf.30a3fd59d7395108a2c542ea26abdc68.jpg,0
C:\Users\ashis\Desktop\ScanAI\dataset_manager\clean\species_health\healthy_cattle\kaggle__devang03mgr__cattle-diseases-datasets__Ayrshirecattle105.jpg,C:\Users\ashis\Desktop\ScanAI\dataset_manager\clean\species_health\healthy_cattle\roboflow__cattle-diseases__Ayrshirecattle105_c_jpg.rf.0cc7ee09e4b2188c0069a704fbe1ebd4.jpg,2
C:\Users\ashis\Desktop\ScanAI\dataset_manager\clean\species_health\healthy_cattle\kaggle__devang03mgr__cattle-diseases-datasets__Ayrshirecattle6.jpg,C:\Users\ashis\Desktop\ScanAI\dataset_manager\clean\species_health\healthy_cattle\roboflow__cattle-diseases__Ayrshirecattle35_jpg.rf.14b798c8a2e4dd7c6558a8211122bdb2.jpg,4
C:\Users\ashis\Desktop\ScanAI\dataset_manager\clean\species_health\healthy_cattle\kaggle__devang03mgr__cattle-diseases-datasets__Ayrshirecattle84.jpg,C:\Users\ashis\Desktop\ScanAI\dataset_manager\clean\skin\healthy_skin\roboflow__lumpy-skin-disease-detection__Normal_Skin_114_png.rf.79b65f04fbc39ef373ff8ed3216bc208.jpg,0
C:\Users\ashis\Desktop\ScanAI\dataset_manager\clean\species_health\healthy_cattle\kaggle__devang03mgr__cattle-diseases-datasets__Ayrshirecattle84.jpg,C:\Users\ashis\Desktop\ScanAI\dataset_manager\clean\skin\healthy_skin\roboflow__lumpy-skin-disease-detection__Normal_Skin_400_png.rf.9ca54f87b31733002f8742d37c9f61eb.jpg,0
C:\Users\ashis\Desktop\ScanAI\dataset_manager\clean\species_health\healthy_cattle\kaggle__devang03mgr__cattle-diseases-datasets__HolsteinFriesiancattle10.jpg,C:\Users\ashis\Desktop\ScanAI\dataset_manager\clean\skin\healthy_skin\roboflow__lumpy-skin-disease-detection__Normal_Skin_337_png.rf.cf6906c3605e4ba0f9f5c6e4291ffab5.jpg,0
C:\Users\ashis\Desktop\ScanAI\dataset_manager\clean\species_health\healthy_cattle\kaggle__devang03mgr__cattle-diseases-datasets__HolsteinFriesiancattle105.jpg,C:\Users\ashis\Desktop\ScanAI\dataset_manager\clean\species_health\healthy_cattle\roboflow__cattle-diseases__download-5-_jpg.rf.ca8fdf4088b8e7f450c62e616886b9e3.jpg,0
C:\Users\ashis\Desktop\ScanAI\dataset_manager\clean\species_health\healthy_cattle\kaggle__devang03mgr__cattle-diseases-datasets__HolsteinFriesiancattle105.jpg,C:\Users\ashis\Desktop\ScanAI\dataset_manager\clean\skin\healthy_skin\roboflow__lumpy-skin-disease-detection__Normal_Skin_301_png.rf.d253201b603dd6389e29a6c0ce02c999.jpg,4
C:\Users\ashis\Desktop\ScanAI\dataset_manager\clean\species_health\healthy_cattle\kaggle__devang03mgr__cattle-diseases-datasets__HolsteinFriesiancattle12.jpg,C:\Users\ashis\Desktop\ScanAI\dataset_manager\clean\skin\healthy_skin\roboflow__lumpy-skin-disease-detection__Normal_Skin_106_png.rf.97f6258d3b1bc1c6f9da26e638c92919.jpg,0
C:\Users\ashis\Desktop\ScanAI\dataset_manager\clean\species_health\healthy_cattle\kaggle__devang03mgr__cattle-diseases-datasets__HolsteinFriesiancattle129.jpg,C:\Users\ashis\Desktop\ScanAI\dataset_manager\clean\species_health\healthy_cattle\roboflow__cattle-diseases__images-20-_jpg.rf.a239fbcb60d0b27a468e97ab0302d9b6.jpg,0
C:\Users\ashis\Desktop\ScanAI\dataset_manager\clean\species_health\healthy_cattle\kaggle__devang03mgr__cattle-diseases-datasets__HolsteinFriesiancattle2.jpg,C:\Users\ashis\Desktop\ScanAI\dataset_manager\clean\species_health\healthy_cattle\roboflow__cattle-diseases__download-6-_jpg.rf.3845380bb78f8cf3d6a4f2283e37d5c2.jpg,0
C:\Users\ashis\Desktop\ScanAI\dataset_manager\clean\species_health\healthy_cattle\kaggle__devang03mgr__cattle-diseases-datasets__HolsteinFriesiancattle2.jpg,C:\Users\ashis\Desktop\ScanAI\dataset_manager\clean\skin\healthy_skin\roboflow__lumpy-skin-disease-detection__Normal_Skin_117_png.rf.3a23b26131686bf73fc106dabd5932ea.jpg,0
C:\Users\ashis\Desktop\ScanAI\dataset_manager\clean\species_health\healthy_cattle\kaggle__devang03mgr__cattle-diseases-datasets__imgs001.jpg,C:\Users\ashis\Desktop\ScanAI\dataset_manager\clean\skin\healthy_skin\roboflow__lumpy-skin-disease-detection__Normal_Skin_536_png.rf.1f2fd6ee14f0e2c0a5900d1f0f6af1e1.jpg,2
C:\Users\ashis\Desktop\ScanAI\dataset_manager\clean\species_health\healthy_cattle\kaggle__devang03mgr__cattle-diseases-datasets__imgs011.jpg,C:\Users\ashis\Desktop\ScanAI\dataset_manager\clean\species_health\healthy_cattle\roboflow__cattle-diseases__download-21-_jpg.rf.f89105cbd6342ecdf54ffa01b4c2b35f.jpg,0
C:\Users\ashis\Desktop\ScanAI\dataset_manager\clean\species_health\healthy_cattle\kaggle__devang03mgr__cattle-diseases-datasets__imgs025.jpg,C:\Users\ashis\Desktop\ScanAI\dataset_manager\clean\skin\healthy_skin\roboflow__lumpy-skin-disease-detection__Normal_Skin_397_png.rf.eee01d5591b85ad2ff7fbda150649993.jpg,0
C:\Users\ashis\Desktop\ScanAI\dataset_manager\clean\species_health\healthy_cattle\kaggle__devang03mgr__cattle-diseases-datasets__imgs036.jpg,C:\Users\ashis\Desktop\ScanAI\dataset_manager\clean\species_health\healthy_cattle\roboflow__cattle-diseases__images-16-_jpg.rf.2d11b0b3fb3102337033b988545be834.jpg,0
C:\Users\ashis\Desktop\ScanAI\dataset_manager\clean\species_health\healthy_cattle\kaggle__devang03mgr__cattle-diseases-datasets__imgs044.jpg,C:\Users\ashis\Desktop\ScanAI\dataset_manager\clean\skin\healthy_skin\roboflow__lumpy-skin-disease-detection__Normal_Skin_440_png.rf.a5b18b42171ccacf163efd2334114293.jpg,0
C:\Users\ashis\Desktop\ScanAI\dataset_manager\clean\species_health\healthy_cattle\kaggle__devang03mgr__cattle-diseases-datasets__imgs045.jpg,C:\Users\ashis\Desktop\ScanAI\dataset_manager\clean\skin\healthy_skin\roboflow__lumpy-skin-disease-detection__Normal_Skin_139_png.rf.1226cd26b52a507a85db736510a2abdb.jpg,0
C:\Users\ashis\Desktop\ScanAI\dataset_manager\clean\species_health\healthy_cattle\kaggle__devang03mgr__cattle-diseases-datasets__imgs079.jpg,C:\Users\ashis\Desktop\ScanAI\dataset_manager\clean\skin\healthy_skin\roboflow__lumpy-skin-disease-detection__Normal_Skin_276_png.rf.540dd7a9eb36eb609adb9be8d43100e3.jpg,0
C:\Users\ashis\Desktop\ScanAI\dataset_manager\clean\species_health\healthy_cattle\kaggle__devang03mgr__cattle-diseases-datasets__imgs108.jpg,C:\Users\ashis\Desktop\ScanAI\dataset_manager\clean\species_health\healthy_cattle\roboflow__cattle-diseases__images-15-_jpg.rf.2c0161579f89932a371deefbd8422b5a.jpg,0
C:\Users\ashis\Desktop\ScanAI\dataset_manager\clean\species_health\healthy_cattle\kaggle__devang03mgr__cattle-diseases-datasets__imgs149.jpg,C:\Users\ashis\Desktop\ScanAI\dataset_manager\clean\species_health\healthy_cattle\roboflow__cattle-diseases__download-23-_jpg.rf.85d36a373b96515c9a24182cbeb36d27.jpg,2
C:\Users\ashis\Desktop\ScanAI\dataset_manager\clean\species_health\healthy_cattle\kaggle__devang03mgr__cattle-diseases-datasets__imgs184.jpg,C:\Users\ashis\Desktop\ScanAI\dataset_manager\clean\skin\healthy_skin\roboflow__lumpy-skin-disease-detection__Normal_Skin_345_png.rf.829076467b7d5a8cf73baf8751e6ace1.jpg,2
C:\Users\ashis\Desktop\ScanAI\dataset_manager\clean\species_health\healthy_cattle\kaggle__devang03mgr__cattle-diseases-datasets__imgs208.jpg,C:\Users\ashis\Desktop\ScanAI\dataset_manager\clean\skin\healthy_skin\roboflow__lumpy-skin-disease-detection__Normal_Skin_699_png.rf.ddb8d82da74991b50bc3c881f0a72fef.jpg,2
C:\Users\ashis\Desktop\ScanAI\dataset_manager\clean\species_health\healthy_cattle\kaggle__devang03mgr__cattle-diseases-datasets__imgs230.jpg,C:\Users\ashis\Desktop\ScanAI\dataset_manager\clean\skin\healthy_skin\roboflow__lumpy-skin-disease-detection__Normal_Skin_383_png.rf.750bc44b404fdd5184426b57f661a3de.jpg,0
C:\Users\ashis\Desktop\ScanAI\dataset_manager\clean\species_health\healthy_cattle\kaggle__devang03mgr__cattle-diseases-datasets__imgs271(1).jpg,C:\Users\ashis\Desktop\ScanAI\dataset_manager\clean\skin\healthy_skin\roboflow__lumpy-skin-disease-detection__Normal_Skin_461_png.rf.c7b3164a68324862bd366e65da8bf048.jpg,0
C:\Users\ashis\Desktop\ScanAI\dataset_manager\clean\species_health\healthy_cattle\kaggle__devang03mgr__cattle-diseases-datasets__imgs405.jpg,C:\Users\ashis\Desktop\ScanAI\dataset_manager\clean\skin\healthy_skin\roboflow__lumpy-skin-disease-detection__Normal_Skin_335_png.rf.d43785d9a35eb643f517f857298b1c4c.jpg,0
C:\Users\ashis\Desktop\ScanAI\dataset_manager\clean\species_health\healthy_cattle\kaggle__devang03mgr__cattle-diseases-datasets__imgs433.jpg,C:\Users\ashis\Desktop\ScanAI\dataset_manager\clean\species_health\healthy_cattle\roboflow__cattle-diseases__download-1-_jpg.rf.98ff6ed9b57339b71efdffc7253aeb7f.jpg,0
C:\Users\ashis\Desktop\ScanAI\dataset_manager\clean\species_health\healthy_cattle\kaggle__devang03mgr__cattle-diseases-datasets__imgs433.jpg,C:\Users\ashis\Desktop\ScanAI\dataset_manager\clean\skin\healthy_skin\roboflow__lumpy-skin-disease-detection__Normal_Skin_155_png.rf.b7973af74c411dac4bd2000504e2e9c9.jpg,0
C:\Users\ashis\Desktop\ScanAI\dataset_manager\clean\species_health\healthy_cattle\kaggle__devang03mgr__cattle-diseases-datasets__imgs433.jpg,C:\Users\ashis\Desktop\ScanAI\dataset_manager\clean\skin\healthy_skin\roboflow__lumpy-skin-disease-detection__Normal_Skin_98_png.rf.a31241f097bee31514b866a9cefe8e72.jpg,0
C:\Users\ashis\Desktop\ScanAI\dataset_manager\clean\species_health\healthy_cattle\kaggle__devang03mgr__cattle-diseases-datasets__imgs445.jpg,C:\Users\ashis\Desktop\ScanAI\dataset_manager\clean\species_health\healthy_cattle\roboflow__cattle-diseases__istockphoto-1373122449-612x612_jpg.rf.02acad440b4eefae803a5fb3b27889f8.jpg,4
C:\Users\ashis\Desktop\ScanAI\dataset_manager\clean\species_health\healthy_cattle\kaggle__devang03mgr__cattle-diseases-datasets__Jerseycattle0.jpg,C:\Users\ashis\Desktop\ScanAI\dataset_manager\clean\species_health\healthy_cattle\roboflow__cattle-diseases__images-33-_jpg.rf.fc4f51b09b56e3ca88168cb831d44eb2.jpg,0
C:\Users\ashis\Desktop\ScanAI\dataset_manager\clean\species_health\healthy_cattle\kaggle__devang03mgr__cattle-diseases-datasets__Jerseycattle0.jpg,C:\Users\ashis\Desktop\ScanAI\dataset_manager\clean\skin\healthy_skin\roboflow__lumpy-skin-disease-detection__Normal_Skin_157_png.rf.6ecc73ee6d3cab9c6321f44134ffe8e2.jpg,0
C:\Users\ashis\Desktop\ScanAI\dataset_manager\clean\species_health\healthy_cattle\kaggle__devang03mgr__cattle-diseases-datasets__Jerseycattle0.jpg,C:\Users\ashis\Desktop\ScanAI\dataset_manager\clean\skin\healthy_skin\roboflow__lumpy-skin-disease-detection__Normal_Skin_656_png.rf.501526d9f754f4e2c428568732acccb1.jpg,0
C:\Users\ashis\Desktop\ScanAI\dataset_manager\clean\species_health\healthy_cattle\kaggle__devang03mgr__cattle-diseases-datasets__Jerseycattle5.jpg,C:\Users\ashis\Desktop\ScanAI\dataset_manager\clean\skin\healthy_skin\roboflow__lumpy-skin-disease-detection__Normal_Skin_png.rf.929eb93379e7fe806e107cbce57fe6ff.jpg,0
C:\Users\ashis\Desktop\ScanAI\dataset_manager\clean\species_health\healthy_cattle\kaggle__devang03mgr__cattle-diseases-datasets__Normal_Skin_172_png.rf.190ae94773f3d483b4e2f55f62a9fab8.jpg,C:\Users\ashis\Desktop\ScanAI\dataset_manager\clean\skin\healthy_skin\roboflow__lumpy-skin-disease-detection__Normal_Skin_133_png.rf.db942709f865c2aa26bfd5d8a7cc8444.jpg,0
C:\Users\ashis\Desktop\ScanAI\dataset_manager\clean\species_health\healthy_cattle\kaggle__devang03mgr__cattle-diseases-datasets__Normal_Skin_172_png.rf.190ae94773f3d483b4e2f55f62a9fab8.jpg,C:\Users\ashis\Desktop\ScanAI\dataset_manager\clean\skin\healthy_skin\roboflow__lumpy-skin-disease-detection__Normal_Skin_172_png.rf.446b4c61d84959c94601333994773998.jpg,0
C:\Users\ashis\Desktop\ScanAI\dataset_manager\clean\species_health\healthy_cattle\kaggle__devang03mgr__cattle-diseases-datasets__Normal_Skin_177_png.rf.73cbab2fc4d79db8b22493c107ae4320.jpg,C:\Users\ashis\Desktop\ScanAI\dataset_manager\clean\skin\healthy_skin\roboflow__lumpy-skin-disease-detection__Normal_Skin_177_png.rf.b95992f4642e34a48b354fcf25753f79.jpg,0
C:\Users\ashis\Desktop\ScanAI\dataset_manager\clean\species_health\healthy_cattle\kaggle__devang03mgr__cattle-diseases-datasets__Normal_Skin_185_png.rf.1ec32e422d32edd76ebe5db180325f51.jpg,C:\Users\ashis\Desktop\ScanAI\dataset_manager\clean\skin\healthy_skin\roboflow__lumpy-skin-disease-detection__Normal_Skin_185_png.rf.c37c11815544d398edbba58990baac03.jpg,0
C:\Users\ashis\Desktop\ScanAI\dataset_manager\clean\species_health\healthy_cattle\kaggle__devang03mgr__cattle-diseases-datasets__Normal_Skin_207_png.rf.de82681cdd5bac8ab3143cef16ffc287.jpg,C:\Users\ashis\Desktop\ScanAI\dataset_manager\clean\skin\healthy_skin\roboflow__lumpy-skin-disease-detection__Normal_Skin_207_png.rf.d7f0b7b5270dfd41768cbccffb4c18d0.jpg,0
C:\Users\ashis\Desktop\ScanAI\dataset_manager\clean\species_health\healthy_cattle\kaggle__devang03mgr__cattle-diseases-datasets__Normal_Skin_207_png.rf.de82681cdd5bac8ab3143cef16ffc287.jpg,C:\Users\ashis\Desktop\ScanAI\dataset_manager\clean\skin\healthy_skin\roboflow__lumpy-skin-disease-detection__Normal_Skin_87_png.rf.428de8be5a77ba5a9c508279f9429253.jpg,0
C:\Users\ashis\Desktop\ScanAI\dataset_manager\clean\species_health\healthy_cattle\kaggle__devang03mgr__cattle-diseases-datasets__Normal_Skin_215_png.rf.8039277bcac9ad2d66f3b4e9d4ad8471.jpg,C:\Users\ashis\Desktop\ScanAI\dataset_manager\clean\skin\healthy_skin\roboflow__lumpy-skin-disease-detection__Normal_Skin_215_png.rf.3d6b289bfbe78cf0471d60fd0e586aca.jpg,0
C:\Users\ashis\Desktop\ScanAI\dataset_manager\clean\species_health\healthy_cattle\kaggle__devang03mgr__cattle-diseases-datasets__Normal_Skin_22_png.rf.9247d2b79d717bff55504e0e8ca39084.jpg,C:\Users\ashis\Desktop\ScanAI\dataset_manager\clean\skin\healthy_skin\roboflow__lumpy-skin-disease-detection__Normal_Skin_22_png.rf.ae7964d28e5854ad247cc0402aa99731.jpg,0
C:\Users\ashis\Desktop\ScanAI\dataset_manager\clean\species_health\healthy_cattle\kaggle__devang03mgr__cattle-diseases-datasets__Normal_Skin_240_png.rf.1a4b926fb56929d943500c1eb246eea5.jpg,C:\Users\ashis\Desktop\ScanAI\dataset_manager\clean\skin\healthy_skin\roboflow__lumpy-skin-disease-detection__Normal_Skin_240_png.rf.b8a9dc81e034b8505e6f20f3872e8da8.jpg,0
C:\Users\ashis\Desktop\ScanAI\dataset_manager\clean\species_health\healthy_cattle\kaggle__devang03mgr__cattle-diseases-datasets__Normal_Skin_240_png.rf.1a4b926fb56929d943500c1eb246eea5.jpg,C:\Users\ashis\Desktop\ScanAI\dataset_manager\clean\skin\healthy_skin\roboflow__lumpy-skin-disease-detection__Normal_Skin_44_png.rf.34830836a4d3547bd6f1ed9ef7a71b05.jpg,0
C:\Users\ashis\Desktop\ScanAI\dataset_manager\clean\species_health\healthy_cattle\kaggle__devang03mgr__cattle-diseases-datasets__Normal_Skin_243_png.rf.090ec2c522227c53758368b6a40b7fc0.jpg,C:\Users\ashis\Desktop\ScanAI\dataset_manager\clean\skin\healthy_skin\roboflow__lumpy-skin-disease-detection__Normal_Skin_243_png.rf.895a8e01d814a44fb5d4a0273284ab27.jpg,0
C:\Users\ashis\Desktop\ScanAI\dataset_manager\clean\species_health\healthy_cattle\kaggle__devang03mgr__cattle-diseases-datasets__Normal_Skin_244_png.rf.5cd19bdc520c094f9b25072cacf324a2.jpg,C:\Users\ashis\Desktop\ScanAI\dataset_manager\clean\skin\healthy_skin\roboflow__lumpy-skin-disease-detection__Normal_Skin_244_png.rf.16a80c3fedca0a64b72982d655968943.jpg,0
C:\Users\ashis\Desktop\ScanAI\dataset_manager\clean\species_health\healthy_cattle\kaggle__devang03mgr__cattle-diseases-datasets__Normal_Skin_245_png.rf.17c7472e2180e0483e5516ef7e5dee87.jpg,C:\Users\ashis\Desktop\ScanAI\dataset_manager\clean\skin\healthy_skin\roboflow__lumpy-skin-disease-detection__Normal_Skin_245_png.rf.ee7b06acaa6e2c0fd5bacde9c3ef7049.jpg,0
C:\Users\ashis\Desktop\ScanAI\dataset_manager\clean\species_health\healthy_cattle\kaggle__devang03mgr__cattle-diseases-datasets__Normal_Skin_248_png.rf.cb16f5b3943025369fb3f1a4304b95a4.jpg,C:\Users\ashis\Desktop\ScanAI\dataset_manager\clean\skin\healthy_skin\roboflow__lumpy-skin-disease-detection__Normal_Skin_248_png.rf.ba64d58f45086a9786f0fcfad5632b4f.jpg,0
C:\Users\ashis\Desktop\ScanAI\dataset_manager\clean\species_health\healthy_cattle\kaggle__devang03mgr__cattle-diseases-datasets__Normal_Skin_249_png.rf.860678104b60fccab37a5b2719c2a7e0.jpg,C:\Users\ashis\Desktop\ScanAI\dataset_manager\clean\skin\healthy_skin\roboflow__lumpy-skin-disease-detection__Normal_Skin_249_png.rf.9caa994c3fd73fddf70254d0ee495ffd.jpg,0
C:\Users\ashis\Desktop\ScanAI\dataset_manager\clean\species_health\healthy_cattle\kaggle__devang03mgr__cattle-diseases-datasets__Normal_Skin_249_png.rf.860678104b60fccab37a5b2719c2a7e0.jpg,C:\Users\ashis\Desktop\ScanAI\dataset_manager\clean\skin\healthy_skin\roboflow__lumpy-skin-disease-detection__Normal_Skin_90_png.rf.56025f2b05b8ae08669050020a2b0acc.jpg,0
C:\Users\ashis\Desktop\ScanAI\dataset_manager\clean\species_health\healthy_cattle\kaggle__devang03mgr__cattle-diseases-datasets__Normal_Skin_251_png.rf.fc442aa9be0bf923678abc4675c1c733.jpg,C:\Users\ashis\Desktop\ScanAI\dataset_manager\clean\skin\healthy_skin\roboflow__lumpy-skin-disease-detection__Normal_Skin_251_png.rf.a484f30f9030e6fa17b080153cd13bc4.jpg,0
C:\Users\ashis\Desktop\ScanAI\dataset_manager\clean\species_health\healthy_cattle\kaggle__devang03mgr__cattle-diseases-datasets__Normal_Skin_255_png.rf.6fbac0cd7e5acfd5baf4fa8249a2d49f.jpg,C:\Users\ashis\Desktop\ScanAI\dataset_manager\clean\skin\healthy_skin\roboflow__lumpy-skin-disease-detection__Normal_Skin_255_png.rf.f47959be95fc025a39381d29a05d4d19.jpg,0
C:\Users\ashis\Desktop\ScanAI\dataset_manager\clean\species_health\healthy_cattle\kaggle__devang03mgr__cattle-diseases-datasets__Normal_Skin_256_png.rf.c763bf85393a88d5fdd1792492575340.jpg,C:\Users\ashis\Desktop\ScanAI\dataset_manager\clean\skin\healthy_skin\roboflow__lumpy-skin-disease-detection__Normal_Skin_256_png.rf.4a61c11fd1b9e63213ed60bae4adca38.jpg,0
C:\Users\ashis\Desktop\ScanAI\dataset_manager\clean\species_health\healthy_cattle\kaggle__devang03mgr__cattle-diseases-datasets__Normal_Skin_257_png.rf.9e3e7ea00c25db12a3c8de9c6234fd7b.jpg,C:\Users\ashis\Desktop\ScanAI\dataset_manager\clean\skin\healthy_skin\roboflow__lumpy-skin-disease-detection__Normal_Skin_257_png.rf.e0527d2537d869f1af4416e841dff148.jpg,0
C:\Users\ashis\Desktop\ScanAI\dataset_manager\clean\species_health\healthy_cattle\kaggle__devang03mgr__cattle-diseases-datasets__Normal_Skin_261_png.rf.a4e5309db2e686fad5831216795bc8d9.jpg,C:\Users\ashis\Desktop\ScanAI\dataset_manager\clean\skin\healthy_skin\roboflow__lumpy-skin-disease-detection__Normal_Skin_261_png.rf.a9784e170e9e4c1bea862ddac4b3d6be.jpg,0
C:\Users\ashis\Desktop\ScanAI\dataset_manager\clean\species_health\healthy_cattle\kaggle__devang03mgr__cattle-diseases-datasets__Normal_Skin_268_png.rf.bef4a2b270a2cefc6d75108f2ba719d1.jpg,C:\Users\ashis\Desktop\ScanAI\dataset_manager\clean\skin\healthy_skin\roboflow__lumpy-skin-disease-detection__Normal_Skin_268_png.rf.f777822e442877a9a976c89a298e1618.jpg,0
C:\Users\ashis\Desktop\ScanAI\dataset_manager\clean\species_health\healthy_cattle\kaggle__devang03mgr__cattle-diseases-datasets__Normal_Skin_277_png.rf.a5a8f506a881f05ea1407835b75bc49a.jpg,C:\Users\ashis\Desktop\ScanAI\dataset_manager\clean\skin\healthy_skin\roboflow__lumpy-skin-disease-detection__Normal_Skin_277_png.rf.97381ccab8643402bc575b2e6efcb0e3.jpg,0
C:\Users\ashis\Desktop\ScanAI\dataset_manager\clean\species_health\healthy_cattle\kaggle__devang03mgr__cattle-diseases-datasets__Normal_Skin_27_png.rf.be2c3616f1fe148c75cdafc16c168b63.jpg,C:\Users\ashis\Desktop\ScanAI\dataset_manager\clean\skin\healthy_skin\roboflow__lumpy-skin-disease-detection__Normal_Skin_27_png.rf.65e74f622bf888af58537877d723f36b.jpg,0
C:\Users\ashis\Desktop\ScanAI\dataset_manager\clean\species_health\healthy_cattle\kaggle__devang03mgr__cattle-diseases-datasets__Normal_Skin_27_png.rf.be2c3616f1fe148c75cdafc16c168b63.jpg,C:\Users\ashis\Desktop\ScanAI\dataset_manager\clean\skin\healthy_skin\roboflow__lumpy-skin-disease-detection__Normal_Skin_598_png.rf.0853270cf9a0a1f170b83b32c4903219.jpg,0
C:\Users\ashis\Desktop\ScanAI\dataset_manager\clean\species_health\healthy_cattle\kaggle__devang03mgr__cattle-diseases-datasets__Normal_Skin_281_png.rf.74386b5b577213cfe998dc70701b74c1.jpg,C:\Users\ashis\Desktop\ScanAI\dataset_manager\clean\skin\healthy_skin\roboflow__lumpy-skin-disease-detection__Normal_Skin_281_png.rf.d7f9cb114c71df2fbc5b48fec87ab4a1.jpg,0
C:\Users\ashis\Desktop\ScanAI\dataset_manager\clean\species_health\healthy_cattle\kaggle__devang03mgr__cattle-diseases-datasets__Normal_Skin_31_png.rf.edf82e5508525c4caf422fbce4eecdae.jpg,C:\Users\ashis\Desktop\ScanAI\dataset_manager\clean\skin\healthy_skin\roboflow__lumpy-skin-disease-detection__Normal_Skin_31_png.rf.41107f45e28345e453d761fde13f64cb.jpg,0
C:\Users\ashis\Desktop\ScanAI\dataset_manager\clean\species_health\healthy_cattle\kaggle__devang03mgr__cattle-diseases-datasets__Normal_Skin_32_png.rf.105c6f5d10ce89c611adfc006f0d4d92.jpg,C:\Users\ashis\Desktop\ScanAI\dataset_manager\clean\skin\healthy_skin\roboflow__lumpy-skin-disease-detection__Normal_Skin_32_png.rf.a7da8f959b04fa3e9438a318f8443a4d.jpg,0
C:\Users\ashis\Desktop\ScanAI\dataset_manager\clean\species_health\healthy_cattle\kaggle__devang03mgr__cattle-diseases-datasets__Normal_Skin_35_png.rf.849090038f92b73aba8199320c4cc99d.jpg,C:\Users\ashis\Desktop\ScanAI\dataset_manager\clean\skin\healthy_skin\roboflow__lumpy-skin-disease-detection__Normal_Skin_35_png.rf.e161ee3848d7f9773ac4e9f363047b6c.jpg,0
C:\Users\ashis\Desktop\ScanAI\dataset_manager\clean\species_health\healthy_cattle\kaggle__devang03mgr__cattle-diseases-datasets__Normal_Skin_556-resized.jpg,C:\Users\ashis\Desktop\ScanAI\dataset_manager\clean\skin\healthy_skin\roboflow__lumpy-skin-disease-detection__Normal_Skin_556_png.rf.b654e23d63026df6a3571a19a4ef757a.jpg,0
C:\Users\ashis\Desktop\ScanAI\dataset_manager\clean\species_health\healthy_cattle\kaggle__devang03mgr__cattle-diseases-datasets__Normal_Skin_557-resized.jpg,C:\Users\ashis\Desktop\ScanAI\dataset_manager\clean\skin\healthy_skin\roboflow__lumpy-skin-disease-detection__Normal_Skin_557_png.rf.09f71798d06ad6702ea80717643514ff.jpg,0
C:\Users\ashis\Desktop\ScanAI\dataset_manager\clean\species_health\healthy_cattle\kaggle__devang03mgr__cattle-diseases-datasets__Normal_Skin_558-resized.jpg,C:\Users\ashis\Desktop\ScanAI\dataset_manager\clean\skin\healthy_skin\roboflow__lumpy-skin-disease-detection__Normal_Skin_558_png.rf.35bc09e0487ac7a11c7ac9211695580b.jpg,0
C:\Users\ashis\Desktop\ScanAI\dataset_manager\clean\species_health\healthy_cattle\kaggle__devang03mgr__cattle-diseases-datasets__Normal_Skin_559-resized.jpg,C:\Users\ashis\Desktop\ScanAI\dataset_manager\clean\skin\healthy_skin\roboflow__lumpy-skin-disease-detection__Normal_Skin_559_png.rf.5aa5db5bdfa9a0e8c44fb9b899d61f82.jpg,0
C:\Users\ashis\Desktop\ScanAI\dataset_manager\clean\species_health\healthy_cattle\kaggle__devang03mgr__cattle-diseases-datasets__Normal_Skin_56-resized.jpg,C:\Users\ashis\Desktop\ScanAI\dataset_manager\clean\skin\healthy_skin\roboflow__lumpy-skin-disease-detection__Normal_Skin_56_png.rf.76d3b3e6d9ce91b0d0b95c5bddc0d651.jpg,0
C:\Users\ashis\Desktop\ScanAI\dataset_manager\clean\species_health\healthy_cattle\kaggle__devang03mgr__cattle-diseases-datasets__Normal_Skin_560-resized.jpg,C:\Users\ashis\Desktop\ScanAI\dataset_manager\clean\skin\healthy_skin\roboflow__lumpy-skin-disease-detection__Normal_Skin_560_png.rf.3ccad5cd39a24c10b95fe37b5f5d35bf.jpg,0
C:\Users\ashis\Desktop\ScanAI\dataset_manager\clean\species_health\healthy_cattle\kaggle__devang03mgr__cattle-diseases-datasets__Normal_Skin_561-resized.jpg,C:\Users\ashis\Desktop\ScanAI\dataset_manager\clean\skin\healthy_skin\roboflow__lumpy-skin-disease-detection__Normal_Skin_561_png.rf.5850878297af5f6f3576c9d5e63206da.jpg,0
C:\Users\ashis\Desktop\ScanAI\dataset_manager\clean\species_health\healthy_cattle\kaggle__devang03mgr__cattle-diseases-datasets__Normal_Skin_562-resized.jpg,C:\Users\ashis\Desktop\ScanAI\dataset_manager\clean\skin\healthy_skin\roboflow__lumpy-skin-disease-detection__Normal_Skin_562_png.rf.05fc929341254204d8653fefa45ce5ee.jpg,0
C:\Users\ashis\Desktop\ScanAI\dataset_manager\clean\species_health\healthy_cattle\kaggle__devang03mgr__cattle-diseases-datasets__Normal_Skin_563-resized.jpg,C:\Users\ashis\Desktop\ScanAI\dataset_manager\clean\skin\healthy_skin\roboflow__lumpy-skin-disease-detection__Normal_Skin_563_png.rf.8d73047dcd2eeb88fd93c3d32aeceac3.jpg,0
C:\Users\ashis\Desktop\ScanAI\dataset_manager\clean\species_health\healthy_cattle\kaggle__devang03mgr__cattle-diseases-datasets__Normal_Skin_564-resized.jpg,C:\Users\ashis\Desktop\ScanAI\dataset_manager\clean\skin\healthy_skin\roboflow__lumpy-skin-disease-detection__Normal_Skin_564_png.rf.3ac2ec4c28997293dc713aa1748388a3.jpg,0
C:\Users\ashis\Desktop\ScanAI\dataset_manager\clean\species_health\healthy_cattle\kaggle__devang03mgr__cattle-diseases-datasets__Normal_Skin_565-resized.jpg,C:\Users\ashis\Desktop\ScanAI\dataset_manager\clean\skin\healthy_skin\roboflow__lumpy-skin-disease-detection__Normal_Skin_565_png.rf.3b8b8e8fb4cb88064416060b79b3d65f.jpg,0
C:\Users\ashis\Desktop\ScanAI\dataset_manager\clean\species_health\healthy_cattle\kaggle__devang03mgr__cattle-diseases-datasets__Normal_Skin_565-resized.jpg,C:\Users\ashis\Desktop\ScanAI\dataset_manager\clean\skin\healthy_skin\roboflow__lumpy-skin-disease-detection__Normal_Skin_712_png.rf.7a28f45cd65b286caa55b889ea7ca76e.jpg,2
C:\Users\ashis\Desktop\ScanAI\dataset_manager\clean\species_health\healthy_cattle\kaggle__devang03mgr__cattle-diseases-datasets__Normal_Skin_566-resized.jpg,C:\Users\ashis\Desktop\ScanAI\dataset_manager\clean\skin\healthy_skin\roboflow__lumpy-skin-disease-detection__Normal_Skin_566_png.rf.0405664e7ed52615120daf9c6e6d3d4a.jpg,0
C:\Users\ashis\Desktop\ScanAI\dataset_manager\clean\species_health\healthy_cattle\kaggle__devang03mgr__cattle-diseases-datasets__Normal_Skin_567-resized.jpg,C:\Users\ashis\Desktop\ScanAI\dataset_manager\clean\skin\healthy_skin\roboflow__lumpy-skin-disease-detection__Normal_Skin_567_png.rf.9629c1ca37a73cb10d4a240f6157a0f8.jpg,0
C:\Users\ashis\Desktop\ScanAI\dataset_manager\clean\species_health\healthy_cattle\kaggle__devang03mgr__cattle-diseases-datasets__Normal_Skin_568-resized.jpg,C:\Users\ashis\Desktop\ScanAI\dataset_manager\clean\skin\healthy_skin\roboflow__lumpy-skin-disease-detection__Normal_Skin_568_png.rf.42e38b2f8b87fc7355de34c6d18f2fc0.jpg,0
C:\Users\ashis\Desktop\ScanAI\dataset_manager\clean\species_health\healthy_cattle\kaggle__devang03mgr__cattle-diseases-datasets__Normal_Skin_569-resized.jpg,C:\Users\ashis\Desktop\ScanAI\dataset_manager\clean\skin\healthy_skin\roboflow__lumpy-skin-disease-detection__Normal_Skin_569_png.rf.9320fcd978e3ba0f3a15f39f2759d5ff.jpg,0
C:\Users\ashis\Desktop\ScanAI\dataset_manager\clean\species_health\healthy_cattle\kaggle__devang03mgr__cattle-diseases-datasets__Normal_Skin_57-resized.jpg,C:\Users\ashis\Desktop\ScanAI\dataset_manager\clean\skin\healthy_skin\roboflow__lumpy-skin-disease-detection__Normal_Skin_473_png.rf.cf5cbc0fbbb83725b67dfea55abe7d49.jpg,0
C:\Users\ashis\Desktop\ScanAI\dataset_manager\clean\species_health\healthy_cattle\kaggle__devang03mgr__cattle-diseases-datasets__Normal_Skin_57-resized.jpg,C:\Users\ashis\Desktop\ScanAI\dataset_manager\clean\skin\healthy_skin\roboflow__lumpy-skin-disease-detection__Normal_Skin_57_png.rf.1cf14e058dc6dcc297f5810cb07e51e1.jpg,0
C:\Users\ashis\Desktop\ScanAI\dataset_manager\clean\species_health\healthy_cattle\kaggle__devang03mgr__cattle-diseases-datasets__Normal_Skin_570-resized.jpg,C:\Users\ashis\Desktop\ScanAI\dataset_manager\clean\skin\healthy_skin\roboflow__lumpy-skin-disease-detection__Normal_Skin_570_png.rf.9bc6d5d90840f66760b85422700716c4.jpg,0
C:\Users\ashis\Desktop\ScanAI\dataset_manager\clean\species_health\healthy_cattle\kaggle__devang03mgr__cattle-diseases-datasets__Normal_Skin_571-resized.jpg,C:\Users\ashis\Desktop\ScanAI\dataset_manager\clean\skin\healthy_skin\roboflow__lumpy-skin-disease-detection__Normal_Skin_571_png.rf.e96162b82a0284ec35abde7404e5440d.jpg,0
C:\Users\ashis\Desktop\ScanAI\dataset_manager\clean\species_health\healthy_cattle\kaggle__devang03mgr__cattle-diseases-datasets__Normal_Skin_58-resized.jpg,C:\Users\ashis\Desktop\ScanAI\dataset_manager\clean\skin\healthy_skin\roboflow__lumpy-skin-disease-detection__Normal_Skin_58_png.rf.51324719dfea128b2e792b048580c600.jpg,2
C:\Users\ashis\Desktop\ScanAI\dataset_manager\clean\species_health\healthy_cattle\kaggle__devang03mgr__cattle-diseases-datasets__Normal_Skin_586-resized.jpg,C:\Users\ashis\Desktop\ScanAI\dataset_manager\clean\skin\healthy_skin\roboflow__lumpy-skin-disease-detection__Normal_Skin_586_png.rf.f9e574041a0c4e66ef75f2ea57d3e3a7.jpg,0
C:\Users\ashis\Desktop\ScanAI\dataset_manager\clean\species_health\healthy_cattle\kaggle__devang03mgr__cattle-diseases-datasets__Normal_Skin_587-resized.jpg,C:\Users\ashis\Desktop\ScanAI\dataset_manager\clean\skin\healthy_skin\roboflow__lumpy-skin-disease-detection__Normal_Skin_587_png.rf.5cf8e9ced2bef97ec1bc2fd07761699f.jpg,0
C:\Users\ashis\Desktop\ScanAI\dataset_manager\clean\species_health\healthy_cattle\kaggle__devang03mgr__cattle-diseases-datasets__Normal_Skin_588-resized.jpg,C:\Users\ashis\Desktop\ScanAI\dataset_manager\clean\skin\healthy_skin\roboflow__lumpy-skin-disease-detection__Normal_Skin_588_png.rf.9cf5f641d68ab003b734911649801bac.jpg,0
C:\Users\ashis\Desktop\ScanAI\dataset_manager\clean\species_health\healthy_cattle\kaggle__devang03mgr__cattle-diseases-datasets__Normal_Skin_588-resized.jpg,C:\Users\ashis\Desktop\ScanAI\dataset_manager\clean\skin\lumpy_skin_disease\kaggle__devang03mgr__cattle-diseases-datasets__img1299(1).jpg,0
C:\Users\ashis\Desktop\ScanAI\dataset_manager\clean\species_health\healthy_cattle\kaggle__devang03mgr__cattle-diseases-datasets__Normal_Skin_588-resized.jpg,C:\Users\ashis\Desktop\ScanAI\dataset_manager\clean\skin\lumpy_skin_disease\roboflow__lumpy-skin-disease-detection__Lumpy_Skin_306_png.rf.916137ce9132a58d654973f60bc78d15.jpg,0
C:\Users\ashis\Desktop\ScanAI\dataset_manager\clean\species_health\healthy_cattle\kaggle__devang03mgr__cattle-diseases-datasets__Normal_Skin_589-resized.jpg,C:\Users\ashis\Desktop\ScanAI\dataset_manager\clean\skin\healthy_skin\roboflow__lumpy-skin-disease-detection__Normal_Skin_589_png.rf.923cfc30c569b0a88f6df885f162a83c.jpg,0
C:\Users\ashis\Desktop\ScanAI\dataset_manager\clean\species_health\healthy_cattle\kaggle__devang03mgr__cattle-diseases-datasets__Normal_Skin_590-resized.jpg,C:\Users\ashis\Desktop\ScanAI\dataset_manager\clean\skin\healthy_skin\roboflow__lumpy-skin-disease-detection__Normal_Skin_590_png.rf.a41acc1ffefa0511a10eb5a120596d70.jpg,0
C:\Users\ashis\Desktop\ScanAI\dataset_manager\clean\species_health\healthy_cattle\kaggle__devang03mgr__cattle-diseases-datasets__Normal_Skin_590-resized.jpg,C:\Users\ashis\Desktop\ScanAI\dataset_manager\clean\skin\healthy_skin\roboflow__lumpy-skin-disease-detection__Normal_Skin_66_png.rf.050cf6ff5858cd2d6ea427c6821e3828.jpg,0
C:\Users\ashis\Desktop\ScanAI\dataset_manager\clean\species_health\healthy_cattle\kaggle__devang03mgr__cattle-diseases-datasets__Normal_Skin_591-resized.jpg,C:\Users\ashis\Desktop\ScanAI\dataset_manager\clean\skin\healthy_skin\roboflow__lumpy-skin-disease-detection__Normal_Skin_591_png.rf.942a059fc0fabd6dfe8ac1f0de7ad666.jpg,0
C:\Users\ashis\Desktop\ScanAI\dataset_manager\clean\species_health\healthy_cattle\kaggle__devang03mgr__cattle-diseases-datasets__Normal_Skin_592-resized.jpg,C:\Users\ashis\Desktop\ScanAI\dataset_manager\clean\skin\healthy_skin\roboflow__lumpy-skin-disease-detection__Normal_Skin_592_png.rf.322b72b6450a5b967ed190aba0d47bed.jpg,0
C:\Users\ashis\Desktop\ScanAI\dataset_manager\clean\species_health\healthy_cattle\kaggle__devang03mgr__cattle-diseases-datasets__Normal_Skin_593-resized.jpg,C:\Users\ashis\Desktop\ScanAI\dataset_manager\clean\skin\healthy_skin\roboflow__lumpy-skin-disease-detection__Normal_Skin_593_png.rf.4cc0ad38695ce15b61d045fa50ad65d9.jpg,0
C:\Users\ashis\Desktop\ScanAI\dataset_manager\clean\species_health\healthy_cattle\kaggle__devang03mgr__cattle-diseases-datasets__Normal_Skin_594-resized.jpg,C:\Users\ashis\Desktop\ScanAI\dataset_manager\clean\skin\healthy_skin\roboflow__lumpy-skin-disease-detection__Normal_Skin_594_png.rf.fb4a92676abf33088c4e872ce7d7a821.jpg,0
C:\Users\ashis\Desktop\ScanAI\dataset_manager\clean\species_health\healthy_cattle\kaggle__devang03mgr__cattle-diseases-datasets__Normal_Skin_595-resized.jpg,C:\Users\ashis\Desktop\ScanAI\dataset_manager\clean\skin\healthy_skin\roboflow__lumpy-skin-disease-detection__Normal_Skin_595_png.rf.ee9a94c5b01a658edc1c9c2fa945e57c.jpg,0
C:\Users\ashis\Desktop\ScanAI\dataset_manager\clean\species_health\healthy_cattle\kaggle__devang03mgr__cattle-diseases-datasets__Normal_Skin_596-resized.jpg,C:\Users\ashis\Desktop\ScanAI\dataset_manager\clean\skin\healthy_skin\roboflow__lumpy-skin-disease-detection__Normal_Skin_596_png.rf.fee6b388805be9c4cdc424a3a18b5bf0.jpg,0
C:\Users\ashis\Desktop\ScanAI\dataset_manager\clean\species_health\healthy_cattle\kaggle__devang03mgr__cattle-diseases-datasets__Normal_Skin_79_png.rf.070d631629f8dc44e961a892de631a48.jpg,C:\Users\ashis\Desktop\ScanAI\dataset_manager\clean\skin\healthy_skin\roboflow__lumpy-skin-disease-detection__Normal_Skin_176_png.rf.165514298031db0e401b077c93e33365.jpg,0
C:\Users\ashis\Desktop\ScanAI\dataset_manager\clean\species_health\healthy_cattle\kaggle__devang03mgr__cattle-diseases-datasets__Normal_Skin_79_png.rf.070d631629f8dc44e961a892de631a48.jpg,C:\Users\ashis\Desktop\ScanAI\dataset_manager\clean\skin\healthy_skin\roboflow__lumpy-skin-disease-detection__Normal_Skin_79_png.rf.acea12f7f635ba06d38db9dd836cf3cb.jpg,0
C:\Users\ashis\Desktop\ScanAI\dataset_manager\clean\species_health\healthy_cattle\kaggle__devang03mgr__cattle-diseases-datasets__RedDanecattle36.jpg,C:\Users\ashis\Desktop\ScanAI\dataset_manager\clean\skin\healthy_skin\roboflow__lumpy-skin-disease-detection__Normal_Skin_233_png.rf.da8ff26ba6f378c735b78f8865ddd822.jpg,0
C:\Users\ashis\Desktop\ScanAI\dataset_manager\clean\species_health\healthy_cattle\kaggle__devang03mgr__cattle-diseases-datasets__RedDanecattle47.jpg,C:\Users\ashis\Desktop\ScanAI\dataset_manager\clean\species_health\healthy_cattle\roboflow__cattle-diseases__images-11-_jpg.rf.6d68aad5f31261199a1c1abc85f82592.jpg,0
C:\Users\ashis\Desktop\ScanAI\dataset_manager\clean\species_health\healthy_cattle\kaggle__devang03mgr__cattle-diseases-datasets__RedDanecattle47.jpg,C:\Users\ashis\Desktop\ScanAI\dataset_manager\clean\skin\healthy_skin\roboflow__lumpy-skin-disease-detection__Normal_Skin_28_png.rf.446c73097571dafb0930ccce55c5e447.jpg,0
C:\Users\ashis\Desktop\ScanAI\dataset_manager\clean\species_health\healthy_cattle\kaggle__devang03mgr__cattle-diseases-datasets__RedDanecattle57.jpg,C:\Users\ashis\Desktop\ScanAI\dataset_manager\clean\skin\healthy_skin\roboflow__lumpy-skin-disease-detection__Normal_Skin_148_png.rf.92670215377d5d86be49470d9586e5d7.jpg,0
C:\Users\ashis\Desktop\ScanAI\dataset_manager\clean\species_health\healthy_cattle\kaggle__devang03mgr__cattle-diseases-datasets__RedDanecattle57.jpg,C:\Users\ashis\Desktop\ScanAI\dataset_manager\clean\skin\healthy_skin\roboflow__lumpy-skin-disease-detection__Normal_Skin_577_png.rf.54936d621f42e9a33a2fa729f977f2a4.jpg,0
C:\Users\ashis\Desktop\ScanAI\dataset_manager\clean\species_health\healthy_cattle\roboflow__cattle-diseases__79_jpg.rf.4a61081bd45003e7e64321358d4d0f6c.jpg,C:\Users\ashis\Desktop\ScanAI\dataset_manager\clean\skin\lumpy_skin_disease\kaggle__devang03mgr__cattle-diseases-datasets__4_jpg.rf.d8f766d27af400b32662a91211830adc.jpg,0
C:\Users\ashis\Desktop\ScanAI\dataset_manager\clean\species_health\healthy_cattle\roboflow__cattle-diseases__79_jpg.rf.4a61081bd45003e7e64321358d4d0f6c.jpg,C:\Users\ashis\Desktop\ScanAI\dataset_manager\clean\skin\lumpy_skin_disease\roboflow__cattle-diseases__4_jpg.rf.ee7a8c6a175e9a6da949e9ebbbc8e853.jpg,0
C:\Users\ashis\Desktop\ScanAI\dataset_manager\clean\species_health\healthy_cattle\roboflow__cattle-diseases__79_jpg.rf.4a61081bd45003e7e64321358d4d0f6c.jpg,C:\Users\ashis\Desktop\ScanAI\dataset_manager\clean\skin\lumpy_skin_disease\roboflow__lumpy-skin-disease-detection__Lumpy_Skin_37_png.rf.285dc390f46bd8595beeec51d2756d73.jpg,0
C:\Users\ashis\Desktop\ScanAI\dataset_manager\clean\species_health\healthy_cattle\roboflow__cattle-diseases__79_jpg.rf.4a61081bd45003e7e64321358d4d0f6c.jpg,C:\Users\ashis\Desktop\ScanAI\dataset_manager\clean\skin\lumpy_skin_disease\roboflow__lumpy-skin-disease-detection__Lumpy_Skin_58_png.rf.730808bd83436ecaeac03610dc74299a.jpg,0
C:\Users\ashis\Desktop\ScanAI\dataset_manager\clean\species_health\healthy_cattle\roboflow__cattle-diseases__Ayrshirecattle0_c_jpg.rf.5236b81f362b747357f9c5b5f558ed43.jpg,C:\Users\ashis\Desktop\ScanAI\dataset_manager\clean\species_health\healthy_cattle\roboflow__cattle-diseases__Ayrshirecattle0_c_jpg.rf.6d4b361f3b09139ce0fdee07ab83ad0f.jpg,0
C:\Users\ashis\Desktop\ScanAI\dataset_manager\clean\species_health\healthy_cattle\roboflow__cattle-diseases__Ayrshirecattle102_jpg.rf.3770315d7f24319b3c8878d78324cccd.jpg,C:\Users\ashis\Desktop\ScanAI\dataset_manager\clean\species_health\healthy_cattle\roboflow__cattle-diseases__Ayrshirecattle102_jpg.rf.bb15c99ddf6154d93941405dfc0d78c7.jpg,2
C:\Users\ashis\Desktop\ScanAI\dataset_manager\clean\species_health\healthy_cattle\roboflow__cattle-diseases__Ayrshirecattle105_jpg.rf.00ca613caadd8877f6dcee4fe271c6c8.jpg,C:\Users\ashis\Desktop\ScanAI\dataset_manager\clean\species_health\healthy_cattle\roboflow__cattle-diseases__Ayrshirecattle105_jpg.rf.8599e1dfbe88723f75f90a3894364654.jpg,2
C:\Users\ashis\Desktop\ScanAI\dataset_manager\clean\species_health\healthy_cattle\roboflow__cattle-diseases__Ayrshirecattle111_jpg.rf.1763bc71302f93a3ec03da466d0d256d.jpg,C:\Users\ashis\Desktop\ScanAI\dataset_manager\clean\species_health\healthy_cattle\roboflow__cattle-diseases__Ayrshirecattle111_jpg.rf.30a369b9073c7d30834007a862d3eb8b.jpg,2
C:\Users\ashis\Desktop\ScanAI\dataset_manager\clean\species_health\healthy_cattle\roboflow__cattle-diseases__Ayrshirecattle118_c_jpg.rf.2fb32a0f4731679f1ccabd901e1e7421.jpg,C:\Users\ashis\Desktop\ScanAI\dataset_manager\clean\species_health\healthy_cattle\roboflow__cattle-diseases__Ayrshirecattle118_jpg.rf.8798896064231b809da60720cd691a6e.jpg,4
C:\Users\ashis\Desktop\ScanAI\dataset_manager\clean\species_health\healthy_cattle\roboflow__cattle-diseases__Ayrshirecattle121_c_jpg.rf.0df3b3f5088661a702b33269cdf6ff6e.jpg,C:\Users\ashis\Desktop\ScanAI\dataset_manager\clean\species_health\healthy_cattle\roboflow__cattle-diseases__Ayrshirecattle121_jpg.rf.9ae620d3842d82a98b9459b4762f2c2b.jpg,4
C:\Users\ashis\Desktop\ScanAI\dataset_manager\clean\species_health\healthy_cattle\roboflow__cattle-diseases__Ayrshirecattle124_jpg.rf.5b33d92d13191d176eb41c6e7ae2022b.jpg,C:\Users\ashis\Desktop\ScanAI\dataset_manager\clean\species_health\healthy_cattle\roboflow__cattle-diseases__Ayrshirecattle124_jpg.rf.65c1f6bf5f3107e6688899007e984a23.jpg,0
C:\Users\ashis\Desktop\ScanAI\dataset_manager\clean\species_health\healthy_cattle\roboflow__cattle-diseases__Ayrshirecattle133_c_jpg.rf.5336b7d87e3bbeb12ace9db98b8b730a.jpg,C:\Users\ashis\Desktop\ScanAI\dataset_manager\clean\species_health\healthy_cattle\roboflow__cattle-diseases__Ayrshirecattle133_jpg.rf.e873e0a07eb55afc1b64420a6099726a.jpg,4
C:\Users\ashis\Desktop\ScanAI\dataset_manager\clean\species_health\healthy_cattle\roboflow__cattle-diseases__Ayrshirecattle133_c_jpg.rf.8a128315fe072d7b499f9c38194a8a8a.jpg,C:\Users\ashis\Desktop\ScanAI\dataset_manager\clean\species_health\healthy_cattle\roboflow__cattle-diseases__Ayrshirecattle133_jpg.rf.e873e0a07eb55afc1b64420a6099726a.jpg,2
C:\Users\ashis\Desktop\ScanAI\dataset_manager\clean\species_health\healthy_cattle\roboflow__cattle-diseases__Ayrshirecattle135_c_jpg.rf.020b77df011a52c784d9c20a891c43ec.jpg,C:\Users\ashis\Desktop\ScanAI\dataset_manager\clean\species_health\healthy_cattle\roboflow__cattle-diseases__Ayrshirecattle135_c_jpg.rf.977ba5832f29145e44c7978d0c8e094b.jpg,2
C:\Users\ashis\Desktop\ScanAI\dataset_manager\clean\species_health\healthy_cattle\roboflow__cattle-diseases__Ayrshirecattle146_c_jpg.rf.082ce0227a1f5f2f86039644cad0a6ee.jpg,C:\Users\ashis\Desktop\ScanAI\dataset_manager\clean\species_health\healthy_cattle\roboflow__cattle-diseases__Ayrshirecattle146_c_jpg.rf.42dbeb87e6fffe88015f86cc740b07de.jpg,4
C:\Users\ashis\Desktop\ScanAI\dataset_manager\clean\species_health\healthy_cattle\roboflow__cattle-diseases__Ayrshirecattle146_c_jpg.rf.5677def7326272e864015045a6978711.jpg,C:\Users\ashis\Desktop\ScanAI\dataset_manager\clean\species_health\healthy_cattle\roboflow__cattle-diseases__Ayrshirecattle146_c_jpg.rf.df4f7c30e7cfbe2d8b8b88a69b52af38.jpg,4
C:\Users\ashis\Desktop\ScanAI\dataset_manager\clean\species_health\healthy_cattle\roboflow__cattle-diseases__Ayrshirecattle26_jpg.rf.895303e3cd4aea627a5c2902e8ee12e2.jpg,C:\Users\ashis\Desktop\ScanAI\dataset_manager\clean\species_health\healthy_cattle\roboflow__cattle-diseases__Ayrshirecattle26_jpg.rf.cbebd7b40a233e420108de01e0bfc62f.jpg,0
C:\Users\ashis\Desktop\ScanAI\dataset_manager\clean\species_health\healthy_cattle\roboflow__cattle-diseases__Ayrshirecattle26_jpg.rf.895303e3cd4aea627a5c2902e8ee12e2.jpg,C:\Users\ashis\Desktop\ScanAI\dataset_manager\clean\species_health\healthy_cattle\roboflow__cattle-diseases__Ayrshirecattle70_jpg.rf.67bb394f0e5d89f69fce76a76c9ff1ed.jpg,4
C:\Users\ashis\Desktop\ScanAI\dataset_manager\clean\species_health\healthy_cattle\roboflow__cattle-diseases__Ayrshirecattle26_jpg.rf.cbebd7b40a233e420108de01e0bfc62f.jpg,C:\Users\ashis\Desktop\ScanAI\dataset_manager\clean\species_health\healthy_cattle\roboflow__cattle-diseases__Ayrshirecattle70_jpg.rf.67bb394f0e5d89f69fce76a76c9ff1ed.jpg,4
C:\Users\ashis\Desktop\ScanAI\dataset_manager\clean\species_health\healthy_cattle\roboflow__cattle-diseases__Ayrshirecattle27_c_jpg.rf.6682d5d9bd1fd36cc7694031165d67e8.jpg,C:\Users\ashis\Desktop\ScanAI\dataset_manager\clean\species_health\healthy_cattle\roboflow__cattle-diseases__Ayrshirecattle27_c_jpg.rf.efa0ac7f5127667080aacae9dfc9d5eb.jpg,0
C:\Users\ashis\Desktop\ScanAI\dataset_manager\clean\species_health\healthy_cattle\roboflow__cattle-diseases__Ayrshirecattle30_jpg.rf.3abd0561323ebafe6b0046bff7c36d79.jpg,C:\Users\ashis\Desktop\ScanAI\dataset_manager\clean\species_health\healthy_cattle\roboflow__cattle-diseases__Ayrshirecattle30_jpg.rf.4c956711afd50b465612330982d88f6d.jpg,2
C:\Users\ashis\Desktop\ScanAI\dataset_manager\clean\species_health\healthy_cattle\roboflow__cattle-diseases__Ayrshirecattle35_jpg.rf.12d37d8566b757fe5dff6e3a1cc901d3.jpg,C:\Users\ashis\Desktop\ScanAI\dataset_manager\clean\species_health\healthy_cattle\roboflow__cattle-diseases__Ayrshirecattle35_jpg.rf.2948fa6bfeefefdd54d18d114e422a23.jpg,2
C:\Users\ashis\Desktop\ScanAI\dataset_manager\clean\species_health\healthy_cattle\roboflow__cattle-diseases__Ayrshirecattle38_c_jpg.rf.b20af2021132ac33379da017773b305b.jpg,C:\Users\ashis\Desktop\ScanAI\dataset_manager\clean\species_health\healthy_cattle\roboflow__cattle-diseases__Ayrshirecattle38_c_jpg.rf.c320f86b252e4d15b1458d53d2b227eb.jpg,4
C:\Users\ashis\Desktop\ScanAI\dataset_manager\clean\species_health\healthy_cattle\roboflow__cattle-diseases__Ayrshirecattle3_jpg.rf.8ab6009a1798b56c9506c93e820db361.jpg,C:\Users\ashis\Desktop\ScanAI\dataset_manager\clean\species_health\healthy_cattle\roboflow__cattle-diseases__Ayrshirecattle3_jpg.rf.984ef8f7d331098dbd761fc65f5c7a8b.jpg,2
C:\Users\ashis\Desktop\ScanAI\dataset_manager\clean\species_health\healthy_cattle\roboflow__cattle-diseases__Ayrshirecattle42_c_jpg.rf.c7eba96da816b87d48529647dd12524c.jpg,C:\Users\ashis\Desktop\ScanAI\dataset_manager\clean\species_health\healthy_cattle\roboflow__cattle-diseases__Ayrshirecattle42_c_jpg.rf.e70df7cdd2884f595773db8fa58be38c.jpg,2
C:\Users\ashis\Desktop\ScanAI\dataset_manager\clean\species_health\healthy_cattle\roboflow__cattle-diseases__Ayrshirecattle42_c_jpg.rf.c7eba96da816b87d48529647dd12524c.jpg,C:\Users\ashis\Desktop\ScanAI\dataset_manager\clean\species_health\healthy_cattle\roboflow__cattle-diseases__Ayrshirecattle42_jpg.rf.355ba3db4374637e15b187d529730a6a.jpg,4
C:\Users\ashis\Desktop\ScanAI\dataset_manager\clean\species_health\healthy_cattle\roboflow__cattle-diseases__Ayrshirecattle42_c_jpg.rf.e70df7cdd2884f595773db8fa58be38c.jpg,C:\Users\ashis\Desktop\ScanAI\dataset_manager\clean\species_health\healthy_cattle\roboflow__cattle-diseases__Ayrshirecattle42_jpg.rf.355ba3db4374637e15b187d529730a6a.jpg,4
C:\Users\ashis\Desktop\ScanAI\dataset_manager\clean\species_health\healthy_cattle\roboflow__cattle-diseases__Ayrshirecattle46_c_jpg.rf.0899aa2f2870a7ab2960dce1fb29e024.jpg,C:\Users\ashis\Desktop\ScanAI\dataset_manager\clean\species_health\healthy_cattle\roboflow__cattle-diseases__Ayrshirecattle46_c_jpg.rf.dbfe40d9c7216a2f6f2a01663bef249c.jpg,0
C:\Users\ashis\Desktop\ScanAI\dataset_manager\clean\species_health\healthy_cattle\roboflow__cattle-diseases__Ayrshirecattle46_c_jpg.rf.0899aa2f2870a7ab2960dce1fb29e024.jpg,C:\Users\ashis\Desktop\ScanAI\dataset_manager\clean\species_health\healthy_cattle\roboflow__cattle-diseases__Ayrshirecattle46_jpg.rf.c88b574144bfe00691b4040a4bb7b866.jpg,2
C:\Users\ashis\Desktop\ScanAI\dataset_manager\clean\species_health\healthy_cattle\roboflow__cattle-diseases__Ayrshirecattle46_c_jpg.rf.2e2f5abdcf5fb1c18908615a229988de.jpg,C:\Users\ashis\Desktop\ScanAI\dataset_manager\clean\species_health\healthy_cattle\roboflow__cattle-diseases__Ayrshirecattle46_jpg.rf.24ff2a478f9491f386f976334c537e55.jpg,4
C:\Users\ashis\Desktop\ScanAI\dataset_manager\clean\species_health\healthy_cattle\roboflow__cattle-diseases__Ayrshirecattle46_c_jpg.rf.2e2f5abdcf5fb1c18908615a229988de.jpg,C:\Users\ashis\Desktop\ScanAI\dataset_manager\clean\species_health\healthy_cattle\roboflow__cattle-diseases__Ayrshirecattle46_jpg.rf.e980d6909c1edac57b33a6c46894569c.jpg,4
C:\Users\ashis\Desktop\ScanAI\dataset_manager\clean\species_health\healthy_cattle\roboflow__cattle-diseases__Ayrshirecattle46_c_jpg.rf.dbfe40d9c7216a2f6f2a01663bef249c.jpg,C:\Users\ashis\Desktop\ScanAI\dataset_manager\clean\species_health\healthy_cattle\roboflow__cattle-diseases__Ayrshirecattle46_jpg.rf.c88b574144bfe00691b4040a4bb7b866.jpg,2
C:\Users\ashis\Desktop\ScanAI\dataset_manager\clean\species_health\healthy_cattle\roboflow__cattle-diseases__Ayrshirecattle46_jpg.rf.24ff2a478f9491f386f976334c537e55.jpg,C:\Users\ashis\Desktop\ScanAI\dataset_manager\clean\species_health\healthy_cattle\roboflow__cattle-diseases__Ayrshirecattle46_jpg.rf.e980d6909c1edac57b33a6c46894569c.jpg,0
C:\Users\ashis\Desktop\ScanAI\dataset_manager\clean\species_health\healthy_cattle\roboflow__cattle-diseases__Ayrshirecattle47_c_jpg.rf.6d891e4106e56da44020285c6e22343e.jpg,C:\Users\ashis\Desktop\ScanAI\dataset_manager\clean\species_health\healthy_cattle\roboflow__cattle-diseases__Ayrshirecattle47_c_jpg.rf.805a8feafc0cb57b4ec7cd0d3ab1834c.jpg,2
C:\Users\ashis\Desktop\ScanAI\dataset_manager\clean\species_health\healthy_cattle\roboflow__cattle-diseases__Ayrshirecattle47_jpg.rf.45d275eb3a7d192b203ab62f6cef216a.jpg,C:\Users\ashis\Desktop\ScanAI\dataset_manager\clean\species_health\healthy_cattle\roboflow__cattle-diseases__Ayrshirecattle47_jpg.rf.803f50f741a1582e92c1a600d6e0d5aa.jpg,0
C:\Users\ashis\Desktop\ScanAI\dataset_manager\clean\species_health\healthy_cattle\roboflow__cattle-diseases__Ayrshirecattle4_c_jpg.rf.25ad1fdaea6f0b121538e3858ad8c73e.jpg,C:\Users\ashis\Desktop\ScanAI\dataset_manager\clean\species_health\healthy_cattle\roboflow__cattle-diseases__Ayrshirecattle4_c_jpg.rf.b0eae481783555bdfd1ab10219714aa5.jpg,2
C:\Users\ashis\Desktop\ScanAI\dataset_manager\clean\species_health\healthy_cattle\roboflow__cattle-diseases__Ayrshirecattle51_c_jpg.rf.1b9817cdf8ec2ca85c1be2d9c52e9917.jpg,C:\Users\ashis\Desktop\ScanAI\dataset_manager\clean\species_health\healthy_cattle\roboflow__cattle-diseases__Ayrshirecattle51_c_jpg.rf.1b9f4849ebf4e03849e2de6c8edde427.jpg,2
C:\Users\ashis\Desktop\ScanAI\dataset_manager\clean\species_health\healthy_cattle\roboflow__cattle-diseases__Ayrshirecattle51_c_jpg.rf.1b9817cdf8ec2ca85c1be2d9c52e9917.jpg,C:\Users\ashis\Desktop\ScanAI\dataset_manager\clean\species_health\healthy_cattle\roboflow__cattle-diseases__Ayrshirecattle51_jpg.rf.7f0761e796d540ae08e1f0b1a83edbdd.jpg,4
C:\Users\ashis\Desktop\ScanAI\dataset_manager\clean\species_health\healthy_cattle\roboflow__cattle-diseases__Ayrshirecattle51_c_jpg.rf.1b9817cdf8ec2ca85c1be2d9c52e9917.jpg,C:\Users\ashis\Desktop\ScanAI\dataset_manager\clean\species_health\healthy_cattle\roboflow__cattle-diseases__Ayrshirecattle51_jpg.rf.8af4b0d194b4aa60910b31c6d0d82f8b.jpg,4
C:\Users\ashis\Desktop\ScanAI\dataset_manager\clean\species_health\healthy_cattle\roboflow__cattle-diseases__Ayrshirecattle51_c_jpg.rf.fa3f6387d0a6c3ed923e92e709324a3a.jpg,C:\Users\ashis\Desktop\ScanAI\dataset_manager\clean\species_health\healthy_cattle\roboflow__cattle-diseases__Ayrshirecattle51_jpg.rf.d1fbe05c618ff8cb2382fd6ba76b47db.jpg,4
C:\Users\ashis\Desktop\ScanAI\dataset_manager\clean\species_health\healthy_cattle\roboflow__cattle-diseases__Ayrshirecattle51_jpg.rf.7f0761e796d540ae08e1f0b1a83edbdd.jpg,C:\Users\ashis\Desktop\ScanAI\dataset_manager\clean\species_health\healthy_cattle\roboflow__cattle-diseases__Ayrshirecattle51_jpg.rf.8af4b0d194b4aa60910b31c6d0d82f8b.jpg,2
C:\Users\ashis\Desktop\ScanAI\dataset_manager\clean\species_health\healthy_cattle\roboflow__cattle-diseases__Ayrshirecattle54_c_jpg.rf.9e6429292ff5d42edb6a8991839d38b6.jpg,C:\Users\ashis\Desktop\ScanAI\dataset_manager\clean\species_health\healthy_cattle\roboflow__cattle-diseases__Ayrshirecattle54_c_jpg.rf.e5a489f6cd0dcabb7208cffc2fb09298.jpg,2
C:\Users\ashis\Desktop\ScanAI\dataset_manager\clean\species_health\healthy_cattle\roboflow__cattle-diseases__Ayrshirecattle56_c_jpg.rf.dded6f9aca4ff1597b860248e8f2e9ce.jpg,C:\Users\ashis\Desktop\ScanAI\dataset_manager\clean\species_health\healthy_cattle\roboflow__cattle-diseases__Ayrshirecattle56_c_jpg.rf.eaab8afc78af8904bf6055b24229a2db.jpg,4
C:\Users\ashis\Desktop\ScanAI\dataset_manager\clean\species_health\healthy_cattle\roboflow__cattle-diseases__Ayrshirecattle58_jpg.rf.54b234164a87cfe6c2d81ed683df962e.jpg,C:\Users\ashis\Desktop\ScanAI\dataset_manager\clean\species_health\healthy_cattle\roboflow__cattle-diseases__Ayrshirecattle58_jpg.rf.77df686ade43dca26e7935793b6d04a2.jpg,4
C:\Users\ashis\Desktop\ScanAI\dataset_manager\clean\species_health\healthy_cattle\roboflow__cattle-diseases__Ayrshirecattle60_jpg.rf.1929179bc2f5a42ec9009a71780fa0ec.jpg,C:\Users\ashis\Desktop\ScanAI\dataset_manager\clean\species_health\healthy_cattle\roboflow__cattle-diseases__Ayrshirecattle60_jpg.rf.5db2da2e569899e4d3a17b006b1e76f7.jpg,4
C:\Users\ashis\Desktop\ScanAI\dataset_manager\clean\species_health\healthy_cattle\roboflow__cattle-diseases__Ayrshirecattle63_c_jpg.rf.4115cba61d13f17603e4de61bbe8533a.jpg,C:\Users\ashis\Desktop\ScanAI\dataset_manager\clean\species_health\healthy_cattle\roboflow__cattle-diseases__Ayrshirecattle63_c_jpg.rf.f1322306ab168ab86e0747cf0a0026f2.jpg,0
C:\Users\ashis\Desktop\ScanAI\dataset_manager\clean\species_health\healthy_cattle\roboflow__cattle-diseases__Ayrshirecattle63_jpg.rf.08b41eeb0a86cde16c8e8e07703b3659.jpg,C:\Users\ashis\Desktop\ScanAI\dataset_manager\clean\species_health\healthy_cattle\roboflow__cattle-diseases__Ayrshirecattle63_jpg.rf.128e243f9c4f17bf5e4b994d72253bad.jpg,2
C:\Users\ashis\Desktop\ScanAI\dataset_manager\clean\species_health\healthy_cattle\roboflow__cattle-diseases__Ayrshirecattle65_c_jpg.rf.a04add0f304fe02ceb06479ef5c524aa.jpg,C:\Users\ashis\Desktop\ScanAI\dataset_manager\clean\species_health\healthy_cattle\roboflow__cattle-diseases__Ayrshirecattle65_c_jpg.rf.af9e1754dedba5217633315a3c96fed9.jpg,4
C:\Users\ashis\Desktop\ScanAI\dataset_manager\clean\species_health\healthy_cattle\roboflow__cattle-diseases__Ayrshirecattle66_c_jpg.rf.64bb39b740b0b686c3826df825103a1e.jpg,C:\Users\ashis\Desktop\ScanAI\dataset_manager\clean\species_health\healthy_cattle\roboflow__cattle-diseases__Ayrshirecattle66_c_jpg.rf.de781c9631e5c8dfb65f1c1913ef3a89.jpg,2
C:\Users\ashis\Desktop\ScanAI\dataset_manager\clean\species_health\healthy_cattle\roboflow__cattle-diseases__Ayrshirecattle66_jpg.rf.4a8988bc45a275f53f2b6373a79639c3.jpg,C:\Users\ashis\Desktop\ScanAI\dataset_manager\clean\species_health\healthy_cattle\roboflow__cattle-diseases__Ayrshirecattle66_jpg.rf.cea57a06ac5094f5ad0a5e667d52243e.jpg,0
C:\Users\ashis\Desktop\ScanAI\dataset_manager\clean\species_health\healthy_cattle\roboflow__cattle-diseases__Ayrshirecattle67_c_jpg.rf.f2651efae6d13ac287d9d06bc0e796ff.jpg,C:\Users\ashis\Desktop\ScanAI\dataset_manager\clean\species_health\healthy_cattle\roboflow__cattle-diseases__Ayrshirecattle67_c_jpg.rf.facafec558416bbd9748b75910d91da0.jpg,2
C:\Users\ashis\Desktop\ScanAI\dataset_manager\clean\species_health\healthy_cattle\roboflow__cattle-diseases__Ayrshirecattle70_c_jpg.rf.ee0f943282702992b5c261910fc3515f.jpg,C:\Users\ashis\Desktop\ScanAI\dataset_manager\clean\species_health\healthy_cattle\roboflow__cattle-diseases__Ayrshirecattle70_c_jpg.rf.f0cf00d583908cfde1daeeeab7e54200.jpg,4
C:\Users\ashis\Desktop\ScanAI\dataset_manager\clean\species_health\healthy_cattle\roboflow__cattle-diseases__Ayrshirecattle79_c_jpg.rf.0d6fdd9378b34e4fa22f1afdd4b62f50.jpg,C:\Users\ashis\Desktop\ScanAI\dataset_manager\clean\species_health\healthy_cattle\roboflow__cattle-diseases__Ayrshirecattle79_c_jpg.rf.452aedf0b2736d2dad5546979e8e3baf.jpg,0
C:\Users\ashis\Desktop\ScanAI\dataset_manager\clean\species_health\healthy_cattle\roboflow__cattle-diseases__Ayrshirecattle82_c_jpg.rf.310898d4d205a3dcf044266efbd16f9b.jpg,C:\Users\ashis\Desktop\ScanAI\dataset_manager\clean\species_health\healthy_cattle\roboflow__cattle-diseases__Ayrshirecattle82_c_jpg.rf.9ae4b56c29c28ce50337d2d33704f268.jpg,2
C:\Users\ashis\Desktop\ScanAI\dataset_manager\clean\species_health\healthy_cattle\roboflow__cattle-diseases__Ayrshirecattle84_jpg.rf.972920b6d066916ecec012071849126d.jpg,C:\Users\ashis\Desktop\ScanAI\dataset_manager\clean\species_health\healthy_cattle\roboflow__cattle-diseases__Ayrshirecattle84_jpg.rf.af5b98899348f1786da9091e31e07bb6.jpg,2
C:\Users\ashis\Desktop\ScanAI\dataset_manager\clean\species_health\healthy_cattle\roboflow__cattle-diseases__Ayrshirecattle88_c_jpg.rf.12100e0ea873dc748c0a12a4fb9a0360.jpg,C:\Users\ashis\Desktop\ScanAI\dataset_manager\clean\species_health\healthy_cattle\roboflow__cattle-diseases__Ayrshirecattle88_jpg.rf.294f0711c92ded82e8e6b258ef1732e0.jpg,4
C:\Users\ashis\Desktop\ScanAI\dataset_manager\clean\species_health\healthy_cattle\roboflow__cattle-diseases__Ayrshirecattle88_c_jpg.rf.12100e0ea873dc748c0a12a4fb9a0360.jpg,C:\Users\ashis\Desktop\ScanAI\dataset_manager\clean\species_health\healthy_cattle\roboflow__cattle-diseases__Ayrshirecattle88_jpg.rf.be1d952dc4c4ca20bf200a9c1e673bfb.jpg,4
C:\Users\ashis\Desktop\ScanAI\dataset_manager\clean\species_health\healthy_cattle\roboflow__cattle-diseases__Ayrshirecattle88_jpg.rf.294f0711c92ded82e8e6b258ef1732e0.jpg,C:\Users\ashis\Desktop\ScanAI\dataset_manager\clean\species_health\healthy_cattle\roboflow__cattle-diseases__Ayrshirecattle88_jpg.rf.be1d952dc4c4ca20bf200a9c1e673bfb.jpg,0
C:\Users\ashis\Desktop\ScanAI\dataset_manager\clean\species_health\healthy_cattle\roboflow__cattle-diseases__Ayrshirecattle90_jpg.rf.41a60f9df932b967615f55ea5b6a3f48.jpg,C:\Users\ashis\Desktop\ScanAI\dataset_manager\clean\species_health\healthy_cattle\roboflow__cattle-diseases__Ayrshirecattle90_jpg.rf.5764553fd4780ca1eb8d16787f5af788.jpg,2
C:\Users\ashis\Desktop\ScanAI\dataset_manager\clean\species_health\healthy_cattle\roboflow__cattle-diseases__Ayrshirecattle90_jpg.rf.4f2112ac5747507e9c7a44a3734995f2.jpg,C:\Users\ashis\Desktop\ScanAI\dataset_manager\clean\species_health\healthy_cattle\roboflow__cattle-diseases__Ayrshirecattle90_jpg.rf.a471c87c14203f3f382d75c67ed17153.jpg,2
C:\Users\ashis\Desktop\ScanAI\dataset_manager\clean\species_health\healthy_cattle\roboflow__cattle-diseases__Ayrshirecattle95_c_jpg.rf.8a8b11eceda4e00dfe740cb1b3ca2f61.jpg,C:\Users\ashis\Desktop\ScanAI\dataset_manager\clean\species_health\healthy_cattle\roboflow__cattle-diseases__Ayrshirecattle95_c_jpg.rf.d580ae87cf59329b21dc535220dbce9f.jpg,4
C:\Users\ashis\Desktop\ScanAI\dataset_manager\clean\species_health\healthy_cattle\roboflow__cattle-diseases__download-1-_jpg.rf.98ff6ed9b57339b71efdffc7253aeb7f.jpg,C:\Users\ashis\Desktop\ScanAI\dataset_manager\clean\skin\healthy_skin\roboflow__lumpy-skin-disease-detection__Normal_Skin_155_png.rf.b7973af74c411dac4bd2000504e2e9c9.jpg,0
C:\Users\ashis\Desktop\ScanAI\dataset_manager\clean\species_health\healthy_cattle\roboflow__cattle-diseases__download-1-_jpg.rf.98ff6ed9b57339b71efdffc7253aeb7f.jpg,C:\Users\ashis\Desktop\ScanAI\dataset_manager\clean\skin\healthy_skin\roboflow__lumpy-skin-disease-detection__Normal_Skin_98_png.rf.a31241f097bee31514b866a9cefe8e72.jpg,0
C:\Users\ashis\Desktop\ScanAI\dataset_manager\clean\species_health\healthy_cattle\roboflow__cattle-diseases__download-19-_jpg.rf.7a85f44359622df0b734bc73ad0bd9ad.jpg,C:\Users\ashis\Desktop\ScanAI\dataset_manager\clean\species_health\healthy_cattle\roboflow__cattle-diseases__download-2-_jpg.rf.863b42a8cf0828112a18ea28525434a1.jpg,0
C:\Users\ashis\Desktop\ScanAI\dataset_manager\clean\species_health\healthy_cattle\roboflow__cattle-diseases__download-19-_jpg.rf.7a85f44359622df0b734bc73ad0bd9ad.jpg,C:\Users\ashis\Desktop\ScanAI\dataset_manager\clean\skin\healthy_skin\roboflow__lumpy-skin-disease-detection__Normal_Skin_100_png.rf.c0a9888600958c8acce256ddc01f3bac.jpg,0
C:\Users\ashis\Desktop\ScanAI\dataset_manager\clean\species_health\healthy_cattle\roboflow__cattle-diseases__download-19-_jpg.rf.7a85f44359622df0b734bc73ad0bd9ad.jpg,C:\Users\ashis\Desktop\ScanAI\dataset_manager\clean\skin\healthy_skin\roboflow__lumpy-skin-disease-detection__Normal_Skin_158_png.rf.7afff3eb9252a7b66a1d107b3001a53d.jpg,0
C:\Users\ashis\Desktop\ScanAI\dataset_manager\clean\species_health\healthy_cattle\roboflow__cattle-diseases__download-2-_jpg.rf.863b42a8cf0828112a18ea28525434a1.jpg,C:\Users\ashis\Desktop\ScanAI\dataset_manager\clean\skin\healthy_skin\roboflow__lumpy-skin-disease-detection__Normal_Skin_100_png.rf.c0a9888600958c8acce256ddc01f3bac.jpg,0
C:\Users\ashis\Desktop\ScanAI\dataset_manager\clean\species_health\healthy_cattle\roboflow__cattle-diseases__download-2-_jpg.rf.863b42a8cf0828112a18ea28525434a1.jpg,C:\Users\ashis\Desktop\ScanAI\dataset_manager\clean\skin\healthy_skin\roboflow__lumpy-skin-disease-detection__Normal_Skin_158_png.rf.7afff3eb9252a7b66a1d107b3001a53d.jpg,0
C:\Users\ashis\Desktop\ScanAI\dataset_manager\clean\species_health\healthy_cattle\roboflow__cattle-diseases__download-26-_jpg.rf.fba9a0dcdc28700848bf0ed2fe9846d2.jpg,C:\Users\ashis\Desktop\ScanAI\dataset_manager\clean\skin\healthy_skin\roboflow__lumpy-skin-disease-detection__Normal_Skin_710_png.rf.ea13ae8a7fa07c5cd625cd6ec52be37a.jpg,0
C:\Users\ashis\Desktop\ScanAI\dataset_manager\clean\species_health\healthy_cattle\roboflow__cattle-diseases__download-3-_jpg.rf.97e2f48f7275e87f6b1abfc11ff726c8.jpg,C:\Users\ashis\Desktop\ScanAI\dataset_manager\clean\skin\healthy_skin\roboflow__lumpy-skin-disease-detection__Normal_Skin_24_png.rf.924e2cefc13f752ca86dfb495bfe304b.jpg,0
C:\Users\ashis\Desktop\ScanAI\dataset_manager\clean\species_health\healthy_cattle\roboflow__cattle-diseases__download-5-_jpg.rf.ca8fdf4088b8e7f450c62e616886b9e3.jpg,C:\Users\ashis\Desktop\ScanAI\dataset_manager\clean\skin\healthy_skin\roboflow__lumpy-skin-disease-detection__Normal_Skin_301_png.rf.d253201b603dd6389e29a6c0ce02c999.jpg,4
C:\Users\ashis\Desktop\ScanAI\dataset_manager\clean\species_health\healthy_cattle\roboflow__cattle-diseases__download-6-_jpg.rf.3845380bb78f8cf3d6a4f2283e37d5c2.jpg,C:\Users\ashis\Desktop\ScanAI\dataset_manager\clean\skin\healthy_skin\roboflow__lumpy-skin-disease-detection__Normal_Skin_117_png.rf.3a23b26131686bf73fc106dabd5932ea.jpg,0
C:\Users\ashis\Desktop\ScanAI\dataset_manager\clean\species_health\healthy_cattle\roboflow__cattle-diseases__download-7-_jpg.rf.93743304f736e52b2ba8def42c234cd2.jpg,C:\Users\ashis\Desktop\ScanAI\dataset_manager\clean\species_health\healthy_cattle\roboflow__cattle-diseases__istockphoto-106531788-612x612_jpg.rf.14e177e2f2c61d45e8a0a1cac6369c71.jpg,2
C:\Users\ashis\Desktop\ScanAI\dataset_manager\clean\species_health\healthy_cattle\roboflow__cattle-diseases__download-7-_jpg.rf.93743304f736e52b2ba8def42c234cd2.jpg,C:\Users\ashis\Desktop\ScanAI\dataset_manager\clean\skin\healthy_skin\roboflow__lumpy-skin-disease-detection__Normal_Skin_99_png.rf.e62712c38299e4bd32849384ad609dfe.jpg,2
C:\Users\ashis\Desktop\ScanAI\dataset_manager\clean\species_health\healthy_cattle\roboflow__cattle-diseases__download_jpg.rf.7254606164a9535e7ddae76f8801ca36.jpg,C:\Users\ashis\Desktop\ScanAI\dataset_manager\clean\skin\healthy_skin\roboflow__lumpy-skin-disease-detection__Normal_Skin_162_png.rf.01c9df563fe6e5574a1995185b87c31e.jpg,0
C:\Users\ashis\Desktop\ScanAI\dataset_manager\clean\species_health\healthy_cattle\roboflow__cattle-diseases__download_jpg.rf.7254606164a9535e7ddae76f8801ca36.jpg,C:\Users\ashis\Desktop\ScanAI\dataset_manager\clean\skin\healthy_skin\roboflow__lumpy-skin-disease-detection__Normal_Skin_69_png.rf.46e2ff5ee1de599584744e408aaaab24.jpg,0
C:\Users\ashis\Desktop\ScanAI\dataset_manager\clean\species_health\healthy_cattle\roboflow__cattle-diseases__images-11-_jpg.rf.6d68aad5f31261199a1c1abc85f82592.jpg,C:\Users\ashis\Desktop\ScanAI\dataset_manager\clean\skin\healthy_skin\roboflow__lumpy-skin-disease-detection__Normal_Skin_28_png.rf.446c73097571dafb0930ccce55c5e447.jpg,0
C:\Users\ashis\Desktop\ScanAI\dataset_manager\clean\species_health\healthy_cattle\roboflow__cattle-diseases__images-14-_jpg.rf.70325ce5f8cafcb5d49083c39ddb536e.jpg,C:\Users\ashis\Desktop\ScanAI\dataset_manager\clean\species_health\healthy_cattle\roboflow__cattle-diseases__istockphoto-106430069-612x612_jpg.rf.be40408171c2705e40b0d1c45ecc8c22.jpg,0
C:\Users\ashis\Desktop\ScanAI\dataset_manager\clean\species_health\healthy_cattle\roboflow__cattle-diseases__images-33-_jpg.rf.fc4f51b09b56e3ca88168cb831d44eb2.jpg,C:\Users\ashis\Desktop\ScanAI\dataset_manager\clean\skin\healthy_skin\roboflow__lumpy-skin-disease-detection__Normal_Skin_157_png.rf.6ecc73ee6d3cab9c6321f44134ffe8e2.jpg,0
C:\Users\ashis\Desktop\ScanAI\dataset_manager\clean\species_health\healthy_cattle\roboflow__cattle-diseases__images-33-_jpg.rf.fc4f51b09b56e3ca88168cb831d44eb2.jpg,C:\Users\ashis\Desktop\ScanAI\dataset_manager\clean\skin\healthy_skin\roboflow__lumpy-skin-disease-detection__Normal_Skin_656_png.rf.501526d9f754f4e2c428568732acccb1.jpg,0
C:\Users\ashis\Desktop\ScanAI\dataset_manager\clean\species_health\healthy_cattle\roboflow__cattle-diseases__images_jpg.rf.3fe02c0e49f0d0d98dd0054446604fac.jpg,C:\Users\ashis\Desktop\ScanAI\dataset_manager\clean\skin\healthy_skin\roboflow__lumpy-skin-disease-detection__Normal_Skin_62_png.rf.a4b899f13e570cd214fd3d91ca295c06.jpg,0
C:\Users\ashis\Desktop\ScanAI\dataset_manager\clean\species_health\healthy_cattle\roboflow__cattle-diseases__istockphoto-106531788-612x612_jpg.rf.14e177e2f2c61d45e8a0a1cac6369c71.jpg,C:\Users\ashis\Desktop\ScanAI\dataset_manager\clean\skin\healthy_skin\roboflow__lumpy-skin-disease-detection__Normal_Skin_99_png.rf.e62712c38299e4bd32849384ad609dfe.jpg,0
C:\Users\ashis\Desktop\ScanAI\dataset_manager\clean\skin\allergic_dermatitis\kaggle__smadive__pet-disease-images__Image_13.jpg,C:\Users\ashis\Desktop\ScanAI\dataset_manager\clean\skin\allergic_dermatitis\kaggle__smadive__pet-disease-images__Image_7.jpg,0
C:\Users\ashis\Desktop\ScanAI\dataset_manager\clean\skin\allergic_dermatitis\kaggle__smadive__pet-disease-images__Image_14.jpg,C:\Users\ashis\Desktop\ScanAI\dataset_manager\clean\skin\ringworm\roboflow__dog-and-cat-skin-disease-identification-2__Ringworm-lesion-in-cat_Yaya-photos_Shutterstock-jpg_webp.rf.b423c467b5a0e0cf03215c2701ff9715.jpg,4
C:\Users\ashis\Desktop\ScanAI\dataset_manager\clean\skin\allergic_dermatitis\kaggle__smadive__pet-disease-images__Image_14.webp,C:\Users\ashis\Desktop\ScanAI\dataset_manager\clean\skin\allergic_dermatitis\kaggle__smadive__pet-disease-images__Image_15.webp,0
C:\Users\ashis\Desktop\ScanAI\dataset_manager\clean\skin\allergic_dermatitis\kaggle__smadive__pet-disease-images__Image_15.jpeg,C:\Users\ashis\Desktop\ScanAI\dataset_manager\clean\skin\allergic_dermatitis\kaggle__smadive__pet-disease-images__Image_16.jpeg,0
C:\Users\ashis\Desktop\ScanAI\dataset_manager\clean\skin\allergic_dermatitis\kaggle__smadive__pet-disease-images__Image_17.jpg,C:\Users\ashis\Desktop\ScanAI\dataset_manager\clean\skin\allergic_dermatitis\kaggle__smadive__pet-disease-images__Image_52.jpg,0
C:\Users\ashis\Desktop\ScanAI\dataset_manager\clean\skin\allergic_dermatitis\kaggle__smadive__pet-disease-images__Image_17.jpg,C:\Users\ashis\Desktop\ScanAI\dataset_manager\clean\skin\allergic_dermatitis\kaggle__smadive__pet-disease-images__Image_73.jpg,0
C:\Users\ashis\Desktop\ScanAI\dataset_manager\clean\skin\allergic_dermatitis\kaggle__smadive__pet-disease-images__Image_17.jpg,C:\Users\ashis\Desktop\ScanAI\dataset_manager\clean\skin\allergic_dermatitis\kaggle__smadive__pet-disease-images__Image_97.jpg,0
C:\Users\ashis\Desktop\ScanAI\dataset_manager\clean\skin\allergic_dermatitis\kaggle__smadive__pet-disease-images__Image_18.jpg,C:\Users\ashis\Desktop\ScanAI\dataset_manager\clean\skin\allergic_dermatitis\kaggle__smadive__pet-disease-images__Image_21.jpg,0
C:\Users\ashis\Desktop\ScanAI\dataset_manager\clean\skin\allergic_dermatitis\kaggle__smadive__pet-disease-images__Image_19.png,C:\Users\ashis\Desktop\ScanAI\dataset_manager\clean\skin\allergic_dermatitis\kaggle__smadive__pet-disease-images__Image_22.png,0
C:\Users\ashis\Desktop\ScanAI\dataset_manager\clean\skin\allergic_dermatitis\kaggle__smadive__pet-disease-images__Image_20.jpg,C:\Users\ashis\Desktop\ScanAI\dataset_manager\clean\skin\allergic_dermatitis\kaggle__smadive__pet-disease-images__Image_38.jpg,0
C:\Users\ashis\Desktop\ScanAI\dataset_manager\clean\skin\allergic_dermatitis\kaggle__smadive__pet-disease-images__Image_20.jpg,C:\Users\ashis\Desktop\ScanAI\dataset_manager\clean\skin\allergic_dermatitis\kaggle__smadive__pet-disease-images__Image_47.jpg,0
C:\Users\ashis\Desktop\ScanAI\dataset_manager\clean\skin\allergic_dermatitis\kaggle__smadive__pet-disease-images__Image_20.jpg,C:\Users\ashis\Desktop\ScanAI\dataset_manager\clean\skin\allergic_dermatitis\kaggle__smadive__pet-disease-images__Image_55.jpg,0
C:\Users\ashis\Desktop\ScanAI\dataset_manager\clean\skin\allergic_dermatitis\kaggle__smadive__pet-disease-images__Image_23.jpg,C:\Users\ashis\Desktop\ScanAI\dataset_manager\clean\skin\allergic_dermatitis\kaggle__smadive__pet-disease-images__Image_24.jpg,0
C:\Users\ashis\Desktop\ScanAI\dataset_manager\clean\skin\allergic_dermatitis\kaggle__smadive__pet-disease-images__Image_23.png,C:\Users\ashis\Desktop\ScanAI\dataset_manager\clean\skin\allergic_dermatitis\kaggle__smadive__pet-disease-images__Image_28.png,0
C:\Users\ashis\Desktop\ScanAI\dataset_manager\clean\skin\allergic_dermatitis\kaggle__smadive__pet-disease-images__Image_25.png,C:\Users\ashis\Desktop\ScanAI\dataset_manager\clean\skin\allergic_dermatitis\kaggle__smadive__pet-disease-images__Image_26.png,0
C:\Users\ashis\Desktop\ScanAI\dataset_manager\clean\skin\allergic_dermatitis\kaggle__smadive__pet-disease-images__Image_31.png,C:\Users\ashis\Desktop\ScanAI\dataset_manager\clean\skin\allergic_dermatitis\kaggle__smadive__pet-disease-images__Image_35.png,0
C:\Users\ashis\Desktop\ScanAI\dataset_manager\clean\skin\allergic_dermatitis\kaggle__smadive__pet-disease-images__Image_35.jpg,C:\Users\ashis\Desktop\ScanAI\dataset_manager\clean\skin\allergic_dermatitis\kaggle__smadive__pet-disease-images__Image_36.jpg,0
C:\Users\ashis\Desktop\ScanAI\dataset_manager\clean\skin\allergic_dermatitis\kaggle__smadive__pet-disease-images__Image_36.png,C:\Users\ashis\Desktop\ScanAI\dataset_manager\clean\skin\allergic_dermatitis\kaggle__smadive__pet-disease-images__Image_37.png,0
C:\Users\ashis\Desktop\ScanAI\dataset_manager\clean\skin\allergic_dermatitis\kaggle__smadive__pet-disease-images__Image_38.jpg,C:\Users\ashis\Desktop\ScanAI\dataset_manager\clean\skin\allergic_dermatitis\kaggle__smadive__pet-disease-images__Image_47.jpg,0
C:\Users\ashis\Desktop\ScanAI\dataset_manager\clean\skin\allergic_dermatitis\kaggle__smadive__pet-disease-images__Image_38.jpg,C:\Users\ashis\Desktop\ScanAI\dataset_manager\clean\skin\allergic_dermatitis\kaggle__smadive__pet-disease-images__Image_55.jpg,0
C:\Users\ashis\Desktop\ScanAI\dataset_manager\clean\skin\allergic_dermatitis\kaggle__smadive__pet-disease-images__Image_39.jpg,C:\Users\ashis\Desktop\ScanAI\dataset_manager\clean\skin\allergic_dermatitis\kaggle__smadive__pet-disease-images__Image_40.jpg,0
C:\Users\ashis\Desktop\ScanAI\dataset_manager\clean\skin\allergic_dermatitis\kaggle__smadive__pet-disease-images__Image_4.JPG,C:\Users\ashis\Desktop\ScanAI\dataset_manager\clean\skin\allergic_dermatitis\kaggle__smadive__pet-disease-images__Image_41.jpg,0
C:\Users\ashis\Desktop\ScanAI\dataset_manager\clean\skin\allergic_dermatitis\kaggle__smadive__pet-disease-images__Image_40.png,C:\Users\ashis\Desktop\ScanAI\dataset_manager\clean\skin\allergic_dermatitis\kaggle__smadive__pet-disease-images__Image_41.png,0
C:\Users\ashis\Desktop\ScanAI\dataset_manager\clean\skin\allergic_dermatitis\kaggle__smadive__pet-disease-images__Image_43.jpg,C:\Users\ashis\Desktop\ScanAI\dataset_manager\clean\skin\allergic_dermatitis\kaggle__smadive__pet-disease-images__Image_74.jpg,0
C:\Users\ashis\Desktop\ScanAI\dataset_manager\clean\skin\allergic_dermatitis\kaggle__smadive__pet-disease-images__Image_47.jpg,C:\Users\ashis\Desktop\ScanAI\dataset_manager\clean\skin\allergic_dermatitis\kaggle__smadive__pet-disease-images__Image_55.jpg,0
C:\Users\ashis\Desktop\ScanAI\dataset_manager\clean\skin\allergic_dermatitis\kaggle__smadive__pet-disease-images__Image_51.jpg,C:\Users\ashis\Desktop\ScanAI\dataset_manager\clean\skin\allergic_dermatitis\kaggle__smadive__pet-disease-images__Image_8.jpg,0
C:\Users\ashis\Desktop\ScanAI\dataset_manager\clean\skin\allergic_dermatitis\kaggle__smadive__pet-disease-images__Image_52.jpg,C:\Users\ashis\Desktop\ScanAI\dataset_manager\clean\skin\allergic_dermatitis\kaggle__smadive__pet-disease-images__Image_73.jpg,0
C:\Users\ashis\Desktop\ScanAI\dataset_manager\clean\skin\allergic_dermatitis\kaggle__smadive__pet-disease-images__Image_52.jpg,C:\Users\ashis\Desktop\ScanAI\dataset_manager\clean\skin\allergic_dermatitis\kaggle__smadive__pet-disease-images__Image_97.jpg,0
C:\Users\ashis\Desktop\ScanAI\dataset_manager\clean\skin\allergic_dermatitis\kaggle__smadive__pet-disease-images__Image_53.jpg,C:\Users\ashis\Desktop\ScanAI\dataset_manager\clean\skin\allergic_dermatitis\kaggle__smadive__pet-disease-images__Image_92.jpg,0
C:\Users\ashis\Desktop\ScanAI\dataset_manager\clean\skin\allergic_dermatitis\kaggle__smadive__pet-disease-images__Image_54.jpg,C:\Users\ashis\Desktop\ScanAI\dataset_manager\clean\skin\ringworm\roboflow__dog-and-cat-skin-disease-identification-2__1000010682_x16_jpg.rf.659b3fc0b2a9369d52c3f08ae642fff6.jpg,0
C:\Users\ashis\Desktop\ScanAI\dataset_manager\clean\skin\allergic_dermatitis\kaggle__smadive__pet-disease-images__Image_60.jpg,C:\Users\ashis\Desktop\ScanAI\dataset_manager\clean\skin\fungal_infection\kaggle__smadive__pet-disease-images__Image_73.jpg,0
C:\Users\ashis\Desktop\ScanAI\dataset_manager\clean\skin\allergic_dermatitis\kaggle__smadive__pet-disease-images__Image_60.png,C:\Users\ashis\Desktop\ScanAI\dataset_manager\clean\skin\allergic_dermatitis\kaggle__smadive__pet-disease-images__Image_64.png,0
C:\Users\ashis\Desktop\ScanAI\dataset_manager\clean\skin\allergic_dermatitis\kaggle__smadive__pet-disease-images__Image_63.jpg,C:\Users\ashis\Desktop\ScanAI\dataset_manager\clean\skin\ringworm\roboflow__dog-and-cat-skin-disease-identification-2__1000010534_x16_jpg.rf.ccc6fd11078008d01fe2aaa9888e422b.jpg,0
C:\Users\ashis\Desktop\ScanAI\dataset_manager\clean\skin\allergic_dermatitis\kaggle__smadive__pet-disease-images__Image_73.jpg,C:\Users\ashis\Desktop\ScanAI\dataset_manager\clean\skin\allergic_dermatitis\kaggle__smadive__pet-disease-images__Image_97.jpg,0
C:\Users\ashis\Desktop\ScanAI\dataset_manager\clean\skin\allergic_dermatitis\kaggle__smadive__pet-disease-images__Image_90.jpg,C:\Users\ashis\Desktop\ScanAI\dataset_manager\clean\skin\allergic_dermatitis\kaggle__smadive__pet-disease-images__Image_94.jpg,0
C:\Users\ashis\Desktop\ScanAI\dataset_manager\clean\skin\allergic_dermatitis\roboflow__dog-and-cat-skin-disease-identification-2__12_jpg.rf.544cb2553d26b68a702c116f686cabf6.jpg,C:\Users\ashis\Desktop\ScanAI\dataset_manager\clean\skin\fungal_infection\roboflow__dog-and-cat-skin-disease-identification-2__FUNGAL-INFECTION_041_jpg.rf.3eb426860e6dde70e94afd20dedecc3a.jpg,2
C:\Users\ashis\Desktop\ScanAI\dataset_manager\clean\skin\allergic_dermatitis\roboflow__dog-and-cat-skin-disease-identification-2__12_jpg.rf.544cb2553d26b68a702c116f686cabf6.jpg,C:\Users\ashis\Desktop\ScanAI\dataset_manager\clean\skin\fungal_infection\roboflow__dog-and-cat-skin-disease-identification-2__FUNGAL-INFECTION_041_jpg.rf.702dbeed4c6f07477c19654c716c35b2.jpg,2
C:\Users\ashis\Desktop\ScanAI\dataset_manager\clean\skin\allergic_dermatitis\roboflow__dog-and-cat-skin-disease-identification-2__1384_jpg.rf.c67cb24b1f6a46fd4df625f98f03dbbd.jpg,C:\Users\ashis\Desktop\ScanAI\dataset_manager\clean\skin\ringworm\roboflow__dog-and-cat-skin-disease-identification-2__ringworm-124-_jpg.rf.3e8b718929c292cdd46429b2289ac616.jpg,0
C:\Users\ashis\Desktop\ScanAI\dataset_manager\clean\skin\allergic_dermatitis\roboflow__dog-and-cat-skin-disease-identification-2__1384_jpg.rf.c67cb24b1f6a46fd4df625f98f03dbbd.jpg,C:\Users\ashis\Desktop\ScanAI\dataset_manager\clean\skin\ringworm\roboflow__dog-and-cat-skin-disease-identification-2__ringworm-144-_jpg.rf.6045a7e88dd1ad2fdf3025a0ee963d5a.jpg,0
C:\Users\ashis\Desktop\ScanAI\dataset_manager\clean\skin\allergic_dermatitis\roboflow__dog-and-cat-skin-disease-identification-2__17_jpg.rf.7b17da39b5cdef637c302c466535c891.jpg,C:\Users\ashis\Desktop\ScanAI\dataset_manager\clean\skin\allergic_dermatitis\roboflow__dog-and-cat-skin-disease-identification-2__17_jpg.rf.91927045e6dc8be31d682897738f557a.jpg,0
C:\Users\ashis\Desktop\ScanAI\dataset_manager\clean\skin\allergic_dermatitis\roboflow__dog-and-cat-skin-disease-identification-2__aug_0_1103_jpeg.rf.1823df8b8a9b0dbcac84d0f1e848343c.jpg,C:\Users\ashis\Desktop\ScanAI\dataset_manager\clean\skin\allergic_dermatitis\roboflow__dog-and-cat-skin-disease-identification-2__thumb-28-_jpg.rf.699aa1becea08105130f6d029e88d797.jpg,0
C:\Users\ashis\Desktop\ScanAI\dataset_manager\clean\skin\allergic_dermatitis\roboflow__dog-and-cat-skin-disease-identification-2__aug_0_1323_jpeg.rf.d217b71328ce279152cf9ff6a1bf2f13.jpg,C:\Users\ashis\Desktop\ScanAI\dataset_manager\clean\skin\allergic_dermatitis\roboflow__dog-and-cat-skin-disease-identification-2__thumb-24-_jpg.rf.62d38bfaeaa97024f3dc2ab15d11a067.jpg,0
C:\Users\ashis\Desktop\ScanAI\dataset_manager\clean\skin\allergic_dermatitis\roboflow__dog-and-cat-skin-disease-identification-2__aug_0_1613_jpeg.rf.04b6136bd842583b2a26a5e7f577f80d.jpg,C:\Users\ashis\Desktop\ScanAI\dataset_manager\clean\skin\allergic_dermatitis\roboflow__dog-and-cat-skin-disease-identification-2__thumb-38-_jpg.rf.39b9ee192fd5c22ad42b0a9e50368eea.jpg,0
C:\Users\ashis\Desktop\ScanAI\dataset_manager\clean\skin\allergic_dermatitis\roboflow__dog-and-cat-skin-disease-identification-2__aug_0_1764_jpeg.rf.aa67bf19c0571df349b9d32514fa8002.jpg,C:\Users\ashis\Desktop\ScanAI\dataset_manager\clean\skin\allergic_dermatitis\roboflow__dog-and-cat-skin-disease-identification-2__thumb-26-_jpg.rf.8acf5f7618d68e743b187cb54977852d.jpg,2
C:\Users\ashis\Desktop\ScanAI\dataset_manager\clean\skin\allergic_dermatitis\roboflow__dog-and-cat-skin-disease-identification-2__aug_0_2048-1-_jpeg.rf.ba54b6319afff62bfee259279cc07eed.jpg,C:\Users\ashis\Desktop\ScanAI\dataset_manager\clean\skin\allergic_dermatitis\roboflow__dog-and-cat-skin-disease-identification-2__thumb-14-_jpg.rf.fa9dff6942dcebbbcddcd85876cb930f.jpg,2
C:\Users\ashis\Desktop\ScanAI\dataset_manager\clean\skin\allergic_dermatitis\roboflow__dog-and-cat-skin-disease-identification-2__aug_0_2133_jpeg.rf.8a676d6e24c95b465dde7f35493cc2b5.jpg,C:\Users\ashis\Desktop\ScanAI\dataset_manager\clean\skin\allergic_dermatitis\roboflow__dog-and-cat-skin-disease-identification-2__thumb-33-_jpg.rf.aeeaab1afc6521025644a6a1996df90f.jpg,2
C:\Users\ashis\Desktop\ScanAI\dataset_manager\clean\skin\allergic_dermatitis\roboflow__dog-and-cat-skin-disease-identification-2__aug_0_2309_jpeg.rf.2fab38b3ef2f5ec3047737f4ea73a61f.jpg,C:\Users\ashis\Desktop\ScanAI\dataset_manager\clean\skin\allergic_dermatitis\roboflow__dog-and-cat-skin-disease-identification-2__aug_0_2309_jpeg_jpg.rf.2916cf95f8426c7d9cf2a366b74d60a8.jpg,0
C:\Users\ashis\Desktop\ScanAI\dataset_manager\clean\skin\allergic_dermatitis\roboflow__dog-and-cat-skin-disease-identification-2__aug_0_2309_jpeg.rf.2fab38b3ef2f5ec3047737f4ea73a61f.jpg,C:\Users\ashis\Desktop\ScanAI\dataset_manager\clean\skin\allergic_dermatitis\roboflow__dog-and-cat-skin-disease-identification-2__thumb-15-_jpg.rf.a2e6d8a774939a50546c4276c5e39a8a.jpg,0
C:\Users\ashis\Desktop\ScanAI\dataset_manager\clean\skin\allergic_dermatitis\roboflow__dog-and-cat-skin-disease-identification-2__aug_0_2309_jpeg_jpg.rf.2916cf95f8426c7d9cf2a366b74d60a8.jpg,C:\Users\ashis\Desktop\ScanAI\dataset_manager\clean\skin\allergic_dermatitis\roboflow__dog-and-cat-skin-disease-identification-2__thumb-15-_jpg.rf.a2e6d8a774939a50546c4276c5e39a8a.jpg,0
C:\Users\ashis\Desktop\ScanAI\dataset_manager\clean\skin\allergic_dermatitis\roboflow__dog-and-cat-skin-disease-identification-2__aug_0_2329_jpeg_jpg.rf.6d9a05916f5f5619984786a22e14f4f8.jpg,C:\Users\ashis\Desktop\ScanAI\dataset_manager\clean\skin\allergic_dermatitis\roboflow__dog-and-cat-skin-disease-identification-2__thumb-41-_jpg.rf.395037a2b6f62cf0f44747e3c9d12105.jpg,0
C:\Users\ashis\Desktop\ScanAI\dataset_manager\clean\skin\allergic_dermatitis\roboflow__dog-and-cat-skin-disease-identification-2__aug_0_234_jpeg.rf.8b8a7777755287e0279383829202271b.jpg,C:\Users\ashis\Desktop\ScanAI\dataset_manager\clean\skin\allergic_dermatitis\roboflow__dog-and-cat-skin-disease-identification-2__thumb-23-_jpg.rf.ed16c11a7b2004cbf3d3774ef18faf74.jpg,0
C:\Users\ashis\Desktop\ScanAI\dataset_manager\clean\skin\allergic_dermatitis\roboflow__dog-and-cat-skin-disease-identification-2__aug_0_2755_jpeg.rf.b84f821bd8a9cb428793a0950903cbad.jpg,C:\Users\ashis\Desktop\ScanAI\dataset_manager\clean\skin\allergic_dermatitis\roboflow__dog-and-cat-skin-disease-identification-2__aug_0_2755_jpeg_jpg.rf.8bffef978001c2a123d6e182d5537fde.jpg,0
C:\Users\ashis\Desktop\ScanAI\dataset_manager\clean\skin\allergic_dermatitis\roboflow__dog-and-cat-skin-disease-identification-2__aug_0_2755_jpeg.rf.b84f821bd8a9cb428793a0950903cbad.jpg,C:\Users\ashis\Desktop\ScanAI\dataset_manager\clean\skin\allergic_dermatitis\roboflow__dog-and-cat-skin-disease-identification-2__thumb-40-_jpg.rf.ad837957cec138fd27d77683aff8383c.jpg,0
C:\Users\ashis\Desktop\ScanAI\dataset_manager\clean\skin\allergic_dermatitis\roboflow__dog-and-cat-skin-disease-identification-2__aug_0_2755_jpeg_jpg.rf.8bffef978001c2a123d6e182d5537fde.jpg,C:\Users\ashis\Desktop\ScanAI\dataset_manager\clean\skin\allergic_dermatitis\roboflow__dog-and-cat-skin-disease-identification-2__thumb-40-_jpg.rf.ad837957cec138fd27d77683aff8383c.jpg,0
C:\Users\ashis\Desktop\ScanAI\dataset_manager\clean\skin\allergic_dermatitis\roboflow__dog-and-cat-skin-disease-identification-2__aug_0_2779_jpeg.rf.b8d79b526eb90800c395922fa434cc4c.jpg,C:\Users\ashis\Desktop\ScanAI\dataset_manager\clean\skin\allergic_dermatitis\roboflow__dog-and-cat-skin-disease-identification-2__thumb-32-_jpg.rf.70fb4984a61a0a0b6a19467690a52dab.jpg,0
C:\Users\ashis\Desktop\ScanAI\dataset_manager\clean\skin\allergic_dermatitis\roboflow__dog-and-cat-skin-disease-identification-2__aug_0_2973_jpeg.rf.55275305f33e8873ef04f7c1ff4b562d.jpg,C:\Users\ashis\Desktop\ScanAI\dataset_manager\clean\skin\allergic_dermatitis\roboflow__dog-and-cat-skin-disease-identification-2__thumb-6-_jpg.rf.142e5fcf1ea4d7d1fc01557b34e1cc92.jpg,0
C:\Users\ashis\Desktop\ScanAI\dataset_manager\clean\skin\allergic_dermatitis\roboflow__dog-and-cat-skin-disease-identification-2__aug_0_3008_jpeg.rf.99095bb294066038325f6a71ce6bfba7.jpg,C:\Users\ashis\Desktop\ScanAI\dataset_manager\clean\skin\allergic_dermatitis\roboflow__dog-and-cat-skin-disease-identification-2__aug_0_3008_jpeg_jpg.rf.69ff6f760b93b3007d2fd1d83de08a92.jpg,0
C:\Users\ashis\Desktop\ScanAI\dataset_manager\clean\skin\allergic_dermatitis\roboflow__dog-and-cat-skin-disease-identification-2__aug_0_3008_jpeg.rf.99095bb294066038325f6a71ce6bfba7.jpg,C:\Users\ashis\Desktop\ScanAI\dataset_manager\clean\skin\allergic_dermatitis\roboflow__dog-and-cat-skin-disease-identification-2__thumb-27-_jpg.rf.7d09fbcf51431c46d9644ebd992b3275.jpg,0
C:\Users\ashis\Desktop\ScanAI\dataset_manager\clean\skin\allergic_dermatitis\roboflow__dog-and-cat-skin-disease-identification-2__aug_0_3008_jpeg_jpg.rf.69ff6f760b93b3007d2fd1d83de08a92.jpg,C:\Users\ashis\Desktop\ScanAI\dataset_manager\clean\skin\allergic_dermatitis\roboflow__dog-and-cat-skin-disease-identification-2__thumb-27-_jpg.rf.7d09fbcf51431c46d9644ebd992b3275.jpg,0
C:\Users\ashis\Desktop\ScanAI\dataset_manager\clean\skin\allergic_dermatitis\roboflow__dog-and-cat-skin-disease-identification-2__aug_0_3019_jpeg.rf.9303e56cc360bfc7d1cae88934882070.jpg,C:\Users\ashis\Desktop\ScanAI\dataset_manager\clean\skin\allergic_dermatitis\roboflow__dog-and-cat-skin-disease-identification-2__aug_0_3019_jpeg_jpg.rf.43a5d5822fc1ce62406a4186d36231e8.jpg,0
C:\Users\ashis\Desktop\ScanAI\dataset_manager\clean\skin\allergic_dermatitis\roboflow__dog-and-cat-skin-disease-identification-2__aug_0_3019_jpeg.rf.9303e56cc360bfc7d1cae88934882070.jpg,C:\Users\ashis\Desktop\ScanAI\dataset_manager\clean\skin\allergic_dermatitis\roboflow__dog-and-cat-skin-disease-identification-2__thumb-13-_jpg.rf.aa8a2935e0082f61aaa43604f28281b8.jpg,0
C:\Users\ashis\Desktop\ScanAI\dataset_manager\clean\skin\allergic_dermatitis\roboflow__dog-and-cat-skin-disease-identification-2__aug_0_3019_jpeg_jpg.rf.43a5d5822fc1ce62406a4186d36231e8.jpg,C:\Users\ashis\Desktop\ScanAI\dataset_manager\clean\skin\allergic_dermatitis\roboflow__dog-and-cat-skin-disease-identification-2__thumb-13-_jpg.rf.aa8a2935e0082f61aaa43604f28281b8.jpg,0
C:\Users\ashis\Desktop\ScanAI\dataset_manager\clean\skin\allergic_dermatitis\roboflow__dog-and-cat-skin-disease-identification-2__aug_0_3170_jpeg_jpg.rf.688f7df85cb68b108fff042e43d6c0f3.jpg,C:\Users\ashis\Desktop\ScanAI\dataset_manager\clean\skin\allergic_dermatitis\roboflow__dog-and-cat-skin-disease-identification-2__thumb-36-_jpg.rf.619f42deaa0864e50d63c699f4cfecf1.jpg,0
C:\Users\ashis\Desktop\ScanAI\dataset_manager\clean\skin\allergic_dermatitis\roboflow__dog-and-cat-skin-disease-identification-2__aug_0_3176_jpeg.rf.6f3107b937f927b0682e56129066e94a.jpg,C:\Users\ashis\Desktop\ScanAI\dataset_manager\clean\skin\allergic_dermatitis\roboflow__dog-and-cat-skin-disease-identification-2__aug_0_3176_jpeg_jpg.rf.f0eb68767fbba8abe686a2f6c0c3e080.jpg,0
C:\Users\ashis\Desktop\ScanAI\dataset_manager\clean\skin\allergic_dermatitis\roboflow__dog-and-cat-skin-disease-identification-2__aug_0_3176_jpeg.rf.6f3107b937f927b0682e56129066e94a.jpg,C:\Users\ashis\Desktop\ScanAI\dataset_manager\clean\skin\allergic_dermatitis\roboflow__dog-and-cat-skin-disease-identification-2__thumb-21-_jpg.rf.85f896036e158cecd33ebca1dce6ca68.jpg,0
C:\Users\ashis\Desktop\ScanAI\dataset_manager\clean\skin\allergic_dermatitis\roboflow__dog-and-cat-skin-disease-identification-2__aug_0_3176_jpeg_jpg.rf.f0eb68767fbba8abe686a2f6c0c3e080.jpg,C:\Users\ashis\Desktop\ScanAI\dataset_manager\clean\skin\allergic_dermatitis\roboflow__dog-and-cat-skin-disease-identification-2__thumb-21-_jpg.rf.85f896036e158cecd33ebca1dce6ca68.jpg,0
C:\Users\ashis\Desktop\ScanAI\dataset_manager\clean\skin\allergic_dermatitis\roboflow__dog-and-cat-skin-disease-identification-2__aug_0_3254-1-_jpeg.rf.e763d751f431489b58427530c6863b13.jpg,C:\Users\ashis\Desktop\ScanAI\dataset_manager\clean\skin\allergic_dermatitis\roboflow__dog-and-cat-skin-disease-identification-2__thumb-18-_jpg.rf.908e70dd88809c6b84b80a458ae8ef63.jpg,0
C:\Users\ashis\Desktop\ScanAI\dataset_manager\clean\skin\allergic_dermatitis\roboflow__dog-and-cat-skin-disease-identification-2__aug_0_342_jpeg_jpg.rf.adff0a0ee3b798445dd1d03c77d3a0be.jpg,C:\Users\ashis\Desktop\ScanAI\dataset_manager\clean\skin\allergic_dermatitis\roboflow__dog-and-cat-skin-disease-identification-2__thumb-5-_jpg.rf.df53808bc19d5d02da5e7b7d8ac2a7c4.jpg,0
C:\Users\ashis\Desktop\ScanAI\dataset_manager\clean\skin\allergic_dermatitis\roboflow__dog-and-cat-skin-disease-identification-2__aug_0_3637_jpeg.rf.b1f1ebd357d88ce2b641e5022c64ff6d.jpg,C:\Users\ashis\Desktop\ScanAI\dataset_manager\clean\skin\allergic_dermatitis\roboflow__dog-and-cat-skin-disease-identification-2__thumb-22-_jpg.rf.bbd2d5bd9ef91acf7a1c7b57e6628cfe.jpg,2
C:\Users\ashis\Desktop\ScanAI\dataset_manager\clean\skin\allergic_dermatitis\roboflow__dog-and-cat-skin-disease-identification-2__aug_0_3663_jpeg.rf.f488c8ada913a644a6bd9d354080451f.jpg,C:\Users\ashis\Desktop\ScanAI\dataset_manager\clean\skin\allergic_dermatitis\roboflow__dog-and-cat-skin-disease-identification-2__thumb-26-_jpg.rf.2f60dcf863f48980c4faaebb594f77a1.jpg,0
C:\Users\ashis\Desktop\ScanAI\dataset_manager\clean\skin\allergic_dermatitis\roboflow__dog-and-cat-skin-disease-identification-2__aug_0_4104_jpeg.rf.a31652ba8d3cede190013c6852be62f2.jpg,C:\Users\ashis\Desktop\ScanAI\dataset_manager\clean\skin\allergic_dermatitis\roboflow__dog-and-cat-skin-disease-identification-2__aug_0_4104_jpeg_jpg.rf.a0f0314a12e343fb8a06c95c0bf7c9b9.jpg,0
C:\Users\ashis\Desktop\ScanAI\dataset_manager\clean\skin\allergic_dermatitis\roboflow__dog-and-cat-skin-disease-identification-2__aug_0_4104_jpeg.rf.a31652ba8d3cede190013c6852be62f2.jpg,C:\Users\ashis\Desktop\ScanAI\dataset_manager\clean\skin\allergic_dermatitis\roboflow__dog-and-cat-skin-disease-identification-2__thumb-_jpg.rf.504d1dc6ec7697ad135e0282256af2e9.jpg,0
C:\Users\ashis\Desktop\ScanAI\dataset_manager\clean\skin\allergic_dermatitis\roboflow__dog-and-cat-skin-disease-identification-2__aug_0_4104_jpeg_jpg.rf.a0f0314a12e343fb8a06c95c0bf7c9b9.jpg,C:\Users\ashis\Desktop\ScanAI\dataset_manager\clean\skin\allergic_dermatitis\roboflow__dog-and-cat-skin-disease-identification-2__thumb-_jpg.rf.504d1dc6ec7697ad135e0282256af2e9.jpg,0
C:\Users\ashis\Desktop\ScanAI\dataset_manager\clean\skin\allergic_dermatitis\roboflow__dog-and-cat-skin-disease-identification-2__aug_0_4493_jpeg.rf.73fd43c886e81010276fe5c8c354cedf.jpg,C:\Users\ashis\Desktop\ScanAI\dataset_manager\clean\skin\allergic_dermatitis\roboflow__dog-and-cat-skin-disease-identification-2__thumb-7-_jpg.rf.8936c5ce90bb671435962ade33341dfd.jpg,0
C:\Users\ashis\Desktop\ScanAI\dataset_manager\clean\skin\allergic_dermatitis\roboflow__dog-and-cat-skin-disease-identification-2__aug_0_4602_jpeg.rf.ed029873bd52e0b6058943a7ca83e4d1.jpg,C:\Users\ashis\Desktop\ScanAI\dataset_manager\clean\skin\allergic_dermatitis\roboflow__dog-and-cat-skin-disease-identification-2__thumb-24-_jpg.rf.c643c887b09e363c519d81d6b975392a.jpg,0
C:\Users\ashis\Desktop\ScanAI\dataset_manager\clean\skin\allergic_dermatitis\roboflow__dog-and-cat-skin-disease-identification-2__aug_0_4851_jpeg.rf.603b1aaaccf30f6f7d4a8fba8015d11e.jpg,C:\Users\ashis\Desktop\ScanAI\dataset_manager\clean\skin\allergic_dermatitis\roboflow__dog-and-cat-skin-disease-identification-2__thumb-4-_jpg.rf.4668a977b4413fd44990b3c4d4583250.jpg,0
C:\Users\ashis\Desktop\ScanAI\dataset_manager\clean\skin\allergic_dermatitis\roboflow__dog-and-cat-skin-disease-identification-2__aug_0_5050_jpeg.rf.1799d69f851be8bde4306b24eb6ddb5d.jpg,C:\Users\ashis\Desktop\ScanAI\dataset_manager\clean\skin\allergic_dermatitis\roboflow__dog-and-cat-skin-disease-identification-2__thumb-43-_jpg.rf.32055cf81ea575bf565b1068c658f072.jpg,2
C:\Users\ashis\Desktop\ScanAI\dataset_manager\clean\skin\allergic_dermatitis\roboflow__dog-and-cat-skin-disease-identification-2__aug_0_5453_jpeg.rf.7588d4fe48d40f5f9c0967d88b354c6b.jpg,C:\Users\ashis\Desktop\ScanAI\dataset_manager\clean\skin\allergic_dermatitis\roboflow__dog-and-cat-skin-disease-identification-2__thumb-32-_jpg.rf.054321c6596cd58e3598fbc3b8455a22.jpg,0
C:\Users\ashis\Desktop\ScanAI\dataset_manager\clean\skin\allergic_dermatitis\roboflow__dog-and-cat-skin-disease-identification-2__aug_0_5745-1-_jpeg.rf.c993de2ef3c1086fd583bb716995d4d7.jpg,C:\Users\ashis\Desktop\ScanAI\dataset_manager\clean\skin\allergic_dermatitis\roboflow__dog-and-cat-skin-disease-identification-2__aug_0_5745_jpeg_jpg.rf.e6edd9ec9de58a66de75d91586df952f.jpg,0
C:\Users\ashis\Desktop\ScanAI\dataset_manager\clean\skin\allergic_dermatitis\roboflow__dog-and-cat-skin-disease-identification-2__aug_0_5745-1-_jpeg.rf.c993de2ef3c1086fd583bb716995d4d7.jpg,C:\Users\ashis\Desktop\ScanAI\dataset_manager\clean\skin\allergic_dermatitis\roboflow__dog-and-cat-skin-disease-identification-2__thumb-45-_jpg.rf.aaa96969b3163d3bc9e022ef11a84497.jpg,0
C:\Users\ashis\Desktop\ScanAI\dataset_manager\clean\skin\allergic_dermatitis\roboflow__dog-and-cat-skin-disease-identification-2__aug_0_5745_jpeg_jpg.rf.e6edd9ec9de58a66de75d91586df952f.jpg,C:\Users\ashis\Desktop\ScanAI\dataset_manager\clean\skin\allergic_dermatitis\roboflow__dog-and-cat-skin-disease-identification-2__thumb-45-_jpg.rf.aaa96969b3163d3bc9e022ef11a84497.jpg,0
C:\Users\ashis\Desktop\ScanAI\dataset_manager\clean\skin\allergic_dermatitis\roboflow__dog-and-cat-skin-disease-identification-2__aug_0_6170_jpeg_jpg.rf.fd981457b2475961c166e8705547d542.jpg,C:\Users\ashis\Desktop\ScanAI\dataset_manager\clean\skin\allergic_dermatitis\roboflow__dog-and-cat-skin-disease-identification-2__thumb-44-_jpg.rf.a79dd4157c929b157362b28126f3dbd4.jpg,0
C:\Users\ashis\Desktop\ScanAI\dataset_manager\clean\skin\allergic_dermatitis\roboflow__dog-and-cat-skin-disease-identification-2__aug_0_6545-1-_jpeg.rf.26e9c904ee1a9b84c620f11cc2858b46.jpg,C:\Users\ashis\Desktop\ScanAI\dataset_manager\clean\skin\allergic_dermatitis\roboflow__dog-and-cat-skin-disease-identification-2__thumb-13-_jpg.rf.ccd66566b946ac6f40862b43e03eab83.jpg,0
C:\Users\ashis\Desktop\ScanAI\dataset_manager\clean\skin\allergic_dermatitis\roboflow__dog-and-cat-skin-disease-identification-2__aug_0_7089_jpeg.rf.0cab51ec0546599d2e6a6a5e95c8a7f5.jpg,C:\Users\ashis\Desktop\ScanAI\dataset_manager\clean\skin\allergic_dermatitis\roboflow__dog-and-cat-skin-disease-identification-2__thumb-39-_jpg.rf.8a6738e4fd4d77df5d215290072c442a.jpg,0
C:\Users\ashis\Desktop\ScanAI\dataset_manager\clean\skin\allergic_dermatitis\roboflow__dog-and-cat-skin-disease-identification-2__aug_0_7418_jpeg_jpg.rf.336a8d3b537f1b44895d5b72e5fb8ff8.jpg,C:\Users\ashis\Desktop\ScanAI\dataset_manager\clean\skin\allergic_dermatitis\roboflow__dog-and-cat-skin-disease-identification-2__thumb-40-_jpg.rf.995bf0f26025c304f774bebec7293a10.jpg,0
C:\Users\ashis\Desktop\ScanAI\dataset_manager\clean\skin\allergic_dermatitis\roboflow__dog-and-cat-skin-disease-identification-2__aug_0_7473_jpeg.rf.c28a17af795ea3f988424ced9b305533.jpg,C:\Users\ashis\Desktop\ScanAI\dataset_manager\clean\skin\allergic_dermatitis\roboflow__dog-and-cat-skin-disease-identification-2__aug_0_7473_jpeg_jpg.rf.836b6a9161471bba1a63205e5af13a83.jpg,0
C:\Users\ashis\Desktop\ScanAI\dataset_manager\clean\skin\allergic_dermatitis\roboflow__dog-and-cat-skin-disease-identification-2__aug_0_7473_jpeg.rf.c28a17af795ea3f988424ced9b305533.jpg,C:\Users\ashis\Desktop\ScanAI\dataset_manager\clean\skin\allergic_dermatitis\roboflow__dog-and-cat-skin-disease-identification-2__thumb-46-_jpg.rf.b260caaa9dbb15ff6e1b01df268f9aa1.jpg,0
C:\Users\ashis\Desktop\ScanAI\dataset_manager\clean\skin\allergic_dermatitis\roboflow__dog-and-cat-skin-disease-identification-2__aug_0_7473_jpeg_jpg.rf.836b6a9161471bba1a63205e5af13a83.jpg,C:\Users\ashis\Desktop\ScanAI\dataset_manager\clean\skin\allergic_dermatitis\roboflow__dog-and-cat-skin-disease-identification-2__thumb-46-_jpg.rf.b260caaa9dbb15ff6e1b01df268f9aa1.jpg,0
C:\Users\ashis\Desktop\ScanAI\dataset_manager\clean\skin\allergic_dermatitis\roboflow__dog-and-cat-skin-disease-identification-2__aug_0_7532_jpeg.rf.5128e7135b51b19ebac4c2763a6154d9.jpg,C:\Users\ashis\Desktop\ScanAI\dataset_manager\clean\skin\allergic_dermatitis\roboflow__dog-and-cat-skin-disease-identification-2__thumb-34-_jpg.rf.a9930c07e4751519b27abce218a81c93.jpg,0
C:\Users\ashis\Desktop\ScanAI\dataset_manager\clean\skin\allergic_dermatitis\roboflow__dog-and-cat-skin-disease-identification-2__aug_0_7695_jpeg.rf.2b48d399c5bb7d476c80a41b61aa691c.jpg,C:\Users\ashis\Desktop\ScanAI\dataset_manager\clean\skin\allergic_dermatitis\roboflow__dog-and-cat-skin-disease-identification-2__aug_0_7695_jpeg_jpg.rf.0e9066115cf0d43714f0256f6e74c96c.jpg,0
C:\Users\ashis\Desktop\ScanAI\dataset_manager\clean\skin\allergic_dermatitis\roboflow__dog-and-cat-skin-disease-identification-2__aug_0_7695_jpeg.rf.2b48d399c5bb7d476c80a41b61aa691c.jpg,C:\Users\ashis\Desktop\ScanAI\dataset_manager\clean\skin\allergic_dermatitis\roboflow__dog-and-cat-skin-disease-identification-2__thumb-48-_jpg.rf.3f87a3bea7af5c29e9681b2108d06128.jpg,0
C:\Users\ashis\Desktop\ScanAI\dataset_manager\clean\skin\allergic_dermatitis\roboflow__dog-and-cat-skin-disease-identification-2__aug_0_7695_jpeg_jpg.rf.0e9066115cf0d43714f0256f6e74c96c.jpg,C:\Users\ashis\Desktop\ScanAI\dataset_manager\clean\skin\allergic_dermatitis\roboflow__dog-and-cat-skin-disease-identification-2__thumb-48-_jpg.rf.3f87a3bea7af5c29e9681b2108d06128.jpg,0
C:\Users\ashis\Desktop\ScanAI\dataset_manager\clean\skin\allergic_dermatitis\roboflow__dog-and-cat-skin-disease-identification-2__aug_0_794_jpeg.rf.03943d3c36a08ed96c47fba2a27e2c76.jpg,C:\Users\ashis\Desktop\ScanAI\dataset_manager\clean\skin\allergic_dermatitis\roboflow__dog-and-cat-skin-disease-identification-2__aug_0_794_jpeg_jpg.rf.3c8e399628a0d7954d43708e77da8989.jpg,0
C:\Users\ashis\Desktop\ScanAI\dataset_manager\clean\skin\allergic_dermatitis\roboflow__dog-and-cat-skin-disease-identification-2__aug_0_8205_jpeg.rf.65f6aca9c553098405d71be70e9fa98e.jpg,C:\Users\ashis\Desktop\ScanAI\dataset_manager\clean\skin\allergic_dermatitis\roboflow__dog-and-cat-skin-disease-identification-2__thumb-46-_jpg.rf.a290807c57b52e5746478eeefb7d3919.jpg,2
C:\Users\ashis\Desktop\ScanAI\dataset_manager\clean\skin\allergic_dermatitis\roboflow__dog-and-cat-skin-disease-identification-2__aug_0_9416_jpeg.rf.c2eea56bdf068207d167788796976e60.jpg,C:\Users\ashis\Desktop\ScanAI\dataset_manager\clean\skin\allergic_dermatitis\roboflow__dog-and-cat-skin-disease-identification-2__thumb-3-_jpg.rf.725fd05d42a33912737bfe6dbeddc8ce.jpg,0
C:\Users\ashis\Desktop\ScanAI\dataset_manager\clean\skin\allergic_dermatitis\roboflow__dog-and-cat-skin-disease-identification-2__aug_0_9991_jpeg.rf.aa708d50c4b846241b2c33f89a42b60f.jpg,C:\Users\ashis\Desktop\ScanAI\dataset_manager\clean\skin\allergic_dermatitis\roboflow__dog-and-cat-skin-disease-identification-2__aug_0_9991_jpeg_jpg.rf.45318cb813000883598c3f566221fbba.jpg,0
C:\Users\ashis\Desktop\ScanAI\dataset_manager\clean\skin\allergic_dermatitis\roboflow__dog-and-cat-skin-disease-identification-2__B9781416056638000070_f007-007-9781416056638_jpg.rf.549b75f7d69d4230334fb387928d89af.jpg,C:\Users\ashis\Desktop\ScanAI\dataset_manager\clean\skin\allergic_dermatitis\roboflow__dog-and-cat-skin-disease-identification-2__B9781416056638000070_f007-007-9781416056638_jpg.rf.d85157e6b43fd7b1d5603de8944a3ec9.jpg,4
C:\Users\ashis\Desktop\ScanAI\dataset_manager\clean\skin\allergic_dermatitis\roboflow__dog-and-cat-skin-disease-identification-2__B9781416056638000070_f007-030-9781416056638_jpg.rf.3c9132b2dc1958bb7fb3b80c55442ddb.jpg,C:\Users\ashis\Desktop\ScanAI\dataset_manager\clean\skin\allergic_dermatitis\roboflow__dog-and-cat-skin-disease-identification-2__B9781416056638000070_f007-030-9781416056638_jpg.rf.8828bad06eb8d0cae5d5b85fb38efab0.jpg,4
C:\Users\ashis\Desktop\ScanAI\dataset_manager\clean\skin\allergic_dermatitis\roboflow__dog-and-cat-skin-disease-identification-2__B9781416056638000070_f007-038-9781416056638_jpg.rf.65a0930d0d9b51ec7b8fd47a6ea83c3c.jpg,C:\Users\ashis\Desktop\ScanAI\dataset_manager\clean\skin\allergic_dermatitis\roboflow__dog-and-cat-skin-disease-identification-2__B9781416056638000070_f007-038-9781416056638_jpg.rf.b1534fcaf5e63117ebcd39bbc11fa273.jpg,4
C:\Users\ashis\Desktop\ScanAI\dataset_manager\clean\skin\allergic_dermatitis\roboflow__dog-and-cat-skin-disease-identification-2__B9781416056638000070_f007-042-9781416056638_jpg.rf.b0effae91d1eb7a39d9a9b606e0c9608.jpg,C:\Users\ashis\Desktop\ScanAI\dataset_manager\clean\skin\allergic_dermatitis\roboflow__dog-and-cat-skin-disease-identification-2__B9781416056638000070_f007-042-9781416056638_jpg.rf.c2f1af1b5fa061598ee9567843e829b3.jpg,4
C:\Users\ashis\Desktop\ScanAI\dataset_manager\clean\skin\allergic_dermatitis\roboflow__dog-and-cat-skin-disease-identification-2__flea_allergy-14-_jpg.rf.062215f783bad8aa28695be117ad4d52.jpg,C:\Users\ashis\Desktop\ScanAI\dataset_manager\clean\skin\allergic_dermatitis\roboflow__dog-and-cat-skin-disease-identification-2__flea_allergy-14-_jpg.rf.bf6bca551de0d2b33a1aecd119b537fb.jpg,0
C:\Users\ashis\Desktop\ScanAI\dataset_manager\clean\skin\allergic_dermatitis\roboflow__dog-and-cat-skin-disease-identification-2__flea_allergy-20-_jpg.rf.91c91448118865b9bf2c5f47bd3f8554.jpg,C:\Users\ashis\Desktop\ScanAI\dataset_manager\clean\skin\allergic_dermatitis\roboflow__dog-and-cat-skin-disease-identification-2__flea_allergy-30-_jpg.rf.0ae8821bd17ce26b166a682164b5dd05.jpg,0
C:\Users\ashis\Desktop\ScanAI\dataset_manager\clean\skin\allergic_dermatitis\roboflow__dog-and-cat-skin-disease-identification-2__flea_allergy-3-_jpg.rf.f0f035cba1dd83b0b4a8833c101cb7e5.jpg,C:\Users\ashis\Desktop\ScanAI\dataset_manager\clean\skin\allergic_dermatitis\roboflow__dog-and-cat-skin-disease-identification-2__flea_allergy-3-_jpg.rf.f620a1186d89f485530283d114d009da.jpg,0
C:\Users\ashis\Desktop\ScanAI\dataset_manager\clean\skin\allergic_dermatitis\roboflow__dog-and-cat-skin-disease-identification-2__flea_allergy-33-_jpg.rf.7188c7f9378924b2227151b1a95e7316.jpg,C:\Users\ashis\Desktop\ScanAI\dataset_manager\clean\skin\ringworm\roboflow__dog-and-cat-skin-disease-identification-2__flea_allergy-45-_jpg.rf.788be0b6d9e0d329f3b8b4ec11e3490c.jpg,2
C:\Users\ashis\Desktop\ScanAI\dataset_manager\clean\skin\allergic_dermatitis\roboflow__dog-and-cat-skin-disease-identification-2__flea_allergy-34-_jpg.rf.c0e51b77e69e22fa78f0c38353579116.jpg,C:\Users\ashis\Desktop\ScanAI\dataset_manager\clean\skin\ringworm\roboflow__dog-and-cat-skin-disease-identification-2__flea_allergy-46-_jpg.rf.b139ab9fd607884969735a2c63ec9c78.jpg,0
C:\Users\ashis\Desktop\ScanAI\dataset_manager\clean\skin\allergic_dermatitis\roboflow__dog-and-cat-skin-disease-identification-2__flea_allergy-4-_jpg.rf.3d6775bf00dad4227d68d4dd77f95f4b.jpg,C:\Users\ashis\Desktop\ScanAI\dataset_manager\clean\skin\allergic_dermatitis\roboflow__dog-and-cat-skin-disease-identification-2__flea_allergy-4-_jpg.rf.5cd9d2451f9affa41d77af853a2464c1.jpg,0
C:\Users\ashis\Desktop\ScanAI\dataset_manager\clean\skin\allergic_dermatitis\roboflow__dog-and-cat-skin-disease-identification-2__flea_allergy-48-_jpg.rf.958f8250a0d5a6b317a40d5dc14bf79e.jpg,C:\Users\ashis\Desktop\ScanAI\dataset_manager\clean\skin\ringworm\roboflow__dog-and-cat-skin-disease-identification-2__flea_allergy-48-_jpg.rf.93c2d27a213d3f6d2d15bf3b728b3a3e.jpg,0
C:\Users\ashis\Desktop\ScanAI\dataset_manager\clean\skin\allergic_dermatitis\roboflow__dog-and-cat-skin-disease-identification-2__flea_allergy-49-_jpg.rf.4cd236265673fff870d4100c58dc5660.jpg,C:\Users\ashis\Desktop\ScanAI\dataset_manager\clean\skin\allergic_dermatitis\roboflow__dog-and-cat-skin-disease-identification-2__flea_allergy-49-_jpg.rf.fc4096c0d426cb685d5a40efe68068a8.jpg,0
C:\Users\ashis\Desktop\ScanAI\dataset_manager\clean\skin\allergic_dermatitis\roboflow__dog-and-cat-skin-disease-identification-2__flea_allergy-55-_jpg.rf.7edcfedec4f31a9f686d2ba24519f01d.jpg,C:\Users\ashis\Desktop\ScanAI\dataset_manager\clean\skin\allergic_dermatitis\roboflow__dog-and-cat-skin-disease-identification-2__flea_allergy-55-_jpg.rf.8023fe93f70083b3835dff3265c7060a.jpg,0
C:\Users\ashis\Desktop\ScanAI\dataset_manager\clean\skin\allergic_dermatitis\roboflow__dog-and-cat-skin-disease-identification-2__flea_allergy-58-_jpg.rf.45917c6a41a45645017f683f4e1a31db.jpg,C:\Users\ashis\Desktop\ScanAI\dataset_manager\clean\skin\allergic_dermatitis\roboflow__dog-and-cat-skin-disease-identification-2__flea_allergy-58-_jpg.rf.ce193b839d4ebe49e0dffc6789992a34.jpg,0
C:\Users\ashis\Desktop\ScanAI\dataset_manager\clean\skin\allergic_dermatitis\roboflow__dog-and-cat-skin-disease-identification-2__flea_allergy-59-_jpg.rf.c139fd51ee6f1b7a39ebc690a0defd78.jpg,C:\Users\ashis\Desktop\ScanAI\dataset_manager\clean\skin\allergic_dermatitis\roboflow__dog-and-cat-skin-disease-identification-2__image_9_jpg.rf.8dd518d02073ca4aa97b31ee5aa5855a.jpg,0
C:\Users\ashis\Desktop\ScanAI\dataset_manager\clean\skin\allergic_dermatitis\roboflow__dog-and-cat-skin-disease-identification-2__flea_allergy-63-_jpg.rf.8c362fce23f23469d71e1daff5386d28.jpg,C:\Users\ashis\Desktop\ScanAI\dataset_manager\clean\skin\allergic_dermatitis\roboflow__dog-and-cat-skin-disease-identification-2__Image_3-2-_jpg.rf.1f20279992f5549449801edaad417a45.jpg,2
C:\Users\ashis\Desktop\ScanAI\dataset_manager\clean\skin\allergic_dermatitis\roboflow__dog-and-cat-skin-disease-identification-2__flea_allergy-63-_jpg.rf.8c362fce23f23469d71e1daff5386d28.jpg,C:\Users\ashis\Desktop\ScanAI\dataset_manager\clean\skin\allergic_dermatitis\roboflow__dog-and-cat-skin-disease-identification-2__Image_3-2-_jpg.rf.cb7b0ca17006c116bea4ce8c6ef1f82b.jpg,0
C:\Users\ashis\Desktop\ScanAI\dataset_manager\clean\skin\allergic_dermatitis\roboflow__dog-and-cat-skin-disease-identification-2__flea_allergy-64-_jpg.rf.502cf21884acbfe4334ccffd7b870cd2.jpg,C:\Users\ashis\Desktop\ScanAI\dataset_manager\clean\skin\allergic_dermatitis\roboflow__dog-and-cat-skin-disease-identification-2__flea_allergy-64-_jpg.rf.5960f997b4291a758960895931ea315c.jpg,0
C:\Users\ashis\Desktop\ScanAI\dataset_manager\clean\skin\allergic_dermatitis\roboflow__dog-and-cat-skin-disease-identification-2__flea_allergy-67-_jpg.rf.f68ac8ec3868f972f079f40fcf4881bc.jpg,C:\Users\ashis\Desktop\ScanAI\dataset_manager\clean\skin\ringworm\roboflow__dog-and-cat-skin-disease-identification-2__1000010719_x16_jpg.rf.b77cba7bd2e37cda15b92269142721a3.jpg,4
C:\Users\ashis\Desktop\ScanAI\dataset_manager\clean\skin\allergic_dermatitis\roboflow__dog-and-cat-skin-disease-identification-2__flea_allergy-7-_jpg.rf.d24295db5fe6cd43145864ddd623afd0.jpg,C:\Users\ashis\Desktop\ScanAI\dataset_manager\clean\skin\ringworm\roboflow__dog-and-cat-skin-disease-identification-2__flea_allergy-10-_jpg.rf.2408212cd64243486c27063817a9d39f.jpg,0
C:\Users\ashis\Desktop\ScanAI\dataset_manager\clean\skin\allergic_dermatitis\roboflow__dog-and-cat-skin-disease-identification-2__hotspot-103-_jpg.rf.c775d384adcd244ac7149b82aa08bba1.jpg,C:\Users\ashis\Desktop\ScanAI\dataset_manager\clean\skin\hotspot\roboflow__dog-and-cat-skin-disease-identification-2__hotspot-83-_jpg.rf.2ef3557f7d51809351e18bf7fcd2912c.jpg,0
C:\Users\ashis\Desktop\ScanAI\dataset_manager\clean\skin\allergic_dermatitis\roboflow__dog-and-cat-skin-disease-identification-2__hotspot-103-_jpg.rf.c775d384adcd244ac7149b82aa08bba1.jpg,C:\Users\ashis\Desktop\ScanAI\dataset_manager\clean\skin\hotspot\roboflow__dog-and-cat-skin-disease-identification-2__hotspot-83-_jpg.rf.84e3d79d5c9f39b49445e75c92df0827.jpg,0
C:\Users\ashis\Desktop\ScanAI\dataset_manager\clean\skin\allergic_dermatitis\roboflow__dog-and-cat-skin-disease-identification-2__hotspot-103-_jpg.rf.c775d384adcd244ac7149b82aa08bba1.jpg,C:\Users\ashis\Desktop\ScanAI\dataset_manager\clean\skin\pyoderma\roboflow__dog-and-cat-skin-disease-identification-2__bacterial_223_jpg.rf.72dbacef40518c4066e4db29ce570701.jpg,0
C:\Users\ashis\Desktop\ScanAI\dataset_manager\clean\skin\allergic_dermatitis\roboflow__dog-and-cat-skin-disease-identification-2__hotspot-104-_jpg.rf.6609e54d4d010bcfd1db44e0a01f0222.jpg,C:\Users\ashis\Desktop\ScanAI\dataset_manager\clean\skin\hotspot\roboflow__dog-and-cat-skin-disease-identification-2__hotspot-84-_jpg.rf.7e03869bb7a3502ed781d72590b2f868.jpg,0
C:\Users\ashis\Desktop\ScanAI\dataset_manager\clean\skin\allergic_dermatitis\roboflow__dog-and-cat-skin-disease-identification-2__hotspot-104-_jpg.rf.6609e54d4d010bcfd1db44e0a01f0222.jpg,C:\Users\ashis\Desktop\ScanAI\dataset_manager\clean\skin\hotspot\roboflow__dog-and-cat-skin-disease-identification-2__hotspot-84-_jpg.rf.e2af9687de448326ad187b8e033e2878.jpg,0
C:\Users\ashis\Desktop\ScanAI\dataset_manager\clean\skin\allergic_dermatitis\roboflow__dog-and-cat-skin-disease-identification-2__hotspot-104-_jpg.rf.6609e54d4d010bcfd1db44e0a01f0222.jpg,C:\Users\ashis\Desktop\ScanAI\dataset_manager\clean\skin\pyoderma\roboflow__dog-and-cat-skin-disease-identification-2__bacterial_224_jpg.rf.d32674e812b9c735e8edc473b778e992.jpg,0
C:\Users\ashis\Desktop\ScanAI\dataset_manager\clean\skin\allergic_dermatitis\roboflow__dog-and-cat-skin-disease-identification-2__hps11_jpg.rf.477e8ba0608c2abf7facf05a35892aec.jpg,C:\Users\ashis\Desktop\ScanAI\dataset_manager\clean\skin\allergic_dermatitis\roboflow__dog-and-cat-skin-disease-identification-2__hps11_jpg.rf.a18ce727522b0ac9203e100e4aaa8b16.jpg,0
C:\Users\ashis\Desktop\ScanAI\dataset_manager\clean\skin\allergic_dermatitis\roboflow__dog-and-cat-skin-disease-identification-2__hps11_jpg.rf.b820c2b9e0a6f367a5e5c94ea391b65b.jpg,C:\Users\ashis\Desktop\ScanAI\dataset_manager\clean\skin\allergic_dermatitis\roboflow__dog-and-cat-skin-disease-identification-2__hps11_jpg.rf.c0fbbafd7ba1a21ad5d0b14d3e0c4fff.jpg,0
C:\Users\ashis\Desktop\ScanAI\dataset_manager\clean\skin\allergic_dermatitis\roboflow__dog-and-cat-skin-disease-identification-2__hs2_jpg.rf.5740fbc4cd3cc9e62e1cc1af44bd37ff.jpg,C:\Users\ashis\Desktop\ScanAI\dataset_manager\clean\skin\allergic_dermatitis\roboflow__dog-and-cat-skin-disease-identification-2__hs2_jpg.rf.9788ee2c5c7910eda42d6753c2384c75.jpg,0
C:\Users\ashis\Desktop\ScanAI\dataset_manager\clean\skin\allergic_dermatitis\roboflow__dog-and-cat-skin-disease-identification-2__hs5_jpg.rf.3c94e568fce52daf6eab78aaaf18a7aa.jpg,C:\Users\ashis\Desktop\ScanAI\dataset_manager\clean\skin\allergic_dermatitis\roboflow__dog-and-cat-skin-disease-identification-2__hs5_jpg.rf.a0ba73fbdefdd29e5a6d74d86c67cb46.jpg,0
C:\Users\ashis\Desktop\ScanAI\dataset_manager\clean\skin\allergic_dermatitis\roboflow__dog-and-cat-skin-disease-identification-2__hs5_jpg.rf.5a4b3196abd4196b77128955514c23c7.jpg,C:\Users\ashis\Desktop\ScanAI\dataset_manager\clean\skin\allergic_dermatitis\roboflow__dog-and-cat-skin-disease-identification-2__hs5_jpg.rf.ea7e1a52dafb7d1b7651b392ee99e8f6.jpg,0
C:\Users\ashis\Desktop\ScanAI\dataset_manager\clean\skin\allergic_dermatitis\roboflow__dog-and-cat-skin-disease-identification-2__Hypersensitivity2_png_jpg.rf.31f02a7cc5764d17a7c987a7eae9621c.jpg,C:\Users\ashis\Desktop\ScanAI\dataset_manager\clean\skin\allergic_dermatitis\roboflow__dog-and-cat-skin-disease-identification-2__Hypersensitivity2_png_jpg.rf.d10ac4a50b86256c7b15da53d1483924.jpg,0
C:\Users\ashis\Desktop\ScanAI\dataset_manager\clean\skin\allergic_dermatitis\roboflow__dog-and-cat-skin-disease-identification-2__Hypersensitivity4_png_jpg.rf.1c078781b1524b11cf5fa35112bc7bcc.jpg,C:\Users\ashis\Desktop\ScanAI\dataset_manager\clean\skin\allergic_dermatitis\roboflow__dog-and-cat-skin-disease-identification-2__Hypersensitivity4_png_jpg.rf.74f2d35a4f3ad50c0af2b8677d130e56.jpg,0
C:\Users\ashis\Desktop\ScanAI\dataset_manager\clean\skin\allergic_dermatitis\roboflow__dog-and-cat-skin-disease-identification-2__Hypersensitivity4_png_jpg.rf.e50670f2822fba527fea72deb3c23a19.jpg,C:\Users\ashis\Desktop\ScanAI\dataset_manager\clean\skin\allergic_dermatitis\roboflow__dog-and-cat-skin-disease-identification-2__Hypersensitivity4_png_jpg.rf.e7617ca250c587f1179dfdedd9169800.jpg,0
C:\Users\ashis\Desktop\ScanAI\dataset_manager\clean\skin\allergic_dermatitis\roboflow__dog-and-cat-skin-disease-identification-2__Hypersensitivity5_png_jpg.rf.1b19cae5e121ab6458314f87a03c2781.jpg,C:\Users\ashis\Desktop\ScanAI\dataset_manager\clean\skin\allergic_dermatitis\roboflow__dog-and-cat-skin-disease-identification-2__Hypersensitivity5_png_jpg.rf.fa845d5b456b88dd864a04d598a9caff.jpg,0
C:\Users\ashis\Desktop\ScanAI\dataset_manager\clean\skin\allergic_dermatitis\roboflow__dog-and-cat-skin-disease-identification-2__Hypersensitivity5_png_jpg.rf.82dfdbf53ba3d770efe93085c9a8161c.jpg,C:\Users\ashis\Desktop\ScanAI\dataset_manager\clean\skin\allergic_dermatitis\roboflow__dog-and-cat-skin-disease-identification-2__Hypersensitivity5_png_jpg.rf.cecfa6c274db0ed9057ab0727e735e86.jpg,2
C:\Users\ashis\Desktop\ScanAI\dataset_manager\clean\skin\allergic_dermatitis\roboflow__dog-and-cat-skin-disease-identification-2__Hypersensitivity_1_jpg.rf.10d106bbee4f627f8105274d7a950cff.jpg,C:\Users\ashis\Desktop\ScanAI\dataset_manager\clean\skin\allergic_dermatitis\roboflow__dog-and-cat-skin-disease-identification-2__Hypersensitivity_1_jpg.rf.3bde8fe7887045abc10d1fa78bc6777b.jpg,2
C:\Users\ashis\Desktop\ScanAI\dataset_manager\clean\skin\allergic_dermatitis\roboflow__dog-and-cat-skin-disease-identification-2__Hypersensitivity_1_jpg.rf.10d106bbee4f627f8105274d7a950cff.jpg,C:\Users\ashis\Desktop\ScanAI\dataset_manager\clean\skin\allergic_dermatitis\roboflow__dog-and-cat-skin-disease-identification-2__Hypersensitivity_1_jpg.rf.d41ac80c991fd3b8580e39ab9b8ba64a.jpg,0
C:\Users\ashis\Desktop\ScanAI\dataset_manager\clean\skin\allergic_dermatitis\roboflow__dog-and-cat-skin-disease-identification-2__Hypersensitivity_1_jpg.rf.3356dd3f1ed8c83b763281c6cf12411d.jpg,C:\Users\ashis\Desktop\ScanAI\dataset_manager\clean\skin\allergic_dermatitis\roboflow__dog-and-cat-skin-disease-identification-2__Hypersensitivity_1_jpg.rf.5182ca1ffe7182ff848781bfda519e24.jpg,0
C:\Users\ashis\Desktop\ScanAI\dataset_manager\clean\skin\allergic_dermatitis\roboflow__dog-and-cat-skin-disease-identification-2__Hypersensitivity_1_jpg.rf.3bde8fe7887045abc10d1fa78bc6777b.jpg,C:\Users\ashis\Desktop\ScanAI\dataset_manager\clean\skin\allergic_dermatitis\roboflow__dog-and-cat-skin-disease-identification-2__Hypersensitivity_1_jpg.rf.d41ac80c991fd3b8580e39ab9b8ba64a.jpg,2
C:\Users\ashis\Desktop\ScanAI\dataset_manager\clean\skin\allergic_dermatitis\roboflow__dog-and-cat-skin-disease-identification-2__Hypersensitivity_2_jpg.rf.0fdf67bc7fb1d64a5bbe87f78e082a59.jpg,C:\Users\ashis\Desktop\ScanAI\dataset_manager\clean\skin\allergic_dermatitis\roboflow__dog-and-cat-skin-disease-identification-2__Hypersensitivity_2_jpg.rf.9e66302fa3e349bae7c00ae3508e03f7.jpg,0
C:\Users\ashis\Desktop\ScanAI\dataset_manager\clean\skin\allergic_dermatitis\roboflow__dog-and-cat-skin-disease-identification-2__Hypersensitivity_2_jpg.rf.1522ebb7bfc65570761cd3aefc76322f.jpg,C:\Users\ashis\Desktop\ScanAI\dataset_manager\clean\skin\allergic_dermatitis\roboflow__dog-and-cat-skin-disease-identification-2__Hypersensitivity_2_jpg.rf.35f47d126bfaf6e03ecb9ae6220a2829.jpg,0
C:\Users\ashis\Desktop\ScanAI\dataset_manager\clean\skin\allergic_dermatitis\roboflow__dog-and-cat-skin-disease-identification-2__Hypersensitivity_image_1_jpg.rf.2f471d155633b44cd68a820957063912.jpg,C:\Users\ashis\Desktop\ScanAI\dataset_manager\clean\skin\allergic_dermatitis\roboflow__dog-and-cat-skin-disease-identification-2__Hypersensitivity_image_1_jpg.rf.8ec3b9ea5cfb9596297d7ab3dc312d97.jpg,0
C:\Users\ashis\Desktop\ScanAI\dataset_manager\clean\skin\allergic_dermatitis\roboflow__dog-and-cat-skin-disease-identification-2__Hypersensitivity_image_1_jpg.rf.3937f0cfe4e405122fc06baf7e9f3d75.jpg,C:\Users\ashis\Desktop\ScanAI\dataset_manager\clean\skin\allergic_dermatitis\roboflow__dog-and-cat-skin-disease-identification-2__Hypersensitivity_image_1_jpg.rf.619af579c525c399b5f1ec964079c9b0.jpg,0
C:\Users\ashis\Desktop\ScanAI\dataset_manager\clean\skin\allergic_dermatitis\roboflow__dog-and-cat-skin-disease-identification-2__Hypersensitivity_image_1_jpg.rf.7a91d856fdcba3aecaf0b5db10696ddc.jpg,C:\Users\ashis\Desktop\ScanAI\dataset_manager\clean\skin\allergic_dermatitis\roboflow__dog-and-cat-skin-disease-identification-2__Hypersensitivity_image_1_jpg.rf.b91cdfe676acc013173e4131d7b46952.jpg,0
C:\Users\ashis\Desktop\ScanAI\dataset_manager\clean\skin\allergic_dermatitis\roboflow__dog-and-cat-skin-disease-identification-2__Hypersensitivity_image_3_jpg.rf.40f6dd6f39e3352bdfe27d9027a98269.jpg,C:\Users\ashis\Desktop\ScanAI\dataset_manager\clean\skin\allergic_dermatitis\roboflow__dog-and-cat-skin-disease-identification-2__Hypersensitivity_image_3_jpg.rf.5ddbc567492a5755d8a7533dea54f042.jpg,0
C:\Users\ashis\Desktop\ScanAI\dataset_manager\clean\skin\allergic_dermatitis\roboflow__dog-and-cat-skin-disease-identification-2__Hypersensitivity_image_3_jpg.rf.79af1a45cf6e777ef204cc7b321fe3ba.jpg,C:\Users\ashis\Desktop\ScanAI\dataset_manager\clean\skin\allergic_dermatitis\roboflow__dog-and-cat-skin-disease-identification-2__Hypersensitivity_image_3_jpg.rf.89f4033bab7c01a884a303295a07cca2.jpg,0
C:\Users\ashis\Desktop\ScanAI\dataset_manager\clean\skin\allergic_dermatitis\roboflow__dog-and-cat-skin-disease-identification-2__Hypersensitivity_image_4_jpg.rf.55292bde87132c882bcf8353d8c2b800.jpg,C:\Users\ashis\Desktop\ScanAI\dataset_manager\clean\skin\allergic_dermatitis\roboflow__dog-and-cat-skin-disease-identification-2__Hypersensitivity_image_4_jpg.rf.80dfef83c76f0d4321415368e09034ce.jpg,0
C:\Users\ashis\Desktop\ScanAI\dataset_manager\clean\skin\allergic_dermatitis\roboflow__dog-and-cat-skin-disease-identification-2__Image_1-4-_jpg.rf.1c7c42c0a71d984ae8013c0c8b5388a4.jpg,C:\Users\ashis\Desktop\ScanAI\dataset_manager\clean\skin\allergic_dermatitis\roboflow__dog-and-cat-skin-disease-identification-2__thumb-25-_jpg.rf.d3e571cfe44286ece81941e22f73e3fe.jpg,0
C:\Users\ashis\Desktop\ScanAI\dataset_manager\clean\skin\allergic_dermatitis\roboflow__dog-and-cat-skin-disease-identification-2__Image_12-2-_jpg.rf.c68e5b5e5a4043d94983318abe6ef5ac.jpg,C:\Users\ashis\Desktop\ScanAI\dataset_manager\clean\skin\allergic_dermatitis\roboflow__dog-and-cat-skin-disease-identification-2__thumb-28-_jpg.rf.af5963627b6fd1a36a5f88a50f65b9a8.jpg,0
C:\Users\ashis\Desktop\ScanAI\dataset_manager\clean\skin\allergic_dermatitis\roboflow__dog-and-cat-skin-disease-identification-2__Image_14-2-_jpg.rf.6ec8ddc0b39177db26f99e0aec1af520.jpg,C:\Users\ashis\Desktop\ScanAI\dataset_manager\clean\skin\allergic_dermatitis\roboflow__dog-and-cat-skin-disease-identification-2__Image_14-2-_jpg.rf.8e7552fe38359d7c261e136eb0ca126e.jpg,0
C:\Users\ashis\Desktop\ScanAI\dataset_manager\clean\skin\allergic_dermatitis\roboflow__dog-and-cat-skin-disease-identification-2__Image_14-2-_jpg.rf.6ec8ddc0b39177db26f99e0aec1af520.jpg,C:\Users\ashis\Desktop\ScanAI\dataset_manager\clean\skin\allergic_dermatitis\roboflow__dog-and-cat-skin-disease-identification-2__thumb-39-_jpg.rf.aaf6a9f56b175e4ed5ac4386e12d756b.jpg,0
C:\Users\ashis\Desktop\ScanAI\dataset_manager\clean\skin\allergic_dermatitis\roboflow__dog-and-cat-skin-disease-identification-2__Image_14-2-_jpg.rf.8e7552fe38359d7c261e136eb0ca126e.jpg,C:\Users\ashis\Desktop\ScanAI\dataset_manager\clean\skin\allergic_dermatitis\roboflow__dog-and-cat-skin-disease-identification-2__thumb-39-_jpg.rf.aaf6a9f56b175e4ed5ac4386e12d756b.jpg,0
C:\Users\ashis\Desktop\ScanAI\dataset_manager\clean\skin\allergic_dermatitis\roboflow__dog-and-cat-skin-disease-identification-2__image_17_jpeg_jpg.rf.39c14dd16b399eee7ca9453314daa85d.jpg,C:\Users\ashis\Desktop\ScanAI\dataset_manager\clean\skin\allergic_dermatitis\roboflow__dog-and-cat-skin-disease-identification-2__thumb-16-_jpg.rf.454a30e92bc610cf83410badab4f3776.jpg,0
C:\Users\ashis\Desktop\ScanAI\dataset_manager\clean\skin\allergic_dermatitis\roboflow__dog-and-cat-skin-disease-identification-2__Image_19-2-1-_jpg.rf.d7f52ab15ddfc76232d155fe7ee74c04.jpg,C:\Users\ashis\Desktop\ScanAI\dataset_manager\clean\skin\allergic_dermatitis\roboflow__dog-and-cat-skin-disease-identification-2__image_2_jpg.rf.1cacb5d8ee4942ba4053b50285dbb861.jpg,2
C:\Users\ashis\Desktop\ScanAI\dataset_manager\clean\skin\allergic_dermatitis\roboflow__dog-and-cat-skin-disease-identification-2__Image_19-2-1-_jpg.rf.d7f52ab15ddfc76232d155fe7ee74c04.jpg,C:\Users\ashis\Desktop\ScanAI\dataset_manager\clean\skin\allergic_dermatitis\roboflow__dog-and-cat-skin-disease-identification-2__Image_44_jpg.rf.2b4b1299e2c850d6012b8f9ef448d2a1.jpg,0
C:\Users\ashis\Desktop\ScanAI\dataset_manager\clean\skin\allergic_dermatitis\roboflow__dog-and-cat-skin-disease-identification-2__Image_20-2-_JPG_jpg.rf.3eafb3cd9db04b921d904ed72a2b8234.jpg,C:\Users\ashis\Desktop\ScanAI\dataset_manager\clean\skin\allergic_dermatitis\roboflow__dog-and-cat-skin-disease-identification-2__thumb-2-_jpg.rf.dee5fd7268645798833ac6dd8e6d7078.jpg,0
C:\Users\ashis\Desktop\ScanAI\dataset_manager\clean\skin\allergic_dermatitis\roboflow__dog-and-cat-skin-disease-identification-2__Image_22-2-_jpg.rf.6ecbe082c7b1671421bd292bfc014e11.jpg,C:\Users\ashis\Desktop\ScanAI\dataset_manager\clean\skin\allergic_dermatitis\roboflow__dog-and-cat-skin-disease-identification-2__thumb-35-_jpg.rf.95befed6fc23da3b47b637314762b894.jpg,2
C:\Users\ashis\Desktop\ScanAI\dataset_manager\clean\skin\allergic_dermatitis\roboflow__dog-and-cat-skin-disease-identification-2__Image_23-2-_jpg.rf.e332750366d51533c4e66caf58b706c0.jpg,C:\Users\ashis\Desktop\ScanAI\dataset_manager\clean\skin\allergic_dermatitis\roboflow__dog-and-cat-skin-disease-identification-2__thumb-41-_jpg.rf.1279aaed41ff5bc3c00f6b713a677806.jpg,0
C:\Users\ashis\Desktop\ScanAI\dataset_manager\clean\skin\allergic_dermatitis\roboflow__dog-and-cat-skin-disease-identification-2__image_25-1-_jpg.rf.528cfdba17cab204c2b527a1376d017f.jpg,C:\Users\ashis\Desktop\ScanAI\dataset_manager\clean\skin\allergic_dermatitis\roboflow__dog-and-cat-skin-disease-identification-2__image_25_jpg.rf.6daea9325d1530bf5af76c6bcf81a1dc.jpg,0
C:\Users\ashis\Desktop\ScanAI\dataset_manager\clean\skin\allergic_dermatitis\roboflow__dog-and-cat-skin-disease-identification-2__Image_26-4-_jpg.rf.24d8798262bc265c7abce0ab9dcf9909.jpg,C:\Users\ashis\Desktop\ScanAI\dataset_manager\clean\skin\allergic_dermatitis\roboflow__dog-and-cat-skin-disease-identification-2__thumb-2-_jpg.rf.79e5f25cb678814f4840090b42ac765e.jpg,0
C:\Users\ashis\Desktop\ScanAI\dataset_manager\clean\skin\allergic_dermatitis\roboflow__dog-and-cat-skin-disease-identification-2__image_2_jpg.rf.1cacb5d8ee4942ba4053b50285dbb861.jpg,C:\Users\ashis\Desktop\ScanAI\dataset_manager\clean\skin\allergic_dermatitis\roboflow__dog-and-cat-skin-disease-identification-2__Image_44_jpg.rf.2b4b1299e2c850d6012b8f9ef448d2a1.jpg,2
C:\Users\ashis\Desktop\ScanAI\dataset_manager\clean\skin\allergic_dermatitis\roboflow__dog-and-cat-skin-disease-identification-2__Image_3-2-_jpg.rf.1f20279992f5549449801edaad417a45.jpg,C:\Users\ashis\Desktop\ScanAI\dataset_manager\clean\skin\allergic_dermatitis\roboflow__dog-and-cat-skin-disease-identification-2__Image_3-2-_jpg.rf.cb7b0ca17006c116bea4ce8c6ef1f82b.jpg,2
C:\Users\ashis\Desktop\ScanAI\dataset_manager\clean\skin\allergic_dermatitis\roboflow__dog-and-cat-skin-disease-identification-2__Image_31-2-_jpg.rf.bb7eedcde4f6db9a7e52c7ef7f58a7f3.jpg,C:\Users\ashis\Desktop\ScanAI\dataset_manager\clean\skin\allergic_dermatitis\roboflow__dog-and-cat-skin-disease-identification-2__Image_31-2-_jpg.rf.e9cebe65a2c84194bf14042ee8ffd18d.jpg,0
C:\Users\ashis\Desktop\ScanAI\dataset_manager\clean\skin\allergic_dermatitis\roboflow__dog-and-cat-skin-disease-identification-2__Image_42_jpg.rf.e3e41bcdb9b7376e31bb3d096c3db624.jpg,C:\Users\ashis\Desktop\ScanAI\dataset_manager\clean\skin\allergic_dermatitis\roboflow__dog-and-cat-skin-disease-identification-2__thumb-3-_jpg.rf.8388c66991dac42b2c4ca97064686e1d.jpg,2
C:\Users\ashis\Desktop\ScanAI\dataset_manager\clean\skin\allergic_dermatitis\roboflow__dog-and-cat-skin-disease-identification-2__Image_50_png.rf.e6b4d07a4f5766ea07837f53f3ef3d01.jpg,C:\Users\ashis\Desktop\ScanAI\dataset_manager\clean\skin\allergic_dermatitis\roboflow__dog-and-cat-skin-disease-identification-2__Image_6_png.rf.acc1e51807f56b9db78ed2b88ee89231.jpg,0
C:\Users\ashis\Desktop\ScanAI\dataset_manager\clean\skin\allergic_dermatitis\roboflow__dog-and-cat-skin-disease-identification-2__Image_50_png.rf.e6b4d07a4f5766ea07837f53f3ef3d01.jpg,C:\Users\ashis\Desktop\ScanAI\dataset_manager\clean\skin\allergic_dermatitis\roboflow__dog-and-cat-skin-disease-identification-2__thumb-19-_jpg.rf.e965e24a771bab3b311b7a7b402e4352.jpg,2
C:\Users\ashis\Desktop\ScanAI\dataset_manager\clean\skin\allergic_dermatitis\roboflow__dog-and-cat-skin-disease-identification-2__Image_50_png.rf.e6b4d07a4f5766ea07837f53f3ef3d01.jpg,C:\Users\ashis\Desktop\ScanAI\dataset_manager\clean\skin\allergic_dermatitis\roboflow__dog-and-cat-skin-disease-identification-2__thumb-9-_jpg.rf.6e32cc68b7ad97562356e516bd372b25.jpg,2
C:\Users\ashis\Desktop\ScanAI\dataset_manager\clean\skin\allergic_dermatitis\roboflow__dog-and-cat-skin-disease-identification-2__Image_68-2-_jpg.rf.3e1b798d6654a13ec810c2cdcffa6c84.jpg,C:\Users\ashis\Desktop\ScanAI\dataset_manager\clean\skin\allergic_dermatitis\roboflow__dog-and-cat-skin-disease-identification-2__Image_68-2-_jpg.rf.fc98af8684dbb29da487373cdf0acf81.jpg,0
C:\Users\ashis\Desktop\ScanAI\dataset_manager\clean\skin\allergic_dermatitis\roboflow__dog-and-cat-skin-disease-identification-2__Image_68-2-_jpg.rf.3e1b798d6654a13ec810c2cdcffa6c84.jpg,C:\Users\ashis\Desktop\ScanAI\dataset_manager\clean\skin\allergic_dermatitis\roboflow__dog-and-cat-skin-disease-identification-2__thumb-7-_jpg.rf.d62e21603085a788b547e36f75f550fe.jpg,0
C:\Users\ashis\Desktop\ScanAI\dataset_manager\clean\skin\allergic_dermatitis\roboflow__dog-and-cat-skin-disease-identification-2__Image_68-2-_jpg.rf.fc98af8684dbb29da487373cdf0acf81.jpg,C:\Users\ashis\Desktop\ScanAI\dataset_manager\clean\skin\allergic_dermatitis\roboflow__dog-and-cat-skin-disease-identification-2__thumb-7-_jpg.rf.d62e21603085a788b547e36f75f550fe.jpg,0
C:\Users\ashis\Desktop\ScanAI\dataset_manager\clean\skin\allergic_dermatitis\roboflow__dog-and-cat-skin-disease-identification-2__Image_6_png.rf.acc1e51807f56b9db78ed2b88ee89231.jpg,C:\Users\ashis\Desktop\ScanAI\dataset_manager\clean\skin\allergic_dermatitis\roboflow__dog-and-cat-skin-disease-identification-2__thumb-19-_jpg.rf.e965e24a771bab3b311b7a7b402e4352.jpg,2
C:\Users\ashis\Desktop\ScanAI\dataset_manager\clean\skin\allergic_dermatitis\roboflow__dog-and-cat-skin-disease-identification-2__Image_6_png.rf.acc1e51807f56b9db78ed2b88ee89231.jpg,C:\Users\ashis\Desktop\ScanAI\dataset_manager\clean\skin\allergic_dermatitis\roboflow__dog-and-cat-skin-disease-identification-2__thumb-9-_jpg.rf.6e32cc68b7ad97562356e516bd372b25.jpg,2
C:\Users\ashis\Desktop\ScanAI\dataset_manager\clean\skin\allergic_dermatitis\roboflow__dog-and-cat-skin-disease-identification-2__Image_8-2-1-_jpg.rf.7d3ec03ee3210916fff2cc515ce2c1c6.jpg,C:\Users\ashis\Desktop\ScanAI\dataset_manager\clean\skin\allergic_dermatitis\roboflow__dog-and-cat-skin-disease-identification-2__Image_8-2-_jpg.rf.af90562d54fd9f268a6e608395f45a6f.jpg,0
C:\Users\ashis\Desktop\ScanAI\dataset_manager\clean\skin\allergic_dermatitis\roboflow__dog-and-cat-skin-disease-identification-2__pic1_jpg.rf.0bc4b803eb932a05c715d4950b0fcf12.jpg,C:\Users\ashis\Desktop\ScanAI\dataset_manager\clean\skin\allergic_dermatitis\roboflow__dog-and-cat-skin-disease-identification-2__pic2_jpg.rf.3ab7f25b6aa26a8f7120e415c0e9caff.jpg,4
C:\Users\ashis\Desktop\ScanAI\dataset_manager\clean\skin\allergic_dermatitis\roboflow__dog-and-cat-skin-disease-identification-2__pic4_jpg.rf.ce6a6f57636ab6e7bacff51a8172e250.jpg,C:\Users\ashis\Desktop\ScanAI\dataset_manager\clean\skin\allergic_dermatitis\roboflow__dog-and-cat-skin-disease-identification-2__pic5_jpg.rf.7799c7cdc0538412884d2912208fbe5d.jpg,2
C:\Users\ashis\Desktop\ScanAI\dataset_manager\clean\skin\allergic_dermatitis\roboflow__dog-and-cat-skin-disease-identification-2__pic6_jpg.rf.8a664c39634af56b3f36d1dfbeaa4186.jpg,C:\Users\ashis\Desktop\ScanAI\dataset_manager\clean\skin\allergic_dermatitis\roboflow__dog-and-cat-skin-disease-identification-2__pic7_jpg.rf.fb2f9751ecf3dec6da29fa886368e29c.jpg,4
C:\Users\ashis\Desktop\ScanAI\dataset_manager\clean\skin\allergic_dermatitis\roboflow__dog-and-cat-skin-disease-identification-2__pic7_jpg.rf.fb2f9751ecf3dec6da29fa886368e29c.jpg,C:\Users\ashis\Desktop\ScanAI\dataset_manager\clean\skin\allergic_dermatitis\roboflow__dog-and-cat-skin-disease-identification-2__pic8_jpg.rf.545e561724f6ee498830e64be4321384.jpg,4
C:\Users\ashis\Desktop\ScanAI\dataset_manager\clean\skin\allergic_dermatitis\roboflow__dog-and-cat-skin-disease-identification-2__thumb-19-_jpg.rf.e965e24a771bab3b311b7a7b402e4352.jpg,C:\Users\ashis\Desktop\ScanAI\dataset_manager\clean\skin\allergic_dermatitis\roboflow__dog-and-cat-skin-disease-identification-2__thumb-9-_jpg.rf.6e32cc68b7ad97562356e516bd372b25.jpg,0
C:\Users\ashis\Desktop\ScanAI\dataset_manager\clean\skin\foot_and_mouth_disease\kaggle__devang03mgr__cattle-diseases-datasets__FMD_022_jpg.rf.0595dae583d437a482e5dcf60798e392 - Copy.jpg,C:\Users\ashis\Desktop\ScanAI\dataset_manager\clean\skin\healthy_skin\roboflow__lumpy-skin-disease-detection__Normal_Skin_513_png.rf.fbc6963a26ceafbcef2eda180326e992.jpg,2
C:\Users\ashis\Desktop\ScanAI\dataset_manager\clean\skin\foot_and_mouth_disease\kaggle__devang03mgr__cattle-diseases-datasets__img1025.jpg,C:\Users\ashis\Desktop\ScanAI\dataset_manager\clean\skin\lumpy_skin_disease\kaggle__devang03mgr__cattle-diseases-datasets__img1025.jpg,0
C:\Users\ashis\Desktop\ScanAI\dataset_manager\clean\skin\fungal_infection\kaggle__smadive__pet-disease-images__Image_10.jpg,C:\Users\ashis\Desktop\ScanAI\dataset_manager\clean\skin\fungal_infection\kaggle__smadive__pet-disease-images__Image_87.png,0
C:\Users\ashis\Desktop\ScanAI\dataset_manager\clean\skin\fungal_infection\kaggle__smadive__pet-disease-images__Image_10.png,C:\Users\ashis\Desktop\ScanAI\dataset_manager\clean\skin\fungal_infection\kaggle__smadive__pet-disease-images__Image_9.png,0
C:\Users\ashis\Desktop\ScanAI\dataset_manager\clean\skin\fungal_infection\kaggle__smadive__pet-disease-images__Image_17.webp,C:\Users\ashis\Desktop\ScanAI\dataset_manager\clean\skin\ringworm\kaggle__smadive__pet-disease-images__Image_16.jpg,0
C:\Users\ashis\Desktop\ScanAI\dataset_manager\clean\skin\fungal_infection\kaggle__smadive__pet-disease-images__Image_18.jpg,C:\Users\ashis\Desktop\ScanAI\dataset_manager\clean\skin\fungal_infection\kaggle__smadive__pet-disease-images__Image_3.jpg,0
C:\Users\ashis\Desktop\ScanAI\dataset_manager\clean\skin\fungal_infection\kaggle__smadive__pet-disease-images__Image_18.png,C:\Users\ashis\Desktop\ScanAI\dataset_manager\clean\skin\ringworm\kaggle__smadive__pet-disease-images__Image_17.png,0
C:\Users\ashis\Desktop\ScanAI\dataset_manager\clean\skin\fungal_infection\kaggle__smadive__pet-disease-images__Image_27.jpg,C:\Users\ashis\Desktop\ScanAI\dataset_manager\clean\skin\fungal_infection\kaggle__smadive__pet-disease-images__Image_28.jpg,0
C:\Users\ashis\Desktop\ScanAI\dataset_manager\clean\skin\fungal_infection\kaggle__smadive__pet-disease-images__Image_28.png,C:\Users\ashis\Desktop\ScanAI\dataset_manager\clean\skin\fungal_infection\kaggle__smadive__pet-disease-images__Image_29.png,0
C:\Users\ashis\Desktop\ScanAI\dataset_manager\clean\skin\fungal_infection\kaggle__smadive__pet-disease-images__Image_30.jpg,C:\Users\ashis\Desktop\ScanAI\dataset_manager\clean\skin\fungal_infection\kaggle__smadive__pet-disease-images__Image_71.jpg,0
C:\Users\ashis\Desktop\ScanAI\dataset_manager\clean\skin\fungal_infection\kaggle__smadive__pet-disease-images__Image_32.jpeg,C:\Users\ashis\Desktop\ScanAI\dataset_manager\clean\skin\fungal_infection\kaggle__smadive__pet-disease-images__Image_34.jpeg,0
C:\Users\ashis\Desktop\ScanAI\dataset_manager\clean\skin\fungal_infection\kaggle__smadive__pet-disease-images__Image_33.jpeg,C:\Users\ashis\Desktop\ScanAI\dataset_manager\clean\skin\fungal_infection\kaggle__smadive__pet-disease-images__Image_35.jpeg,0
C:\Users\ashis\Desktop\ScanAI\dataset_manager\clean\skin\fungal_infection\kaggle__smadive__pet-disease-images__Image_35.jpg,C:\Users\ashis\Desktop\ScanAI\dataset_manager\clean\skin\fungal_infection\kaggle__smadive__pet-disease-images__Image_38.jpg,0
C:\Users\ashis\Desktop\ScanAI\dataset_manager\clean\skin\fungal_infection\kaggle__smadive__pet-disease-images__Image_4.webp,C:\Users\ashis\Desktop\ScanAI\dataset_manager\clean\skin\fungal_infection\kaggle__smadive__pet-disease-images__Image_52.jpg,0
C:\Users\ashis\Desktop\ScanAI\dataset_manager\clean\skin\fungal_infection\kaggle__smadive__pet-disease-images__Image_42.jpg,C:\Users\ashis\Desktop\ScanAI\dataset_manager\clean\skin\fungal_infection\roboflow__dog-and-cat-skin-disease-identification-2__Fungal_2_jpg.rf.45e9b687c42c17648d1ba96ad1864ff7.jpg,0
C:\Users\ashis\Desktop\ScanAI\dataset_manager\clean\skin\fungal_infection\kaggle__smadive__pet-disease-images__Image_42.jpg,C:\Users\ashis\Desktop\ScanAI\dataset_manager\clean\skin\fungal_infection\roboflow__dog-and-cat-skin-disease-identification-2__Fungal_2_jpg.rf.dd1860596142f13f29b1a073cd5f6f5b.jpg,0
C:\Users\ashis\Desktop\ScanAI\dataset_manager\clean\skin\fungal_infection\kaggle__smadive__pet-disease-images__Image_48.jpg,C:\Users\ashis\Desktop\ScanAI\dataset_manager\clean\skin\fungal_infection\kaggle__smadive__pet-disease-images__Image_49.jpg,0
C:\Users\ashis\Desktop\ScanAI\dataset_manager\clean\skin\fungal_infection\kaggle__smadive__pet-disease-images__Image_50.jpg,C:\Users\ashis\Desktop\ScanAI\dataset_manager\clean\skin\fungal_infection\kaggle__smadive__pet-disease-images__Image_72.jpg,0
C:\Users\ashis\Desktop\ScanAI\dataset_manager\clean\skin\fungal_infection\kaggle__smadive__pet-disease-images__Image_53.jpg,C:\Users\ashis\Desktop\ScanAI\dataset_manager\clean\skin\fungal_infection\kaggle__smadive__pet-disease-images__Image_9.jpg,0
C:\Users\ashis\Desktop\ScanAI\dataset_manager\clean\skin\fungal_infection\kaggle__smadive__pet-disease-images__Image_54.jpg,C:\Users\ashis\Desktop\ScanAI\dataset_manager\clean\skin\fungal_infection\kaggle__smadive__pet-disease-images__Image_81.jpg,2
C:\Users\ashis\Desktop\ScanAI\dataset_manager\clean\skin\fungal_infection\kaggle__smadive__pet-disease-images__Image_56.jpg,C:\Users\ashis\Desktop\ScanAI\dataset_manager\clean\skin\fungal_infection\kaggle__smadive__pet-disease-images__Image_76.jpg,2
C:\Users\ashis\Desktop\ScanAI\dataset_manager\clean\skin\fungal_infection\kaggle__smadive__pet-disease-images__Image_59.jpg,C:\Users\ashis\Desktop\ScanAI\dataset_manager\clean\skin\fungal_infection\roboflow__dog-and-cat-skin-disease-identification-2__pic52_jpg.rf.2e58fbc332aad515d4e56180496b53da.jpg,2
C:\Users\ashis\Desktop\ScanAI\dataset_manager\clean\skin\fungal_infection\kaggle__smadive__pet-disease-images__Image_59.jpg,C:\Users\ashis\Desktop\ScanAI\dataset_manager\clean\skin\fungal_infection\roboflow__dog-and-cat-skin-disease-identification-2__pic52_jpg.rf.b1024006d10747e2ecd4172896503c66.jpg,2
C:\Users\ashis\Desktop\ScanAI\dataset_manager\clean\skin\fungal_infection\kaggle__smadive__pet-disease-images__Image_93.jpg,C:\Users\ashis\Desktop\ScanAI\dataset_manager\clean\skin\ringworm\kaggle__smadive__pet-disease-images__Image_69.jpg,0
C:\Users\ashis\Desktop\ScanAI\dataset_manager\clean\skin\fungal_infection\kaggle__smadive__pet-disease-images__Image_95.jpg,C:\Users\ashis\Desktop\ScanAI\dataset_manager\clean\skin\ringworm\kaggle__smadive__pet-disease-images__Image_63.jpg,0
C:\Users\ashis\Desktop\ScanAI\dataset_manager\clean\skin\fungal_infection\roboflow__dog-and-cat-skin-disease-identification-2__1102_jpg.rf.f80ce3c3b38acd979d3be95c2f2a65ba.jpg,C:\Users\ashis\Desktop\ScanAI\dataset_manager\clean\skin\mange\roboflow__dog-and-cat-skin-disease-identification-2__mange-36-_jpg.rf.8dc2a249a087dc11e406063f8a7b4648.jpg,0
C:\Users\ashis\Desktop\ScanAI\dataset_manager\clean\skin\fungal_infection\roboflow__dog-and-cat-skin-disease-identification-2__fung1_jpg.rf.04a9bc5c99b2188868d8e3d481ccbee0.jpg,C:\Users\ashis\Desktop\ScanAI\dataset_manager\clean\skin\fungal_infection\roboflow__dog-and-cat-skin-disease-identification-2__fung1_jpg.rf.5ecc7ebe71450542f34bfdbfe2a97894.jpg,0
C:\Users\ashis\Desktop\ScanAI\dataset_manager\clean\skin\fungal_infection\roboflow__dog-and-cat-skin-disease-identification-2__fung1_jpg.rf.04a9bc5c99b2188868d8e3d481ccbee0.jpg,C:\Users\ashis\Desktop\ScanAI\dataset_manager\clean\skin\fungal_infection\roboflow__dog-and-cat-skin-disease-identification-2__fung1_jpg.rf.7874675fc44232bc4c8d189aae21b339.jpg,0
C:\Users\ashis\Desktop\ScanAI\dataset_manager\clean\skin\fungal_infection\roboflow__dog-and-cat-skin-disease-identification-2__fung1_jpg.rf.338be832dd3327d2d33c11481530040e.jpg,C:\Users\ashis\Desktop\ScanAI\dataset_manager\clean\skin\fungal_infection\roboflow__dog-and-cat-skin-disease-identification-2__fung1_jpg.rf.417a2ab0ba78a35ea2937de9a30c8cf0.jpg,2
C:\Users\ashis\Desktop\ScanAI\dataset_manager\clean\skin\fungal_infection\roboflow__dog-and-cat-skin-disease-identification-2__fung1_jpg.rf.338be832dd3327d2d33c11481530040e.jpg,C:\Users\ashis\Desktop\ScanAI\dataset_manager\clean\skin\fungal_infection\roboflow__dog-and-cat-skin-disease-identification-2__fung1_jpg.rf.6297c7533645f8b07419afdcf77c393c.jpg,0
C:\Users\ashis\Desktop\ScanAI\dataset_manager\clean\skin\fungal_infection\roboflow__dog-and-cat-skin-disease-identification-2__fung1_jpg.rf.417a2ab0ba78a35ea2937de9a30c8cf0.jpg,C:\Users\ashis\Desktop\ScanAI\dataset_manager\clean\skin\fungal_infection\roboflow__dog-and-cat-skin-disease-identification-2__fung1_jpg.rf.6297c7533645f8b07419afdcf77c393c.jpg,2
C:\Users\ashis\Desktop\ScanAI\dataset_manager\clean\skin\fungal_infection\roboflow__dog-and-cat-skin-disease-identification-2__fung1_jpg.rf.5ecc7ebe71450542f34bfdbfe2a97894.jpg,C:\Users\ashis\Desktop\ScanAI\dataset_manager\clean\skin\fungal_infection\roboflow__dog-and-cat-skin-disease-identification-2__fung1_jpg.rf.7874675fc44232bc4c8d189aae21b339.jpg,0
C:\Users\ashis\Desktop\ScanAI\dataset_manager\clean\skin\fungal_infection\roboflow__dog-and-cat-skin-disease-identification-2__fung2_jpg.rf.310f3a0a22996e0626959e9373076161.jpg,C:\Users\ashis\Desktop\ScanAI\dataset_manager\clean\skin\fungal_infection\roboflow__dog-and-cat-skin-disease-identification-2__fung2_jpg.rf.c2dc7d009068a4441994ae717761a1c8.jpg,0
C:\Users\ashis\Desktop\ScanAI\dataset_manager\clean\skin\fungal_infection\roboflow__dog-and-cat-skin-disease-identification-2__fung2_jpg.rf.310f3a0a22996e0626959e9373076161.jpg,C:\Users\ashis\Desktop\ScanAI\dataset_manager\clean\skin\fungal_infection\roboflow__dog-and-cat-skin-disease-identification-2__fung2_jpg.rf.f572d082ad2dcdff3e7fe9747d343ad3.jpg,0
C:\Users\ashis\Desktop\ScanAI\dataset_manager\clean\skin\fungal_infection\roboflow__dog-and-cat-skin-disease-identification-2__fung2_jpg.rf.82ec4dcb66788ffad99918beddb0192c.jpg,C:\Users\ashis\Desktop\ScanAI\dataset_manager\clean\skin\fungal_infection\roboflow__dog-and-cat-skin-disease-identification-2__fung2_jpg.rf.9f114444a85a819397edf2209b568024.jpg,0
C:\Users\ashis\Desktop\ScanAI\dataset_manager\clean\skin\fungal_infection\roboflow__dog-and-cat-skin-disease-identification-2__fung2_jpg.rf.ae57e970f0bdf5da7adc36b351a7add2.jpg,C:\Users\ashis\Desktop\ScanAI\dataset_manager\clean\skin\fungal_infection\roboflow__dog-and-cat-skin-disease-identification-2__fung2_jpg.rf.b43e293fd99f37916faf848c49ba8912.jpg,0
C:\Users\ashis\Desktop\ScanAI\dataset_manager\clean\skin\fungal_infection\roboflow__dog-and-cat-skin-disease-identification-2__fung2_jpg.rf.ae57e970f0bdf5da7adc36b351a7add2.jpg,C:\Users\ashis\Desktop\ScanAI\dataset_manager\clean\skin\fungal_infection\roboflow__dog-and-cat-skin-disease-identification-2__fung2_jpg.rf.c5914a0d140f133d48a1109efa4ac26d.jpg,0
C:\Users\ashis\Desktop\ScanAI\dataset_manager\clean\skin\fungal_infection\roboflow__dog-and-cat-skin-disease-identification-2__fung2_jpg.rf.b43e293fd99f37916faf848c49ba8912.jpg,C:\Users\ashis\Desktop\ScanAI\dataset_manager\clean\skin\fungal_infection\roboflow__dog-and-cat-skin-disease-identification-2__fung2_jpg.rf.c5914a0d140f133d48a1109efa4ac26d.jpg,0
C:\Users\ashis\Desktop\ScanAI\dataset_manager\clean\skin\fungal_infection\roboflow__dog-and-cat-skin-disease-identification-2__fung2_jpg.rf.c2dc7d009068a4441994ae717761a1c8.jpg,C:\Users\ashis\Desktop\ScanAI\dataset_manager\clean\skin\fungal_infection\roboflow__dog-and-cat-skin-disease-identification-2__fung2_jpg.rf.f572d082ad2dcdff3e7fe9747d343ad3.jpg,0
C:\Users\ashis\Desktop\ScanAI\dataset_manager\clean\skin\fungal_infection\roboflow__dog-and-cat-skin-disease-identification-2__fung4_jpg.rf.27720781806527e7d72b36c216f1b730.jpg,C:\Users\ashis\Desktop\ScanAI\dataset_manager\clean\skin\fungal_infection\roboflow__dog-and-cat-skin-disease-identification-2__fung4_jpg.rf.3ea45dd7558cf892794c4f72b9cfafba.jpg,0
C:\Users\ashis\Desktop\ScanAI\dataset_manager\clean\skin\fungal_infection\roboflow__dog-and-cat-skin-disease-identification-2__fung4_jpg.rf.27720781806527e7d72b36c216f1b730.jpg,C:\Users\ashis\Desktop\ScanAI\dataset_manager\clean\skin\fungal_infection\roboflow__dog-and-cat-skin-disease-identification-2__fung4_jpg.rf.e72b02675748e6b99ef89d8176eb762e.jpg,0
C:\Users\ashis\Desktop\ScanAI\dataset_manager\clean\skin\fungal_infection\roboflow__dog-and-cat-skin-disease-identification-2__fung4_jpg.rf.2c03b8585aca33b15232875ca2f4e25e.jpg,C:\Users\ashis\Desktop\ScanAI\dataset_manager\clean\skin\fungal_infection\roboflow__dog-and-cat-skin-disease-identification-2__fung4_jpg.rf.4e211930c5c0937ebb737852c503b0c8.jpg,0
C:\Users\ashis\Desktop\ScanAI\dataset_manager\clean\skin\fungal_infection\roboflow__dog-and-cat-skin-disease-identification-2__fung4_jpg.rf.2c03b8585aca33b15232875ca2f4e25e.jpg,C:\Users\ashis\Desktop\ScanAI\dataset_manager\clean\skin\fungal_infection\roboflow__dog-and-cat-skin-disease-identification-2__fung4_jpg.rf.b95945e14eb423d4d4f6dc9c3db18e68.jpg,0
C:\Users\ashis\Desktop\ScanAI\dataset_manager\clean\skin\fungal_infection\roboflow__dog-and-cat-skin-disease-identification-2__fung4_jpg.rf.3ea45dd7558cf892794c4f72b9cfafba.jpg,C:\Users\ashis\Desktop\ScanAI\dataset_manager\clean\skin\fungal_infection\roboflow__dog-and-cat-skin-disease-identification-2__fung4_jpg.rf.e72b02675748e6b99ef89d8176eb762e.jpg,0
C:\Users\ashis\Desktop\ScanAI\dataset_manager\clean\skin\fungal_infection\roboflow__dog-and-cat-skin-disease-identification-2__fung4_jpg.rf.4e211930c5c0937ebb737852c503b0c8.jpg,C:\Users\ashis\Desktop\ScanAI\dataset_manager\clean\skin\fungal_infection\roboflow__dog-and-cat-skin-disease-identification-2__fung4_jpg.rf.b95945e14eb423d4d4f6dc9c3db18e68.jpg,0
C:\Users\ashis\Desktop\ScanAI\dataset_manager\clean\skin\fungal_infection\roboflow__dog-and-cat-skin-disease-identification-2__fung5_jpg.rf.4099f4222e111306b670200599f599ee.jpg,C:\Users\ashis\Desktop\ScanAI\dataset_manager\clean\skin\fungal_infection\roboflow__dog-and-cat-skin-disease-identification-2__fung5_jpg.rf.e97d75cdb12fc32f92e4c2cab2e68a7b.jpg,2
C:\Users\ashis\Desktop\ScanAI\dataset_manager\clean\skin\fungal_infection\roboflow__dog-and-cat-skin-disease-identification-2__fung5_jpg.rf.4099f4222e111306b670200599f599ee.jpg,C:\Users\ashis\Desktop\ScanAI\dataset_manager\clean\skin\fungal_infection\roboflow__dog-and-cat-skin-disease-identification-2__fung5_jpg.rf.f4b72dc4fa07126eb0270ebdacff0fab.jpg,2
C:\Users\ashis\Desktop\ScanAI\dataset_manager\clean\skin\fungal_infection\roboflow__dog-and-cat-skin-disease-identification-2__fung5_jpg.rf.4211450e19b4e4599c59502ddfbcef06.jpg,C:\Users\ashis\Desktop\ScanAI\dataset_manager\clean\skin\fungal_infection\roboflow__dog-and-cat-skin-disease-identification-2__fung5_jpg.rf.bbe19781e88415c4bb7870b51ad9809e.jpg,0
C:\Users\ashis\Desktop\ScanAI\dataset_manager\clean\skin\fungal_infection\roboflow__dog-and-cat-skin-disease-identification-2__fung5_jpg.rf.4211450e19b4e4599c59502ddfbcef06.jpg,C:\Users\ashis\Desktop\ScanAI\dataset_manager\clean\skin\fungal_infection\roboflow__dog-and-cat-skin-disease-identification-2__fung5_jpg.rf.d660c6036c35bde6ab586ae2bf4fc41c.jpg,0
C:\Users\ashis\Desktop\ScanAI\dataset_manager\clean\skin\fungal_infection\roboflow__dog-and-cat-skin-disease-identification-2__fung5_jpg.rf.923f1cf79490e8c64ea647f13632d822.jpg,C:\Users\ashis\Desktop\ScanAI\dataset_manager\clean\skin\fungal_infection\roboflow__dog-and-cat-skin-disease-identification-2__fung5_jpg.rf.a6779f8d4fa48328d8c8656fd7349837.jpg,0
C:\Users\ashis\Desktop\ScanAI\dataset_manager\clean\skin\fungal_infection\roboflow__dog-and-cat-skin-disease-identification-2__fung5_jpg.rf.bbe19781e88415c4bb7870b51ad9809e.jpg,C:\Users\ashis\Desktop\ScanAI\dataset_manager\clean\skin\fungal_infection\roboflow__dog-and-cat-skin-disease-identification-2__fung5_jpg.rf.d660c6036c35bde6ab586ae2bf4fc41c.jpg,0
C:\Users\ashis\Desktop\ScanAI\dataset_manager\clean\skin\fungal_infection\roboflow__dog-and-cat-skin-disease-identification-2__fung5_jpg.rf.e97d75cdb12fc32f92e4c2cab2e68a7b.jpg,C:\Users\ashis\Desktop\ScanAI\dataset_manager\clean\skin\fungal_infection\roboflow__dog-and-cat-skin-disease-identification-2__fung5_jpg.rf.f4b72dc4fa07126eb0270ebdacff0fab.jpg,0
C:\Users\ashis\Desktop\ScanAI\dataset_manager\clean\skin\fungal_infection\roboflow__dog-and-cat-skin-disease-identification-2__FUNGAL-INFECTION_011_jpg.rf.d852ac2e5cb138a2a689f36bfdec44cf.jpg,C:\Users\ashis\Desktop\ScanAI\dataset_manager\clean\skin\fungal_infection\roboflow__dog-and-cat-skin-disease-identification-2__FUNGAL-INFECTION_071_jpg.rf.fff377731104ca0e972618252b1b4520.jpg,0
C:\Users\ashis\Desktop\ScanAI\dataset_manager\clean\skin\fungal_infection\roboflow__dog-and-cat-skin-disease-identification-2__FUNGAL-INFECTION_013_jpg.rf.54038f519c5dd7f68af9f2264ff61f58.jpg,C:\Users\ashis\Desktop\ScanAI\dataset_manager\clean\skin\fungal_infection\roboflow__dog-and-cat-skin-disease-identification-2__pic59_jpg.rf.372c5f5959beaf498761bffd9b76d531.jpg,2
C:\Users\ashis\Desktop\ScanAI\dataset_manager\clean\skin\fungal_infection\roboflow__dog-and-cat-skin-disease-identification-2__FUNGAL-INFECTION_013_jpg.rf.54038f519c5dd7f68af9f2264ff61f58.jpg,C:\Users\ashis\Desktop\ScanAI\dataset_manager\clean\skin\fungal_infection\roboflow__dog-and-cat-skin-disease-identification-2__pic59_jpg.rf.663759e990c41419acdb749b291b6b1c.jpg,0
C:\Users\ashis\Desktop\ScanAI\dataset_manager\clean\skin\fungal_infection\roboflow__dog-and-cat-skin-disease-identification-2__FUNGAL-INFECTION_014_jpg.rf.0cbd137a60a64c8e1bde2b56de532582.jpg,C:\Users\ashis\Desktop\ScanAI\dataset_manager\clean\skin\fungal_infection\roboflow__dog-and-cat-skin-disease-identification-2__pic62_jpg.rf.08d8e18f7fdaa4e5509a8a481d865775.jpg,0
C:\Users\ashis\Desktop\ScanAI\dataset_manager\clean\skin\fungal_infection\roboflow__dog-and-cat-skin-disease-identification-2__FUNGAL-INFECTION_014_jpg.rf.0cbd137a60a64c8e1bde2b56de532582.jpg,C:\Users\ashis\Desktop\ScanAI\dataset_manager\clean\skin\fungal_infection\roboflow__dog-and-cat-skin-disease-identification-2__pic62_jpg.rf.977fac87c191ccb22d2d91483a3ec3e3.jpg,0
C:\Users\ashis\Desktop\ScanAI\dataset_manager\clean\skin\fungal_infection\roboflow__dog-and-cat-skin-disease-identification-2__FUNGAL-INFECTION_015_jpg.rf.22550a030455de5d4d6f0f223e18c360.jpg,C:\Users\ashis\Desktop\ScanAI\dataset_manager\clean\skin\fungal_infection\roboflow__dog-and-cat-skin-disease-identification-2__FUNGAL-INFECTION_015_jpg.rf.f590b012d41270b9ffdac990af38e5d9.jpg,4
C:\Users\ashis\Desktop\ScanAI\dataset_manager\clean\skin\fungal_infection\roboflow__dog-and-cat-skin-disease-identification-2__FUNGAL-INFECTION_015_jpg.rf.22550a030455de5d4d6f0f223e18c360.jpg,C:\Users\ashis\Desktop\ScanAI\dataset_manager\clean\skin\fungal_infection\roboflow__dog-and-cat-skin-disease-identification-2__Fungal4_png_jpg.rf.dfbbad556d51b0e3abe33a273f9699fb.jpg,4
C:\Users\ashis\Desktop\ScanAI\dataset_manager\clean\skin\fungal_infection\roboflow__dog-and-cat-skin-disease-identification-2__FUNGAL-INFECTION_015_jpg.rf.f590b012d41270b9ffdac990af38e5d9.jpg,C:\Users\ashis\Desktop\ScanAI\dataset_manager\clean\skin\fungal_infection\roboflow__dog-and-cat-skin-disease-identification-2__Fungal4_png_jpg.rf.dfbbad556d51b0e3abe33a273f9699fb.jpg,0
C:\Users\ashis\Desktop\ScanAI\dataset_manager\clean\skin\fungal_infection\roboflow__dog-and-cat-skin-disease-identification-2__FUNGAL-INFECTION_016_jpg.rf.0689d11df4315ab0f060a36498e945d2.jpg,C:\Users\ashis\Desktop\ScanAI\dataset_manager\clean\skin\fungal_infection\roboflow__dog-and-cat-skin-disease-identification-2__pic75_jpg.rf.01493f0d31ef922ac36bb44d66d0e3a2.jpg,2
C:\Users\ashis\Desktop\ScanAI\dataset_manager\clean\skin\fungal_infection\roboflow__dog-and-cat-skin-disease-identification-2__FUNGAL-INFECTION_016_jpg.rf.0689d11df4315ab0f060a36498e945d2.jpg,C:\Users\ashis\Desktop\ScanAI\dataset_manager\clean\skin\fungal_infection\roboflow__dog-and-cat-skin-disease-identification-2__pic75_jpg.rf.7c64f1cd233a6b6a1085ff8490ff9111.jpg,2
C:\Users\ashis\Desktop\ScanAI\dataset_manager\clean\skin\fungal_infection\roboflow__dog-and-cat-skin-disease-identification-2__FUNGAL-INFECTION_017_jpg.rf.fef43f8203cb87172be5de83f447d7b8.jpg,C:\Users\ashis\Desktop\ScanAI\dataset_manager\clean\skin\fungal_infection\roboflow__dog-and-cat-skin-disease-identification-2__pic57_jpg.rf.145970e3305f9e9fd24257d5c0d86f70.jpg,0
C:\Users\ashis\Desktop\ScanAI\dataset_manager\clean\skin\fungal_infection\roboflow__dog-and-cat-skin-disease-identification-2__FUNGAL-INFECTION_017_jpg.rf.fef43f8203cb87172be5de83f447d7b8.jpg,C:\Users\ashis\Desktop\ScanAI\dataset_manager\clean\skin\fungal_infection\roboflow__dog-and-cat-skin-disease-identification-2__pic57_jpg.rf.1ebc042ac2c0661a960716051e502011.jpg,2
C:\Users\ashis\Desktop\ScanAI\dataset_manager\clean\skin\fungal_infection\roboflow__dog-and-cat-skin-disease-identification-2__FUNGAL-INFECTION_018_jpg.rf.d9d513b79e473e0e629fe60e74aa8b20.jpg,C:\Users\ashis\Desktop\ScanAI\dataset_manager\clean\skin\fungal_infection\roboflow__dog-and-cat-skin-disease-identification-2__fungal1_jpg.rf.4cd4eb64331ed66ad80df7a1323c1903.jpg,0
C:\Users\ashis\Desktop\ScanAI\dataset_manager\clean\skin\fungal_infection\roboflow__dog-and-cat-skin-disease-identification-2__FUNGAL-INFECTION_018_jpg.rf.d9d513b79e473e0e629fe60e74aa8b20.jpg,C:\Users\ashis\Desktop\ScanAI\dataset_manager\clean\skin\fungal_infection\roboflow__dog-and-cat-skin-disease-identification-2__fungal1_jpg.rf.648608aed91e449bcfb55cc5aa9fa694.jpg,0
C:\Users\ashis\Desktop\ScanAI\dataset_manager\clean\skin\fungal_infection\roboflow__dog-and-cat-skin-disease-identification-2__FUNGAL-INFECTION_019_jpg.rf.900a020d31483f906099749b3379d40e.jpg,C:\Users\ashis\Desktop\ScanAI\dataset_manager\clean\skin\fungal_infection\roboflow__dog-and-cat-skin-disease-identification-2__pic90_jpg.rf.04c8f7ca3df36942fd911f1e61000cab.jpg,0
C:\Users\ashis\Desktop\ScanAI\dataset_manager\clean\skin\fungal_infection\roboflow__dog-and-cat-skin-disease-identification-2__FUNGAL-INFECTION_019_jpg.rf.900a020d31483f906099749b3379d40e.jpg,C:\Users\ashis\Desktop\ScanAI\dataset_manager\clean\skin\fungal_infection\roboflow__dog-and-cat-skin-disease-identification-2__pic90_jpg.rf.ca9b3f4a5163ae0c73bdf9f10e1e3097.jpg,0
C:\Users\ashis\Desktop\ScanAI\dataset_manager\clean\skin\fungal_infection\roboflow__dog-and-cat-skin-disease-identification-2__FUNGAL-INFECTION_020_jpg.rf.0a64747d2196bc9483b952ef12dd5d9e.jpg,C:\Users\ashis\Desktop\ScanAI\dataset_manager\clean\skin\fungal_infection\roboflow__dog-and-cat-skin-disease-identification-2__pic76_jpg.rf.51abe761f3afd4f7022030ec69e9faf5.jpg,0
C:\Users\ashis\Desktop\ScanAI\dataset_manager\clean\skin\fungal_infection\roboflow__dog-and-cat-skin-disease-identification-2__FUNGAL-INFECTION_020_jpg.rf.0a64747d2196bc9483b952ef12dd5d9e.jpg,C:\Users\ashis\Desktop\ScanAI\dataset_manager\clean\skin\fungal_infection\roboflow__dog-and-cat-skin-disease-identification-2__pic76_jpg.rf.ee3fef436be89c55fd073389783066ad.jpg,0
C:\Users\ashis\Desktop\ScanAI\dataset_manager\clean\skin\fungal_infection\roboflow__dog-and-cat-skin-disease-identification-2__FUNGAL-INFECTION_022_jpg.rf.59904a3830b66b2a859585c853bbba5c.jpg,C:\Users\ashis\Desktop\ScanAI\dataset_manager\clean\skin\fungal_infection\roboflow__dog-and-cat-skin-disease-identification-2__pic65_jpg.rf.302c550d56480eca0ad97a0d3a370b65.jpg,0
C:\Users\ashis\Desktop\ScanAI\dataset_manager\clean\skin\fungal_infection\roboflow__dog-and-cat-skin-disease-identification-2__FUNGAL-INFECTION_022_jpg.rf.59904a3830b66b2a859585c853bbba5c.jpg,C:\Users\ashis\Desktop\ScanAI\dataset_manager\clean\skin\fungal_infection\roboflow__dog-and-cat-skin-disease-identification-2__pic65_jpg.rf.38e502106e662c5f1fc6539c4fa8c55a.jpg,0
C:\Users\ashis\Desktop\ScanAI\dataset_manager\clean\skin\fungal_infection\roboflow__dog-and-cat-skin-disease-identification-2__FUNGAL-INFECTION_023_jpg.rf.71f3e1dea42f1c3c7d9abcc571122313.jpg,C:\Users\ashis\Desktop\ScanAI\dataset_manager\clean\skin\fungal_infection\roboflow__dog-and-cat-skin-disease-identification-2__pic51_jpg.rf.e1caebc1a6806d68a5c8ae9de6435426.jpg,4
C:\Users\ashis\Desktop\ScanAI\dataset_manager\clean\skin\fungal_infection\roboflow__dog-and-cat-skin-disease-identification-2__FUNGAL-INFECTION_023_jpg.rf.71f3e1dea42f1c3c7d9abcc571122313.jpg,C:\Users\ashis\Desktop\ScanAI\dataset_manager\clean\skin\hotspot\roboflow__dog-and-cat-skin-disease-identification-2__bacterial-infection-pustules-ri-livinga-2-300x300_jpg.rf.080833be40bcf66e72df4374d90d52b4.jpg,4
C:\Users\ashis\Desktop\ScanAI\dataset_manager\clean\skin\fungal_infection\roboflow__dog-and-cat-skin-disease-identification-2__FUNGAL-INFECTION_023_jpg.rf.71f3e1dea42f1c3c7d9abcc571122313.jpg,C:\Users\ashis\Desktop\ScanAI\dataset_manager\clean\skin\pyoderma\roboflow__dog-and-cat-skin-disease-identification-2__bacterial-infection-pustules-ri-livinga-2-300x300_jpg.rf.a26d9452832d1275a0fa3506adc70ecd.jpg,4
C:\Users\ashis\Desktop\ScanAI\dataset_manager\clean\skin\fungal_infection\roboflow__dog-and-cat-skin-disease-identification-2__FUNGAL-INFECTION_023_jpg.rf.71f3e1dea42f1c3c7d9abcc571122313.jpg,C:\Users\ashis\Desktop\ScanAI\dataset_manager\clean\skin\pyoderma\roboflow__dog-and-cat-skin-disease-identification-2__bacterial_110_jpg.rf.65756fbb091cdf99a07e7597e283266a.jpg,4
C:\Users\ashis\Desktop\ScanAI\dataset_manager\clean\skin\fungal_infection\roboflow__dog-and-cat-skin-disease-identification-2__FUNGAL-INFECTION_024_jpg.rf.cf92cf8761b94b9433cf7446af2fcd34.jpg,C:\Users\ashis\Desktop\ScanAI\dataset_manager\clean\skin\fungal_infection\roboflow__dog-and-cat-skin-disease-identification-2__pic87_jpg.rf.2028db0c5e070ebf51acd73ffb320658.jpg,0
C:\Users\ashis\Desktop\ScanAI\dataset_manager\clean\skin\fungal_infection\roboflow__dog-and-cat-skin-disease-identification-2__FUNGAL-INFECTION_024_jpg.rf.cf92cf8761b94b9433cf7446af2fcd34.jpg,C:\Users\ashis\Desktop\ScanAI\dataset_manager\clean\skin\fungal_infection\roboflow__dog-and-cat-skin-disease-identification-2__pic87_jpg.rf.2b0811ee540b99d3b7d754db07add29d.jpg,0
C:\Users\ashis\Desktop\ScanAI\dataset_manager\clean\skin\fungal_infection\roboflow__dog-and-cat-skin-disease-identification-2__FUNGAL-INFECTION_025_jpg.rf.04e1682a36f22ee8c511afa768f8cc60.jpg,C:\Users\ashis\Desktop\ScanAI\dataset_manager\clean\skin\fungal_infection\roboflow__dog-and-cat-skin-disease-identification-2__pic50_jpg.rf.10160ec49fa9d15327e6edb5c6453073.jpg,0
C:\Users\ashis\Desktop\ScanAI\dataset_manager\clean\skin\fungal_infection\roboflow__dog-and-cat-skin-disease-identification-2__FUNGAL-INFECTION_026_jpg.rf.4d280e1e3c06345675fc513fe52768e4.jpg,C:\Users\ashis\Desktop\ScanAI\dataset_manager\clean\skin\fungal_infection\roboflow__dog-and-cat-skin-disease-identification-2__pic86_jpg.rf.b4bc327c4bcc7ca1ddcff128566bd957.jpg,2
C:\Users\ashis\Desktop\ScanAI\dataset_manager\clean\skin\fungal_infection\roboflow__dog-and-cat-skin-disease-identification-2__FUNGAL-INFECTION_026_jpg.rf.4d280e1e3c06345675fc513fe52768e4.jpg,C:\Users\ashis\Desktop\ScanAI\dataset_manager\clean\skin\fungal_infection\roboflow__dog-and-cat-skin-disease-identification-2__pic86_jpg.rf.ef503513e66e48f016b569a770238649.jpg,2
C:\Users\ashis\Desktop\ScanAI\dataset_manager\clean\skin\fungal_infection\roboflow__dog-and-cat-skin-disease-identification-2__FUNGAL-INFECTION_041_jpg.rf.3eb426860e6dde70e94afd20dedecc3a.jpg,C:\Users\ashis\Desktop\ScanAI\dataset_manager\clean\skin\fungal_infection\roboflow__dog-and-cat-skin-disease-identification-2__FUNGAL-INFECTION_041_jpg.rf.702dbeed4c6f07477c19654c716c35b2.jpg,4
C:\Users\ashis\Desktop\ScanAI\dataset_manager\clean\skin\fungal_infection\roboflow__dog-and-cat-skin-disease-identification-2__FUNGAL-INFECTION_042_jpg.rf.dd3fe48600299b26411cce24272d70bb.jpg,C:\Users\ashis\Desktop\ScanAI\dataset_manager\clean\skin\fungal_infection\roboflow__dog-and-cat-skin-disease-identification-2__Fungal_Image_2_jpg.rf.b21d8d5f6a6a71b62c9074103c7124ce.jpg,0
C:\Users\ashis\Desktop\ScanAI\dataset_manager\clean\skin\fungal_infection\roboflow__dog-and-cat-skin-disease-identification-2__FUNGAL-INFECTION_042_jpg.rf.dd3fe48600299b26411cce24272d70bb.jpg,C:\Users\ashis\Desktop\ScanAI\dataset_manager\clean\skin\fungal_infection\roboflow__dog-and-cat-skin-disease-identification-2__Fungal_Image_2_jpg.rf.eb7f1ffadb3d808468d58340207e80c6.jpg,0
C:\Users\ashis\Desktop\ScanAI\dataset_manager\clean\skin\fungal_infection\roboflow__dog-and-cat-skin-disease-identification-2__FUNGAL-INFECTION_042_jpg.rf.dd3fe48600299b26411cce24272d70bb.jpg,C:\Users\ashis\Desktop\ScanAI\dataset_manager\clean\skin\fungal_infection\roboflow__dog-and-cat-skin-disease-identification-2__Fungal_Image_2_jpg.rf.f95c611d0f9f851426509989695932de.jpg,0
C:\Users\ashis\Desktop\ScanAI\dataset_manager\clean\skin\fungal_infection\roboflow__dog-and-cat-skin-disease-identification-2__FUNGAL-INFECTION_044_jpg.rf.6f5dbf70743878876c1d9444f5acd1d5.jpg,C:\Users\ashis\Desktop\ScanAI\dataset_manager\clean\skin\fungal_infection\roboflow__dog-and-cat-skin-disease-identification-2__pic84_jpg.rf.3b49ba5c0cec4f05bf6cee9522daea85.jpg,0
C:\Users\ashis\Desktop\ScanAI\dataset_manager\clean\skin\fungal_infection\roboflow__dog-and-cat-skin-disease-identification-2__FUNGAL-INFECTION_044_jpg.rf.6f5dbf70743878876c1d9444f5acd1d5.jpg,C:\Users\ashis\Desktop\ScanAI\dataset_manager\clean\skin\fungal_infection\roboflow__dog-and-cat-skin-disease-identification-2__pic84_jpg.rf.6487b301844b4aeb07d2b837033944a9.jpg,0
C:\Users\ashis\Desktop\ScanAI\dataset_manager\clean\skin\fungal_infection\roboflow__dog-and-cat-skin-disease-identification-2__FUNGAL-INFECTION_070_jpg.rf.0d995ed3dc9284afc7102af9115de414.jpg,C:\Users\ashis\Desktop\ScanAI\dataset_manager\clean\skin\fungal_infection\roboflow__dog-and-cat-skin-disease-identification-2__FUNGAL-INFECTION_070_jpg.rf.9a6db8b15289f4265e11f229b6486b76.jpg,4
C:\Users\ashis\Desktop\ScanAI\dataset_manager\clean\skin\fungal_infection\roboflow__dog-and-cat-skin-disease-identification-2__fungal1_jpg.rf.26726998d1332133f39261fa2b3238ce.jpg,C:\Users\ashis\Desktop\ScanAI\dataset_manager\clean\skin\fungal_infection\roboflow__dog-and-cat-skin-disease-identification-2__fungal1_jpg.rf.7181e0d7f5fe36eb41db87e4e9b82528.jpg,0
C:\Users\ashis\Desktop\ScanAI\dataset_manager\clean\skin\fungal_infection\roboflow__dog-and-cat-skin-disease-identification-2__fungal1_jpg.rf.26726998d1332133f39261fa2b3238ce.jpg,C:\Users\ashis\Desktop\ScanAI\dataset_manager\clean\skin\fungal_infection\roboflow__dog-and-cat-skin-disease-identification-2__fungal1_jpg.rf.951fc954fe4277f9cebd3154da9c7d8d.jpg,0
C:\Users\ashis\Desktop\ScanAI\dataset_manager\clean\skin\fungal_infection\roboflow__dog-and-cat-skin-disease-identification-2__fungal1_jpg.rf.4cd4eb64331ed66ad80df7a1323c1903.jpg,C:\Users\ashis\Desktop\ScanAI\dataset_manager\clean\skin\fungal_infection\roboflow__dog-and-cat-skin-disease-identification-2__fungal1_jpg.rf.648608aed91e449bcfb55cc5aa9fa694.jpg,0
C:\Users\ashis\Desktop\ScanAI\dataset_manager\clean\skin\fungal_infection\roboflow__dog-and-cat-skin-disease-identification-2__fungal1_jpg.rf.7181e0d7f5fe36eb41db87e4e9b82528.jpg,C:\Users\ashis\Desktop\ScanAI\dataset_manager\clean\skin\fungal_infection\roboflow__dog-and-cat-skin-disease-identification-2__fungal1_jpg.rf.951fc954fe4277f9cebd3154da9c7d8d.jpg,0
C:\Users\ashis\Desktop\ScanAI\dataset_manager\clean\skin\fungal_infection\roboflow__dog-and-cat-skin-disease-identification-2__fungal1_jpg.rf.760f2d139c42f5d3a787f444696f1664.jpg,C:\Users\ashis\Desktop\ScanAI\dataset_manager\clean\skin\fungal_infection\roboflow__dog-and-cat-skin-disease-identification-2__fungal1_jpg.rf.919c35a7e1d776a10067b0eed1e205a7.jpg,0
C:\Users\ashis\Desktop\ScanAI\dataset_manager\clean\skin\fungal_infection\roboflow__dog-and-cat-skin-disease-identification-2__fungal1_jpg.rf.760f2d139c42f5d3a787f444696f1664.jpg,C:\Users\ashis\Desktop\ScanAI\dataset_manager\clean\skin\fungal_infection\roboflow__dog-and-cat-skin-disease-identification-2__fungal1_jpg.rf.c8d01b0b604f2f8363675070a3b48127.jpg,0
C:\Users\ashis\Desktop\ScanAI\dataset_manager\clean\skin\fungal_infection\roboflow__dog-and-cat-skin-disease-identification-2__fungal1_jpg.rf.919c35a7e1d776a10067b0eed1e205a7.jpg,C:\Users\ashis\Desktop\ScanAI\dataset_manager\clean\skin\fungal_infection\roboflow__dog-and-cat-skin-disease-identification-2__fungal1_jpg.rf.c8d01b0b604f2f8363675070a3b48127.jpg,0
C:\Users\ashis\Desktop\ScanAI\dataset_manager\clean\skin\fungal_infection\roboflow__dog-and-cat-skin-disease-identification-2__Fungal1_png_jpg.rf.0f8dc1ceafff0fdeb9c0398d91adfa32.jpg,C:\Users\ashis\Desktop\ScanAI\dataset_manager\clean\skin\fungal_infection\roboflow__dog-and-cat-skin-disease-identification-2__Fungal1_png_jpg.rf.60f2d0df4da272d13f95ffe69e549413.jpg,0
C:\Users\ashis\Desktop\ScanAI\dataset_manager\clean\skin\fungal_infection\roboflow__dog-and-cat-skin-disease-identification-2__Fungal1_png_jpg.rf.0f8dc1ceafff0fdeb9c0398d91adfa32.jpg,C:\Users\ashis\Desktop\ScanAI\dataset_manager\clean\skin\fungal_infection\roboflow__dog-and-cat-skin-disease-identification-2__Fungal1_png_jpg.rf.df17e30cbf1c6429c729ba074b615c50.jpg,0
C:\Users\ashis\Desktop\ScanAI\dataset_manager\clean\skin\fungal_infection\roboflow__dog-and-cat-skin-disease-identification-2__Fungal1_png_jpg.rf.60f2d0df4da272d13f95ffe69e549413.jpg,C:\Users\ashis\Desktop\ScanAI\dataset_manager\clean\skin\fungal_infection\roboflow__dog-and-cat-skin-disease-identification-2__Fungal1_png_jpg.rf.df17e30cbf1c6429c729ba074b615c50.jpg,0
C:\Users\ashis\Desktop\ScanAI\dataset_manager\clean\skin\fungal_infection\roboflow__dog-and-cat-skin-disease-identification-2__Fungal1_png_jpg.rf.ae4911d18351c08500185eb77323c510.jpg,C:\Users\ashis\Desktop\ScanAI\dataset_manager\clean\skin\fungal_infection\roboflow__dog-and-cat-skin-disease-identification-2__Fungal1_png_jpg.rf.eefa5eb5346ff20cc2802fc37e6612de.jpg,0
C:\Users\ashis\Desktop\ScanAI\dataset_manager\clean\skin\fungal_infection\roboflow__dog-and-cat-skin-disease-identification-2__Fungal1_png_jpg.rf.ae4911d18351c08500185eb77323c510.jpg,C:\Users\ashis\Desktop\ScanAI\dataset_manager\clean\skin\fungal_infection\roboflow__dog-and-cat-skin-disease-identification-2__Fungal1_png_jpg.rf.fc9f99598015e25f949d00962771143d.jpg,0
C:\Users\ashis\Desktop\ScanAI\dataset_manager\clean\skin\fungal_infection\roboflow__dog-and-cat-skin-disease-identification-2__Fungal1_png_jpg.rf.eefa5eb5346ff20cc2802fc37e6612de.jpg,C:\Users\ashis\Desktop\ScanAI\dataset_manager\clean\skin\fungal_infection\roboflow__dog-and-cat-skin-disease-identification-2__Fungal1_png_jpg.rf.fc9f99598015e25f949d00962771143d.jpg,0
C:\Users\ashis\Desktop\ScanAI\dataset_manager\clean\skin\fungal_infection\roboflow__dog-and-cat-skin-disease-identification-2__fungal2_jpg.rf.0b09e6936c36d35a68decf96f46220bb.jpg,C:\Users\ashis\Desktop\ScanAI\dataset_manager\clean\skin\fungal_infection\roboflow__dog-and-cat-skin-disease-identification-2__fungal2_jpg.rf.9607d456d9ec2c07f497b966abe8233e.jpg,0
C:\Users\ashis\Desktop\ScanAI\dataset_manager\clean\skin\fungal_infection\roboflow__dog-and-cat-skin-disease-identification-2__fungal2_jpg.rf.0b09e6936c36d35a68decf96f46220bb.jpg,C:\Users\ashis\Desktop\ScanAI\dataset_manager\clean\skin\fungal_infection\roboflow__dog-and-cat-skin-disease-identification-2__fungal2_jpg.rf.e2dcf3474b8431c2898cd3c85f2e8b5e.jpg,0
C:\Users\ashis\Desktop\ScanAI\dataset_manager\clean\skin\fungal_infection\roboflow__dog-and-cat-skin-disease-identification-2__fungal2_jpg.rf.1ed596246c0d275156a229f67860efe3.jpg,C:\Users\ashis\Desktop\ScanAI\dataset_manager\clean\skin\fungal_infection\roboflow__dog-and-cat-skin-disease-identification-2__fungal2_jpg.rf.d2444236f4ad334b6d06106cd6cf1939.jpg,2
C:\Users\ashis\Desktop\ScanAI\dataset_manager\clean\skin\fungal_infection\roboflow__dog-and-cat-skin-disease-identification-2__fungal2_jpg.rf.1ed596246c0d275156a229f67860efe3.jpg,C:\Users\ashis\Desktop\ScanAI\dataset_manager\clean\skin\fungal_infection\roboflow__dog-and-cat-skin-disease-identification-2__pic54_jpg.rf.40e7c4b2431293c757a0d9ed501beeaa.jpg,0
C:\Users\ashis\Desktop\ScanAI\dataset_manager\clean\skin\fungal_infection\roboflow__dog-and-cat-skin-disease-identification-2__fungal2_jpg.rf.445d5c1a6a1de228df80285d8023a67b.jpg,C:\Users\ashis\Desktop\ScanAI\dataset_manager\clean\skin\fungal_infection\roboflow__dog-and-cat-skin-disease-identification-2__fungal2_jpg.rf.74cb42a19e5392a9822dce4535653683.jpg,0
C:\Users\ashis\Desktop\ScanAI\dataset_manager\clean\skin\fungal_infection\roboflow__dog-and-cat-skin-disease-identification-2__fungal2_jpg.rf.445d5c1a6a1de228df80285d8023a67b.jpg,C:\Users\ashis\Desktop\ScanAI\dataset_manager\clean\skin\fungal_infection\roboflow__dog-and-cat-skin-disease-identification-2__fungal2_jpg.rf.74fb7cecfe99119115d1041bd0660015.jpg,0
C:\Users\ashis\Desktop\ScanAI\dataset_manager\clean\skin\fungal_infection\roboflow__dog-and-cat-skin-disease-identification-2__fungal2_jpg.rf.74cb42a19e5392a9822dce4535653683.jpg,C:\Users\ashis\Desktop\ScanAI\dataset_manager\clean\skin\fungal_infection\roboflow__dog-and-cat-skin-disease-identification-2__fungal2_jpg.rf.74fb7cecfe99119115d1041bd0660015.jpg,0
C:\Users\ashis\Desktop\ScanAI\dataset_manager\clean\skin\fungal_infection\roboflow__dog-and-cat-skin-disease-identification-2__fungal2_jpg.rf.9607d456d9ec2c07f497b966abe8233e.jpg,C:\Users\ashis\Desktop\ScanAI\dataset_manager\clean\skin\fungal_infection\roboflow__dog-and-cat-skin-disease-identification-2__fungal2_jpg.rf.e2dcf3474b8431c2898cd3c85f2e8b5e.jpg,0
C:\Users\ashis\Desktop\ScanAI\dataset_manager\clean\skin\fungal_infection\roboflow__dog-and-cat-skin-disease-identification-2__fungal2_jpg.rf.d2444236f4ad334b6d06106cd6cf1939.jpg,C:\Users\ashis\Desktop\ScanAI\dataset_manager\clean\skin\fungal_infection\roboflow__dog-and-cat-skin-disease-identification-2__pic54_jpg.rf.40e7c4b2431293c757a0d9ed501beeaa.jpg,2
C:\Users\ashis\Desktop\ScanAI\dataset_manager\clean\skin\fungal_infection\roboflow__dog-and-cat-skin-disease-identification-2__Fungal2_png_jpg.rf.09368ed37d6ada890724ab2b8be106a5.jpg,C:\Users\ashis\Desktop\ScanAI\dataset_manager\clean\skin\fungal_infection\roboflow__dog-and-cat-skin-disease-identification-2__Fungal2_png_jpg.rf.31d5c073f6dadc911d90e7296b498eab.jpg,0
C:\Users\ashis\Desktop\ScanAI\dataset_manager\clean\skin\fungal_infection\roboflow__dog-and-cat-skin-disease-identification-2__Fungal2_png_jpg.rf.09368ed37d6ada890724ab2b8be106a5.jpg,C:\Users\ashis\Desktop\ScanAI\dataset_manager\clean\skin\fungal_infection\roboflow__dog-and-cat-skin-disease-identification-2__Fungal2_png_jpg.rf.44c23a34aebb07ec10571013c0bf13f9.jpg,0
C:\Users\ashis\Desktop\ScanAI\dataset_manager\clean\skin\fungal_infection\roboflow__dog-and-cat-skin-disease-identification-2__Fungal2_png_jpg.rf.21777fadb99ac2bdea2dc810fd1e891c.jpg,C:\Users\ashis\Desktop\ScanAI\dataset_manager\clean\skin\fungal_infection\roboflow__dog-and-cat-skin-disease-identification-2__Fungal2_png_jpg.rf.97af6f9725b7280a3c621318297bf915.jpg,0
C:\Users\ashis\Desktop\ScanAI\dataset_manager\clean\skin\fungal_infection\roboflow__dog-and-cat-skin-disease-identification-2__Fungal2_png_jpg.rf.21777fadb99ac2bdea2dc810fd1e891c.jpg,C:\Users\ashis\Desktop\ScanAI\dataset_manager\clean\skin\fungal_infection\roboflow__dog-and-cat-skin-disease-identification-2__Fungal2_png_jpg.rf.d6f5f373ab20f3b4767a05ce59ae81cc.jpg,0
C:\Users\ashis\Desktop\ScanAI\dataset_manager\clean\skin\fungal_infection\roboflow__dog-and-cat-skin-disease-identification-2__Fungal2_png_jpg.rf.31d5c073f6dadc911d90e7296b498eab.jpg,C:\Users\ashis\Desktop\ScanAI\dataset_manager\clean\skin\fungal_infection\roboflow__dog-and-cat-skin-disease-identification-2__Fungal2_png_jpg.rf.44c23a34aebb07ec10571013c0bf13f9.jpg,0
C:\Users\ashis\Desktop\ScanAI\dataset_manager\clean\skin\fungal_infection\roboflow__dog-and-cat-skin-disease-identification-2__Fungal2_png_jpg.rf.488d5a02108d43a45f0b194b262fa3f0.jpg,C:\Users\ashis\Desktop\ScanAI\dataset_manager\clean\skin\fungal_infection\roboflow__dog-and-cat-skin-disease-identification-2__Fungal2_png_jpg.rf.db5ee86cf8903d6155dd3cd8c73e4e7c.jpg,0
C:\Users\ashis\Desktop\ScanAI\dataset_manager\clean\skin\fungal_infection\roboflow__dog-and-cat-skin-disease-identification-2__Fungal2_png_jpg.rf.97af6f9725b7280a3c621318297bf915.jpg,C:\Users\ashis\Desktop\ScanAI\dataset_manager\clean\skin\fungal_infection\roboflow__dog-and-cat-skin-disease-identification-2__Fungal2_png_jpg.rf.d6f5f373ab20f3b4767a05ce59ae81cc.jpg,0
C:\Users\ashis\Desktop\ScanAI\dataset_manager\clean\skin\fungal_infection\roboflow__dog-and-cat-skin-disease-identification-2__fungal3_jpg.rf.10fba5a5cf2ffe511cf76246f2828dd0.jpg,C:\Users\ashis\Desktop\ScanAI\dataset_manager\clean\skin\fungal_infection\roboflow__dog-and-cat-skin-disease-identification-2__fungal3_jpg.rf.7f928beb4275fd564b6f9c37287b800a.jpg,0
C:\Users\ashis\Desktop\ScanAI\dataset_manager\clean\skin\fungal_infection\roboflow__dog-and-cat-skin-disease-identification-2__fungal3_jpg.rf.10fba5a5cf2ffe511cf76246f2828dd0.jpg,C:\Users\ashis\Desktop\ScanAI\dataset_manager\clean\skin\fungal_infection\roboflow__dog-and-cat-skin-disease-identification-2__fungal3_jpg.rf.ac406db15067fc9e6a87df99fd46762e.jpg,0
C:\Users\ashis\Desktop\ScanAI\dataset_manager\clean\skin\fungal_infection\roboflow__dog-and-cat-skin-disease-identification-2__fungal3_jpg.rf.58dd16179bb7b0f1fd7731b9e05070bf.jpg,C:\Users\ashis\Desktop\ScanAI\dataset_manager\clean\skin\fungal_infection\roboflow__dog-and-cat-skin-disease-identification-2__fungal3_jpg.rf.838dc2c26dfc4c30cf7a17f21b405177.jpg,0
C:\Users\ashis\Desktop\ScanAI\dataset_manager\clean\skin\fungal_infection\roboflow__dog-and-cat-skin-disease-identification-2__fungal3_jpg.rf.58dd16179bb7b0f1fd7731b9e05070bf.jpg,C:\Users\ashis\Desktop\ScanAI\dataset_manager\clean\skin\fungal_infection\roboflow__dog-and-cat-skin-disease-identification-2__fungal3_jpg.rf.f168fd05020ac73dd325fce5cc67d50c.jpg,0
C:\Users\ashis\Desktop\ScanAI\dataset_manager\clean\skin\fungal_infection\roboflow__dog-and-cat-skin-disease-identification-2__fungal3_jpg.rf.7f928beb4275fd564b6f9c37287b800a.jpg,C:\Users\ashis\Desktop\ScanAI\dataset_manager\clean\skin\fungal_infection\roboflow__dog-and-cat-skin-disease-identification-2__fungal3_jpg.rf.ac406db15067fc9e6a87df99fd46762e.jpg,0
C:\Users\ashis\Desktop\ScanAI\dataset_manager\clean\skin\fungal_infection\roboflow__dog-and-cat-skin-disease-identification-2__fungal3_jpg.rf.838dc2c26dfc4c30cf7a17f21b405177.jpg,C:\Users\ashis\Desktop\ScanAI\dataset_manager\clean\skin\fungal_infection\roboflow__dog-and-cat-skin-disease-identification-2__fungal3_jpg.rf.f168fd05020ac73dd325fce5cc67d50c.jpg,0
C:\Users\ashis\Desktop\ScanAI\dataset_manager\clean\skin\fungal_infection\roboflow__dog-and-cat-skin-disease-identification-2__Fungal3_png_jpg.rf.15da12ab87330e3e0008c03db8a8399e.jpg,C:\Users\ashis\Desktop\ScanAI\dataset_manager\clean\skin\fungal_infection\roboflow__dog-and-cat-skin-disease-identification-2__Fungal3_png_jpg.rf.5bbd97548542af057f285b29c7d064e5.jpg,0
C:\Users\ashis\Desktop\ScanAI\dataset_manager\clean\skin\fungal_infection\roboflow__dog-and-cat-skin-disease-identification-2__Fungal3_png_jpg.rf.17154e1c1284efa999d1a9fd9d9e9503.jpg,C:\Users\ashis\Desktop\ScanAI\dataset_manager\clean\skin\fungal_infection\roboflow__dog-and-cat-skin-disease-identification-2__Fungal3_png_jpg.rf.2d65980936be9e15ccb5f30c989ed988.jpg,0
C:\Users\ashis\Desktop\ScanAI\dataset_manager\clean\skin\fungal_infection\roboflow__dog-and-cat-skin-disease-identification-2__Fungal3_png_jpg.rf.17154e1c1284efa999d1a9fd9d9e9503.jpg,C:\Users\ashis\Desktop\ScanAI\dataset_manager\clean\skin\fungal_infection\roboflow__dog-and-cat-skin-disease-identification-2__Fungal3_png_jpg.rf.654b4f7b34c5c5a9fba74d8b9f09e6b2.jpg,0
C:\Users\ashis\Desktop\ScanAI\dataset_manager\clean\skin\fungal_infection\roboflow__dog-and-cat-skin-disease-identification-2__Fungal3_png_jpg.rf.18e98799c724e0ee0e4636d8f3709da0.jpg,C:\Users\ashis\Desktop\ScanAI\dataset_manager\clean\skin\fungal_infection\roboflow__dog-and-cat-skin-disease-identification-2__Fungal3_png_jpg.rf.42193131851ca5359c7d3bf40f06dc62.jpg,0
C:\Users\ashis\Desktop\ScanAI\dataset_manager\clean\skin\fungal_infection\roboflow__dog-and-cat-skin-disease-identification-2__Fungal3_png_jpg.rf.18e98799c724e0ee0e4636d8f3709da0.jpg,C:\Users\ashis\Desktop\ScanAI\dataset_manager\clean\skin\fungal_infection\roboflow__dog-and-cat-skin-disease-identification-2__Fungal3_png_jpg.rf.85d84726240e818a6c07d01624016c9c.jpg,0
C:\Users\ashis\Desktop\ScanAI\dataset_manager\clean\skin\fungal_infection\roboflow__dog-and-cat-skin-disease-identification-2__Fungal3_png_jpg.rf.2d65980936be9e15ccb5f30c989ed988.jpg,C:\Users\ashis\Desktop\ScanAI\dataset_manager\clean\skin\fungal_infection\roboflow__dog-and-cat-skin-disease-identification-2__Fungal3_png_jpg.rf.654b4f7b34c5c5a9fba74d8b9f09e6b2.jpg,0
C:\Users\ashis\Desktop\ScanAI\dataset_manager\clean\skin\fungal_infection\roboflow__dog-and-cat-skin-disease-identification-2__Fungal3_png_jpg.rf.42193131851ca5359c7d3bf40f06dc62.jpg,C:\Users\ashis\Desktop\ScanAI\dataset_manager\clean\skin\fungal_infection\roboflow__dog-and-cat-skin-disease-identification-2__Fungal3_png_jpg.rf.85d84726240e818a6c07d01624016c9c.jpg,0
C:\Users\ashis\Desktop\ScanAI\dataset_manager\clean\skin\fungal_infection\roboflow__dog-and-cat-skin-disease-identification-2__Fungal4_png_jpg.rf.0593018b1885da577adf30b25383fc47.jpg,C:\Users\ashis\Desktop\ScanAI\dataset_manager\clean\skin\fungal_infection\roboflow__dog-and-cat-skin-disease-identification-2__Fungal4_png_jpg.rf.61c4dacf5b9a4373a7cf130326195e55.jpg,0
C:\Users\ashis\Desktop\ScanAI\dataset_manager\clean\skin\fungal_infection\roboflow__dog-and-cat-skin-disease-identification-2__Fungal4_png_jpg.rf.0593018b1885da577adf30b25383fc47.jpg,C:\Users\ashis\Desktop\ScanAI\dataset_manager\clean\skin\fungal_infection\roboflow__dog-and-cat-skin-disease-identification-2__Fungal4_png_jpg.rf.92f4e1c24312d3f66c6a0ac3070af824.jpg,0
C:\Users\ashis\Desktop\ScanAI\dataset_manager\clean\skin\fungal_infection\roboflow__dog-and-cat-skin-disease-identification-2__Fungal4_png_jpg.rf.1f701188ace3bca9d5be4c613a9d1e49.jpg,C:\Users\ashis\Desktop\ScanAI\dataset_manager\clean\skin\fungal_infection\roboflow__dog-and-cat-skin-disease-identification-2__Fungal4_png_jpg.rf.8255f4a224f024bfefd187737434e904.jpg,2
C:\Users\ashis\Desktop\ScanAI\dataset_manager\clean\skin\fungal_infection\roboflow__dog-and-cat-skin-disease-identification-2__Fungal4_png_jpg.rf.285f965be474f9373b04dda50fe3a2cb.jpg,C:\Users\ashis\Desktop\ScanAI\dataset_manager\clean\skin\fungal_infection\roboflow__dog-and-cat-skin-disease-identification-2__Fungal4_png_jpg.rf.588cf9ea89520f63b8fd562095f43ee1.jpg,0
C:\Users\ashis\Desktop\ScanAI\dataset_manager\clean\skin\fungal_infection\roboflow__dog-and-cat-skin-disease-identification-2__Fungal4_png_jpg.rf.285f965be474f9373b04dda50fe3a2cb.jpg,C:\Users\ashis\Desktop\ScanAI\dataset_manager\clean\skin\fungal_infection\roboflow__dog-and-cat-skin-disease-identification-2__Fungal4_png_jpg.rf.5e11358133ca53b5994974ba4bed7032.jpg,0
C:\Users\ashis\Desktop\ScanAI\dataset_manager\clean\skin\fungal_infection\roboflow__dog-and-cat-skin-disease-identification-2__Fungal4_png_jpg.rf.588cf9ea89520f63b8fd562095f43ee1.jpg,C:\Users\ashis\Desktop\ScanAI\dataset_manager\clean\skin\fungal_infection\roboflow__dog-and-cat-skin-disease-identification-2__Fungal4_png_jpg.rf.5e11358133ca53b5994974ba4bed7032.jpg,0
C:\Users\ashis\Desktop\ScanAI\dataset_manager\clean\skin\fungal_infection\roboflow__dog-and-cat-skin-disease-identification-2__Fungal4_png_jpg.rf.61c4dacf5b9a4373a7cf130326195e55.jpg,C:\Users\ashis\Desktop\ScanAI\dataset_manager\clean\skin\fungal_infection\roboflow__dog-and-cat-skin-disease-identification-2__Fungal4_png_jpg.rf.92f4e1c24312d3f66c6a0ac3070af824.jpg,0
C:\Users\ashis\Desktop\ScanAI\dataset_manager\clean\skin\fungal_infection\roboflow__dog-and-cat-skin-disease-identification-2__Fungal_2_jpg.rf.0631d79750df275114c57dc794eaff7a.jpg,C:\Users\ashis\Desktop\ScanAI\dataset_manager\clean\skin\fungal_infection\roboflow__dog-and-cat-skin-disease-identification-2__Fungal_2_jpg.rf.1af472ff3ccec58976207537b379a343.jpg,4
C:\Users\ashis\Desktop\ScanAI\dataset_manager\clean\skin\fungal_infection\roboflow__dog-and-cat-skin-disease-identification-2__Fungal_2_jpg.rf.0631d79750df275114c57dc794eaff7a.jpg,C:\Users\ashis\Desktop\ScanAI\dataset_manager\clean\skin\fungal_infection\roboflow__dog-and-cat-skin-disease-identification-2__Fungal_2_jpg.rf.356b551895a8a273ace0f10726dcaacb.jpg,4
C:\Users\ashis\Desktop\ScanAI\dataset_manager\clean\skin\fungal_infection\roboflow__dog-and-cat-skin-disease-identification-2__Fungal_2_jpg.rf.0631d79750df275114c57dc794eaff7a.jpg,C:\Users\ashis\Desktop\ScanAI\dataset_manager\clean\skin\fungal_infection\roboflow__dog-and-cat-skin-disease-identification-2__Fungal_2_jpg.rf.e3cc3c4bbe877123e85eae3e6c7a0bba.jpg,4
C:\Users\ashis\Desktop\ScanAI\dataset_manager\clean\skin\fungal_infection\roboflow__dog-and-cat-skin-disease-identification-2__Fungal_2_jpg.rf.1af472ff3ccec58976207537b379a343.jpg,C:\Users\ashis\Desktop\ScanAI\dataset_manager\clean\skin\fungal_infection\roboflow__dog-and-cat-skin-disease-identification-2__Fungal_2_jpg.rf.356b551895a8a273ace0f10726dcaacb.jpg,0
C:\Users\ashis\Desktop\ScanAI\dataset_manager\clean\skin\fungal_infection\roboflow__dog-and-cat-skin-disease-identification-2__Fungal_2_jpg.rf.1af472ff3ccec58976207537b379a343.jpg,C:\Users\ashis\Desktop\ScanAI\dataset_manager\clean\skin\fungal_infection\roboflow__dog-and-cat-skin-disease-identification-2__Fungal_2_jpg.rf.e3cc3c4bbe877123e85eae3e6c7a0bba.jpg,0
C:\Users\ashis\Desktop\ScanAI\dataset_manager\clean\skin\fungal_infection\roboflow__dog-and-cat-skin-disease-identification-2__Fungal_2_jpg.rf.356b551895a8a273ace0f10726dcaacb.jpg,C:\Users\ashis\Desktop\ScanAI\dataset_manager\clean\skin\fungal_infection\roboflow__dog-and-cat-skin-disease-identification-2__Fungal_2_jpg.rf.e3cc3c4bbe877123e85eae3e6c7a0bba.jpg,0
C:\Users\ashis\Desktop\ScanAI\dataset_manager\clean\skin\fungal_infection\roboflow__dog-and-cat-skin-disease-identification-2__Fungal_2_jpg.rf.45e9b687c42c17648d1ba96ad1864ff7.jpg,C:\Users\ashis\Desktop\ScanAI\dataset_manager\clean\skin\fungal_infection\roboflow__dog-and-cat-skin-disease-identification-2__Fungal_2_jpg.rf.dd1860596142f13f29b1a073cd5f6f5b.jpg,0
C:\Users\ashis\Desktop\ScanAI\dataset_manager\clean\skin\fungal_infection\roboflow__dog-and-cat-skin-disease-identification-2__Fungal_2_jpg.rf.a07e7b296de6faeeb39c09189effd8af.jpg,C:\Users\ashis\Desktop\ScanAI\dataset_manager\clean\skin\fungal_infection\roboflow__dog-and-cat-skin-disease-identification-2__Fungal_2_jpg.rf.c978add9c778fca1cda1f093b709158d.jpg,0
C:\Users\ashis\Desktop\ScanAI\dataset_manager\clean\skin\fungal_infection\roboflow__dog-and-cat-skin-disease-identification-2__Fungal_2_jpg.rf.a07e7b296de6faeeb39c09189effd8af.jpg,C:\Users\ashis\Desktop\ScanAI\dataset_manager\clean\skin\fungal_infection\roboflow__dog-and-cat-skin-disease-identification-2__Fungal_2_jpg.rf.d6b70630d48c961791eb9736f679b037.jpg,0
C:\Users\ashis\Desktop\ScanAI\dataset_manager\clean\skin\fungal_infection\roboflow__dog-and-cat-skin-disease-identification-2__Fungal_2_jpg.rf.c978add9c778fca1cda1f093b709158d.jpg,C:\Users\ashis\Desktop\ScanAI\dataset_manager\clean\skin\fungal_infection\roboflow__dog-and-cat-skin-disease-identification-2__Fungal_2_jpg.rf.d6b70630d48c961791eb9736f679b037.jpg,0
C:\Users\ashis\Desktop\ScanAI\dataset_manager\clean\skin\fungal_infection\roboflow__dog-and-cat-skin-disease-identification-2__Fungal_Image_1_jpg.rf.0c58bd842679f14463639c54c601c390.jpg,C:\Users\ashis\Desktop\ScanAI\dataset_manager\clean\skin\fungal_infection\roboflow__dog-and-cat-skin-disease-identification-2__Fungal_Image_1_jpg.rf.48dae26a8e28c02fc3c81c8b5339851d.jpg,0
C:\Users\ashis\Desktop\ScanAI\dataset_manager\clean\skin\fungal_infection\roboflow__dog-and-cat-skin-disease-identification-2__Fungal_Image_1_jpg.rf.0c58bd842679f14463639c54c601c390.jpg,C:\Users\ashis\Desktop\ScanAI\dataset_manager\clean\skin\fungal_infection\roboflow__dog-and-cat-skin-disease-identification-2__Fungal_Image_1_jpg.rf.a364d3e95caf481124aeaeb00666cf7a.jpg,0
C:\Users\ashis\Desktop\ScanAI\dataset_manager\clean\skin\fungal_infection\roboflow__dog-and-cat-skin-disease-identification-2__Fungal_Image_1_jpg.rf.2cd122174e4bfc4921150ef153bf5094.jpg,C:\Users\ashis\Desktop\ScanAI\dataset_manager\clean\skin\fungal_infection\roboflow__dog-and-cat-skin-disease-identification-2__Fungal_Image_1_jpg.rf.65e7edf5594dd6105e2b755a95a2225c.jpg,0
C:\Users\ashis\Desktop\ScanAI\dataset_manager\clean\skin\fungal_infection\roboflow__dog-and-cat-skin-disease-identification-2__Fungal_Image_1_jpg.rf.2cd122174e4bfc4921150ef153bf5094.jpg,C:\Users\ashis\Desktop\ScanAI\dataset_manager\clean\skin\fungal_infection\roboflow__dog-and-cat-skin-disease-identification-2__Fungal_Image_1_jpg.rf.970ae9f63ea7809bbcb84ccaeb585e86.jpg,0
C:\Users\ashis\Desktop\ScanAI\dataset_manager\clean\skin\fungal_infection\roboflow__dog-and-cat-skin-disease-identification-2__Fungal_Image_1_jpg.rf.48dae26a8e28c02fc3c81c8b5339851d.jpg,C:\Users\ashis\Desktop\ScanAI\dataset_manager\clean\skin\fungal_infection\roboflow__dog-and-cat-skin-disease-identification-2__Fungal_Image_1_jpg.rf.a364d3e95caf481124aeaeb00666cf7a.jpg,0
C:\Users\ashis\Desktop\ScanAI\dataset_manager\clean\skin\fungal_infection\roboflow__dog-and-cat-skin-disease-identification-2__Fungal_Image_1_jpg.rf.4ef471ebb10373d02ca3d02bb1a29058.jpg,C:\Users\ashis\Desktop\ScanAI\dataset_manager\clean\skin\fungal_infection\roboflow__dog-and-cat-skin-disease-identification-2__Fungal_Image_1_jpg.rf.9eb70b72114e4bd372cb2443bd1012fc.jpg,0
C:\Users\ashis\Desktop\ScanAI\dataset_manager\clean\skin\fungal_infection\roboflow__dog-and-cat-skin-disease-identification-2__Fungal_Image_1_jpg.rf.4ef471ebb10373d02ca3d02bb1a29058.jpg,C:\Users\ashis\Desktop\ScanAI\dataset_manager\clean\skin\fungal_infection\roboflow__dog-and-cat-skin-disease-identification-2__Fungal_Image_1_jpg.rf.c0923831999aa641e6422382256a5273.jpg,0
C:\Users\ashis\Desktop\ScanAI\dataset_manager\clean\skin\fungal_infection\roboflow__dog-and-cat-skin-disease-identification-2__Fungal_Image_1_jpg.rf.4ef471ebb10373d02ca3d02bb1a29058.jpg,C:\Users\ashis\Desktop\ScanAI\dataset_manager\clean\skin\hotspot\roboflow__dog-and-cat-skin-disease-identification-2__1000010558_x4_jpg.rf.df3abbf987e5d2ed9e92391d3c2635e6.jpg,0
C:\Users\ashis\Desktop\ScanAI\dataset_manager\clean\skin\fungal_infection\roboflow__dog-and-cat-skin-disease-identification-2__Fungal_Image_1_jpg.rf.65e7edf5594dd6105e2b755a95a2225c.jpg,C:\Users\ashis\Desktop\ScanAI\dataset_manager\clean\skin\fungal_infection\roboflow__dog-and-cat-skin-disease-identification-2__Fungal_Image_1_jpg.rf.970ae9f63ea7809bbcb84ccaeb585e86.jpg,0
C:\Users\ashis\Desktop\ScanAI\dataset_manager\clean\skin\fungal_infection\roboflow__dog-and-cat-skin-disease-identification-2__Fungal_Image_1_jpg.rf.9eb70b72114e4bd372cb2443bd1012fc.jpg,C:\Users\ashis\Desktop\ScanAI\dataset_manager\clean\skin\fungal_infection\roboflow__dog-and-cat-skin-disease-identification-2__Fungal_Image_1_jpg.rf.c0923831999aa641e6422382256a5273.jpg,0
C:\Users\ashis\Desktop\ScanAI\dataset_manager\clean\skin\fungal_infection\roboflow__dog-and-cat-skin-disease-identification-2__Fungal_Image_1_jpg.rf.9eb70b72114e4bd372cb2443bd1012fc.jpg,C:\Users\ashis\Desktop\ScanAI\dataset_manager\clean\skin\hotspot\roboflow__dog-and-cat-skin-disease-identification-2__1000010558_x4_jpg.rf.df3abbf987e5d2ed9e92391d3c2635e6.jpg,0
C:\Users\ashis\Desktop\ScanAI\dataset_manager\clean\skin\fungal_infection\roboflow__dog-and-cat-skin-disease-identification-2__Fungal_Image_1_jpg.rf.c0923831999aa641e6422382256a5273.jpg,C:\Users\ashis\Desktop\ScanAI\dataset_manager\clean\skin\hotspot\roboflow__dog-and-cat-skin-disease-identification-2__1000010558_x4_jpg.rf.df3abbf987e5d2ed9e92391d3c2635e6.jpg,0
C:\Users\ashis\Desktop\ScanAI\dataset_manager\clean\skin\fungal_infection\roboflow__dog-and-cat-skin-disease-identification-2__Fungal_Image_2_jpg.rf.1c8dce0eeb98ca3d31727a72e67c8815.jpg,C:\Users\ashis\Desktop\ScanAI\dataset_manager\clean\skin\fungal_infection\roboflow__dog-and-cat-skin-disease-identification-2__Fungal_Image_2_jpg.rf.4c32d784044f58faa3051daa13ed31b2.jpg,0
C:\Users\ashis\Desktop\ScanAI\dataset_manager\clean\skin\fungal_infection\roboflow__dog-and-cat-skin-disease-identification-2__Fungal_Image_2_jpg.rf.1c8dce0eeb98ca3d31727a72e67c8815.jpg,C:\Users\ashis\Desktop\ScanAI\dataset_manager\clean\skin\fungal_infection\roboflow__dog-and-cat-skin-disease-identification-2__Fungal_Image_2_jpg.rf.bc344e8e0ba82a3e41f13411b48dcfdf.jpg,0
C:\Users\ashis\Desktop\ScanAI\dataset_manager\clean\skin\fungal_infection\roboflow__dog-and-cat-skin-disease-identification-2__Fungal_Image_2_jpg.rf.4c32d784044f58faa3051daa13ed31b2.jpg,C:\Users\ashis\Desktop\ScanAI\dataset_manager\clean\skin\fungal_infection\roboflow__dog-and-cat-skin-disease-identification-2__Fungal_Image_2_jpg.rf.bc344e8e0ba82a3e41f13411b48dcfdf.jpg,0
C:\Users\ashis\Desktop\ScanAI\dataset_manager\clean\skin\fungal_infection\roboflow__dog-and-cat-skin-disease-identification-2__Fungal_Image_2_jpg.rf.97aff2cfcc14dfab2d37c0d5d3e4c24e.jpg,C:\Users\ashis\Desktop\ScanAI\dataset_manager\clean\skin\fungal_infection\roboflow__dog-and-cat-skin-disease-identification-2__Fungal_Image_2_jpg.rf.a9e6297c370818cdccde0960820199ce.jpg,0
C:\Users\ashis\Desktop\ScanAI\dataset_manager\clean\skin\fungal_infection\roboflow__dog-and-cat-skin-disease-identification-2__Fungal_Image_2_jpg.rf.97aff2cfcc14dfab2d37c0d5d3e4c24e.jpg,C:\Users\ashis\Desktop\ScanAI\dataset_manager\clean\skin\fungal_infection\roboflow__dog-and-cat-skin-disease-identification-2__Fungal_Image_2_jpg.rf.dfdbe2d50131c70445f6a9d774cc9c06.jpg,0
C:\Users\ashis\Desktop\ScanAI\dataset_manager\clean\skin\fungal_infection\roboflow__dog-and-cat-skin-disease-identification-2__Fungal_Image_2_jpg.rf.a9e6297c370818cdccde0960820199ce.jpg,C:\Users\ashis\Desktop\ScanAI\dataset_manager\clean\skin\fungal_infection\roboflow__dog-and-cat-skin-disease-identification-2__Fungal_Image_2_jpg.rf.dfdbe2d50131c70445f6a9d774cc9c06.jpg,0
C:\Users\ashis\Desktop\ScanAI\dataset_manager\clean\skin\fungal_infection\roboflow__dog-and-cat-skin-disease-identification-2__Fungal_Image_2_jpg.rf.b21d8d5f6a6a71b62c9074103c7124ce.jpg,C:\Users\ashis\Desktop\ScanAI\dataset_manager\clean\skin\fungal_infection\roboflow__dog-and-cat-skin-disease-identification-2__Fungal_Image_2_jpg.rf.eb7f1ffadb3d808468d58340207e80c6.jpg,0
C:\Users\ashis\Desktop\ScanAI\dataset_manager\clean\skin\fungal_infection\roboflow__dog-and-cat-skin-disease-identification-2__Fungal_Image_2_jpg.rf.b21d8d5f6a6a71b62c9074103c7124ce.jpg,C:\Users\ashis\Desktop\ScanAI\dataset_manager\clean\skin\fungal_infection\roboflow__dog-and-cat-skin-disease-identification-2__Fungal_Image_2_jpg.rf.f95c611d0f9f851426509989695932de.jpg,0
C:\Users\ashis\Desktop\ScanAI\dataset_manager\clean\skin\fungal_infection\roboflow__dog-and-cat-skin-disease-identification-2__Fungal_Image_2_jpg.rf.eb7f1ffadb3d808468d58340207e80c6.jpg,C:\Users\ashis\Desktop\ScanAI\dataset_manager\clean\skin\fungal_infection\roboflow__dog-and-cat-skin-disease-identification-2__Fungal_Image_2_jpg.rf.f95c611d0f9f851426509989695932de.jpg,0
C:\Users\ashis\Desktop\ScanAI\dataset_manager\clean\skin\fungal_infection\roboflow__dog-and-cat-skin-disease-identification-2__Fungal_Image_4_jpg.rf.1790540415e3818be7e0d9cf71c9f2dc.jpg,C:\Users\ashis\Desktop\ScanAI\dataset_manager\clean\skin\fungal_infection\roboflow__dog-and-cat-skin-disease-identification-2__Fungal_Image_4_jpg.rf.9d0a15d92c4e70740fd6b2e1b4e71811.jpg,0
C:\Users\ashis\Desktop\ScanAI\dataset_manager\clean\skin\fungal_infection\roboflow__dog-and-cat-skin-disease-identification-2__Fungal_Image_4_jpg.rf.1790540415e3818be7e0d9cf71c9f2dc.jpg,C:\Users\ashis\Desktop\ScanAI\dataset_manager\clean\skin\fungal_infection\roboflow__dog-and-cat-skin-disease-identification-2__Fungal_Image_4_jpg.rf.deb8d5031401b90ae26bdf1111ba8402.jpg,0
C:\Users\ashis\Desktop\ScanAI\dataset_manager\clean\skin\fungal_infection\roboflow__dog-and-cat-skin-disease-identification-2__Fungal_Image_4_jpg.rf.4b0f575a253c9055e06a509a1cbbfcc0.jpg,C:\Users\ashis\Desktop\ScanAI\dataset_manager\clean\skin\fungal_infection\roboflow__dog-and-cat-skin-disease-identification-2__Fungal_Image_4_jpg.rf.73cfff2a0384a7f28240f825457548d3.jpg,0
C:\Users\ashis\Desktop\ScanAI\dataset_manager\clean\skin\fungal_infection\roboflow__dog-and-cat-skin-disease-identification-2__Fungal_Image_4_jpg.rf.4b0f575a253c9055e06a509a1cbbfcc0.jpg,C:\Users\ashis\Desktop\ScanAI\dataset_manager\clean\skin\fungal_infection\roboflow__dog-and-cat-skin-disease-identification-2__Fungal_Image_4_jpg.rf.e497cbc5acf5b5b55b899710fad78c4f.jpg,0
C:\Users\ashis\Desktop\ScanAI\dataset_manager\clean\skin\fungal_infection\roboflow__dog-and-cat-skin-disease-identification-2__Fungal_Image_4_jpg.rf.73cfff2a0384a7f28240f825457548d3.jpg,C:\Users\ashis\Desktop\ScanAI\dataset_manager\clean\skin\fungal_infection\roboflow__dog-and-cat-skin-disease-identification-2__Fungal_Image_4_jpg.rf.e497cbc5acf5b5b55b899710fad78c4f.jpg,0
C:\Users\ashis\Desktop\ScanAI\dataset_manager\clean\skin\fungal_infection\roboflow__dog-and-cat-skin-disease-identification-2__Fungal_Image_4_jpg.rf.9d0a15d92c4e70740fd6b2e1b4e71811.jpg,C:\Users\ashis\Desktop\ScanAI\dataset_manager\clean\skin\fungal_infection\roboflow__dog-and-cat-skin-disease-identification-2__Fungal_Image_4_jpg.rf.deb8d5031401b90ae26bdf1111ba8402.jpg,0
C:\Users\ashis\Desktop\ScanAI\dataset_manager\clean\skin\fungal_infection\roboflow__dog-and-cat-skin-disease-identification-2__pic0_jpg.rf.456da8996dc2a8ff7744026202a4e6f0.jpg,C:\Users\ashis\Desktop\ScanAI\dataset_manager\clean\skin\fungal_infection\roboflow__dog-and-cat-skin-disease-identification-2__pic0_jpg.rf.5addb46161429cc8971b76583645d608.jpg,0
C:\Users\ashis\Desktop\ScanAI\dataset_manager\clean\skin\fungal_infection\roboflow__dog-and-cat-skin-disease-identification-2__pic10_jpg.rf.9de34bbb8dd03a5649358eca091d3993.jpg,C:\Users\ashis\Desktop\ScanAI\dataset_manager\clean\skin\fungal_infection\roboflow__dog-and-cat-skin-disease-identification-2__pic10_jpg.rf.b7c58c4d795a541322a7c0d874637c18.jpg,0
C:\Users\ashis\Desktop\ScanAI\dataset_manager\clean\skin\fungal_infection\roboflow__dog-and-cat-skin-disease-identification-2__pic11_jpg.rf.1f6488ec4a825860f0ea62c63f620cc3.jpg,C:\Users\ashis\Desktop\ScanAI\dataset_manager\clean\skin\fungal_infection\roboflow__dog-and-cat-skin-disease-identification-2__pic11_jpg.rf.68cc0205d141b47a94cf727942292df9.jpg,4
C:\Users\ashis\Desktop\ScanAI\dataset_manager\clean\skin\fungal_infection\roboflow__dog-and-cat-skin-disease-identification-2__pic11_jpg.rf.68cc0205d141b47a94cf727942292df9.jpg,C:\Users\ashis\Desktop\ScanAI\dataset_manager\clean\skin\fungal_infection\roboflow__dog-and-cat-skin-disease-identification-2__pic12_jpg.rf.c4ba85f6d12e371a67ea6240508caa99.jpg,4
C:\Users\ashis\Desktop\ScanAI\dataset_manager\clean\skin\fungal_infection\roboflow__dog-and-cat-skin-disease-identification-2__pic12_jpg.rf.bd6cab77b8c6a37b1fc2accb15d16919.jpg,C:\Users\ashis\Desktop\ScanAI\dataset_manager\clean\skin\fungal_infection\roboflow__dog-and-cat-skin-disease-identification-2__pic12_jpg.rf.c4ba85f6d12e371a67ea6240508caa99.jpg,4
C:\Users\ashis\Desktop\ScanAI\dataset_manager\clean\skin\fungal_infection\roboflow__dog-and-cat-skin-disease-identification-2__pic13_jpg.rf.cb11f9a270f3dbfb708f4b74738e06b5.jpg,C:\Users\ashis\Desktop\ScanAI\dataset_manager\clean\skin\fungal_infection\roboflow__dog-and-cat-skin-disease-identification-2__pic13_jpg.rf.e4be54c2d3b36c379dee8f3c78cc258c.jpg,4
C:\Users\ashis\Desktop\ScanAI\dataset_manager\clean\skin\fungal_infection\roboflow__dog-and-cat-skin-disease-identification-2__pic14_jpg.rf.2a1cf67220cfdd2ba90dfe9142ca5a4f.jpg,C:\Users\ashis\Desktop\ScanAI\dataset_manager\clean\skin\fungal_infection\roboflow__dog-and-cat-skin-disease-identification-2__pic14_jpg.rf.4137ccb2079c2f3a5f22f533dfb5f52b.jpg,4
C:\Users\ashis\Desktop\ScanAI\dataset_manager\clean\skin\fungal_infection\roboflow__dog-and-cat-skin-disease-identification-2__pic14_jpg.rf.2a1cf67220cfdd2ba90dfe9142ca5a4f.jpg,C:\Users\ashis\Desktop\ScanAI\dataset_manager\clean\skin\fungal_infection\roboflow__dog-and-cat-skin-disease-identification-2__pic15_jpg.rf.ccaf98e44513585ecac9c61dcfbd994d.jpg,4
C:\Users\ashis\Desktop\ScanAI\dataset_manager\clean\skin\fungal_infection\roboflow__dog-and-cat-skin-disease-identification-2__pic15_jpg.rf.ccaf98e44513585ecac9c61dcfbd994d.jpg,C:\Users\ashis\Desktop\ScanAI\dataset_manager\clean\skin\fungal_infection\roboflow__dog-and-cat-skin-disease-identification-2__pic15_jpg.rf.de8b5474c4fbb1468cacc9507cdcf712.jpg,2
C:\Users\ashis\Desktop\ScanAI\dataset_manager\clean\skin\fungal_infection\roboflow__dog-and-cat-skin-disease-identification-2__pic16_jpg.rf.085f95974eb8948d854b6a6a0a6dcf13.jpg,C:\Users\ashis\Desktop\ScanAI\dataset_manager\clean\skin\fungal_infection\roboflow__dog-and-cat-skin-disease-identification-2__pic16_jpg.rf.2aaf45e47a1ce3e14699b81e12a0d4fc.jpg,4
C:\Users\ashis\Desktop\ScanAI\dataset_manager\clean\skin\fungal_infection\roboflow__dog-and-cat-skin-disease-identification-2__pic17_jpg.rf.418dee1c33d1fd8a2eadd7815c32ae90.jpg,C:\Users\ashis\Desktop\ScanAI\dataset_manager\clean\skin\fungal_infection\roboflow__dog-and-cat-skin-disease-identification-2__pic17_jpg.rf.bf017abd889feaf3b8dab74d96de8671.jpg,2
C:\Users\ashis\Desktop\ScanAI\dataset_manager\clean\skin\fungal_infection\roboflow__dog-and-cat-skin-disease-identification-2__pic18_jpg.rf.458e01ad0b63398ad6dcc75021505e27.jpg,C:\Users\ashis\Desktop\ScanAI\dataset_manager\clean\skin\fungal_infection\roboflow__dog-and-cat-skin-disease-identification-2__pic18_jpg.rf.d4e4c13634630d6d0c67f290ede8c343.jpg,2
C:\Users\ashis\Desktop\ScanAI\dataset_manager\clean\skin\fungal_infection\roboflow__dog-and-cat-skin-disease-identification-2__pic19_jpg.rf.6de8bf98e88c0dd3ad5379bdc0b18fc0.jpg,C:\Users\ashis\Desktop\ScanAI\dataset_manager\clean\skin\fungal_infection\roboflow__dog-and-cat-skin-disease-identification-2__pic19_jpg.rf.d4cae448e36b4320a4e3af73e39a0d99.jpg,4
C:\Users\ashis\Desktop\ScanAI\dataset_manager\clean\skin\fungal_infection\roboflow__dog-and-cat-skin-disease-identification-2__pic1_jpg.rf.6598f39ca892af08ec70951ac958b8db.jpg,C:\Users\ashis\Desktop\ScanAI\dataset_manager\clean\skin\fungal_infection\roboflow__dog-and-cat-skin-disease-identification-2__pic1_jpg.rf.f704e97ac50e70f528be52517d9b5044.jpg,0
C:\Users\ashis\Desktop\ScanAI\dataset_manager\clean\skin\fungal_infection\roboflow__dog-and-cat-skin-disease-identification-2__pic20_jpg.rf.badf83eacde51ac1f5220307a5ac0dd0.jpg,C:\Users\ashis\Desktop\ScanAI\dataset_manager\clean\skin\fungal_infection\roboflow__dog-and-cat-skin-disease-identification-2__pic20_jpg.rf.d583f1d03301b2cc4cdb555a299aef26.jpg,0
C:\Users\ashis\Desktop\ScanAI\dataset_manager\clean\skin\fungal_infection\roboflow__dog-and-cat-skin-disease-identification-2__pic22_jpg.rf.102c4ae1ceef2c682364c47dfc21d80f.jpg,C:\Users\ashis\Desktop\ScanAI\dataset_manager\clean\skin\fungal_infection\roboflow__dog-and-cat-skin-disease-identification-2__pic22_jpg.rf.463c13adeadf014e1afdec01e76a753f.jpg,4
C:\Users\ashis\Desktop\ScanAI\dataset_manager\clean\skin\fungal_infection\roboflow__dog-and-cat-skin-disease-identification-2__pic23_jpg.rf.214a76f7ecff6b1ad523f959a8b70532.jpg,C:\Users\ashis\Desktop\ScanAI\dataset_manager\clean\skin\fungal_infection\roboflow__dog-and-cat-skin-disease-identification-2__pic23_jpg.rf.c42f862bf570b021ad1f86f45ef6e688.jpg,4
C:\Users\ashis\Desktop\ScanAI\dataset_manager\clean\skin\fungal_infection\roboflow__dog-and-cat-skin-disease-identification-2__pic24_jpg.rf.4cee1937382de9516e98e4b36af3971e.jpg,C:\Users\ashis\Desktop\ScanAI\dataset_manager\clean\skin\fungal_infection\roboflow__dog-and-cat-skin-disease-identification-2__pic24_jpg.rf.a864c54076fc15b22ba15714ddc16f87.jpg,2
C:\Users\ashis\Desktop\ScanAI\dataset_manager\clean\skin\fungal_infection\roboflow__dog-and-cat-skin-disease-identification-2__pic24_jpg.rf.a864c54076fc15b22ba15714ddc16f87.jpg,C:\Users\ashis\Desktop\ScanAI\dataset_manager\clean\skin\fungal_infection\roboflow__dog-and-cat-skin-disease-identification-2__pic25_jpg.rf.cf38e7f90216e19bdd86f3a5ac867662.jpg,4
C:\Users\ashis\Desktop\ScanAI\dataset_manager\clean\skin\fungal_infection\roboflow__dog-and-cat-skin-disease-identification-2__pic25_jpg.rf.26b49b513174d8be6135ed753836cc5a.jpg,C:\Users\ashis\Desktop\ScanAI\dataset_manager\clean\skin\fungal_infection\roboflow__dog-and-cat-skin-disease-identification-2__pic25_jpg.rf.cf38e7f90216e19bdd86f3a5ac867662.jpg,2
C:\Users\ashis\Desktop\ScanAI\dataset_manager\clean\skin\fungal_infection\roboflow__dog-and-cat-skin-disease-identification-2__pic26_jpg.rf.3857bdd35c66f4d0ffeb1ae619489bd7.jpg,C:\Users\ashis\Desktop\ScanAI\dataset_manager\clean\skin\fungal_infection\roboflow__dog-and-cat-skin-disease-identification-2__pic26_jpg.rf.7767a2696416db02f0bd8fe0438ae0fa.jpg,4
C:\Users\ashis\Desktop\ScanAI\dataset_manager\clean\skin\fungal_infection\roboflow__dog-and-cat-skin-disease-identification-2__pic27_jpg.rf.42ea95848ae476b2c16c64c4039ae446.jpg,C:\Users\ashis\Desktop\ScanAI\dataset_manager\clean\skin\fungal_infection\roboflow__dog-and-cat-skin-disease-identification-2__pic27_jpg.rf.ff38d8faf29aa9c02e4954e97a45e561.jpg,2
C:\Users\ashis\Desktop\ScanAI\dataset_manager\clean\skin\fungal_infection\roboflow__dog-and-cat-skin-disease-identification-2__pic28_jpg.rf.6e83b3de9164e76df1942af6c934e0a7.jpg,C:\Users\ashis\Desktop\ScanAI\dataset_manager\clean\skin\fungal_infection\roboflow__dog-and-cat-skin-disease-identification-2__pic28_jpg.rf.70493bf24de9554f252d1f4d75008fa1.jpg,0
C:\Users\ashis\Desktop\ScanAI\dataset_manager\clean\skin\fungal_infection\roboflow__dog-and-cat-skin-disease-identification-2__pic28_jpg.rf.6e83b3de9164e76df1942af6c934e0a7.jpg,C:\Users\ashis\Desktop\ScanAI\dataset_manager\clean\skin\fungal_infection\roboflow__dog-and-cat-skin-disease-identification-2__pic29_jpg.rf.a4f3556f3cb2d75c4ca317391fd514f6.jpg,4
C:\Users\ashis\Desktop\ScanAI\dataset_manager\clean\skin\fungal_infection\roboflow__dog-and-cat-skin-disease-identification-2__pic28_jpg.rf.6e83b3de9164e76df1942af6c934e0a7.jpg,C:\Users\ashis\Desktop\ScanAI\dataset_manager\clean\skin\fungal_infection\roboflow__dog-and-cat-skin-disease-identification-2__pic29_jpg.rf.b9f1b8167853e2a4a3efbaa299934a0d.jpg,4
C:\Users\ashis\Desktop\ScanAI\dataset_manager\clean\skin\fungal_infection\roboflow__dog-and-cat-skin-disease-identification-2__pic28_jpg.rf.70493bf24de9554f252d1f4d75008fa1.jpg,C:\Users\ashis\Desktop\ScanAI\dataset_manager\clean\skin\fungal_infection\roboflow__dog-and-cat-skin-disease-identification-2__pic29_jpg.rf.a4f3556f3cb2d75c4ca317391fd514f6.jpg,4
C:\Users\ashis\Desktop\ScanAI\dataset_manager\clean\skin\fungal_infection\roboflow__dog-and-cat-skin-disease-identification-2__pic28_jpg.rf.70493bf24de9554f252d1f4d75008fa1.jpg,C:\Users\ashis\Desktop\ScanAI\dataset_manager\clean\skin\fungal_infection\roboflow__dog-and-cat-skin-disease-identification-2__pic29_jpg.rf.b9f1b8167853e2a4a3efbaa299934a0d.jpg,4
C:\Users\ashis\Desktop\ScanAI\dataset_manager\clean\skin\fungal_infection\roboflow__dog-and-cat-skin-disease-identification-2__pic29_jpg.rf.a4f3556f3cb2d75c4ca317391fd514f6.jpg,C:\Users\ashis\Desktop\ScanAI\dataset_manager\clean\skin\fungal_infection\roboflow__dog-and-cat-skin-disease-identification-2__pic29_jpg.rf.b9f1b8167853e2a4a3efbaa299934a0d.jpg,0
C:\Users\ashis\Desktop\ScanAI\dataset_manager\clean\skin\fungal_infection\roboflow__dog-and-cat-skin-disease-identification-2__pic2_jpg.rf.2a33a918c061daa352984b9f764d84a8.jpg,C:\Users\ashis\Desktop\ScanAI\dataset_manager\clean\skin\fungal_infection\roboflow__dog-and-cat-skin-disease-identification-2__pic2_jpg.rf.38731be716639410dd2eebbc266cf74d.jpg,2
C:\Users\ashis\Desktop\ScanAI\dataset_manager\clean\skin\fungal_infection\roboflow__dog-and-cat-skin-disease-identification-2__pic30_jpg.rf.83dd48d020976f979951fbffcdbffea9.jpg,C:\Users\ashis\Desktop\ScanAI\dataset_manager\clean\skin\fungal_infection\roboflow__dog-and-cat-skin-disease-identification-2__pic30_jpg.rf.b856b749d791d96f45600b3f743712d0.jpg,0
C:\Users\ashis\Desktop\ScanAI\dataset_manager\clean\skin\fungal_infection\roboflow__dog-and-cat-skin-disease-identification-2__pic31_jpg.rf.14ac934157206987cbfc4403095aecdf.jpg,C:\Users\ashis\Desktop\ScanAI\dataset_manager\clean\skin\fungal_infection\roboflow__dog-and-cat-skin-disease-identification-2__pic31_jpg.rf.ea24966442cc5c01ff5b3faa51154900.jpg,2
C:\Users\ashis\Desktop\ScanAI\dataset_manager\clean\skin\fungal_infection\roboflow__dog-and-cat-skin-disease-identification-2__pic32_jpg.rf.2787eb25910dd16a503700cc72378e9f.jpg,C:\Users\ashis\Desktop\ScanAI\dataset_manager\clean\skin\fungal_infection\roboflow__dog-and-cat-skin-disease-identification-2__pic32_jpg.rf.e015848f7d6f4312dcba4bfc57e9a383.jpg,0
C:\Users\ashis\Desktop\ScanAI\dataset_manager\clean\skin\fungal_infection\roboflow__dog-and-cat-skin-disease-identification-2__pic32_jpg.rf.2787eb25910dd16a503700cc72378e9f.jpg,C:\Users\ashis\Desktop\ScanAI\dataset_manager\clean\skin\fungal_infection\roboflow__dog-and-cat-skin-disease-identification-2__pic33_jpg.rf.c0206ad10f6e2827c00f2a01790dc512.jpg,4
C:\Users\ashis\Desktop\ScanAI\dataset_manager\clean\skin\fungal_infection\roboflow__dog-and-cat-skin-disease-identification-2__pic32_jpg.rf.e015848f7d6f4312dcba4bfc57e9a383.jpg,C:\Users\ashis\Desktop\ScanAI\dataset_manager\clean\skin\fungal_infection\roboflow__dog-and-cat-skin-disease-identification-2__pic33_jpg.rf.c0206ad10f6e2827c00f2a01790dc512.jpg,4
C:\Users\ashis\Desktop\ScanAI\dataset_manager\clean\skin\fungal_infection\roboflow__dog-and-cat-skin-disease-identification-2__pic33_jpg.rf.477145fe7c930ae2b694d8460e009c9f.jpg,C:\Users\ashis\Desktop\ScanAI\dataset_manager\clean\skin\fungal_infection\roboflow__dog-and-cat-skin-disease-identification-2__pic33_jpg.rf.c0206ad10f6e2827c00f2a01790dc512.jpg,4
C:\Users\ashis\Desktop\ScanAI\dataset_manager\clean\skin\fungal_infection\roboflow__dog-and-cat-skin-disease-identification-2__pic34_jpg.rf.c946d950e4212306b22b26fffc7276b1.jpg,C:\Users\ashis\Desktop\ScanAI\dataset_manager\clean\skin\fungal_infection\roboflow__dog-and-cat-skin-disease-identification-2__pic34_jpg.rf.cc8ebd6c686a7f8641fed87deedab5f5.jpg,2
C:\Users\ashis\Desktop\ScanAI\dataset_manager\clean\skin\fungal_infection\roboflow__dog-and-cat-skin-disease-identification-2__pic34_jpg.rf.c946d950e4212306b22b26fffc7276b1.jpg,C:\Users\ashis\Desktop\ScanAI\dataset_manager\clean\skin\fungal_infection\roboflow__dog-and-cat-skin-disease-identification-2__pic35_jpg.rf.1e622942110f2c463bbba94a0059675e.jpg,4
C:\Users\ashis\Desktop\ScanAI\dataset_manager\clean\skin\fungal_infection\roboflow__dog-and-cat-skin-disease-identification-2__pic34_jpg.rf.c946d950e4212306b22b26fffc7276b1.jpg,C:\Users\ashis\Desktop\ScanAI\dataset_manager\clean\skin\fungal_infection\roboflow__dog-and-cat-skin-disease-identification-2__pic35_jpg.rf.b15226dc6ceb7133559910f8639b7dae.jpg,4
C:\Users\ashis\Desktop\ScanAI\dataset_manager\clean\skin\fungal_infection\roboflow__dog-and-cat-skin-disease-identification-2__pic34_jpg.rf.cc8ebd6c686a7f8641fed87deedab5f5.jpg,C:\Users\ashis\Desktop\ScanAI\dataset_manager\clean\skin\fungal_infection\roboflow__dog-and-cat-skin-disease-identification-2__pic35_jpg.rf.1e622942110f2c463bbba94a0059675e.jpg,4
C:\Users\ashis\Desktop\ScanAI\dataset_manager\clean\skin\fungal_infection\roboflow__dog-and-cat-skin-disease-identification-2__pic34_jpg.rf.cc8ebd6c686a7f8641fed87deedab5f5.jpg,C:\Users\ashis\Desktop\ScanAI\dataset_manager\clean\skin\fungal_infection\roboflow__dog-and-cat-skin-disease-identification-2__pic35_jpg.rf.b15226dc6ceb7133559910f8639b7dae.jpg,4
C:\Users\ashis\Desktop\ScanAI\dataset_manager\clean\skin\fungal_infection\roboflow__dog-and-cat-skin-disease-identification-2__pic35_jpg.rf.1e622942110f2c463bbba94a0059675e.jpg,C:\Users\ashis\Desktop\ScanAI\dataset_manager\clean\skin\fungal_infection\roboflow__dog-and-cat-skin-disease-identification-2__pic35_jpg.rf.b15226dc6ceb7133559910f8639b7dae.jpg,0
C:\Users\ashis\Desktop\ScanAI\dataset_manager\clean\skin\fungal_infection\roboflow__dog-and-cat-skin-disease-identification-2__pic36_jpg.rf.1529e61f827e95cdf59f9dc1110f6a71.jpg,C:\Users\ashis\Desktop\ScanAI\dataset_manager\clean\skin\fungal_infection\roboflow__dog-and-cat-skin-disease-identification-2__pic36_jpg.rf.57b5fc5559dadb55e5580e73c76c18e4.jpg,2
C:\Users\ashis\Desktop\ScanAI\dataset_manager\clean\skin\fungal_infection\roboflow__dog-and-cat-skin-disease-identification-2__pic37_jpg.rf.8225ab126a44f434e58494d7ddb42536.jpg,C:\Users\ashis\Desktop\ScanAI\dataset_manager\clean\skin\fungal_infection\roboflow__dog-and-cat-skin-disease-identification-2__pic37_jpg.rf.f180c9aa3ca04cb77101e6d5b8cb28b4.jpg,2
C:\Users\ashis\Desktop\ScanAI\dataset_manager\clean\skin\fungal_infection\roboflow__dog-and-cat-skin-disease-identification-2__pic38_jpg.rf.a8501d0a97d4373ac94511d33cd72188.jpg,C:\Users\ashis\Desktop\ScanAI\dataset_manager\clean\skin\fungal_infection\roboflow__dog-and-cat-skin-disease-identification-2__pic38_jpg.rf.be6f13c4949fc8ac406f445fa967aa65.jpg,0
C:\Users\ashis\Desktop\ScanAI\dataset_manager\clean\skin\fungal_infection\roboflow__dog-and-cat-skin-disease-identification-2__pic39_jpg.rf.2a1af4a41590e43453315e72a71df7af.jpg,C:\Users\ashis\Desktop\ScanAI\dataset_manager\clean\skin\fungal_infection\roboflow__dog-and-cat-skin-disease-identification-2__pic39_jpg.rf.2b24bb6a36398c9f1ab1ccbfeafe02a2.jpg,0
C:\Users\ashis\Desktop\ScanAI\dataset_manager\clean\skin\fungal_infection\roboflow__dog-and-cat-skin-disease-identification-2__pic3_jpg.rf.1c0e1b9263c8a6535f7b8beeb73ee2ad.jpg,C:\Users\ashis\Desktop\ScanAI\dataset_manager\clean\skin\fungal_infection\roboflow__dog-and-cat-skin-disease-identification-2__pic3_jpg.rf.b2450249bf2d8ed606c047d67353bca8.jpg,2
C:\Users\ashis\Desktop\ScanAI\dataset_manager\clean\skin\fungal_infection\roboflow__dog-and-cat-skin-disease-identification-2__pic40_jpg.rf.2b846bb474b1686c5b8565b6488b62d2.jpg,C:\Users\ashis\Desktop\ScanAI\dataset_manager\clean\skin\fungal_infection\roboflow__dog-and-cat-skin-disease-identification-2__pic40_jpg.rf.ecb927b985972fd5667c1bfc5a212338.jpg,2
C:\Users\ashis\Desktop\ScanAI\dataset_manager\clean\skin\fungal_infection\roboflow__dog-and-cat-skin-disease-identification-2__pic41_jpg.rf.199d75195497eb57b697213c7b2ba6ce.jpg,C:\Users\ashis\Desktop\ScanAI\dataset_manager\clean\skin\fungal_infection\roboflow__dog-and-cat-skin-disease-identification-2__pic41_jpg.rf.fcec8d0a9e32911e3e2d82e30c845b19.jpg,2
C:\Users\ashis\Desktop\ScanAI\dataset_manager\clean\skin\fungal_infection\roboflow__dog-and-cat-skin-disease-identification-2__pic43_jpg.rf.4f243df27349db40afeca31a1a4546bd.jpg,C:\Users\ashis\Desktop\ScanAI\dataset_manager\clean\skin\fungal_infection\roboflow__dog-and-cat-skin-disease-identification-2__pic43_jpg.rf.8df751685d217d26fdf66a3c40aa8084.jpg,4
C:\Users\ashis\Desktop\ScanAI\dataset_manager\clean\skin\fungal_infection\roboflow__dog-and-cat-skin-disease-identification-2__pic44_jpg.rf.0537e60ec76e5a1b52ffd251b17fa5ac.jpg,C:\Users\ashis\Desktop\ScanAI\dataset_manager\clean\skin\fungal_infection\roboflow__dog-and-cat-skin-disease-identification-2__pic44_jpg.rf.9ed3d4671acea085d76d23d008667233.jpg,0
C:\Users\ashis\Desktop\ScanAI\dataset_manager\clean\skin\fungal_infection\roboflow__dog-and-cat-skin-disease-identification-2__pic45_jpg.rf.6bcf1861f2b630070e8f01e439e827a7.jpg,C:\Users\ashis\Desktop\ScanAI\dataset_manager\clean\skin\fungal_infection\roboflow__dog-and-cat-skin-disease-identification-2__pic45_jpg.rf.d53ec2b99a4ade71ef56eab3d7e39029.jpg,0
C:\Users\ashis\Desktop\ScanAI\dataset_manager\clean\skin\fungal_infection\roboflow__dog-and-cat-skin-disease-identification-2__pic46_jpg.rf.0bb72d4c4c0926cb4af26b058487e5d9.jpg,C:\Users\ashis\Desktop\ScanAI\dataset_manager\clean\skin\fungal_infection\roboflow__dog-and-cat-skin-disease-identification-2__pic46_jpg.rf.502642783b367053f196de8eb89de888.jpg,2
C:\Users\ashis\Desktop\ScanAI\dataset_manager\clean\skin\fungal_infection\roboflow__dog-and-cat-skin-disease-identification-2__pic47_jpg.rf.6459904ecf5bfec6ca5d98e3f9fd88e8.jpg,C:\Users\ashis\Desktop\ScanAI\dataset_manager\clean\skin\fungal_infection\roboflow__dog-and-cat-skin-disease-identification-2__pic47_jpg.rf.d275c46952efc66d3935953c514c1c7c.jpg,2
C:\Users\ashis\Desktop\ScanAI\dataset_manager\clean\skin\fungal_infection\roboflow__dog-and-cat-skin-disease-identification-2__pic48_jpg.rf.005db1e56fd3ea80fa874f29186562f6.jpg,C:\Users\ashis\Desktop\ScanAI\dataset_manager\clean\skin\fungal_infection\roboflow__dog-and-cat-skin-disease-identification-2__pic48_jpg.rf.983df0c5b44433c6d388aebd2ed164b0.jpg,0
C:\Users\ashis\Desktop\ScanAI\dataset_manager\clean\skin\fungal_infection\roboflow__dog-and-cat-skin-disease-identification-2__pic4_jpg.rf.58634fa6d659f6dc77450e804cb0d89e.jpg,C:\Users\ashis\Desktop\ScanAI\dataset_manager\clean\skin\fungal_infection\roboflow__dog-and-cat-skin-disease-identification-2__pic4_jpg.rf.7ee380dbe23df4e8eda655c920757556.jpg,2
C:\Users\ashis\Desktop\ScanAI\dataset_manager\clean\skin\fungal_infection\roboflow__dog-and-cat-skin-disease-identification-2__pic51_jpg.rf.e1caebc1a6806d68a5c8ae9de6435426.jpg,C:\Users\ashis\Desktop\ScanAI\dataset_manager\clean\skin\hotspot\roboflow__dog-and-cat-skin-disease-identification-2__bacterial-infection-pustules-ri-livinga-2-300x300_jpg.rf.080833be40bcf66e72df4374d90d52b4.jpg,0
C:\Users\ashis\Desktop\ScanAI\dataset_manager\clean\skin\fungal_infection\roboflow__dog-and-cat-skin-disease-identification-2__pic51_jpg.rf.e1caebc1a6806d68a5c8ae9de6435426.jpg,C:\Users\ashis\Desktop\ScanAI\dataset_manager\clean\skin\pyoderma\roboflow__dog-and-cat-skin-disease-identification-2__bacterial-infection-pustules-ri-livinga-2-300x300_jpg.rf.a26d9452832d1275a0fa3506adc70ecd.jpg,0
C:\Users\ashis\Desktop\ScanAI\dataset_manager\clean\skin\fungal_infection\roboflow__dog-and-cat-skin-disease-identification-2__pic51_jpg.rf.e1caebc1a6806d68a5c8ae9de6435426.jpg,C:\Users\ashis\Desktop\ScanAI\dataset_manager\clean\skin\pyoderma\roboflow__dog-and-cat-skin-disease-identification-2__bacterial_110_jpg.rf.65756fbb091cdf99a07e7597e283266a.jpg,0
C:\Users\ashis\Desktop\ScanAI\dataset_manager\clean\skin\fungal_infection\roboflow__dog-and-cat-skin-disease-identification-2__pic52_jpg.rf.2e58fbc332aad515d4e56180496b53da.jpg,C:\Users\ashis\Desktop\ScanAI\dataset_manager\clean\skin\fungal_infection\roboflow__dog-and-cat-skin-disease-identification-2__pic52_jpg.rf.b1024006d10747e2ecd4172896503c66.jpg,0
C:\Users\ashis\Desktop\ScanAI\dataset_manager\clean\skin\fungal_infection\roboflow__dog-and-cat-skin-disease-identification-2__pic53_jpg.rf.0b1f4a5bbf3ae1579421e499f3fe115a.jpg,C:\Users\ashis\Desktop\ScanAI\dataset_manager\clean\skin\fungal_infection\roboflow__dog-and-cat-skin-disease-identification-2__pic53_jpg.rf.4bc67a2877cdaa56be60c82e6f270ad7.jpg,0
C:\Users\ashis\Desktop\ScanAI\dataset_manager\clean\skin\fungal_infection\roboflow__dog-and-cat-skin-disease-identification-2__pic55_jpg.rf.096df8c30b15dcdf1a364c5014910b7c.jpg,C:\Users\ashis\Desktop\ScanAI\dataset_manager\clean\skin\fungal_infection\roboflow__dog-and-cat-skin-disease-identification-2__pic55_jpg.rf.3f250d91f5ee060fa8a7745d508d2d14.jpg,2
C:\Users\ashis\Desktop\ScanAI\dataset_manager\clean\skin\fungal_infection\roboflow__dog-and-cat-skin-disease-identification-2__pic55_jpg.rf.59bbbc9168e7e882c71486fb560d31cc.jpg,C:\Users\ashis\Desktop\ScanAI\dataset_manager\clean\skin\fungal_infection\roboflow__dog-and-cat-skin-disease-identification-2__pic55_jpg.rf.987b09064edb797c6ecdba94735dec11.jpg,2
C:\Users\ashis\Desktop\ScanAI\dataset_manager\clean\skin\fungal_infection\roboflow__dog-and-cat-skin-disease-identification-2__pic55_jpg.rf.59bbbc9168e7e882c71486fb560d31cc.jpg,C:\Users\ashis\Desktop\ScanAI\dataset_manager\clean\skin\ringworm\roboflow__dog-and-cat-skin-disease-identification-2__ringworm-71-_jpg.rf.3ff47cd0e261a3ee196608147cd5eff8.jpg,0
C:\Users\ashis\Desktop\ScanAI\dataset_manager\clean\skin\fungal_infection\roboflow__dog-and-cat-skin-disease-identification-2__pic55_jpg.rf.59bbbc9168e7e882c71486fb560d31cc.jpg,C:\Users\ashis\Desktop\ScanAI\dataset_manager\clean\skin\ringworm\roboflow__dog-and-cat-skin-disease-identification-2__ringworm-85-_jpg.rf.fbf9155ff30741a70c027fa8a5b778f2.jpg,0
C:\Users\ashis\Desktop\ScanAI\dataset_manager\clean\skin\fungal_infection\roboflow__dog-and-cat-skin-disease-identification-2__pic55_jpg.rf.987b09064edb797c6ecdba94735dec11.jpg,C:\Users\ashis\Desktop\ScanAI\dataset_manager\clean\skin\ringworm\roboflow__dog-and-cat-skin-disease-identification-2__ringworm-71-_jpg.rf.3ff47cd0e261a3ee196608147cd5eff8.jpg,2
C:\Users\ashis\Desktop\ScanAI\dataset_manager\clean\skin\fungal_infection\roboflow__dog-and-cat-skin-disease-identification-2__pic55_jpg.rf.987b09064edb797c6ecdba94735dec11.jpg,C:\Users\ashis\Desktop\ScanAI\dataset_manager\clean\skin\ringworm\roboflow__dog-and-cat-skin-disease-identification-2__ringworm-85-_jpg.rf.fbf9155ff30741a70c027fa8a5b778f2.jpg,2
C:\Users\ashis\Desktop\ScanAI\dataset_manager\clean\skin\fungal_infection\roboflow__dog-and-cat-skin-disease-identification-2__pic56_jpg.rf.bab203db0dd7f5d9f06e4b833360ab16.jpg,C:\Users\ashis\Desktop\ScanAI\dataset_manager\clean\skin\fungal_infection\roboflow__dog-and-cat-skin-disease-identification-2__pic56_jpg.rf.bbb0edb4bde4f00873cf2e7de8d3775c.jpg,0
C:\Users\ashis\Desktop\ScanAI\dataset_manager\clean\skin\fungal_infection\roboflow__dog-and-cat-skin-disease-identification-2__pic56_jpg.rf.bab203db0dd7f5d9f06e4b833360ab16.jpg,C:\Users\ashis\Desktop\ScanAI\dataset_manager\clean\skin\ringworm\roboflow__dog-and-cat-skin-disease-identification-2__1000011983_x4_jpg.rf.4cbec489818947271c604577528bdc3f.jpg,4
C:\Users\ashis\Desktop\ScanAI\dataset_manager\clean\skin\fungal_infection\roboflow__dog-and-cat-skin-disease-identification-2__pic56_jpg.rf.bab203db0dd7f5d9f06e4b833360ab16.jpg,C:\Users\ashis\Desktop\ScanAI\dataset_manager\clean\skin\ringworm\roboflow__dog-and-cat-skin-disease-identification-2__ringworm-66-_jpg.rf.130dfefa722e26065258cefc5d25db3c.jpg,0
C:\Users\ashis\Desktop\ScanAI\dataset_manager\clean\skin\fungal_infection\roboflow__dog-and-cat-skin-disease-identification-2__pic56_jpg.rf.bab203db0dd7f5d9f06e4b833360ab16.jpg,C:\Users\ashis\Desktop\ScanAI\dataset_manager\clean\skin\ringworm\roboflow__dog-and-cat-skin-disease-identification-2__ringworm-87-_jpg.rf.1e5e6974b9142244a9625bfff2860320.jpg,0
C:\Users\ashis\Desktop\ScanAI\dataset_manager\clean\skin\fungal_infection\roboflow__dog-and-cat-skin-disease-identification-2__pic56_jpg.rf.bbb0edb4bde4f00873cf2e7de8d3775c.jpg,C:\Users\ashis\Desktop\ScanAI\dataset_manager\clean\skin\ringworm\roboflow__dog-and-cat-skin-disease-identification-2__1000011983_x4_jpg.rf.4cbec489818947271c604577528bdc3f.jpg,4
C:\Users\ashis\Desktop\ScanAI\dataset_manager\clean\skin\fungal_infection\roboflow__dog-and-cat-skin-disease-identification-2__pic56_jpg.rf.bbb0edb4bde4f00873cf2e7de8d3775c.jpg,C:\Users\ashis\Desktop\ScanAI\dataset_manager\clean\skin\ringworm\roboflow__dog-and-cat-skin-disease-identification-2__ringworm-66-_jpg.rf.130dfefa722e26065258cefc5d25db3c.jpg,0
C:\Users\ashis\Desktop\ScanAI\dataset_manager\clean\skin\fungal_infection\roboflow__dog-and-cat-skin-disease-identification-2__pic56_jpg.rf.bbb0edb4bde4f00873cf2e7de8d3775c.jpg,C:\Users\ashis\Desktop\ScanAI\dataset_manager\clean\skin\ringworm\roboflow__dog-and-cat-skin-disease-identification-2__ringworm-87-_jpg.rf.1e5e6974b9142244a9625bfff2860320.jpg,0
C:\Users\ashis\Desktop\ScanAI\dataset_manager\clean\skin\fungal_infection\roboflow__dog-and-cat-skin-disease-identification-2__pic57_jpg.rf.145970e3305f9e9fd24257d5c0d86f70.jpg,C:\Users\ashis\Desktop\ScanAI\dataset_manager\clean\skin\fungal_infection\roboflow__dog-and-cat-skin-disease-identification-2__pic57_jpg.rf.1ebc042ac2c0661a960716051e502011.jpg,2
C:\Users\ashis\Desktop\ScanAI\dataset_manager\clean\skin\fungal_infection\roboflow__dog-and-cat-skin-disease-identification-2__pic58_jpg.rf.6fe885f7caf462abfd8912c69d10d65f.jpg,C:\Users\ashis\Desktop\ScanAI\dataset_manager\clean\skin\fungal_infection\roboflow__dog-and-cat-skin-disease-identification-2__pic58_jpg.rf.8923a06e2d84e2e04d7b9e71f5d391ad.jpg,0
C:\Users\ashis\Desktop\ScanAI\dataset_manager\clean\skin\fungal_infection\roboflow__dog-and-cat-skin-disease-identification-2__pic59_jpg.rf.372c5f5959beaf498761bffd9b76d531.jpg,C:\Users\ashis\Desktop\ScanAI\dataset_manager\clean\skin\fungal_infection\roboflow__dog-and-cat-skin-disease-identification-2__pic59_jpg.rf.663759e990c41419acdb749b291b6b1c.jpg,2
C:\Users\ashis\Desktop\ScanAI\dataset_manager\clean\skin\fungal_infection\roboflow__dog-and-cat-skin-disease-identification-2__pic5_jpg.rf.13c768550d3d625a22853122b61dcc96.jpg,C:\Users\ashis\Desktop\ScanAI\dataset_manager\clean\skin\fungal_infection\roboflow__dog-and-cat-skin-disease-identification-2__pic5_jpg.rf.3ecfb3eb00e502d020384f40b330b10b.jpg,0
C:\Users\ashis\Desktop\ScanAI\dataset_manager\clean\skin\fungal_infection\roboflow__dog-and-cat-skin-disease-identification-2__pic60_jpg.rf.29a3e5c45031a6c9dcaa8627d51de200.jpg,C:\Users\ashis\Desktop\ScanAI\dataset_manager\clean\skin\fungal_infection\roboflow__dog-and-cat-skin-disease-identification-2__pic60_jpg.rf.b362a6f1b16303cd33525b1a0ea4a10c.jpg,0
C:\Users\ashis\Desktop\ScanAI\dataset_manager\clean\skin\fungal_infection\roboflow__dog-and-cat-skin-disease-identification-2__pic61_jpg.rf.1c03a4b6bb8fabc6295c1590bc28dceb.jpg,C:\Users\ashis\Desktop\ScanAI\dataset_manager\clean\skin\fungal_infection\roboflow__dog-and-cat-skin-disease-identification-2__pic61_jpg.rf.a9041653a8e086274b4891100ba547b8.jpg,0
C:\Users\ashis\Desktop\ScanAI\dataset_manager\clean\skin\fungal_infection\roboflow__dog-and-cat-skin-disease-identification-2__pic62_jpg.rf.08d8e18f7fdaa4e5509a8a481d865775.jpg,C:\Users\ashis\Desktop\ScanAI\dataset_manager\clean\skin\fungal_infection\roboflow__dog-and-cat-skin-disease-identification-2__pic62_jpg.rf.977fac87c191ccb22d2d91483a3ec3e3.jpg,0
C:\Users\ashis\Desktop\ScanAI\dataset_manager\clean\skin\fungal_infection\roboflow__dog-and-cat-skin-disease-identification-2__pic63_jpg.rf.0dc5614e39bee53469438c842f817da7.jpg,C:\Users\ashis\Desktop\ScanAI\dataset_manager\clean\skin\fungal_infection\roboflow__dog-and-cat-skin-disease-identification-2__pic63_jpg.rf.d2b8f8af59838b80f52404bd949f10f4.jpg,0
C:\Users\ashis\Desktop\ScanAI\dataset_manager\clean\skin\fungal_infection\roboflow__dog-and-cat-skin-disease-identification-2__pic64_jpg.rf.0003d93de9f9a1878f2917994d1f8180.jpg,C:\Users\ashis\Desktop\ScanAI\dataset_manager\clean\skin\fungal_infection\roboflow__dog-and-cat-skin-disease-identification-2__pic64_jpg.rf.5d673f7c06ae545cfeb55a99c8ad45b6.jpg,0
C:\Users\ashis\Desktop\ScanAI\dataset_manager\clean\skin\fungal_infection\roboflow__dog-and-cat-skin-disease-identification-2__pic65_jpg.rf.302c550d56480eca0ad97a0d3a370b65.jpg,C:\Users\ashis\Desktop\ScanAI\dataset_manager\clean\skin\fungal_infection\roboflow__dog-and-cat-skin-disease-identification-2__pic65_jpg.rf.38e502106e662c5f1fc6539c4fa8c55a.jpg,0
C:\Users\ashis\Desktop\ScanAI\dataset_manager\clean\skin\fungal_infection\roboflow__dog-and-cat-skin-disease-identification-2__pic66_jpg.rf.25162daecb481f4956ab6d64e8fb21f2.jpg,C:\Users\ashis\Desktop\ScanAI\dataset_manager\clean\skin\fungal_infection\roboflow__dog-and-cat-skin-disease-identification-2__pic66_jpg.rf.455a993cb34a82ab8affcbe74ccaa366.jpg,0
C:\Users\ashis\Desktop\ScanAI\dataset_manager\clean\skin\fungal_infection\roboflow__dog-and-cat-skin-disease-identification-2__pic67_jpg.rf.26ab602d565003db7a95564a109abb00.jpg,C:\Users\ashis\Desktop\ScanAI\dataset_manager\clean\skin\fungal_infection\roboflow__dog-and-cat-skin-disease-identification-2__pic67_jpg.rf.e57f458648c16fc212777e2e12346527.jpg,0
C:\Users\ashis\Desktop\ScanAI\dataset_manager\clean\skin\fungal_infection\roboflow__dog-and-cat-skin-disease-identification-2__pic68_jpg.rf.8df3f3a59335dc6ae6d9d72147779b58.jpg,C:\Users\ashis\Desktop\ScanAI\dataset_manager\clean\skin\fungal_infection\roboflow__dog-and-cat-skin-disease-identification-2__pic68_jpg.rf.cb48f416c3696929af4a2e81690909db.jpg,0
C:\Users\ashis\Desktop\ScanAI\dataset_manager\clean\skin\fungal_infection\roboflow__dog-and-cat-skin-disease-identification-2__pic69_jpg.rf.0cd1d9e58a914102a07a0b43a1798f78.jpg,C:\Users\ashis\Desktop\ScanAI\dataset_manager\clean\skin\fungal_infection\roboflow__dog-and-cat-skin-disease-identification-2__pic69_jpg.rf.ac8f613c9122d6d543232d3f8c4d11fd.jpg,0
C:\Users\ashis\Desktop\ScanAI\dataset_manager\clean\skin\fungal_infection\roboflow__dog-and-cat-skin-disease-identification-2__pic6_jpg.rf.2ec296b77dfdb04d5db660e69872c870.jpg,C:\Users\ashis\Desktop\ScanAI\dataset_manager\clean\skin\fungal_infection\roboflow__dog-and-cat-skin-disease-identification-2__pic6_jpg.rf.5105b9346d475b05f740b395aa235e78.jpg,0
C:\Users\ashis\Desktop\ScanAI\dataset_manager\clean\skin\fungal_infection\roboflow__dog-and-cat-skin-disease-identification-2__pic6_jpg.rf.2ec296b77dfdb04d5db660e69872c870.jpg,C:\Users\ashis\Desktop\ScanAI\dataset_manager\clean\skin\fungal_infection\roboflow__dog-and-cat-skin-disease-identification-2__pic8_jpg.rf.7b36a0c1e0a2694c4f58227e502c0cf4.jpg,4
C:\Users\ashis\Desktop\ScanAI\dataset_manager\clean\skin\fungal_infection\roboflow__dog-and-cat-skin-disease-identification-2__pic6_jpg.rf.2ec296b77dfdb04d5db660e69872c870.jpg,C:\Users\ashis\Desktop\ScanAI\dataset_manager\clean\skin\fungal_infection\roboflow__dog-and-cat-skin-disease-identification-2__pic8_jpg.rf.c76c2f5d9f3b5c89b6f4a27fbc0e6b4c.jpg,4
C:\Users\ashis\Desktop\ScanAI\dataset_manager\clean\skin\fungal_infection\roboflow__dog-and-cat-skin-disease-identification-2__pic6_jpg.rf.5105b9346d475b05f740b395aa235e78.jpg,C:\Users\ashis\Desktop\ScanAI\dataset_manager\clean\skin\fungal_infection\roboflow__dog-and-cat-skin-disease-identification-2__pic8_jpg.rf.7b36a0c1e0a2694c4f58227e502c0cf4.jpg,4
C:\Users\ashis\Desktop\ScanAI\dataset_manager\clean\skin\fungal_infection\roboflow__dog-and-cat-skin-disease-identification-2__pic6_jpg.rf.5105b9346d475b05f740b395aa235e78.jpg,C:\Users\ashis\Desktop\ScanAI\dataset_manager\clean\skin\fungal_infection\roboflow__dog-and-cat-skin-disease-identification-2__pic8_jpg.rf.c76c2f5d9f3b5c89b6f4a27fbc0e6b4c.jpg,4
C:\Users\ashis\Desktop\ScanAI\dataset_manager\clean\skin\fungal_infection\roboflow__dog-and-cat-skin-disease-identification-2__pic70_jpg.rf.3143bfdd01ee01dedd5eb78662622220.jpg,C:\Users\ashis\Desktop\ScanAI\dataset_manager\clean\skin\fungal_infection\roboflow__dog-and-cat-skin-disease-identification-2__pic70_jpg.rf.ac2de70ed663c890626780e1f92c7c0c.jpg,0
C:\Users\ashis\Desktop\ScanAI\dataset_manager\clean\skin\fungal_infection\roboflow__dog-and-cat-skin-disease-identification-2__pic71_jpg.rf.8f0fd3b2492dc6be2c0c1e8dbd6a8b30.jpg,C:\Users\ashis\Desktop\ScanAI\dataset_manager\clean\skin\fungal_infection\roboflow__dog-and-cat-skin-disease-identification-2__pic71_jpg.rf.d229c20102bdfd54dc162e05de24bf68.jpg,2
C:\Users\ashis\Desktop\ScanAI\dataset_manager\clean\skin\fungal_infection\roboflow__dog-and-cat-skin-disease-identification-2__pic72_jpg.rf.575be88b4da83c4d5f070ee9c60670ce.jpg,C:\Users\ashis\Desktop\ScanAI\dataset_manager\clean\skin\fungal_infection\roboflow__dog-and-cat-skin-disease-identification-2__pic72_jpg.rf.b0831945b0b558ffbe44c3fbc977fe2a.jpg,0
C:\Users\ashis\Desktop\ScanAI\dataset_manager\clean\skin\fungal_infection\roboflow__dog-and-cat-skin-disease-identification-2__pic73_jpg.rf.2f2e353a51941c3411958c109c0c2589.jpg,C:\Users\ashis\Desktop\ScanAI\dataset_manager\clean\skin\fungal_infection\roboflow__dog-and-cat-skin-disease-identification-2__pic73_jpg.rf.9817f6865ba9313f0ed9f369b866d46c.jpg,0
C:\Users\ashis\Desktop\ScanAI\dataset_manager\clean\skin\fungal_infection\roboflow__dog-and-cat-skin-disease-identification-2__pic74_jpg.rf.335b156c1eb00aae9ee5f99a7f7a66bc.jpg,C:\Users\ashis\Desktop\ScanAI\dataset_manager\clean\skin\fungal_infection\roboflow__dog-and-cat-skin-disease-identification-2__pic74_jpg.rf.da9a9f209062c0af933765c80de5471d.jpg,0
C:\Users\ashis\Desktop\ScanAI\dataset_manager\clean\skin\fungal_infection\roboflow__dog-and-cat-skin-disease-identification-2__pic75_jpg.rf.01493f0d31ef922ac36bb44d66d0e3a2.jpg,C:\Users\ashis\Desktop\ScanAI\dataset_manager\clean\skin\fungal_infection\roboflow__dog-and-cat-skin-disease-identification-2__pic75_jpg.rf.7c64f1cd233a6b6a1085ff8490ff9111.jpg,0
C:\Users\ashis\Desktop\ScanAI\dataset_manager\clean\skin\fungal_infection\roboflow__dog-and-cat-skin-disease-identification-2__pic76_jpg.rf.51abe761f3afd4f7022030ec69e9faf5.jpg,C:\Users\ashis\Desktop\ScanAI\dataset_manager\clean\skin\fungal_infection\roboflow__dog-and-cat-skin-disease-identification-2__pic76_jpg.rf.ee3fef436be89c55fd073389783066ad.jpg,0
C:\Users\ashis\Desktop\ScanAI\dataset_manager\clean\skin\fungal_infection\roboflow__dog-and-cat-skin-disease-identification-2__pic77_jpg.rf.7605c2d2ed8ba519d7fe77fd443318c3.jpg,C:\Users\ashis\Desktop\ScanAI\dataset_manager\clean\skin\fungal_infection\roboflow__dog-and-cat-skin-disease-identification-2__pic77_jpg.rf.a34d5029728d9a05b97d170ec4c55461.jpg,0
C:\Users\ashis\Desktop\ScanAI\dataset_manager\clean\skin\fungal_infection\roboflow__dog-and-cat-skin-disease-identification-2__pic78_jpg.rf.30a2a343aaffb125c8e08e7a09c878c6.jpg,C:\Users\ashis\Desktop\ScanAI\dataset_manager\clean\skin\fungal_infection\roboflow__dog-and-cat-skin-disease-identification-2__pic78_jpg.rf.44b5b1dbc929c19f9c46028fa7993df5.jpg,0
C:\Users\ashis\Desktop\ScanAI\dataset_manager\clean\skin\fungal_infection\roboflow__dog-and-cat-skin-disease-identification-2__pic79_jpg.rf.11065916ea6e662d918a0179851f4648.jpg,C:\Users\ashis\Desktop\ScanAI\dataset_manager\clean\skin\fungal_infection\roboflow__dog-and-cat-skin-disease-identification-2__pic79_jpg.rf.31a123f0ed9c72f009a04a9ebd8c06c0.jpg,0
C:\Users\ashis\Desktop\ScanAI\dataset_manager\clean\skin\fungal_infection\roboflow__dog-and-cat-skin-disease-identification-2__pic7_jpg.rf.093544724cf70aee7168d595b2220f4b.jpg,C:\Users\ashis\Desktop\ScanAI\dataset_manager\clean\skin\fungal_infection\roboflow__dog-and-cat-skin-disease-identification-2__pic7_jpg.rf.7ffc43c00a016e889c1a579321e125fc.jpg,0
C:\Users\ashis\Desktop\ScanAI\dataset_manager\clean\skin\fungal_infection\roboflow__dog-and-cat-skin-disease-identification-2__pic7_jpg.rf.093544724cf70aee7168d595b2220f4b.jpg,C:\Users\ashis\Desktop\ScanAI\dataset_manager\clean\skin\fungal_infection\roboflow__dog-and-cat-skin-disease-identification-2__pic8_jpg.rf.7b36a0c1e0a2694c4f58227e502c0cf4.jpg,2
C:\Users\ashis\Desktop\ScanAI\dataset_manager\clean\skin\fungal_infection\roboflow__dog-and-cat-skin-disease-identification-2__pic7_jpg.rf.093544724cf70aee7168d595b2220f4b.jpg,C:\Users\ashis\Desktop\ScanAI\dataset_manager\clean\skin\fungal_infection\roboflow__dog-and-cat-skin-disease-identification-2__pic8_jpg.rf.c76c2f5d9f3b5c89b6f4a27fbc0e6b4c.jpg,2
C:\Users\ashis\Desktop\ScanAI\dataset_manager\clean\skin\fungal_infection\roboflow__dog-and-cat-skin-disease-identification-2__pic7_jpg.rf.7ffc43c00a016e889c1a579321e125fc.jpg,C:\Users\ashis\Desktop\ScanAI\dataset_manager\clean\skin\fungal_infection\roboflow__dog-and-cat-skin-disease-identification-2__pic8_jpg.rf.7b36a0c1e0a2694c4f58227e502c0cf4.jpg,2
C:\Users\ashis\Desktop\ScanAI\dataset_manager\clean\skin\fungal_infection\roboflow__dog-and-cat-skin-disease-identification-2__pic7_jpg.rf.7ffc43c00a016e889c1a579321e125fc.jpg,C:\Users\ashis\Desktop\ScanAI\dataset_manager\clean\skin\fungal_infection\roboflow__dog-and-cat-skin-disease-identification-2__pic8_jpg.rf.c76c2f5d9f3b5c89b6f4a27fbc0e6b4c.jpg,2
C:\Users\ashis\Desktop\ScanAI\dataset_manager\clean\skin\fungal_infection\roboflow__dog-and-cat-skin-disease-identification-2__pic80_jpg.rf.2812f4038f1e39d0d12a55fc7a593068.jpg,C:\Users\ashis\Desktop\ScanAI\dataset_manager\clean\skin\fungal_infection\roboflow__dog-and-cat-skin-disease-identification-2__pic80_jpg.rf.6fedf114a14f60efb4b7183a5edbf9d4.jpg,0
C:\Users\ashis\Desktop\ScanAI\dataset_manager\clean\skin\fungal_infection\roboflow__dog-and-cat-skin-disease-identification-2__pic81_jpg.rf.32cb5ca2791fc383d70104c9b996615f.jpg,C:\Users\ashis\Desktop\ScanAI\dataset_manager\clean\skin\fungal_infection\roboflow__dog-and-cat-skin-disease-identification-2__pic81_jpg.rf.3ba9ee77b739f4609c2cdae2b3b7f0b4.jpg,0
C:\Users\ashis\Desktop\ScanAI\dataset_manager\clean\skin\fungal_infection\roboflow__dog-and-cat-skin-disease-identification-2__pic82_jpg.rf.4c2c5b11ab98acfc84584f1215627420.jpg,C:\Users\ashis\Desktop\ScanAI\dataset_manager\clean\skin\fungal_infection\roboflow__dog-and-cat-skin-disease-identification-2__pic82_jpg.rf.b04ee91018cff9c16c164b1b4c5cc563.jpg,0
C:\Users\ashis\Desktop\ScanAI\dataset_manager\clean\skin\fungal_infection\roboflow__dog-and-cat-skin-disease-identification-2__pic84_jpg.rf.3b49ba5c0cec4f05bf6cee9522daea85.jpg,C:\Users\ashis\Desktop\ScanAI\dataset_manager\clean\skin\fungal_infection\roboflow__dog-and-cat-skin-disease-identification-2__pic84_jpg.rf.6487b301844b4aeb07d2b837033944a9.jpg,0
C:\Users\ashis\Desktop\ScanAI\dataset_manager\clean\skin\fungal_infection\roboflow__dog-and-cat-skin-disease-identification-2__pic85_jpg.rf.4807a3be1105eecbe58da3fd46143708.jpg,C:\Users\ashis\Desktop\ScanAI\dataset_manager\clean\skin\fungal_infection\roboflow__dog-and-cat-skin-disease-identification-2__pic85_jpg.rf.76ddca24588279ba562a458777e8c6c6.jpg,0
C:\Users\ashis\Desktop\ScanAI\dataset_manager\clean\skin\fungal_infection\roboflow__dog-and-cat-skin-disease-identification-2__pic86_jpg.rf.b4bc327c4bcc7ca1ddcff128566bd957.jpg,C:\Users\ashis\Desktop\ScanAI\dataset_manager\clean\skin\fungal_infection\roboflow__dog-and-cat-skin-disease-identification-2__pic86_jpg.rf.ef503513e66e48f016b569a770238649.jpg,0
C:\Users\ashis\Desktop\ScanAI\dataset_manager\clean\skin\fungal_infection\roboflow__dog-and-cat-skin-disease-identification-2__pic87_jpg.rf.2028db0c5e070ebf51acd73ffb320658.jpg,C:\Users\ashis\Desktop\ScanAI\dataset_manager\clean\skin\fungal_infection\roboflow__dog-and-cat-skin-disease-identification-2__pic87_jpg.rf.2b0811ee540b99d3b7d754db07add29d.jpg,0
C:\Users\ashis\Desktop\ScanAI\dataset_manager\clean\skin\fungal_infection\roboflow__dog-and-cat-skin-disease-identification-2__pic88_jpg.rf.6bbfd7fc8e608bd53cedcc9fbaf5e5c1.jpg,C:\Users\ashis\Desktop\ScanAI\dataset_manager\clean\skin\fungal_infection\roboflow__dog-and-cat-skin-disease-identification-2__pic88_jpg.rf.e37f5681062e65642b8e236e94b959c5.jpg,0
C:\Users\ashis\Desktop\ScanAI\dataset_manager\clean\skin\fungal_infection\roboflow__dog-and-cat-skin-disease-identification-2__pic89_jpg.rf.415db8bf6c4d278f58b80c1526b87c77.jpg,C:\Users\ashis\Desktop\ScanAI\dataset_manager\clean\skin\fungal_infection\roboflow__dog-and-cat-skin-disease-identification-2__pic89_jpg.rf.f13b49faf1f6ecddeeef28f1c2d38135.jpg,0
C:\Users\ashis\Desktop\ScanAI\dataset_manager\clean\skin\fungal_infection\roboflow__dog-and-cat-skin-disease-identification-2__pic8_jpg.rf.7b36a0c1e0a2694c4f58227e502c0cf4.jpg,C:\Users\ashis\Desktop\ScanAI\dataset_manager\clean\skin\fungal_infection\roboflow__dog-and-cat-skin-disease-identification-2__pic8_jpg.rf.c76c2f5d9f3b5c89b6f4a27fbc0e6b4c.jpg,0
C:\Users\ashis\Desktop\ScanAI\dataset_manager\clean\skin\fungal_infection\roboflow__dog-and-cat-skin-disease-identification-2__pic90_jpg.rf.04c8f7ca3df36942fd911f1e61000cab.jpg,C:\Users\ashis\Desktop\ScanAI\dataset_manager\clean\skin\fungal_infection\roboflow__dog-and-cat-skin-disease-identification-2__pic90_jpg.rf.ca9b3f4a5163ae0c73bdf9f10e1e3097.jpg,0
C:\Users\ashis\Desktop\ScanAI\dataset_manager\clean\skin\fungal_infection\roboflow__dog-and-cat-skin-disease-identification-2__pic91_jpg.rf.493bd863e0498a1721cf88525b21ea90.jpg,C:\Users\ashis\Desktop\ScanAI\dataset_manager\clean\skin\fungal_infection\roboflow__dog-and-cat-skin-disease-identification-2__pic91_jpg.rf.aeebada324e074125a661718a50b53ef.jpg,0
C:\Users\ashis\Desktop\ScanAI\dataset_manager\clean\skin\fungal_infection\roboflow__dog-and-cat-skin-disease-identification-2__pic92_jpg.rf.207fc4f5422243afda415aebff961a75.jpg,C:\Users\ashis\Desktop\ScanAI\dataset_manager\clean\skin\fungal_infection\roboflow__dog-and-cat-skin-disease-identification-2__pic92_jpg.rf.5e3bc4a60412f03ccfd4cef98b058307.jpg,0
C:\Users\ashis\Desktop\ScanAI\dataset_manager\clean\skin\fungal_infection\roboflow__dog-and-cat-skin-disease-identification-2__pic9_jpg.rf.d2639c75ca886365672afe43bcb7ad05.jpg,C:\Users\ashis\Desktop\ScanAI\dataset_manager\clean\skin\fungal_infection\roboflow__dog-and-cat-skin-disease-identification-2__pic9_jpg.rf.d2efe61ca83bfb472adc7479cec76b2c.jpg,4
C:\Users\ashis\Desktop\ScanAI\dataset_manager\clean\skin\healthy_skin\roboflow__lumpy-skin-disease-detection__Normal_Skin_100_png.rf.c0a9888600958c8acce256ddc01f3bac.jpg,C:\Users\ashis\Desktop\ScanAI\dataset_manager\clean\skin\healthy_skin\roboflow__lumpy-skin-disease-detection__Normal_Skin_158_png.rf.7afff3eb9252a7b66a1d107b3001a53d.jpg,0
C:\Users\ashis\Desktop\ScanAI\dataset_manager\clean\skin\healthy_skin\roboflow__lumpy-skin-disease-detection__Normal_Skin_101_png.rf.4cd2ef87bf508093de4cc9505a68c84b.jpg,C:\Users\ashis\Desktop\ScanAI\dataset_manager\clean\skin\healthy_skin\roboflow__lumpy-skin-disease-detection__Normal_Skin_475_png.rf.ff22e971dd5fb92cd9a0c906247abba9.jpg,2
C:\Users\ashis\Desktop\ScanAI\dataset_manager\clean\skin\healthy_skin\roboflow__lumpy-skin-disease-detection__Normal_Skin_105_png.rf.85d305814e9d6d937b974cafea9358d1.jpg,C:\Users\ashis\Desktop\ScanAI\dataset_manager\clean\skin\healthy_skin\roboflow__lumpy-skin-disease-detection__Normal_Skin_304_png.rf.0255e69318e42ca7fb29454dbcfc1e48.jpg,0
C:\Users\ashis\Desktop\ScanAI\dataset_manager\clean\skin\healthy_skin\roboflow__lumpy-skin-disease-detection__Normal_Skin_114_png.rf.79b65f04fbc39ef373ff8ed3216bc208.jpg,C:\Users\ashis\Desktop\ScanAI\dataset_manager\clean\skin\healthy_skin\roboflow__lumpy-skin-disease-detection__Normal_Skin_400_png.rf.9ca54f87b31733002f8742d37c9f61eb.jpg,0
C:\Users\ashis\Desktop\ScanAI\dataset_manager\clean\skin\healthy_skin\roboflow__lumpy-skin-disease-detection__Normal_Skin_118_png.rf.f71eb2f3943c02ee7dc619ee36a4e128.jpg,C:\Users\ashis\Desktop\ScanAI\dataset_manager\clean\skin\healthy_skin\roboflow__lumpy-skin-disease-detection__Normal_Skin_178_png.rf.d89dc932864b6c28423b544eccaba07b.jpg,0
C:\Users\ashis\Desktop\ScanAI\dataset_manager\clean\skin\healthy_skin\roboflow__lumpy-skin-disease-detection__Normal_Skin_121_png.rf.3c33eeef9351cc52b9f8114a4d960dfb.jpg,C:\Users\ashis\Desktop\ScanAI\dataset_manager\clean\skin\healthy_skin\roboflow__lumpy-skin-disease-detection__Normal_Skin_405_png.rf.8b1c1431fd743d7e7710b773e1ea2de7.jpg,0
C:\Users\ashis\Desktop\ScanAI\dataset_manager\clean\skin\healthy_skin\roboflow__lumpy-skin-disease-detection__Normal_Skin_121_png.rf.3c33eeef9351cc52b9f8114a4d960dfb.jpg,C:\Users\ashis\Desktop\ScanAI\dataset_manager\clean\skin\lumpy_skin_disease\kaggle__devang03mgr__cattle-diseases-datasets__img1106.jpg,0
C:\Users\ashis\Desktop\ScanAI\dataset_manager\clean\skin\healthy_skin\roboflow__lumpy-skin-disease-detection__Normal_Skin_122_png.rf.ea3e7341c26ecc8e0067b69906c4642e.jpg,C:\Users\ashis\Desktop\ScanAI\dataset_manager\clean\skin\healthy_skin\roboflow__lumpy-skin-disease-detection__Normal_Skin_263_png.rf.df4aaf614e8e64a04a3ca6c446e1bac6.jpg,0
C:\Users\ashis\Desktop\ScanAI\dataset_manager\clean\skin\healthy_skin\roboflow__lumpy-skin-disease-detection__Normal_Skin_125_png.rf.c4167a3455bd7d9095aa1644fd71cd5b.jpg,C:\Users\ashis\Desktop\ScanAI\dataset_manager\clean\skin\healthy_skin\roboflow__lumpy-skin-disease-detection__Normal_Skin_168_png.rf.e3af75a0e47b539473a008ad3cbf0d75.jpg,0
C:\Users\ashis\Desktop\ScanAI\dataset_manager\clean\skin\healthy_skin\roboflow__lumpy-skin-disease-detection__Normal_Skin_127_png.rf.b2107b9cc3d0ad495c5930a5c68733d9.jpg,C:\Users\ashis\Desktop\ScanAI\dataset_manager\clean\skin\healthy_skin\roboflow__lumpy-skin-disease-detection__Normal_Skin_166_png.rf.a388a326da611bc08702d013f1a85a48.jpg,0
C:\Users\ashis\Desktop\ScanAI\dataset_manager\clean\skin\healthy_skin\roboflow__lumpy-skin-disease-detection__Normal_Skin_132_png.rf.c096390a726ae5029dfce5e872dbb617.jpg,C:\Users\ashis\Desktop\ScanAI\dataset_manager\clean\skin\healthy_skin\roboflow__lumpy-skin-disease-detection__Normal_Skin_541_png.rf.b1a3816c64df8f2990bb01bc4f6cb053.jpg,0
C:\Users\ashis\Desktop\ScanAI\dataset_manager\clean\skin\healthy_skin\roboflow__lumpy-skin-disease-detection__Normal_Skin_133_png.rf.db942709f865c2aa26bfd5d8a7cc8444.jpg,C:\Users\ashis\Desktop\ScanAI\dataset_manager\clean\skin\healthy_skin\roboflow__lumpy-skin-disease-detection__Normal_Skin_172_png.rf.446b4c61d84959c94601333994773998.jpg,0
C:\Users\ashis\Desktop\ScanAI\dataset_manager\clean\skin\healthy_skin\roboflow__lumpy-skin-disease-detection__Normal_Skin_135_png.rf.46d2723c5225725fdd2c3c4ac2a0dbde.jpg,C:\Users\ashis\Desktop\ScanAI\dataset_manager\clean\skin\healthy_skin\roboflow__lumpy-skin-disease-detection__Normal_Skin_170_png.rf.ee9da917ee11af9295e84f209f025840.jpg,0
C:\Users\ashis\Desktop\ScanAI\dataset_manager\clean\skin\healthy_skin\roboflow__lumpy-skin-disease-detection__Normal_Skin_138_png.rf.0a085b4677eb35a079cd3662a8d6a1ac.jpg,C:\Users\ashis\Desktop\ScanAI\dataset_manager\clean\skin\healthy_skin\roboflow__lumpy-skin-disease-detection__Normal_Skin_626_png.rf.3c8bfe3e65913edcddc7fdcecb580a61.jpg,0
C:\Users\ashis\Desktop\ScanAI\dataset_manager\clean\skin\healthy_skin\roboflow__lumpy-skin-disease-detection__Normal_Skin_142_png.rf.9f81037740f1c29b7503e14d49c0452a.jpg,C:\Users\ashis\Desktop\ScanAI\dataset_manager\clean\skin\healthy_skin\roboflow__lumpy-skin-disease-detection__Normal_Skin_505_png.rf.73bab7e05cb56f4f388039fef2ad3c2c.jpg,2
C:\Users\ashis\Desktop\ScanAI\dataset_manager\clean\skin\healthy_skin\roboflow__lumpy-skin-disease-detection__Normal_Skin_143_png.rf.b0cc01b21021b6203539901524422ebc.jpg,C:\Users\ashis\Desktop\ScanAI\dataset_manager\clean\skin\healthy_skin\roboflow__lumpy-skin-disease-detection__Normal_Skin_159_png.rf.eae8a6cb7ce657f70c97b97fb102497f.jpg,0
C:\Users\ashis\Desktop\ScanAI\dataset_manager\clean\skin\healthy_skin\roboflow__lumpy-skin-disease-detection__Normal_Skin_148_png.rf.92670215377d5d86be49470d9586e5d7.jpg,C:\Users\ashis\Desktop\ScanAI\dataset_manager\clean\skin\healthy_skin\roboflow__lumpy-skin-disease-detection__Normal_Skin_577_png.rf.54936d621f42e9a33a2fa729f977f2a4.jpg,0
C:\Users\ashis\Desktop\ScanAI\dataset_manager\clean\skin\healthy_skin\roboflow__lumpy-skin-disease-detection__Normal_Skin_149_png.rf.23b89e485ea3fb8244d369e150cbfd8d.jpg,C:\Users\ashis\Desktop\ScanAI\dataset_manager\clean\skin\healthy_skin\roboflow__lumpy-skin-disease-detection__Normal_Skin_415_png.rf.8294f16f3bdda5ccca0f5c0d5f11822a.jpg,0
C:\Users\ashis\Desktop\ScanAI\dataset_manager\clean\skin\healthy_skin\roboflow__lumpy-skin-disease-detection__Normal_Skin_153_png.rf.14ded80eb27e7468e32f12a64c4976d8.jpg,C:\Users\ashis\Desktop\ScanAI\dataset_manager\clean\skin\healthy_skin\roboflow__lumpy-skin-disease-detection__Normal_Skin_708_png.rf.66d62fcb78a07426b35fb2bd43574276.jpg,2
C:\Users\ashis\Desktop\ScanAI\dataset_manager\clean\skin\healthy_skin\roboflow__lumpy-skin-disease-detection__Normal_Skin_154_png.rf.1c4a7d14a0beaf4b9c8922c4c4419721.jpg,C:\Users\ashis\Desktop\ScanAI\dataset_manager\clean\skin\healthy_skin\roboflow__lumpy-skin-disease-detection__Normal_Skin_91_png.rf.2f861689447741130feecdc4e42250a0.jpg,2
C:\Users\ashis\Desktop\ScanAI\dataset_manager\clean\skin\healthy_skin\roboflow__lumpy-skin-disease-detection__Normal_Skin_154_png.rf.1c4a7d14a0beaf4b9c8922c4c4419721.jpg,C:\Users\ashis\Desktop\ScanAI\dataset_manager\clean\skin\lumpy_skin_disease\kaggle__devang03mgr__cattle-diseases-datasets__img1010.jpg,0
C:\Users\ashis\Desktop\ScanAI\dataset_manager\clean\skin\healthy_skin\roboflow__lumpy-skin-disease-detection__Normal_Skin_155_png.rf.b7973af74c411dac4bd2000504e2e9c9.jpg,C:\Users\ashis\Desktop\ScanAI\dataset_manager\clean\skin\healthy_skin\roboflow__lumpy-skin-disease-detection__Normal_Skin_98_png.rf.a31241f097bee31514b866a9cefe8e72.jpg,0
C:\Users\ashis\Desktop\ScanAI\dataset_manager\clean\skin\healthy_skin\roboflow__lumpy-skin-disease-detection__Normal_Skin_156_png.rf.2a083f58777d71fb6046a59cc8556f4c.jpg,C:\Users\ashis\Desktop\ScanAI\dataset_manager\clean\skin\healthy_skin\roboflow__lumpy-skin-disease-detection__Normal_Skin_30_png.rf.4f5c5e9cc69ae7581f108a4a4acabe84.jpg,2
C:\Users\ashis\Desktop\ScanAI\dataset_manager\clean\skin\healthy_skin\roboflow__lumpy-skin-disease-detection__Normal_Skin_157_png.rf.6ecc73ee6d3cab9c6321f44134ffe8e2.jpg,C:\Users\ashis\Desktop\ScanAI\dataset_manager\clean\skin\healthy_skin\roboflow__lumpy-skin-disease-detection__Normal_Skin_656_png.rf.501526d9f754f4e2c428568732acccb1.jpg,0
C:\Users\ashis\Desktop\ScanAI\dataset_manager\clean\skin\healthy_skin\roboflow__lumpy-skin-disease-detection__Normal_Skin_160_png.rf.f93da78026565c7ab2fc04cf5f04b797.jpg,C:\Users\ashis\Desktop\ScanAI\dataset_manager\clean\skin\healthy_skin\roboflow__lumpy-skin-disease-detection__Normal_Skin_7_png.rf.e7187b9d32cb6cfa9898bc2d631577c9.jpg,0
C:\Users\ashis\Desktop\ScanAI\dataset_manager\clean\skin\healthy_skin\roboflow__lumpy-skin-disease-detection__Normal_Skin_162_png.rf.01c9df563fe6e5574a1995185b87c31e.jpg,C:\Users\ashis\Desktop\ScanAI\dataset_manager\clean\skin\healthy_skin\roboflow__lumpy-skin-disease-detection__Normal_Skin_69_png.rf.46e2ff5ee1de599584744e408aaaab24.jpg,0
C:\Users\ashis\Desktop\ScanAI\dataset_manager\clean\skin\healthy_skin\roboflow__lumpy-skin-disease-detection__Normal_Skin_163_png.rf.6e56a52478b3e9dc9eb1e254dc614941.jpg,C:\Users\ashis\Desktop\ScanAI\dataset_manager\clean\skin\healthy_skin\roboflow__lumpy-skin-disease-detection__Normal_Skin_713_png.rf.7fefe93e453dd72515e029ed98924d8f.jpg,0
C:\Users\ashis\Desktop\ScanAI\dataset_manager\clean\skin\healthy_skin\roboflow__lumpy-skin-disease-detection__Normal_Skin_164_png.rf.a77351837c019a06ca43132a2f814a1d.jpg,C:\Users\ashis\Desktop\ScanAI\dataset_manager\clean\skin\healthy_skin\roboflow__lumpy-skin-disease-detection__Normal_Skin_84_png.rf.7193c256c92ea003e4ba7933e5eb4f2f.jpg,0
C:\Users\ashis\Desktop\ScanAI\dataset_manager\clean\skin\healthy_skin\roboflow__lumpy-skin-disease-detection__Normal_Skin_171_png.rf.dd7c59c0e2f98789c3d841278a0add95.jpg,C:\Users\ashis\Desktop\ScanAI\dataset_manager\clean\skin\healthy_skin\roboflow__lumpy-skin-disease-detection__Normal_Skin_54_png.rf.f0ffe4ee621af1c6e3bedffa66b1f927.jpg,2
C:\Users\ashis\Desktop\ScanAI\dataset_manager\clean\skin\healthy_skin\roboflow__lumpy-skin-disease-detection__Normal_Skin_173_png.rf.f2fac61291a3ad43a79044639d35a375.jpg,C:\Users\ashis\Desktop\ScanAI\dataset_manager\clean\skin\healthy_skin\roboflow__lumpy-skin-disease-detection__Normal_Skin_78_png.rf.bc1a40d1c1ea50194010ce4dbe59c713.jpg,2
C:\Users\ashis\Desktop\ScanAI\dataset_manager\clean\skin\healthy_skin\roboflow__lumpy-skin-disease-detection__Normal_Skin_174_png.rf.01f1f937aea53a2cbf49d880490c4563.jpg,C:\Users\ashis\Desktop\ScanAI\dataset_manager\clean\skin\healthy_skin\roboflow__lumpy-skin-disease-detection__Normal_Skin_715_png.rf.6139b70b51c36a02cf30465759bb867c.jpg,0
C:\Users\ashis\Desktop\ScanAI\dataset_manager\clean\skin\healthy_skin\roboflow__lumpy-skin-disease-detection__Normal_Skin_175_png.rf.1f4c4ea1a141d61a082cb511901b6afd.jpg,C:\Users\ashis\Desktop\ScanAI\dataset_manager\clean\skin\healthy_skin\roboflow__lumpy-skin-disease-detection__Normal_Skin_659_png.rf.96463a4e0e53af9f67cc59dd303f0ff2.jpg,0
C:\Users\ashis\Desktop\ScanAI\dataset_manager\clean\skin\healthy_skin\roboflow__lumpy-skin-disease-detection__Normal_Skin_176_png.rf.165514298031db0e401b077c93e33365.jpg,C:\Users\ashis\Desktop\ScanAI\dataset_manager\clean\skin\healthy_skin\roboflow__lumpy-skin-disease-detection__Normal_Skin_79_png.rf.acea12f7f635ba06d38db9dd836cf3cb.jpg,0
C:\Users\ashis\Desktop\ScanAI\dataset_manager\clean\skin\healthy_skin\roboflow__lumpy-skin-disease-detection__Normal_Skin_180_png.rf.2447606d7fc07cd34502bb0a160b9302.jpg,C:\Users\ashis\Desktop\ScanAI\dataset_manager\clean\skin\lumpy_skin_disease\kaggle__devang03mgr__cattle-diseases-datasets__29_jpg.rf.852c67d18199dae24a39209a743bac9c.jpg,2
C:\Users\ashis\Desktop\ScanAI\dataset_manager\clean\skin\healthy_skin\roboflow__lumpy-skin-disease-detection__Normal_Skin_180_png.rf.2447606d7fc07cd34502bb0a160b9302.jpg,C:\Users\ashis\Desktop\ScanAI\dataset_manager\clean\skin\lumpy_skin_disease\roboflow__cattle-diseases__29_jpg.rf.02d1a94edf7164555dee975110d57c44.jpg,2
C:\Users\ashis\Desktop\ScanAI\dataset_manager\clean\skin\healthy_skin\roboflow__lumpy-skin-disease-detection__Normal_Skin_202_png.rf.780bae62b4e45c392c62818ad52c92df.jpg,C:\Users\ashis\Desktop\ScanAI\dataset_manager\clean\skin\healthy_skin\roboflow__lumpy-skin-disease-detection__Normal_Skin_340_png.rf.0728bfb2b3761ad57a9dfd01c13f79c2.jpg,4
C:\Users\ashis\Desktop\ScanAI\dataset_manager\clean\skin\healthy_skin\roboflow__lumpy-skin-disease-detection__Normal_Skin_207_png.rf.d7f0b7b5270dfd41768cbccffb4c18d0.jpg,C:\Users\ashis\Desktop\ScanAI\dataset_manager\clean\skin\healthy_skin\roboflow__lumpy-skin-disease-detection__Normal_Skin_87_png.rf.428de8be5a77ba5a9c508279f9429253.jpg,0
C:\Users\ashis\Desktop\ScanAI\dataset_manager\clean\skin\healthy_skin\roboflow__lumpy-skin-disease-detection__Normal_Skin_221_png.rf.2094dd01532b2e63ac0a95b5d443e5be.jpg,C:\Users\ashis\Desktop\ScanAI\dataset_manager\clean\skin\healthy_skin\roboflow__lumpy-skin-disease-detection__Normal_Skin_89_png.rf.c7df60684ecc85ea66582414114f5d61.jpg,0
C:\Users\ashis\Desktop\ScanAI\dataset_manager\clean\skin\healthy_skin\roboflow__lumpy-skin-disease-detection__Normal_Skin_231_png.rf.f23a8c8d0f94b84f8892e4b97e1f931f.jpg,C:\Users\ashis\Desktop\ScanAI\dataset_manager\clean\skin\healthy_skin\roboflow__lumpy-skin-disease-detection__Normal_Skin_652_png.rf.02bb6862373da1f0c258a30dfb6a1dc8.jpg,0
C:\Users\ashis\Desktop\ScanAI\dataset_manager\clean\skin\healthy_skin\roboflow__lumpy-skin-disease-detection__Normal_Skin_240_png.rf.b8a9dc81e034b8505e6f20f3872e8da8.jpg,C:\Users\ashis\Desktop\ScanAI\dataset_manager\clean\skin\healthy_skin\roboflow__lumpy-skin-disease-detection__Normal_Skin_44_png.rf.34830836a4d3547bd6f1ed9ef7a71b05.jpg,0
C:\Users\ashis\Desktop\ScanAI\dataset_manager\clean\skin\healthy_skin\roboflow__lumpy-skin-disease-detection__Normal_Skin_242_png.rf.0be7c085ec9ab00b37f11e7bce575ebb.jpg,C:\Users\ashis\Desktop\ScanAI\dataset_manager\clean\skin\lumpy_skin_disease\kaggle__devang03mgr__cattle-diseases-datasets__img1141.jpg,0
C:\Users\ashis\Desktop\ScanAI\dataset_manager\clean\skin\healthy_skin\roboflow__lumpy-skin-disease-detection__Normal_Skin_249_png.rf.9caa994c3fd73fddf70254d0ee495ffd.jpg,C:\Users\ashis\Desktop\ScanAI\dataset_manager\clean\skin\healthy_skin\roboflow__lumpy-skin-disease-detection__Normal_Skin_90_png.rf.56025f2b05b8ae08669050020a2b0acc.jpg,0
C:\Users\ashis\Desktop\ScanAI\dataset_manager\clean\skin\healthy_skin\roboflow__lumpy-skin-disease-detection__Normal_Skin_27_png.rf.65e74f622bf888af58537877d723f36b.jpg,C:\Users\ashis\Desktop\ScanAI\dataset_manager\clean\skin\healthy_skin\roboflow__lumpy-skin-disease-detection__Normal_Skin_598_png.rf.0853270cf9a0a1f170b83b32c4903219.jpg,0
C:\Users\ashis\Desktop\ScanAI\dataset_manager\clean\skin\healthy_skin\roboflow__lumpy-skin-disease-detection__Normal_Skin_294_png.rf.738f27b54f5b03e7cf163a966fcc1328.jpg,C:\Users\ashis\Desktop\ScanAI\dataset_manager\clean\skin\healthy_skin\roboflow__lumpy-skin-disease-detection__Normal_Skin_64_png.rf.2543e01f9702c08e1817f706f8393e7e.jpg,0
C:\Users\ashis\Desktop\ScanAI\dataset_manager\clean\skin\healthy_skin\roboflow__lumpy-skin-disease-detection__Normal_Skin_303_png.rf.aba45d61dee999db31a77b17bfa27da4.jpg,C:\Users\ashis\Desktop\ScanAI\dataset_manager\clean\skin\healthy_skin\roboflow__lumpy-skin-disease-detection__Normal_Skin_3_png.rf.191ffb2d31c9794c67e3708d479ba5f0.jpg,0
C:\Users\ashis\Desktop\ScanAI\dataset_manager\clean\skin\healthy_skin\roboflow__lumpy-skin-disease-detection__Normal_Skin_347_png.rf.f8d3fb62e56e6cb458ab25d3b894add8.jpg,C:\Users\ashis\Desktop\ScanAI\dataset_manager\clean\skin\lumpy_skin_disease\kaggle__devang03mgr__cattle-diseases-datasets__img1168.jpg,0
C:\Users\ashis\Desktop\ScanAI\dataset_manager\clean\skin\healthy_skin\roboflow__lumpy-skin-disease-detection__Normal_Skin_347_png.rf.f8d3fb62e56e6cb458ab25d3b894add8.jpg,C:\Users\ashis\Desktop\ScanAI\dataset_manager\clean\skin\lumpy_skin_disease\roboflow__lumpy-skin-disease-detection__Lumpy_Skin_288_png.rf.c297c3d6d4b568d28536e0008e231497.jpg,0
C:\Users\ashis\Desktop\ScanAI\dataset_manager\clean\skin\healthy_skin\roboflow__lumpy-skin-disease-detection__Normal_Skin_373_png.rf.dd92c269d7fbec13278df787e22d8019.jpg,C:\Users\ashis\Desktop\ScanAI\dataset_manager\clean\skin\healthy_skin\roboflow__lumpy-skin-disease-detection__Normal_Skin_83_png.rf.30e03af3549d32a1c3f4a2594e70b117.jpg,0
C:\Users\ashis\Desktop\ScanAI\dataset_manager\clean\skin\healthy_skin\roboflow__lumpy-skin-disease-detection__Normal_Skin_401_png.rf.f7d100c564307bfb90aec2046cec75a8.jpg,C:\Users\ashis\Desktop\ScanAI\dataset_manager\clean\skin\healthy_skin\roboflow__lumpy-skin-disease-detection__Normal_Skin_82_png.rf.5556a05bb5facafad3797a208ac04b1b.jpg,0
C:\Users\ashis\Desktop\ScanAI\dataset_manager\clean\skin\healthy_skin\roboflow__lumpy-skin-disease-detection__Normal_Skin_405_png.rf.8b1c1431fd743d7e7710b773e1ea2de7.jpg,C:\Users\ashis\Desktop\ScanAI\dataset_manager\clean\skin\lumpy_skin_disease\kaggle__devang03mgr__cattle-diseases-datasets__img1106.jpg,0
C:\Users\ashis\Desktop\ScanAI\dataset_manager\clean\skin\healthy_skin\roboflow__lumpy-skin-disease-detection__Normal_Skin_429_png.rf.df448bb2a8493e09d0bc0c2fb993f5a5.jpg,C:\Users\ashis\Desktop\ScanAI\dataset_manager\clean\skin\lumpy_skin_disease\kaggle__devang03mgr__cattle-diseases-datasets__LSD-146-_png_jpg.rf.b3e02f5f6e912a5937b7ef6bea20b349.jpg,0
C:\Users\ashis\Desktop\ScanAI\dataset_manager\clean\skin\healthy_skin\roboflow__lumpy-skin-disease-detection__Normal_Skin_429_png.rf.df448bb2a8493e09d0bc0c2fb993f5a5.jpg,C:\Users\ashis\Desktop\ScanAI\dataset_manager\clean\skin\lumpy_skin_disease\roboflow__lumpy-skin-disease-detection__Lumpy_Skin_15_png.rf.927d1b4c648a4d8afe181c761adb35d3.jpg,0
C:\Users\ashis\Desktop\ScanAI\dataset_manager\clean\skin\healthy_skin\roboflow__lumpy-skin-disease-detection__Normal_Skin_473_png.rf.cf5cbc0fbbb83725b67dfea55abe7d49.jpg,C:\Users\ashis\Desktop\ScanAI\dataset_manager\clean\skin\healthy_skin\roboflow__lumpy-skin-disease-detection__Normal_Skin_57_png.rf.1cf14e058dc6dcc297f5810cb07e51e1.jpg,0
C:\Users\ashis\Desktop\ScanAI\dataset_manager\clean\skin\healthy_skin\roboflow__lumpy-skin-disease-detection__Normal_Skin_509_png.rf.f9001228018328fb14a5d10e9bd9cac9.jpg,C:\Users\ashis\Desktop\ScanAI\dataset_manager\clean\skin\healthy_skin\roboflow__lumpy-skin-disease-detection__Normal_Skin_73_png.rf.8dc1b8fb1d9cded78b575defdc297199.jpg,0
C:\Users\ashis\Desktop\ScanAI\dataset_manager\clean\skin\healthy_skin\roboflow__lumpy-skin-disease-detection__Normal_Skin_510_png.rf.4aa6d40035e8eed7d7f465aaaf3b7cac.jpg,C:\Users\ashis\Desktop\ScanAI\dataset_manager\clean\skin\healthy_skin\roboflow__lumpy-skin-disease-detection__Normal_Skin_5_png.rf.fcc82845bbaa7880df666f4eb85debc7.jpg,2
C:\Users\ashis\Desktop\ScanAI\dataset_manager\clean\skin\healthy_skin\roboflow__lumpy-skin-disease-detection__Normal_Skin_510_png.rf.4aa6d40035e8eed7d7f465aaaf3b7cac.jpg,C:\Users\ashis\Desktop\ScanAI\dataset_manager\clean\skin\lumpy_skin_disease\kaggle__devang03mgr__cattle-diseases-datasets__img1381.jpg,0
C:\Users\ashis\Desktop\ScanAI\dataset_manager\clean\skin\healthy_skin\roboflow__lumpy-skin-disease-detection__Normal_Skin_510_png.rf.4aa6d40035e8eed7d7f465aaaf3b7cac.jpg,C:\Users\ashis\Desktop\ScanAI\dataset_manager\clean\skin\lumpy_skin_disease\roboflow__cattle-diseases__15_jpg.rf.14abcdbfbe604aa52033a6b58d10f700.jpg,2
C:\Users\ashis\Desktop\ScanAI\dataset_manager\clean\skin\healthy_skin\roboflow__lumpy-skin-disease-detection__Normal_Skin_510_png.rf.4aa6d40035e8eed7d7f465aaaf3b7cac.jpg,C:\Users\ashis\Desktop\ScanAI\dataset_manager\clean\skin\lumpy_skin_disease\roboflow__cattle-diseases__19_jpg.rf.7ef32dfb4eb33d6cd6a7cb073b6502a4.jpg,2
C:\Users\ashis\Desktop\ScanAI\dataset_manager\clean\skin\healthy_skin\roboflow__lumpy-skin-disease-detection__Normal_Skin_510_png.rf.4aa6d40035e8eed7d7f465aaaf3b7cac.jpg,C:\Users\ashis\Desktop\ScanAI\dataset_manager\clean\skin\lumpy_skin_disease\roboflow__cattle-diseases__3_jpg.rf.557325be38d398f7100e61a7a6f4ae02.jpg,0
C:\Users\ashis\Desktop\ScanAI\dataset_manager\clean\skin\healthy_skin\roboflow__lumpy-skin-disease-detection__Normal_Skin_510_png.rf.4aa6d40035e8eed7d7f465aaaf3b7cac.jpg,C:\Users\ashis\Desktop\ScanAI\dataset_manager\clean\skin\lumpy_skin_disease\roboflow__lumpy-skin-disease-detection__Lumpy_Skin_51_png.rf.dca4a9d56474182e94127ceeb064fe37.jpg,0
C:\Users\ashis\Desktop\ScanAI\dataset_manager\clean\skin\healthy_skin\roboflow__lumpy-skin-disease-detection__Normal_Skin_512_png.rf.0ab0eb4e24592c0b3fcf7b29fb2ec38d.jpg,C:\Users\ashis\Desktop\ScanAI\dataset_manager\clean\skin\healthy_skin\roboflow__lumpy-skin-disease-detection__Normal_Skin_662_png.rf.559a0cec4f5aa6d6dbd7089e072ff98b.jpg,0
C:\Users\ashis\Desktop\ScanAI\dataset_manager\clean\skin\healthy_skin\roboflow__lumpy-skin-disease-detection__Normal_Skin_530_png.rf.5f6a3e812c05fc36632dfd0deef02601.jpg,C:\Users\ashis\Desktop\ScanAI\dataset_manager\clean\skin\healthy_skin\roboflow__lumpy-skin-disease-detection__Normal_Skin_648_png.rf.d9664761b1632167238324d615b29fa0.jpg,2
C:\Users\ashis\Desktop\ScanAI\dataset_manager\clean\skin\healthy_skin\roboflow__lumpy-skin-disease-detection__Normal_Skin_531_png.rf.3a8b14828916518eb8e5a473c4a4cb6e.jpg,C:\Users\ashis\Desktop\ScanAI\dataset_manager\clean\skin\healthy_skin\roboflow__lumpy-skin-disease-detection__Normal_Skin_60_png.rf.7dc27e7a4aa704a95a32f1809aff993b.jpg,0
C:\Users\ashis\Desktop\ScanAI\dataset_manager\clean\skin\healthy_skin\roboflow__lumpy-skin-disease-detection__Normal_Skin_543_png.rf.77209a557eef5cf56dce6ce7e9637b21.jpg,C:\Users\ashis\Desktop\ScanAI\dataset_manager\clean\skin\healthy_skin\roboflow__lumpy-skin-disease-detection__Normal_Skin_9_png.rf.9154c2e687924b385d5dc3e9202ecef9.jpg,2
C:\Users\ashis\Desktop\ScanAI\dataset_manager\clean\skin\healthy_skin\roboflow__lumpy-skin-disease-detection__Normal_Skin_565_png.rf.3b8b8e8fb4cb88064416060b79b3d65f.jpg,C:\Users\ashis\Desktop\ScanAI\dataset_manager\clean\skin\healthy_skin\roboflow__lumpy-skin-disease-detection__Normal_Skin_712_png.rf.7a28f45cd65b286caa55b889ea7ca76e.jpg,2
C:\Users\ashis\Desktop\ScanAI\dataset_manager\clean\skin\healthy_skin\roboflow__lumpy-skin-disease-detection__Normal_Skin_575_png.rf.9eae3fcba74d6e480a5b5aae9da1ff7b.jpg,C:\Users\ashis\Desktop\ScanAI\dataset_manager\clean\skin\healthy_skin\roboflow__lumpy-skin-disease-detection__Normal_Skin_61_png.rf.c7f6cdc574843156d9768b3e74dae3ea.jpg,0
C:\Users\ashis\Desktop\ScanAI\dataset_manager\clean\skin\healthy_skin\roboflow__lumpy-skin-disease-detection__Normal_Skin_588_png.rf.9cf5f641d68ab003b734911649801bac.jpg,C:\Users\ashis\Desktop\ScanAI\dataset_manager\clean\skin\lumpy_skin_disease\kaggle__devang03mgr__cattle-diseases-datasets__img1299(1).jpg,0
C:\Users\ashis\Desktop\ScanAI\dataset_manager\clean\skin\healthy_skin\roboflow__lumpy-skin-disease-detection__Normal_Skin_588_png.rf.9cf5f641d68ab003b734911649801bac.jpg,C:\Users\ashis\Desktop\ScanAI\dataset_manager\clean\skin\lumpy_skin_disease\roboflow__lumpy-skin-disease-detection__Lumpy_Skin_306_png.rf.916137ce9132a58d654973f60bc78d15.jpg,0
C:\Users\ashis\Desktop\ScanAI\dataset_manager\clean\skin\healthy_skin\roboflow__lumpy-skin-disease-detection__Normal_Skin_590_png.rf.a41acc1ffefa0511a10eb5a120596d70.jpg,C:\Users\ashis\Desktop\ScanAI\dataset_manager\clean\skin\healthy_skin\roboflow__lumpy-skin-disease-detection__Normal_Skin_66_png.rf.050cf6ff5858cd2d6ea427c6821e3828.jpg,0
C:\Users\ashis\Desktop\ScanAI\dataset_manager\clean\skin\healthy_skin\roboflow__lumpy-skin-disease-detection__Normal_Skin_5_png.rf.fcc82845bbaa7880df666f4eb85debc7.jpg,C:\Users\ashis\Desktop\ScanAI\dataset_manager\clean\skin\lumpy_skin_disease\kaggle__devang03mgr__cattle-diseases-datasets__img1381.jpg,2
C:\Users\ashis\Desktop\ScanAI\dataset_manager\clean\skin\healthy_skin\roboflow__lumpy-skin-disease-detection__Normal_Skin_5_png.rf.fcc82845bbaa7880df666f4eb85debc7.jpg,C:\Users\ashis\Desktop\ScanAI\dataset_manager\clean\skin\lumpy_skin_disease\roboflow__cattle-diseases__15_jpg.rf.14abcdbfbe604aa52033a6b58d10f700.jpg,0
C:\Users\ashis\Desktop\ScanAI\dataset_manager\clean\skin\healthy_skin\roboflow__lumpy-skin-disease-detection__Normal_Skin_5_png.rf.fcc82845bbaa7880df666f4eb85debc7.jpg,C:\Users\ashis\Desktop\ScanAI\dataset_manager\clean\skin\lumpy_skin_disease\roboflow__cattle-diseases__19_jpg.rf.7ef32dfb4eb33d6cd6a7cb073b6502a4.jpg,0
C:\Users\ashis\Desktop\ScanAI\dataset_manager\clean\skin\healthy_skin\roboflow__lumpy-skin-disease-detection__Normal_Skin_5_png.rf.fcc82845bbaa7880df666f4eb85debc7.jpg,C:\Users\ashis\Desktop\ScanAI\dataset_manager\clean\skin\lumpy_skin_disease\roboflow__cattle-diseases__3_jpg.rf.557325be38d398f7100e61a7a6f4ae02.jpg,2
C:\Users\ashis\Desktop\ScanAI\dataset_manager\clean\skin\healthy_skin\roboflow__lumpy-skin-disease-detection__Normal_Skin_5_png.rf.fcc82845bbaa7880df666f4eb85debc7.jpg,C:\Users\ashis\Desktop\ScanAI\dataset_manager\clean\skin\lumpy_skin_disease\roboflow__lumpy-skin-disease-detection__Lumpy_Skin_51_png.rf.dca4a9d56474182e94127ceeb064fe37.jpg,2
C:\Users\ashis\Desktop\ScanAI\dataset_manager\clean\skin\healthy_skin\roboflow__lumpy-skin-disease-detection__Normal_Skin_621_png.rf.042a032ca39a7266d9ec94d092828793.jpg,C:\Users\ashis\Desktop\ScanAI\dataset_manager\clean\skin\healthy_skin\roboflow__lumpy-skin-disease-detection__Normal_Skin_685_png.rf.7634df0f7bfc37a23ff114788ffeb8d4.jpg,0
C:\Users\ashis\Desktop\ScanAI\dataset_manager\clean\skin\healthy_skin\roboflow__lumpy-skin-disease-detection__Normal_Skin_628_png.rf.03fe2334f7136028f5bbea57c571cf29.jpg,C:\Users\ashis\Desktop\ScanAI\dataset_manager\clean\skin\healthy_skin\roboflow__lumpy-skin-disease-detection__Normal_Skin_74_png.rf.cb8ac75ba9dcf209a77214fe11151704.jpg,0
C:\Users\ashis\Desktop\ScanAI\dataset_manager\clean\skin\healthy_skin\roboflow__lumpy-skin-disease-detection__Normal_Skin_630_png.rf.156012869be8ca68cb51e97d0ca887ab.jpg,C:\Users\ashis\Desktop\ScanAI\dataset_manager\clean\skin\healthy_skin\roboflow__lumpy-skin-disease-detection__Normal_Skin_698_png.rf.34ebf09c09c5913f01a3ebdf1a2745dc.jpg,2
C:\Users\ashis\Desktop\ScanAI\dataset_manager\clean\skin\healthy_skin\roboflow__lumpy-skin-disease-detection__Normal_Skin_632_png.rf.646c223bfd310a4b3e182bf0cf45a43a.jpg,C:\Users\ashis\Desktop\ScanAI\dataset_manager\clean\skin\healthy_skin\roboflow__lumpy-skin-disease-detection__Normal_Skin_707_png.rf.4e6dd4210b06f135c464c30f0f1e11b3.jpg,0
C:\Users\ashis\Desktop\ScanAI\dataset_manager\clean\skin\healthy_skin\roboflow__lumpy-skin-disease-detection__Normal_Skin_677_-10-_png.rf.05112dea5954373890feeaff53cd5223.jpg,C:\Users\ashis\Desktop\ScanAI\dataset_manager\clean\skin\healthy_skin\roboflow__lumpy-skin-disease-detection__Normal_Skin_677_-6-_png.rf.3ff9a941d46362bfe860fb1bc725efea.jpg,2
C:\Users\ashis\Desktop\ScanAI\dataset_manager\clean\skin\healthy_skin\roboflow__lumpy-skin-disease-detection__Normal_Skin_677_-10-_png.rf.05112dea5954373890feeaff53cd5223.jpg,C:\Users\ashis\Desktop\ScanAI\dataset_manager\clean\skin\healthy_skin\roboflow__lumpy-skin-disease-detection__Normal_Skin_677_-8-_png.rf.ad83654b6831c335e538ccad97723613.jpg,2
C:\Users\ashis\Desktop\ScanAI\dataset_manager\clean\skin\healthy_skin\roboflow__lumpy-skin-disease-detection__Normal_Skin_677_-10-_png.rf.05112dea5954373890feeaff53cd5223.jpg,C:\Users\ashis\Desktop\ScanAI\dataset_manager\clean\skin\healthy_skin\roboflow__lumpy-skin-disease-detection__Normal_Skin_677_-9-_png.rf.994f6d5e264e5f63078fdfb17e887ad0.jpg,2
C:\Users\ashis\Desktop\ScanAI\dataset_manager\clean\skin\healthy_skin\roboflow__lumpy-skin-disease-detection__Normal_Skin_677_-6-_png.rf.3ff9a941d46362bfe860fb1bc725efea.jpg,C:\Users\ashis\Desktop\ScanAI\dataset_manager\clean\skin\healthy_skin\roboflow__lumpy-skin-disease-detection__Normal_Skin_677_-8-_png.rf.ad83654b6831c335e538ccad97723613.jpg,0
C:\Users\ashis\Desktop\ScanAI\dataset_manager\clean\skin\healthy_skin\roboflow__lumpy-skin-disease-detection__Normal_Skin_677_-6-_png.rf.3ff9a941d46362bfe860fb1bc725efea.jpg,C:\Users\ashis\Desktop\ScanAI\dataset_manager\clean\skin\healthy_skin\roboflow__lumpy-skin-disease-detection__Normal_Skin_677_-9-_png.rf.994f6d5e264e5f63078fdfb17e887ad0.jpg,0
C:\Users\ashis\Desktop\ScanAI\dataset_manager\clean\skin\healthy_skin\roboflow__lumpy-skin-disease-detection__Normal_Skin_677_-8-_png.rf.ad83654b6831c335e538ccad97723613.jpg,C:\Users\ashis\Desktop\ScanAI\dataset_manager\clean\skin\healthy_skin\roboflow__lumpy-skin-disease-detection__Normal_Skin_677_-9-_png.rf.994f6d5e264e5f63078fdfb17e887ad0.jpg,0
C:\Users\ashis\Desktop\ScanAI\dataset_manager\clean\skin\healthy_skin\roboflow__lumpy-skin-disease-detection__Normal_Skin_91_png.rf.2f861689447741130feecdc4e42250a0.jpg,C:\Users\ashis\Desktop\ScanAI\dataset_manager\clean\skin\lumpy_skin_disease\kaggle__devang03mgr__cattle-diseases-datasets__img1010.jpg,2
C:\Users\ashis\Desktop\ScanAI\dataset_manager\clean\skin\hotspot\kaggle__smadive__pet-disease-images__Image_1.jpg,C:\Users\ashis\Desktop\ScanAI\dataset_manager\clean\skin\hotspot\roboflow__dog-and-cat-skin-disease-identification-2__preprocessed_HOTSPOT_054_jpg.rf.82f36fe6239ddc8f769797e0e50f967a.jpg,0
C:\Users\ashis\Desktop\ScanAI\dataset_manager\clean\skin\hotspot\kaggle__smadive__pet-disease-images__Image_1.jpg,C:\Users\ashis\Desktop\ScanAI\dataset_manager\clean\skin\pyoderma\roboflow__dog-and-cat-skin-disease-identification-2__bacterial_107_jpg.rf.4ae7233b686a981a1b54d6cd3443c47b.jpg,0
C:\Users\ashis\Desktop\ScanAI\dataset_manager\clean\skin\hotspot\kaggle__smadive__pet-disease-images__Image_1.jpg,C:\Users\ashis\Desktop\ScanAI\dataset_manager\clean\skin\pyoderma\roboflow__dog-and-cat-skin-disease-identification-2__bacterial_319_jpg.rf.e7b42842c690310105f5bb8ebf5b520c.jpg,0
C:\Users\ashis\Desktop\ScanAI\dataset_manager\clean\skin\hotspot\kaggle__smadive__pet-disease-images__Image_12.jpg,C:\Users\ashis\Desktop\ScanAI\dataset_manager\clean\skin\hotspot\kaggle__smadive__pet-disease-images__Image_41.jpg,0
C:\Users\ashis\Desktop\ScanAI\dataset_manager\clean\skin\hotspot\kaggle__smadive__pet-disease-images__Image_19.jpg,C:\Users\ashis\Desktop\ScanAI\dataset_manager\clean\skin\hotspot\roboflow__dog-and-cat-skin-disease-identification-2__1000010710_x16_jpg.rf.1d1fe1d9e6a9fc0c818c24ba26f51f67.jpg,2
C:\Users\ashis\Desktop\ScanAI\dataset_manager\clean\skin\hotspot\kaggle__smadive__pet-disease-images__Image_19.jpg,C:\Users\ashis\Desktop\ScanAI\dataset_manager\clean\skin\hotspot\roboflow__dog-and-cat-skin-disease-identification-2__1000010710_x16_jpg.rf.65768f183867df7f075f5433f130116c.jpg,4
C:\Users\ashis\Desktop\ScanAI\dataset_manager\clean\skin\hotspot\kaggle__smadive__pet-disease-images__Image_19.jpg,C:\Users\ashis\Desktop\ScanAI\dataset_manager\clean\skin\hotspot\roboflow__dog-and-cat-skin-disease-identification-2__Copy-of-hot_sp_8_jpg.rf.e966cc1b3dd1aad3a43065303844aad6.jpg,0
C:\Users\ashis\Desktop\ScanAI\dataset_manager\clean\skin\hotspot\kaggle__smadive__pet-disease-images__Image_19.jpg,C:\Users\ashis\Desktop\ScanAI\dataset_manager\clean\skin\hotspot\roboflow__dog-and-cat-skin-disease-identification-2__hotspot-25-_jpg.rf.2ae66f488acffc474de53a2dab0cc489.jpg,0
C:\Users\ashis\Desktop\ScanAI\dataset_manager\clean\skin\hotspot\kaggle__smadive__pet-disease-images__Image_19.jpg,C:\Users\ashis\Desktop\ScanAI\dataset_manager\clean\skin\hotspot\roboflow__dog-and-cat-skin-disease-identification-2__hotspot-25-_jpg.rf.4cda0984359147a57d3f4836179d1c32.jpg,0
C:\Users\ashis\Desktop\ScanAI\dataset_manager\clean\skin\hotspot\kaggle__smadive__pet-disease-images__Image_19.jpg,C:\Users\ashis\Desktop\ScanAI\dataset_manager\clean\skin\hotspot\roboflow__dog-and-cat-skin-disease-identification-2__hotspot-25-_jpg.rf.d5b175eaccd38d7933b25d7f6e0e75a9.jpg,0
C:\Users\ashis\Desktop\ScanAI\dataset_manager\clean\skin\hotspot\kaggle__smadive__pet-disease-images__Image_19.jpg,C:\Users\ashis\Desktop\ScanAI\dataset_manager\clean\skin\hotspot\roboflow__dog-and-cat-skin-disease-identification-2__preprocessed_HOTSPOT_015_jpg.rf.7d9ea7a3dc56b13e8db8948c5d8339f9.jpg,0
C:\Users\ashis\Desktop\ScanAI\dataset_manager\clean\skin\hotspot\kaggle__smadive__pet-disease-images__Image_19.jpg,C:\Users\ashis\Desktop\ScanAI\dataset_manager\clean\skin\pyoderma\roboflow__dog-and-cat-skin-disease-identification-2__bacterial_183_jpg.rf.e2b9d2a0036b2a6b49b992f0c897d54c.jpg,0
C:\Users\ashis\Desktop\ScanAI\dataset_manager\clean\skin\hotspot\kaggle__smadive__pet-disease-images__Image_19.jpg,C:\Users\ashis\Desktop\ScanAI\dataset_manager\clean\skin\pyoderma\roboflow__dog-and-cat-skin-disease-identification-2__bacterial_264_jpg.rf.c03d878e2530aec9ada052f8268a3f65.jpg,0
C:\Users\ashis\Desktop\ScanAI\dataset_manager\clean\skin\hotspot\kaggle__smadive__pet-disease-images__Image_19.jpg,C:\Users\ashis\Desktop\ScanAI\dataset_manager\clean\skin\pyoderma\roboflow__dog-and-cat-skin-disease-identification-2__bacterial_derm_34_jpg.rf.3b10703a9ba597586cab6cd3a1c1f62d.jpg,0
C:\Users\ashis\Desktop\ScanAI\dataset_manager\clean\skin\hotspot\kaggle__smadive__pet-disease-images__Image_2.jpeg,C:\Users\ashis\Desktop\ScanAI\dataset_manager\clean\skin\hotspot\kaggle__smadive__pet-disease-images__Image_3.jpeg,0
C:\Users\ashis\Desktop\ScanAI\dataset_manager\clean\skin\hotspot\kaggle__smadive__pet-disease-images__Image_2.jpeg,C:\Users\ashis\Desktop\ScanAI\dataset_manager\clean\skin\hotspot\roboflow__dog-and-cat-skin-disease-identification-2__preprocessed_HOTSPOT_005_jpg.rf.e241a90ae111702d64f4d291112ef38d.jpg,0
C:\Users\ashis\Desktop\ScanAI\dataset_manager\clean\skin\hotspot\kaggle__smadive__pet-disease-images__Image_2.jpeg,C:\Users\ashis\Desktop\ScanAI\dataset_manager\clean\skin\pyoderma\roboflow__dog-and-cat-skin-disease-identification-2__bacterial_250_jpg.rf.8a9cad2ca872eadd13127fb9df5853b3.jpg,0
C:\Users\ashis\Desktop\ScanAI\dataset_manager\clean\skin\hotspot\kaggle__smadive__pet-disease-images__Image_2.jpeg,C:\Users\ashis\Desktop\ScanAI\dataset_manager\clean\skin\pyoderma\roboflow__dog-and-cat-skin-disease-identification-2__bacterial_84_jpg.rf.81fdad1509b15d94f738e98bc045a727.jpg,0
C:\Users\ashis\Desktop\ScanAI\dataset_manager\clean\skin\hotspot\kaggle__smadive__pet-disease-images__Image_2.jpg,C:\Users\ashis\Desktop\ScanAI\dataset_manager\clean\skin\hotspot\kaggle__smadive__pet-disease-images__Image_3.jpg,0
C:\Users\ashis\Desktop\ScanAI\dataset_manager\clean\skin\hotspot\kaggle__smadive__pet-disease-images__Image_22.jpg,C:\Users\ashis\Desktop\ScanAI\dataset_manager\clean\skin\hotspot\roboflow__dog-and-cat-skin-disease-identification-2__preprocessed_HOTSPOT_042_jpg.rf.a97bec42f39ed1b5ba1c4463b690e5f2.jpg,0
C:\Users\ashis\Desktop\ScanAI\dataset_manager\clean\skin\hotspot\kaggle__smadive__pet-disease-images__Image_22.jpg,C:\Users\ashis\Desktop\ScanAI\dataset_manager\clean\skin\pyoderma\roboflow__dog-and-cat-skin-disease-identification-2__bacterial_295_jpg.rf.b19b9fd3497e8e2f68e1976bd100eb43.jpg,0
C:\Users\ashis\Desktop\ScanAI\dataset_manager\clean\skin\hotspot\kaggle__smadive__pet-disease-images__Image_23.jpg,C:\Users\ashis\Desktop\ScanAI\dataset_manager\clean\skin\hotspot\kaggle__smadive__pet-disease-images__Image_24.jpg,0
C:\Users\ashis\Desktop\ScanAI\dataset_manager\clean\skin\hotspot\kaggle__smadive__pet-disease-images__Image_23.jpg,C:\Users\ashis\Desktop\ScanAI\dataset_manager\clean\skin\hotspot\roboflow__dog-and-cat-skin-disease-identification-2__Copy-of-hot_sp_15_jpg.rf.fe6d6fa651755d365e939c5d2421379e.jpg,0
C:\Users\ashis\Desktop\ScanAI\dataset_manager\clean\skin\hotspot\kaggle__smadive__pet-disease-images__Image_23.jpg,C:\Users\ashis\Desktop\ScanAI\dataset_manager\clean\skin\hotspot\roboflow__dog-and-cat-skin-disease-identification-2__hotspot-47-_jpg.rf.6961245de094876c8a413f0d3483dc2d.jpg,2
C:\Users\ashis\Desktop\ScanAI\dataset_manager\clean\skin\hotspot\kaggle__smadive__pet-disease-images__Image_23.jpg,C:\Users\ashis\Desktop\ScanAI\dataset_manager\clean\skin\hotspot\roboflow__dog-and-cat-skin-disease-identification-2__hotspot-47-_jpg.rf.d65fc25ea0282914d23e7f145ccfa937.jpg,0
C:\Users\ashis\Desktop\ScanAI\dataset_manager\clean\skin\hotspot\kaggle__smadive__pet-disease-images__Image_23.jpg,C:\Users\ashis\Desktop\ScanAI\dataset_manager\clean\skin\hotspot\roboflow__dog-and-cat-skin-disease-identification-2__preprocessed_HOTSPOT_023_jpg.rf.921adc5a7dd697558c1ab2d0c365dd27.jpg,0
C:\Users\ashis\Desktop\ScanAI\dataset_manager\clean\skin\hotspot\kaggle__smadive__pet-disease-images__Image_23.jpg,C:\Users\ashis\Desktop\ScanAI\dataset_manager\clean\skin\pyoderma\roboflow__dog-and-cat-skin-disease-identification-2__bacterial_201_jpg.rf.3686cf8b50c71aa45129e35037e63e24.jpg,0
C:\Users\ashis\Desktop\ScanAI\dataset_manager\clean\skin\hotspot\kaggle__smadive__pet-disease-images__Image_23.jpg,C:\Users\ashis\Desktop\ScanAI\dataset_manager\clean\skin\pyoderma\roboflow__dog-and-cat-skin-disease-identification-2__bacterial_derm_40_jpg.rf.c04deea24736306bb60efc5294cbb470.jpg,2
C:\Users\ashis\Desktop\ScanAI\dataset_manager\clean\skin\hotspot\kaggle__smadive__pet-disease-images__Image_24.jpg,C:\Users\ashis\Desktop\ScanAI\dataset_manager\clean\skin\hotspot\roboflow__dog-and-cat-skin-disease-identification-2__Copy-of-hot_sp_15_jpg.rf.fe6d6fa651755d365e939c5d2421379e.jpg,0
C:\Users\ashis\Desktop\ScanAI\dataset_manager\clean\skin\hotspot\kaggle__smadive__pet-disease-images__Image_24.jpg,C:\Users\ashis\Desktop\ScanAI\dataset_manager\clean\skin\hotspot\roboflow__dog-and-cat-skin-disease-identification-2__hotspot-47-_jpg.rf.6961245de094876c8a413f0d3483dc2d.jpg,2
C:\Users\ashis\Desktop\ScanAI\dataset_manager\clean\skin\hotspot\kaggle__smadive__pet-disease-images__Image_24.jpg,C:\Users\ashis\Desktop\ScanAI\dataset_manager\clean\skin\hotspot\roboflow__dog-and-cat-skin-disease-identification-2__hotspot-47-_jpg.rf.d65fc25ea0282914d23e7f145ccfa937.jpg,0
C:\Users\ashis\Desktop\ScanAI\dataset_manager\clean\skin\hotspot\kaggle__smadive__pet-disease-images__Image_24.jpg,C:\Users\ashis\Desktop\ScanAI\dataset_manager\clean\skin\hotspot\roboflow__dog-and-cat-skin-disease-identification-2__preprocessed_HOTSPOT_023_jpg.rf.921adc5a7dd697558c1ab2d0c365dd27.jpg,0
C:\Users\ashis\Desktop\ScanAI\dataset_manager\clean\skin\hotspot\kaggle__smadive__pet-disease-images__Image_24.jpg,C:\Users\ashis\Desktop\ScanAI\dataset_manager\clean\skin\pyoderma\roboflow__dog-and-cat-skin-disease-identification-2__bacterial_201_jpg.rf.3686cf8b50c71aa45129e35037e63e24.jpg,0
C:\Users\ashis\Desktop\ScanAI\dataset_manager\clean\skin\hotspot\kaggle__smadive__pet-disease-images__Image_24.jpg,C:\Users\ashis\Desktop\ScanAI\dataset_manager\clean\skin\pyoderma\roboflow__dog-and-cat-skin-disease-identification-2__bacterial_derm_40_jpg.rf.c04deea24736306bb60efc5294cbb470.jpg,2
C:\Users\ashis\Desktop\ScanAI\dataset_manager\clean\skin\hotspot\kaggle__smadive__pet-disease-images__Image_29.jpg,C:\Users\ashis\Desktop\ScanAI\dataset_manager\clean\skin\hotspot\kaggle__smadive__pet-disease-images__Image_71.jpg,0
C:\Users\ashis\Desktop\ScanAI\dataset_manager\clean\skin\hotspot\kaggle__smadive__pet-disease-images__Image_3.jpeg,C:\Users\ashis\Desktop\ScanAI\dataset_manager\clean\skin\hotspot\roboflow__dog-and-cat-skin-disease-identification-2__preprocessed_HOTSPOT_005_jpg.rf.e241a90ae111702d64f4d291112ef38d.jpg,0
C:\Users\ashis\Desktop\ScanAI\dataset_manager\clean\skin\hotspot\kaggle__smadive__pet-disease-images__Image_3.jpeg,C:\Users\ashis\Desktop\ScanAI\dataset_manager\clean\skin\pyoderma\roboflow__dog-and-cat-skin-disease-identification-2__bacterial_250_jpg.rf.8a9cad2ca872eadd13127fb9df5853b3.jpg,0
C:\Users\ashis\Desktop\ScanAI\dataset_manager\clean\skin\hotspot\kaggle__smadive__pet-disease-images__Image_3.jpeg,C:\Users\ashis\Desktop\ScanAI\dataset_manager\clean\skin\pyoderma\roboflow__dog-and-cat-skin-disease-identification-2__bacterial_84_jpg.rf.81fdad1509b15d94f738e98bc045a727.jpg,0
C:\Users\ashis\Desktop\ScanAI\dataset_manager\clean\skin\hotspot\kaggle__smadive__pet-disease-images__Image_31.jpg,C:\Users\ashis\Desktop\ScanAI\dataset_manager\clean\skin\hotspot\kaggle__smadive__pet-disease-images__Image_37.jpg,0
C:\Users\ashis\Desktop\ScanAI\dataset_manager\clean\skin\hotspot\kaggle__smadive__pet-disease-images__Image_36.jpg,C:\Users\ashis\Desktop\ScanAI\dataset_manager\clean\skin\hotspot\roboflow__dog-and-cat-skin-disease-identification-2__preprocessed_HOTSPOT_008_jpg.rf.e60ca0ec2b450068c473c4c026efd72d.jpg,0
C:\Users\ashis\Desktop\ScanAI\dataset_manager\clean\skin\hotspot\kaggle__smadive__pet-disease-images__Image_36.jpg,C:\Users\ashis\Desktop\ScanAI\dataset_manager\clean\skin\pyoderma\roboflow__dog-and-cat-skin-disease-identification-2__bacterial_255_jpg.rf.a85467a7fd1871861a6daf9c2f36cdd0.jpg,0
C:\Users\ashis\Desktop\ScanAI\dataset_manager\clean\skin\hotspot\kaggle__smadive__pet-disease-images__Image_4.jpg,C:\Users\ashis\Desktop\ScanAI\dataset_manager\clean\skin\hotspot\kaggle__smadive__pet-disease-images__Image_5.jpg,0
C:\Users\ashis\Desktop\ScanAI\dataset_manager\clean\skin\hotspot\kaggle__smadive__pet-disease-images__Image_45.jpg,C:\Users\ashis\Desktop\ScanAI\dataset_manager\clean\skin\hotspot\kaggle__smadive__pet-disease-images__Image_47.jpg,0
C:\Users\ashis\Desktop\ScanAI\dataset_manager\clean\skin\hotspot\kaggle__smadive__pet-disease-images__Image_46.jpg,C:\Users\ashis\Desktop\ScanAI\dataset_manager\clean\skin\hotspot\roboflow__dog-and-cat-skin-disease-identification-2__Copy-of-hot_sp_26_jpg.rf.92cfb6cec3ab48ab193f2f53421db1ab.jpg,0
C:\Users\ashis\Desktop\ScanAI\dataset_manager\clean\skin\hotspot\kaggle__smadive__pet-disease-images__Image_46.jpg,C:\Users\ashis\Desktop\ScanAI\dataset_manager\clean\skin\hotspot\roboflow__dog-and-cat-skin-disease-identification-2__hotspot-80-_jpg.rf.28b8a712ce547334053f08c5b5b4aa4b.jpg,0
C:\Users\ashis\Desktop\ScanAI\dataset_manager\clean\skin\hotspot\kaggle__smadive__pet-disease-images__Image_46.jpg,C:\Users\ashis\Desktop\ScanAI\dataset_manager\clean\skin\hotspot\roboflow__dog-and-cat-skin-disease-identification-2__hotspot-80-_jpg.rf.96fe1b1581a2f1228785432aea953316.jpg,0
C:\Users\ashis\Desktop\ScanAI\dataset_manager\clean\skin\hotspot\kaggle__smadive__pet-disease-images__Image_46.jpg,C:\Users\ashis\Desktop\ScanAI\dataset_manager\clean\skin\hotspot\roboflow__dog-and-cat-skin-disease-identification-2__preprocessed_HOTSPOT_034_jpg.rf.a3dbe086b33eec6abeaefd38fc47d9c8.jpg,0
C:\Users\ashis\Desktop\ScanAI\dataset_manager\clean\skin\hotspot\kaggle__smadive__pet-disease-images__Image_46.jpg,C:\Users\ashis\Desktop\ScanAI\dataset_manager\clean\skin\pyoderma\roboflow__dog-and-cat-skin-disease-identification-2__bacterial_221_jpg.rf.f901ae30b5a61d369030bfad728e1867.jpg,0
C:\Users\ashis\Desktop\ScanAI\dataset_manager\clean\skin\hotspot\kaggle__smadive__pet-disease-images__Image_46.jpg,C:\Users\ashis\Desktop\ScanAI\dataset_manager\clean\skin\pyoderma\roboflow__dog-and-cat-skin-disease-identification-2__bacterial_281_jpg.rf.536616657ebcf1b1568b264868d961ac.jpg,0
C:\Users\ashis\Desktop\ScanAI\dataset_manager\clean\skin\hotspot\kaggle__smadive__pet-disease-images__Image_46.jpg,C:\Users\ashis\Desktop\ScanAI\dataset_manager\clean\skin\pyoderma\roboflow__dog-and-cat-skin-disease-identification-2__bacterial_95_jpg.rf.dab6587ab1689a4643efecc89fc6593c.jpg,0
C:\Users\ashis\Desktop\ScanAI\dataset_manager\clean\skin\hotspot\kaggle__smadive__pet-disease-images__Image_47.png,C:\Users\ashis\Desktop\ScanAI\dataset_manager\clean\skin\hotspot\kaggle__smadive__pet-disease-images__Image_49.png,0
C:\Users\ashis\Desktop\ScanAI\dataset_manager\clean\skin\hotspot\kaggle__smadive__pet-disease-images__Image_5.png,C:\Users\ashis\Desktop\ScanAI\dataset_manager\clean\skin\hotspot\kaggle__smadive__pet-disease-images__Image_6.png,0
C:\Users\ashis\Desktop\ScanAI\dataset_manager\clean\skin\hotspot\kaggle__smadive__pet-disease-images__Image_5.png,C:\Users\ashis\Desktop\ScanAI\dataset_manager\clean\skin\hotspot\roboflow__dog-and-cat-skin-disease-identification-2__Copy-of-hot_sp_10_jpg.rf.ee93a906995931617aa16a6e788f7bd9.jpg,0
C:\Users\ashis\Desktop\ScanAI\dataset_manager\clean\skin\hotspot\kaggle__smadive__pet-disease-images__Image_5.png,C:\Users\ashis\Desktop\ScanAI\dataset_manager\clean\skin\hotspot\roboflow__dog-and-cat-skin-disease-identification-2__hotspot-33-_jpg.rf.99628479b153ac26ae60e4679bff8ee8.jpg,0
C:\Users\ashis\Desktop\ScanAI\dataset_manager\clean\skin\hotspot\kaggle__smadive__pet-disease-images__Image_5.png,C:\Users\ashis\Desktop\ScanAI\dataset_manager\clean\skin\hotspot\roboflow__dog-and-cat-skin-disease-identification-2__hotspot-33-_jpg.rf.b49bb693c81196aa66f56ef36a656eeb.jpg,0
C:\Users\ashis\Desktop\ScanAI\dataset_manager\clean\skin\hotspot\kaggle__smadive__pet-disease-images__Image_5.png,C:\Users\ashis\Desktop\ScanAI\dataset_manager\clean\skin\hotspot\roboflow__dog-and-cat-skin-disease-identification-2__preprocessed_HOTSPOT_017_jpg.rf.de8013f0c3b7d195d4ebeb39bf41716f.jpg,0
C:\Users\ashis\Desktop\ScanAI\dataset_manager\clean\skin\hotspot\kaggle__smadive__pet-disease-images__Image_5.png,C:\Users\ashis\Desktop\ScanAI\dataset_manager\clean\skin\pyoderma\roboflow__dog-and-cat-skin-disease-identification-2__bacterial_189_jpg.rf.e112d9b29eaf8f5d90a3d4e4169eddaa.jpg,0
C:\Users\ashis\Desktop\ScanAI\dataset_manager\clean\skin\hotspot\kaggle__smadive__pet-disease-images__Image_54.jpg,C:\Users\ashis\Desktop\ScanAI\dataset_manager\clean\skin\hotspot\kaggle__smadive__pet-disease-images__Image_9.jpg,0
C:\Users\ashis\Desktop\ScanAI\dataset_manager\clean\skin\hotspot\kaggle__smadive__pet-disease-images__Image_55.jpg,C:\Users\ashis\Desktop\ScanAI\dataset_manager\clean\skin\hotspot\roboflow__dog-and-cat-skin-disease-identification-2__Copy-of-hot_sp_1_jpg.rf.1dccbb352198e45d3df57492cbc54373.jpg,4
C:\Users\ashis\Desktop\ScanAI\dataset_manager\clean\skin\hotspot\kaggle__smadive__pet-disease-images__Image_55.jpg,C:\Users\ashis\Desktop\ScanAI\dataset_manager\clean\skin\hotspot\roboflow__dog-and-cat-skin-disease-identification-2__hotspot-4-_jpg.rf.71bb0bee52521807995a97e9163f82ec.jpg,4
C:\Users\ashis\Desktop\ScanAI\dataset_manager\clean\skin\hotspot\kaggle__smadive__pet-disease-images__Image_55.jpg,C:\Users\ashis\Desktop\ScanAI\dataset_manager\clean\skin\hotspot\roboflow__dog-and-cat-skin-disease-identification-2__hotspot-4-_jpg.rf.81df36746b702d8e5f2d6496647eed65.jpg,4
C:\Users\ashis\Desktop\ScanAI\dataset_manager\clean\skin\hotspot\kaggle__smadive__pet-disease-images__Image_55.jpg,C:\Users\ashis\Desktop\ScanAI\dataset_manager\clean\skin\hotspot\roboflow__dog-and-cat-skin-disease-identification-2__hotspot-4-_jpg.rf.f01f4ce4f1d0cfe84ff939a575f7d44d.jpg,4
C:\Users\ashis\Desktop\ScanAI\dataset_manager\clean\skin\hotspot\kaggle__smadive__pet-disease-images__Image_55.jpg,C:\Users\ashis\Desktop\ScanAI\dataset_manager\clean\skin\hotspot\roboflow__dog-and-cat-skin-disease-identification-2__preprocessed_HOTSPOT_020_jpg.rf.037603b141d81e40ff1b86f8ff43d66b.jpg,4
C:\Users\ashis\Desktop\ScanAI\dataset_manager\clean\skin\hotspot\kaggle__smadive__pet-disease-images__Image_6.png,C:\Users\ashis\Desktop\ScanAI\dataset_manager\clean\skin\hotspot\roboflow__dog-and-cat-skin-disease-identification-2__Copy-of-hot_sp_10_jpg.rf.ee93a906995931617aa16a6e788f7bd9.jpg,0
C:\Users\ashis\Desktop\ScanAI\dataset_manager\clean\skin\hotspot\kaggle__smadive__pet-disease-images__Image_6.png,C:\Users\ashis\Desktop\ScanAI\dataset_manager\clean\skin\hotspot\roboflow__dog-and-cat-skin-disease-identification-2__hotspot-33-_jpg.rf.99628479b153ac26ae60e4679bff8ee8.jpg,0
C:\Users\ashis\Desktop\ScanAI\dataset_manager\clean\skin\hotspot\kaggle__smadive__pet-disease-images__Image_6.png,C:\Users\ashis\Desktop\ScanAI\dataset_manager\clean\skin\hotspot\roboflow__dog-and-cat-skin-disease-identification-2__hotspot-33-_jpg.rf.b49bb693c81196aa66f56ef36a656eeb.jpg,0
C:\Users\ashis\Desktop\ScanAI\dataset_manager\clean\skin\hotspot\kaggle__smadive__pet-disease-images__Image_6.png,C:\Users\ashis\Desktop\ScanAI\dataset_manager\clean\skin\hotspot\roboflow__dog-and-cat-skin-disease-identification-2__preprocessed_HOTSPOT_017_jpg.rf.de8013f0c3b7d195d4ebeb39bf41716f.jpg,0
C:\Users\ashis\Desktop\ScanAI\dataset_manager\clean\skin\hotspot\kaggle__smadive__pet-disease-images__Image_6.png,C:\Users\ashis\Desktop\ScanAI\dataset_manager\clean\skin\pyoderma\roboflow__dog-and-cat-skin-disease-identification-2__bacterial_189_jpg.rf.e112d9b29eaf8f5d90a3d4e4169eddaa.jpg,0
C:\Users\ashis\Desktop\ScanAI\dataset_manager\clean\skin\hotspot\roboflow__dog-and-cat-skin-disease-identification-2__1000010518_x4_jpg.rf.f194c165726a1304c3fb77234c387c9d.jpg,C:\Users\ashis\Desktop\ScanAI\dataset_manager\clean\skin\hotspot\roboflow__dog-and-cat-skin-disease-identification-2__1000_F_266925987_GoNkiLNIUXfRzYXf96Ngo00leArxL72S_jpg.rf.aa6246b2eab547410b6ea78562d8e40e.jpg,0
C:\Users\ashis\Desktop\ScanAI\dataset_manager\clean\skin\hotspot\roboflow__dog-and-cat-skin-disease-identification-2__1000010543_x16_jpg.rf.f7d63215d858101f5b0d71a6e3665b2c.jpg,C:\Users\ashis\Desktop\ScanAI\dataset_manager\clean\skin\hotspot\roboflow__dog-and-cat-skin-disease-identification-2__1000010781_x16_jpg.rf.5a29be3dc8dacb70c187c8ce8293d828.jpg,2
C:\Users\ashis\Desktop\ScanAI\dataset_manager\clean\skin\hotspot\roboflow__dog-and-cat-skin-disease-identification-2__1000010551_x16_jpg.rf.a931512fb906f114e9d056fde6c1f288.jpg,C:\Users\ashis\Desktop\ScanAI\dataset_manager\clean\skin\ringworm\roboflow__dog-and-cat-skin-disease-identification-2__1000010551_x16_jpg.rf.0961d1aacc38157ef7dfd9875cd42b86.jpg,0
C:\Users\ashis\Desktop\ScanAI\dataset_manager\clean\skin\hotspot\roboflow__dog-and-cat-skin-disease-identification-2__1000010607_x4_jpg.rf.d67c2b8f7158861c98fe0f558bcccc40.jpg,C:\Users\ashis\Desktop\ScanAI\dataset_manager\clean\skin\ringworm\roboflow__dog-and-cat-skin-disease-identification-2__1000010607_x4_jpg.rf.345ec52d6dbe169da039bd6d3ca92624.jpg,0
C:\Users\ashis\Desktop\ScanAI\dataset_manager\clean\skin\hotspot\roboflow__dog-and-cat-skin-disease-identification-2__1000010634_x4_jpg.rf.265bfaab697a8e201d9db692d65b1959.jpg,C:\Users\ashis\Desktop\ScanAI\dataset_manager\clean\skin\hotspot\roboflow__dog-and-cat-skin-disease-identification-2__1000010634_x4_jpg.rf.35a11d1dd83da6dbc69976db8549da70.jpg,2
C:\Users\ashis\Desktop\ScanAI\dataset_manager\clean\skin\hotspot\roboflow__dog-and-cat-skin-disease-identification-2__1000010646_x16_jpg.rf.0113cee13f8546b4e07fa40d3acd7652.jpg,C:\Users\ashis\Desktop\ScanAI\dataset_manager\clean\skin\hotspot\roboflow__dog-and-cat-skin-disease-identification-2__1000010646_x16_jpg.rf.de9e51d79fc564752612a2284cc940ba.jpg,2
C:\Users\ashis\Desktop\ScanAI\dataset_manager\clean\skin\hotspot\roboflow__dog-and-cat-skin-disease-identification-2__1000010646_x16_jpg.rf.0113cee13f8546b4e07fa40d3acd7652.jpg,C:\Users\ashis\Desktop\ScanAI\dataset_manager\clean\skin\hotspot\roboflow__dog-and-cat-skin-disease-identification-2__Copy-of-hot_sp_3_jpg.rf.d78d503d31956f9793bd4d72bce6e84c.jpg,2
C:\Users\ashis\Desktop\ScanAI\dataset_manager\clean\skin\hotspot\roboflow__dog-and-cat-skin-disease-identification-2__1000010646_x16_jpg.rf.0113cee13f8546b4e07fa40d3acd7652.jpg,C:\Users\ashis\Desktop\ScanAI\dataset_manager\clean\skin\hotspot\roboflow__dog-and-cat-skin-disease-identification-2__hotspot-11-_jpg.rf.170c1f5c9cda1f371bb6a522b6001555.jpg,2
C:\Users\ashis\Desktop\ScanAI\dataset_manager\clean\skin\hotspot\roboflow__dog-and-cat-skin-disease-identification-2__1000010646_x16_jpg.rf.0113cee13f8546b4e07fa40d3acd7652.jpg,C:\Users\ashis\Desktop\ScanAI\dataset_manager\clean\skin\hotspot\roboflow__dog-and-cat-skin-disease-identification-2__hotspot-11-_jpg.rf.20a7fee55df3ed1b0d90ca1e2fa66010.jpg,2
C:\Users\ashis\Desktop\ScanAI\dataset_manager\clean\skin\hotspot\roboflow__dog-and-cat-skin-disease-identification-2__1000010646_x16_jpg.rf.0113cee13f8546b4e07fa40d3acd7652.jpg,C:\Users\ashis\Desktop\ScanAI\dataset_manager\clean\skin\hotspot\roboflow__dog-and-cat-skin-disease-identification-2__hotspot-11-_jpg.rf.750bb014eca4f7ca1928539618f49c07.jpg,2
C:\Users\ashis\Desktop\ScanAI\dataset_manager\clean\skin\hotspot\roboflow__dog-and-cat-skin-disease-identification-2__1000010646_x16_jpg.rf.0113cee13f8546b4e07fa40d3acd7652.jpg,C:\Users\ashis\Desktop\ScanAI\dataset_manager\clean\skin\hotspot\roboflow__dog-and-cat-skin-disease-identification-2__preprocessed_HOTSPOT_045_jpg.rf.4e08a0fea328757d1d4205af9c488146.jpg,2
C:\Users\ashis\Desktop\ScanAI\dataset_manager\clean\skin\hotspot\roboflow__dog-and-cat-skin-disease-identification-2__1000010646_x16_jpg.rf.0113cee13f8546b4e07fa40d3acd7652.jpg,C:\Users\ashis\Desktop\ScanAI\dataset_manager\clean\skin\pyoderma\roboflow__dog-and-cat-skin-disease-identification-2__bacterial_306_jpg.rf.7280c5be620a8ba3e66e6ddead863dc2.jpg,2
C:\Users\ashis\Desktop\ScanAI\dataset_manager\clean\skin\hotspot\roboflow__dog-and-cat-skin-disease-identification-2__1000010646_x16_jpg.rf.0113cee13f8546b4e07fa40d3acd7652.jpg,C:\Users\ashis\Desktop\ScanAI\dataset_manager\clean\skin\pyoderma\roboflow__dog-and-cat-skin-disease-identification-2__bacterial_97_jpg.rf.8dd4ce84c5264431ec20510fdec8ad50.jpg,2
C:\Users\ashis\Desktop\ScanAI\dataset_manager\clean\skin\hotspot\roboflow__dog-and-cat-skin-disease-identification-2__1000010646_x16_jpg.rf.0113cee13f8546b4e07fa40d3acd7652.jpg,C:\Users\ashis\Desktop\ScanAI\dataset_manager\clean\skin\pyoderma\roboflow__dog-and-cat-skin-disease-identification-2__bacterial_derm_6_jpg.rf.81ea9d919ce5f608f3070a879fdd34c1.jpg,2
C:\Users\ashis\Desktop\ScanAI\dataset_manager\clean\skin\hotspot\roboflow__dog-and-cat-skin-disease-identification-2__1000010646_x16_jpg.rf.de9e51d79fc564752612a2284cc940ba.jpg,C:\Users\ashis\Desktop\ScanAI\dataset_manager\clean\skin\hotspot\roboflow__dog-and-cat-skin-disease-identification-2__Copy-of-hot_sp_3_jpg.rf.d78d503d31956f9793bd4d72bce6e84c.jpg,0
C:\Users\ashis\Desktop\ScanAI\dataset_manager\clean\skin\hotspot\roboflow__dog-and-cat-skin-disease-identification-2__1000010646_x16_jpg.rf.de9e51d79fc564752612a2284cc940ba.jpg,C:\Users\ashis\Desktop\ScanAI\dataset_manager\clean\skin\hotspot\roboflow__dog-and-cat-skin-disease-identification-2__hotspot-11-_jpg.rf.170c1f5c9cda1f371bb6a522b6001555.jpg,0
C:\Users\ashis\Desktop\ScanAI\dataset_manager\clean\skin\hotspot\roboflow__dog-and-cat-skin-disease-identification-2__1000010646_x16_jpg.rf.de9e51d79fc564752612a2284cc940ba.jpg,C:\Users\ashis\Desktop\ScanAI\dataset_manager\clean\skin\hotspot\roboflow__dog-and-cat-skin-disease-identification-2__hotspot-11-_jpg.rf.20a7fee55df3ed1b0d90ca1e2fa66010.jpg,0
C:\Users\ashis\Desktop\ScanAI\dataset_manager\clean\skin\hotspot\roboflow__dog-and-cat-skin-disease-identification-2__1000010646_x16_jpg.rf.de9e51d79fc564752612a2284cc940ba.jpg,C:\Users\ashis\Desktop\ScanAI\dataset_manager\clean\skin\hotspot\roboflow__dog-and-cat-skin-disease-identification-2__hotspot-11-_jpg.rf.750bb014eca4f7ca1928539618f49c07.jpg,0
C:\Users\ashis\Desktop\ScanAI\dataset_manager\clean\skin\hotspot\roboflow__dog-and-cat-skin-disease-identification-2__1000010646_x16_jpg.rf.de9e51d79fc564752612a2284cc940ba.jpg,C:\Users\ashis\Desktop\ScanAI\dataset_manager\clean\skin\hotspot\roboflow__dog-and-cat-skin-disease-identification-2__preprocessed_HOTSPOT_045_jpg.rf.4e08a0fea328757d1d4205af9c488146.jpg,0
C:\Users\ashis\Desktop\ScanAI\dataset_manager\clean\skin\hotspot\roboflow__dog-and-cat-skin-disease-identification-2__1000010646_x16_jpg.rf.de9e51d79fc564752612a2284cc940ba.jpg,C:\Users\ashis\Desktop\ScanAI\dataset_manager\clean\skin\pyoderma\roboflow__dog-and-cat-skin-disease-identification-2__bacterial_306_jpg.rf.7280c5be620a8ba3e66e6ddead863dc2.jpg,0
C:\Users\ashis\Desktop\ScanAI\dataset_manager\clean\skin\hotspot\roboflow__dog-and-cat-skin-disease-identification-2__1000010646_x16_jpg.rf.de9e51d79fc564752612a2284cc940ba.jpg,C:\Users\ashis\Desktop\ScanAI\dataset_manager\clean\skin\pyoderma\roboflow__dog-and-cat-skin-disease-identification-2__bacterial_97_jpg.rf.8dd4ce84c5264431ec20510fdec8ad50.jpg,0
C:\Users\ashis\Desktop\ScanAI\dataset_manager\clean\skin\hotspot\roboflow__dog-and-cat-skin-disease-identification-2__1000010646_x16_jpg.rf.de9e51d79fc564752612a2284cc940ba.jpg,C:\Users\ashis\Desktop\ScanAI\dataset_manager\clean\skin\pyoderma\roboflow__dog-and-cat-skin-disease-identification-2__bacterial_derm_6_jpg.rf.81ea9d919ce5f608f3070a879fdd34c1.jpg,0
C:\Users\ashis\Desktop\ScanAI\dataset_manager\clean\skin\hotspot\roboflow__dog-and-cat-skin-disease-identification-2__1000010710_x16_jpg.rf.1d1fe1d9e6a9fc0c818c24ba26f51f67.jpg,C:\Users\ashis\Desktop\ScanAI\dataset_manager\clean\skin\hotspot\roboflow__dog-and-cat-skin-disease-identification-2__1000010710_x16_jpg.rf.65768f183867df7f075f5433f130116c.jpg,2
C:\Users\ashis\Desktop\ScanAI\dataset_manager\clean\skin\hotspot\roboflow__dog-and-cat-skin-disease-identification-2__1000010710_x16_jpg.rf.1d1fe1d9e6a9fc0c818c24ba26f51f67.jpg,C:\Users\ashis\Desktop\ScanAI\dataset_manager\clean\skin\hotspot\roboflow__dog-and-cat-skin-disease-identification-2__Copy-of-hot_sp_8_jpg.rf.e966cc1b3dd1aad3a43065303844aad6.jpg,2
C:\Users\ashis\Desktop\ScanAI\dataset_manager\clean\skin\hotspot\roboflow__dog-and-cat-skin-disease-identification-2__1000010710_x16_jpg.rf.1d1fe1d9e6a9fc0c818c24ba26f51f67.jpg,C:\Users\ashis\Desktop\ScanAI\dataset_manager\clean\skin\hotspot\roboflow__dog-and-cat-skin-disease-identification-2__hotspot-25-_jpg.rf.2ae66f488acffc474de53a2dab0cc489.jpg,2
C:\Users\ashis\Desktop\ScanAI\dataset_manager\clean\skin\hotspot\roboflow__dog-and-cat-skin-disease-identification-2__1000010710_x16_jpg.rf.1d1fe1d9e6a9fc0c818c24ba26f51f67.jpg,C:\Users\ashis\Desktop\ScanAI\dataset_manager\clean\skin\hotspot\roboflow__dog-and-cat-skin-disease-identification-2__hotspot-25-_jpg.rf.4cda0984359147a57d3f4836179d1c32.jpg,2
C:\Users\ashis\Desktop\ScanAI\dataset_manager\clean\skin\hotspot\roboflow__dog-and-cat-skin-disease-identification-2__1000010710_x16_jpg.rf.1d1fe1d9e6a9fc0c818c24ba26f51f67.jpg,C:\Users\ashis\Desktop\ScanAI\dataset_manager\clean\skin\hotspot\roboflow__dog-and-cat-skin-disease-identification-2__hotspot-25-_jpg.rf.d5b175eaccd38d7933b25d7f6e0e75a9.jpg,2
C:\Users\ashis\Desktop\ScanAI\dataset_manager\clean\skin\hotspot\roboflow__dog-and-cat-skin-disease-identification-2__1000010710_x16_jpg.rf.1d1fe1d9e6a9fc0c818c24ba26f51f67.jpg,C:\Users\ashis\Desktop\ScanAI\dataset_manager\clean\skin\hotspot\roboflow__dog-and-cat-skin-disease-identification-2__preprocessed_HOTSPOT_015_jpg.rf.7d9ea7a3dc56b13e8db8948c5d8339f9.jpg,2
C:\Users\ashis\Desktop\ScanAI\dataset_manager\clean\skin\hotspot\roboflow__dog-and-cat-skin-disease-identification-2__1000010710_x16_jpg.rf.1d1fe1d9e6a9fc0c818c24ba26f51f67.jpg,C:\Users\ashis\Desktop\ScanAI\dataset_manager\clean\skin\pyoderma\roboflow__dog-and-cat-skin-disease-identification-2__bacterial_183_jpg.rf.e2b9d2a0036b2a6b49b992f0c897d54c.jpg,2
C:\Users\ashis\Desktop\ScanAI\dataset_manager\clean\skin\hotspot\roboflow__dog-and-cat-skin-disease-identification-2__1000010710_x16_jpg.rf.1d1fe1d9e6a9fc0c818c24ba26f51f67.jpg,C:\Users\ashis\Desktop\ScanAI\dataset_manager\clean\skin\pyoderma\roboflow__dog-and-cat-skin-disease-identification-2__bacterial_264_jpg.rf.c03d878e2530aec9ada052f8268a3f65.jpg,2
C:\Users\ashis\Desktop\ScanAI\dataset_manager\clean\skin\hotspot\roboflow__dog-and-cat-skin-disease-identification-2__1000010710_x16_jpg.rf.1d1fe1d9e6a9fc0c818c24ba26f51f67.jpg,C:\Users\ashis\Desktop\ScanAI\dataset_manager\clean\skin\pyoderma\roboflow__dog-and-cat-skin-disease-identification-2__bacterial_derm_34_jpg.rf.3b10703a9ba597586cab6cd3a1c1f62d.jpg,2
C:\Users\ashis\Desktop\ScanAI\dataset_manager\clean\skin\hotspot\roboflow__dog-and-cat-skin-disease-identification-2__1000010710_x16_jpg.rf.65768f183867df7f075f5433f130116c.jpg,C:\Users\ashis\Desktop\ScanAI\dataset_manager\clean\skin\hotspot\roboflow__dog-and-cat-skin-disease-identification-2__Copy-of-hot_sp_8_jpg.rf.e966cc1b3dd1aad3a43065303844aad6.jpg,4
C:\Users\ashis\Desktop\ScanAI\dataset_manager\clean\skin\hotspot\roboflow__dog-and-cat-skin-disease-identification-2__1000010710_x16_jpg.rf.65768f183867df7f075f5433f130116c.jpg,C:\Users\ashis\Desktop\ScanAI\dataset_manager\clean\skin\hotspot\roboflow__dog-and-cat-skin-disease-identification-2__hotspot-25-_jpg.rf.2ae66f488acffc474de53a2dab0cc489.jpg,4
C:\Users\ashis\Desktop\ScanAI\dataset_manager\clean\skin\hotspot\roboflow__dog-and-cat-skin-disease-identification-2__1000010710_x16_jpg.rf.65768f183867df7f075f5433f130116c.jpg,C:\Users\ashis\Desktop\ScanAI\dataset_manager\clean\skin\hotspot\roboflow__dog-and-cat-skin-disease-identification-2__hotspot-25-_jpg.rf.4cda0984359147a57d3f4836179d1c32.jpg,4
C:\Users\ashis\Desktop\ScanAI\dataset_manager\clean\skin\hotspot\roboflow__dog-and-cat-skin-disease-identification-2__1000010710_x16_jpg.rf.65768f183867df7f075f5433f130116c.jpg,C:\Users\ashis\Desktop\ScanAI\dataset_manager\clean\skin\hotspot\roboflow__dog-and-cat-skin-disease-identification-2__hotspot-25-_jpg.rf.d5b175eaccd38d7933b25d7f6e0e75a9.jpg,4
C:\Users\ashis\Desktop\ScanAI\dataset_manager\clean\skin\hotspot\roboflow__dog-and-cat-skin-disease-identification-2__1000010710_x16_jpg.rf.65768f183867df7f075f5433f130116c.jpg,C:\Users\ashis\Desktop\ScanAI\dataset_manager\clean\skin\hotspot\roboflow__dog-and-cat-skin-disease-identification-2__preprocessed_HOTSPOT_015_jpg.rf.7d9ea7a3dc56b13e8db8948c5d8339f9.jpg,4
C:\Users\ashis\Desktop\ScanAI\dataset_manager\clean\skin\hotspot\roboflow__dog-and-cat-skin-disease-identification-2__1000010710_x16_jpg.rf.65768f183867df7f075f5433f130116c.jpg,C:\Users\ashis\Desktop\ScanAI\dataset_manager\clean\skin\pyoderma\roboflow__dog-and-cat-skin-disease-identification-2__bacterial_183_jpg.rf.e2b9d2a0036b2a6b49b992f0c897d54c.jpg,4
C:\Users\ashis\Desktop\ScanAI\dataset_manager\clean\skin\hotspot\roboflow__dog-and-cat-skin-disease-identification-2__1000010710_x16_jpg.rf.65768f183867df7f075f5433f130116c.jpg,C:\Users\ashis\Desktop\ScanAI\dataset_manager\clean\skin\pyoderma\roboflow__dog-and-cat-skin-disease-identification-2__bacterial_264_jpg.rf.c03d878e2530aec9ada052f8268a3f65.jpg,4
C:\Users\ashis\Desktop\ScanAI\dataset_manager\clean\skin\hotspot\roboflow__dog-and-cat-skin-disease-identification-2__1000010710_x16_jpg.rf.65768f183867df7f075f5433f130116c.jpg,C:\Users\ashis\Desktop\ScanAI\dataset_manager\clean\skin\pyoderma\roboflow__dog-and-cat-skin-disease-identification-2__bacterial_derm_34_jpg.rf.3b10703a9ba597586cab6cd3a1c1f62d.jpg,4
C:\Users\ashis\Desktop\ScanAI\dataset_manager\clean\skin\hotspot\roboflow__dog-and-cat-skin-disease-identification-2__1000010715_x16_jpg.rf.7c5e4445eac74c60bddfb29d3e9966ce.jpg,C:\Users\ashis\Desktop\ScanAI\dataset_manager\clean\skin\ringworm\roboflow__dog-and-cat-skin-disease-identification-2__1000010715_x16_jpg.rf.629b51ef2b7ee93b3ad24d76d8cdd581.jpg,0
C:\Users\ashis\Desktop\ScanAI\dataset_manager\clean\skin\hotspot\roboflow__dog-and-cat-skin-disease-identification-2__1000010751_x16_jpg.rf.e672d89c33de8fb567f30bc627513ec3.jpg,C:\Users\ashis\Desktop\ScanAI\dataset_manager\clean\skin\ringworm\roboflow__dog-and-cat-skin-disease-identification-2__1000010751_x16_jpg.rf.2068fe20eb774fc86ba30059a91b6add.jpg,0
C:\Users\ashis\Desktop\ScanAI\dataset_manager\clean\skin\hotspot\roboflow__dog-and-cat-skin-disease-identification-2__1000010765_x4_jpg.rf.2b501e280e44dc100481dde7781eb2ef.jpg,C:\Users\ashis\Desktop\ScanAI\dataset_manager\clean\skin\ringworm\roboflow__dog-and-cat-skin-disease-identification-2__1000010765_x4_jpg.rf.b4f35fb9405e39b9e93e6d2d26d19f1d.jpg,0
C:\Users\ashis\Desktop\ScanAI\dataset_manager\clean\skin\hotspot\roboflow__dog-and-cat-skin-disease-identification-2__1000010769_x16_jpg.rf.879d818dd5f5352b66e75c28b9053c51.jpg,C:\Users\ashis\Desktop\ScanAI\dataset_manager\clean\skin\hotspot\roboflow__dog-and-cat-skin-disease-identification-2__Copy-of-hot_sp_6_jpg.rf.c0e1a505ac30d57c8793e97cb3164d2c.jpg,2
C:\Users\ashis\Desktop\ScanAI\dataset_manager\clean\skin\hotspot\roboflow__dog-and-cat-skin-disease-identification-2__1000010769_x16_jpg.rf.879d818dd5f5352b66e75c28b9053c51.jpg,C:\Users\ashis\Desktop\ScanAI\dataset_manager\clean\skin\hotspot\roboflow__dog-and-cat-skin-disease-identification-2__hotspot-19-_jpg.rf.3412a2f0c6c8a20e4b0aac2e6a83ac3b.jpg,2
C:\Users\ashis\Desktop\ScanAI\dataset_manager\clean\skin\hotspot\roboflow__dog-and-cat-skin-disease-identification-2__1000010769_x16_jpg.rf.879d818dd5f5352b66e75c28b9053c51.jpg,C:\Users\ashis\Desktop\ScanAI\dataset_manager\clean\skin\hotspot\roboflow__dog-and-cat-skin-disease-identification-2__hotspot-19-_jpg.rf.6904753875a7a945532c0b10b39d2d58.jpg,2
C:\Users\ashis\Desktop\ScanAI\dataset_manager\clean\skin\hotspot\roboflow__dog-and-cat-skin-disease-identification-2__1000010769_x16_jpg.rf.879d818dd5f5352b66e75c28b9053c51.jpg,C:\Users\ashis\Desktop\ScanAI\dataset_manager\clean\skin\hotspot\roboflow__dog-and-cat-skin-disease-identification-2__hotspot-24-_jpg.rf.72c7354b789cf1de9f17fafef1271aa4.jpg,2
C:\Users\ashis\Desktop\ScanAI\dataset_manager\clean\skin\hotspot\roboflow__dog-and-cat-skin-disease-identification-2__1000010769_x16_jpg.rf.879d818dd5f5352b66e75c28b9053c51.jpg,C:\Users\ashis\Desktop\ScanAI\dataset_manager\clean\skin\hotspot\roboflow__dog-and-cat-skin-disease-identification-2__preprocessed_HOTSPOT_013_jpg.rf.bbf6786b0432b36c8b699e2ece3a2955.jpg,2
C:\Users\ashis\Desktop\ScanAI\dataset_manager\clean\skin\hotspot\roboflow__dog-and-cat-skin-disease-identification-2__1000011978_x4_jpg.rf.ff8dba5389f666ab4bebeade3c769af4.jpg,C:\Users\ashis\Desktop\ScanAI\dataset_manager\clean\skin\hotspot\roboflow__dog-and-cat-skin-disease-identification-2__Copy-of-hot_sp_23_jpg.rf.c9deb31be574731ad296f9c585788714.jpg,2
C:\Users\ashis\Desktop\ScanAI\dataset_manager\clean\skin\hotspot\roboflow__dog-and-cat-skin-disease-identification-2__1000011978_x4_jpg.rf.ff8dba5389f666ab4bebeade3c769af4.jpg,C:\Users\ashis\Desktop\ScanAI\dataset_manager\clean\skin\hotspot\roboflow__dog-and-cat-skin-disease-identification-2__hotspot-72-_jpg.rf.145a1b4ba135389137aa37cc90a7c292.jpg,2
C:\Users\ashis\Desktop\ScanAI\dataset_manager\clean\skin\hotspot\roboflow__dog-and-cat-skin-disease-identification-2__1000011978_x4_jpg.rf.ff8dba5389f666ab4bebeade3c769af4.jpg,C:\Users\ashis\Desktop\ScanAI\dataset_manager\clean\skin\hotspot\roboflow__dog-and-cat-skin-disease-identification-2__hotspot-72-_jpg.rf.84a862baee72f8ea41fae153286b6121.jpg,2
C:\Users\ashis\Desktop\ScanAI\dataset_manager\clean\skin\hotspot\roboflow__dog-and-cat-skin-disease-identification-2__1000011978_x4_jpg.rf.ff8dba5389f666ab4bebeade3c769af4.jpg,C:\Users\ashis\Desktop\ScanAI\dataset_manager\clean\skin\hotspot\roboflow__dog-and-cat-skin-disease-identification-2__hotspot-72-_jpg.rf.991f04a67368992e30d1a232bebf61a7.jpg,2
C:\Users\ashis\Desktop\ScanAI\dataset_manager\clean\skin\hotspot\roboflow__dog-and-cat-skin-disease-identification-2__1000011978_x4_jpg.rf.ff8dba5389f666ab4bebeade3c769af4.jpg,C:\Users\ashis\Desktop\ScanAI\dataset_manager\clean\skin\hotspot\roboflow__dog-and-cat-skin-disease-identification-2__preprocessed_HOTSPOT_031_jpg.rf.63b1178e97d851288615071ac41634df.jpg,2
C:\Users\ashis\Desktop\ScanAI\dataset_manager\clean\skin\hotspot\roboflow__dog-and-cat-skin-disease-identification-2__296327617_10223333354745759_96123069612573010_n_jpg.rf.46dfa54c6568ebd22ad9b62bf23913d9.jpg,C:\Users\ashis\Desktop\ScanAI\dataset_manager\clean\skin\ringworm\roboflow__dog-and-cat-skin-disease-identification-2__296327617_10223333354745759_96123069612573010_n_jpg.rf.b2aaceaf4780d91f4507af3bbb6debf8.jpg,0
C:\Users\ashis\Desktop\ScanAI\dataset_manager\clean\skin\hotspot\roboflow__dog-and-cat-skin-disease-identification-2__50_jpg.rf.229b1d72dda32421a91d830fa1a179cf.jpg,C:\Users\ashis\Desktop\ScanAI\dataset_manager\clean\skin\hotspot\roboflow__dog-and-cat-skin-disease-identification-2__50_jpg.rf.5bdda940c20dc484438f27565d0c3109.jpg,4
C:\Users\ashis\Desktop\ScanAI\dataset_manager\clean\skin\hotspot\roboflow__dog-and-cat-skin-disease-identification-2__56_jpg.rf.7f11b10fc98e2e7acc47e437cddcc773.jpg,C:\Users\ashis\Desktop\ScanAI\dataset_manager\clean\skin\pyoderma\roboflow__dog-and-cat-skin-disease-identification-2__56_jpg.rf.ab88dce56bdbb7d425788fc5cd85c41e.jpg,0
C:\Users\ashis\Desktop\ScanAI\dataset_manager\clean\skin\hotspot\roboflow__dog-and-cat-skin-disease-identification-2__752_jpg.rf.0896bdd5ca65d1bd915aed14ee6f39c6.jpg,C:\Users\ashis\Desktop\ScanAI\dataset_manager\clean\skin\pyoderma\roboflow__dog-and-cat-skin-disease-identification-2__752_jpg.rf.80b69e7579b00fb504fc1b2ba32ea050.jpg,4
C:\Users\ashis\Desktop\ScanAI\dataset_manager\clean\skin\hotspot\roboflow__dog-and-cat-skin-disease-identification-2__89_jpg.rf.5c3f8ea446deea5b5d9f4398f60f452a.jpg,C:\Users\ashis\Desktop\ScanAI\dataset_manager\clean\skin\pyoderma\roboflow__dog-and-cat-skin-disease-identification-2__89_jpg.rf.f63fba7a31af16699e6e0ffad8ea612d.jpg,2
C:\Users\ashis\Desktop\ScanAI\dataset_manager\clean\skin\hotspot\roboflow__dog-and-cat-skin-disease-identification-2__acral_lick_dermatitis_4935_7_600_jpg.rf.53c21eba3dfdae56a8a48f1a8507e40d.jpg,C:\Users\ashis\Desktop\ScanAI\dataset_manager\clean\skin\pyoderma\roboflow__dog-and-cat-skin-disease-identification-2__acral_lick_dermatitis_4935_7_600_jpg.rf.18f24c7aeee4bf22c8c9f4b0a5fc1b8e.jpg,2
C:\Users\ashis\Desktop\ScanAI\dataset_manager\clean\skin\hotspot\roboflow__dog-and-cat-skin-disease-identification-2__acute_moist_dermatitis_4935_8_600_jpg.rf.4cbe8aea6b6d22021405051a3b790dcd.jpg,C:\Users\ashis\Desktop\ScanAI\dataset_manager\clean\skin\pyoderma\roboflow__dog-and-cat-skin-disease-identification-2__acute_moist_dermatitis_4935_8_600_jpg.rf.90d082da16fa902e33bfa6d96b6e9fe0.jpg,0
C:\Users\ashis\Desktop\ScanAI\dataset_manager\clean\skin\hotspot\roboflow__dog-and-cat-skin-disease-identification-2__acute_moist_dermatitis_4935_8_600_jpg.rf.4cbe8aea6b6d22021405051a3b790dcd.jpg,C:\Users\ashis\Desktop\ScanAI\dataset_manager\clean\skin\ringworm\roboflow__dog-and-cat-skin-disease-identification-2__1000010667_x16_jpg.rf.9195271765c116d6221eece5e8197f4e.jpg,2
C:\Users\ashis\Desktop\ScanAI\dataset_manager\clean\skin\hotspot\roboflow__dog-and-cat-skin-disease-identification-2__acute_moist_dermatitis_4935_8_600_jpg.rf.4cbe8aea6b6d22021405051a3b790dcd.jpg,C:\Users\ashis\Desktop\ScanAI\dataset_manager\clean\skin\ringworm\roboflow__dog-and-cat-skin-disease-identification-2__1000010667_x16_jpg.rf.b1012d066f1a3e5b4e66c05a7aec6fa4.jpg,4
C:\Users\ashis\Desktop\ScanAI\dataset_manager\clean\skin\hotspot\roboflow__dog-and-cat-skin-disease-identification-2__Atopic-dermatitis_Dog-chronic-lick-sore-on-leg_DermVets_jpg.rf.5d87a0d316d97ab822e60c9496d3e242.jpg,C:\Users\ashis\Desktop\ScanAI\dataset_manager\clean\skin\ringworm\roboflow__dog-and-cat-skin-disease-identification-2__Atopic-dermatitis_Dog-chronic-lick-sore-on-leg_DermVets_jpg.rf.0e12b87b420eff3df1842b5ed86addac.jpg,0
C:\Users\ashis\Desktop\ScanAI\dataset_manager\clean\skin\hotspot\roboflow__dog-and-cat-skin-disease-identification-2__atopic_dermatitis_4935_3_600_jpg.rf.11bf699c9c6b770f0bb274060a4c94aa.jpg,C:\Users\ashis\Desktop\ScanAI\dataset_manager\clean\skin\pyoderma\roboflow__dog-and-cat-skin-disease-identification-2__atopic_dermatitis_4935_3_600_jpg.rf.0e2c85acf9cb43f6e1f22e2f05c765b2.jpg,0
C:\Users\ashis\Desktop\ScanAI\dataset_manager\clean\skin\hotspot\roboflow__dog-and-cat-skin-disease-identification-2__atopic_dermatitis_in_cats_causes_symptoms_and_treatment_4206_webp_jpg.rf.c912316c7978a74bffd0b798c438f9f3.jpg,C:\Users\ashis\Desktop\ScanAI\dataset_manager\clean\skin\pyoderma\roboflow__dog-and-cat-skin-disease-identification-2__atopic_dermatitis_in_cats_causes_symptoms_and_treatment_4206_webp.rf.dc088c20131c51321c3dd5d82a48679e.jpg,0
C:\Users\ashis\Desktop\ScanAI\dataset_manager\clean\skin\hotspot\roboflow__dog-and-cat-skin-disease-identification-2__bac1_jpg.rf.1444c793e02faed8bcee52696dd53ee6.jpg,C:\Users\ashis\Desktop\ScanAI\dataset_manager\clean\skin\pyoderma\roboflow__dog-and-cat-skin-disease-identification-2__bac1_jpg.rf.575e298978d038c771ceef1a932448d0.jpg,0
C:\Users\ashis\Desktop\ScanAI\dataset_manager\clean\skin\hotspot\roboflow__dog-and-cat-skin-disease-identification-2__bac1_jpg.rf.1444c793e02faed8bcee52696dd53ee6.jpg,C:\Users\ashis\Desktop\ScanAI\dataset_manager\clean\skin\pyoderma\roboflow__dog-and-cat-skin-disease-identification-2__bacterial_derm_14_jpg.rf.ff6c1dbf0724288f86ee28154b103863.jpg,0
C:\Users\ashis\Desktop\ScanAI\dataset_manager\clean\skin\hotspot\roboflow__dog-and-cat-skin-disease-identification-2__bac2_jpg.rf.6b51158189695915f7d09239fd56fcc2.jpg,C:\Users\ashis\Desktop\ScanAI\dataset_manager\clean\skin\pyoderma\roboflow__dog-and-cat-skin-disease-identification-2__bac2_jpg.rf.c37aacd1d964b02ca5f4b60860fd89f0.jpg,0
C:\Users\ashis\Desktop\ScanAI\dataset_manager\clean\skin\hotspot\roboflow__dog-and-cat-skin-disease-identification-2__bac2_jpg.rf.6b51158189695915f7d09239fd56fcc2.jpg,C:\Users\ashis\Desktop\ScanAI\dataset_manager\clean\skin\pyoderma\roboflow__dog-and-cat-skin-disease-identification-2__bacterial_derm_17_jpg.rf.0dd3319c5a2e063fd49241e80d013af4.jpg,0
C:\Users\ashis\Desktop\ScanAI\dataset_manager\clean\skin\hotspot\roboflow__dog-and-cat-skin-disease-identification-2__bac2_jpg.rf.c797a451bd9660db45455eed6959f887.jpg,C:\Users\ashis\Desktop\ScanAI\dataset_manager\clean\skin\pyoderma\roboflow__dog-and-cat-skin-disease-identification-2__bac2_jpg.rf.b725ca7e7a7901ad23a83c22c1e7c131.jpg,0
C:\Users\ashis\Desktop\ScanAI\dataset_manager\clean\skin\hotspot\roboflow__dog-and-cat-skin-disease-identification-2__bac2_jpg.rf.c797a451bd9660db45455eed6959f887.jpg,C:\Users\ashis\Desktop\ScanAI\dataset_manager\clean\skin\pyoderma\roboflow__dog-and-cat-skin-disease-identification-2__bacterial_derm_16_jpg.rf.c3341e9ab3e9617ca7b0a29caf84308f.jpg,0
C:\Users\ashis\Desktop\ScanAI\dataset_manager\clean\skin\hotspot\roboflow__dog-and-cat-skin-disease-identification-2__bac3_jpg.rf.d0c908e043e0fd04d64142d6b23c96a5.jpg,C:\Users\ashis\Desktop\ScanAI\dataset_manager\clean\skin\pyoderma\roboflow__dog-and-cat-skin-disease-identification-2__bac3_jpg.rf.67842878bef3f6e6c5e220cd1d808e88.jpg,0
C:\Users\ashis\Desktop\ScanAI\dataset_manager\clean\skin\hotspot\roboflow__dog-and-cat-skin-disease-identification-2__bac3_jpg.rf.d0c908e043e0fd04d64142d6b23c96a5.jpg,C:\Users\ashis\Desktop\ScanAI\dataset_manager\clean\skin\pyoderma\roboflow__dog-and-cat-skin-disease-identification-2__bacterial_derm_20_jpg.rf.67870a08d3715c8bc92218860ca92c08.jpg,0
C:\Users\ashis\Desktop\ScanAI\dataset_manager\clean\skin\hotspot\roboflow__dog-and-cat-skin-disease-identification-2__bac4_png_jpg.rf.1e515c3bc2a4f475b8b590fd8595f925.jpg,C:\Users\ashis\Desktop\ScanAI\dataset_manager\clean\skin\pyoderma\roboflow__dog-and-cat-skin-disease-identification-2__bac4_png_jpg.rf.9eac1b0e1502d7695ce02f2f3ae4d719.jpg,0
C:\Users\ashis\Desktop\ScanAI\dataset_manager\clean\skin\hotspot\roboflow__dog-and-cat-skin-disease-identification-2__bac4_png_jpg.rf.1e515c3bc2a4f475b8b590fd8595f925.jpg,C:\Users\ashis\Desktop\ScanAI\dataset_manager\clean\skin\pyoderma\roboflow__dog-and-cat-skin-disease-identification-2__bacterial_1_jpg.rf.fe208a35a62108ad8e794f9cf82b23e4.jpg,0
C:\Users\ashis\Desktop\ScanAI\dataset_manager\clean\skin\hotspot\roboflow__dog-and-cat-skin-disease-identification-2__bac4_png_jpg.rf.354fc6a32b2abc4f684df21b0618bf50.jpg,C:\Users\ashis\Desktop\ScanAI\dataset_manager\clean\skin\pyoderma\roboflow__dog-and-cat-skin-disease-identification-2__bac4_png_jpg.rf.18662b04a8cd036bf89f4d5fb116bbe8.jpg,0
C:\Users\ashis\Desktop\ScanAI\dataset_manager\clean\skin\hotspot\roboflow__dog-and-cat-skin-disease-identification-2__bac4_png_jpg.rf.354fc6a32b2abc4f684df21b0618bf50.jpg,C:\Users\ashis\Desktop\ScanAI\dataset_manager\clean\skin\pyoderma\roboflow__dog-and-cat-skin-disease-identification-2__bacterial_derm_22_jpg.rf.93a81a3db658e0cfe2a69aacc7b01806.jpg,0
C:\Users\ashis\Desktop\ScanAI\dataset_manager\clean\skin\hotspot\roboflow__dog-and-cat-skin-disease-identification-2__bacc1_jpg.rf.fdd9ef5280617609f1d432338b931276.jpg,C:\Users\ashis\Desktop\ScanAI\dataset_manager\clean\skin\pyoderma\roboflow__dog-and-cat-skin-disease-identification-2__bacc1_jpg.rf.36c1ea616f5ac161ceb162c73be4cc3f.jpg,0
C:\Users\ashis\Desktop\ScanAI\dataset_manager\clean\skin\hotspot\roboflow__dog-and-cat-skin-disease-identification-2__bacc1_jpg.rf.fdd9ef5280617609f1d432338b931276.jpg,C:\Users\ashis\Desktop\ScanAI\dataset_manager\clean\skin\pyoderma\roboflow__dog-and-cat-skin-disease-identification-2__bacterial_5_jpg.rf.0c2ca6a814aeaf1394e05b35132fb6e2.jpg,0
C:\Users\ashis\Desktop\ScanAI\dataset_manager\clean\skin\hotspot\roboflow__dog-and-cat-skin-disease-identification-2__bacc2_jpg.rf.4ff1be143399e022b24defa3a6e0db8a.jpg,C:\Users\ashis\Desktop\ScanAI\dataset_manager\clean\skin\pyoderma\roboflow__dog-and-cat-skin-disease-identification-2__bacc2_jpg.rf.64e84193f6d9ebad3f6ab80926e1a7f2.jpg,0
C:\Users\ashis\Desktop\ScanAI\dataset_manager\clean\skin\hotspot\roboflow__dog-and-cat-skin-disease-identification-2__bacc2_jpg.rf.4ff1be143399e022b24defa3a6e0db8a.jpg,C:\Users\ashis\Desktop\ScanAI\dataset_manager\clean\skin\pyoderma\roboflow__dog-and-cat-skin-disease-identification-2__bacterial_8_jpg.rf.977adf3954893aa76cef86f6c69d3341.jpg,0
C:\Users\ashis\Desktop\ScanAI\dataset_manager\clean\skin\hotspot\roboflow__dog-and-cat-skin-disease-identification-2__bacc2_jpg.rf.ce89c1bb0e2d0692a794b3074c57e127.jpg,C:\Users\ashis\Desktop\ScanAI\dataset_manager\clean\skin\pyoderma\roboflow__dog-and-cat-skin-disease-identification-2__bacc2_jpg.rf.741dc02ffadb898f6040f0ddbd6142da.jpg,0
C:\Users\ashis\Desktop\ScanAI\dataset_manager\clean\skin\hotspot\roboflow__dog-and-cat-skin-disease-identification-2__bacc2_jpg.rf.ce89c1bb0e2d0692a794b3074c57e127.jpg,C:\Users\ashis\Desktop\ScanAI\dataset_manager\clean\skin\pyoderma\roboflow__dog-and-cat-skin-disease-identification-2__bacterial_7_jpg.rf.3a9fa8c518e7fa75cc3649f7b27d9109.jpg,0
C:\Users\ashis\Desktop\ScanAI\dataset_manager\clean\skin\hotspot\roboflow__dog-and-cat-skin-disease-identification-2__bacc3_jpg.rf.2e33885fb25bd55df0a31312b1217426.jpg,C:\Users\ashis\Desktop\ScanAI\dataset_manager\clean\skin\pyoderma\roboflow__dog-and-cat-skin-disease-identification-2__bacc3_jpg.rf.15d72d897c9233ce936ce8735184188a.jpg,0
C:\Users\ashis\Desktop\ScanAI\dataset_manager\clean\skin\hotspot\roboflow__dog-and-cat-skin-disease-identification-2__bacc3_jpg.rf.2e33885fb25bd55df0a31312b1217426.jpg,C:\Users\ashis\Desktop\ScanAI\dataset_manager\clean\skin\pyoderma\roboflow__dog-and-cat-skin-disease-identification-2__bacterial_11_jpg.rf.546495d3f73f9fd08c5cc3fe13706e9e.jpg,0
C:\Users\ashis\Desktop\ScanAI\dataset_manager\clean\skin\hotspot\roboflow__dog-and-cat-skin-disease-identification-2__bacc3_jpg.rf.d6c173ba28b66f5816664941b8a055e8.jpg,C:\Users\ashis\Desktop\ScanAI\dataset_manager\clean\skin\pyoderma\roboflow__dog-and-cat-skin-disease-identification-2__bacc3_jpg.rf.8f121a60cee86cc23fa4058ec3a53f65.jpg,0
C:\Users\ashis\Desktop\ScanAI\dataset_manager\clean\skin\hotspot\roboflow__dog-and-cat-skin-disease-identification-2__bacc3_jpg.rf.d6c173ba28b66f5816664941b8a055e8.jpg,C:\Users\ashis\Desktop\ScanAI\dataset_manager\clean\skin\pyoderma\roboflow__dog-and-cat-skin-disease-identification-2__bacterial_10_jpg.rf.d600b50de3d2781783f35e271ba293db.jpg,0
C:\Users\ashis\Desktop\ScanAI\dataset_manager\clean\skin\hotspot\roboflow__dog-and-cat-skin-disease-identification-2__Bacteria3_png_jpg.rf.b75cc9bac26c589e7f174cf9ed18337e.jpg,C:\Users\ashis\Desktop\ScanAI\dataset_manager\clean\skin\pyoderma\roboflow__dog-and-cat-skin-disease-identification-2__Bacteria3_png_jpg.rf.bfac712ef3f7d30f9207a8986c133087.jpg,0
C:\Users\ashis\Desktop\ScanAI\dataset_manager\clean\skin\hotspot\roboflow__dog-and-cat-skin-disease-identification-2__Bacteria3_png_jpg.rf.b75cc9bac26c589e7f174cf9ed18337e.jpg,C:\Users\ashis\Desktop\ScanAI\dataset_manager\clean\skin\pyoderma\roboflow__dog-and-cat-skin-disease-identification-2__bacterial_12_jpg.rf.b5d5c1e658e1aae44669aadde067722c.jpg,0
C:\Users\ashis\Desktop\ScanAI\dataset_manager\clean\skin\hotspot\roboflow__dog-and-cat-skin-disease-identification-2__Bacteria3_png_jpg.rf.f067c3e76f538f5f0538c970c6f19570.jpg,C:\Users\ashis\Desktop\ScanAI\dataset_manager\clean\skin\pyoderma\roboflow__dog-and-cat-skin-disease-identification-2__Bacteria3_png_jpg.rf.ba4ca1890f8a734b9f8c5ef6fc811908.jpg,0
C:\Users\ashis\Desktop\ScanAI\dataset_manager\clean\skin\hotspot\roboflow__dog-and-cat-skin-disease-identification-2__Bacteria3_png_jpg.rf.f067c3e76f538f5f0538c970c6f19570.jpg,C:\Users\ashis\Desktop\ScanAI\dataset_manager\clean\skin\pyoderma\roboflow__dog-and-cat-skin-disease-identification-2__bacterial_14_jpg.rf.9886e5ea87ed4a20eb7fe6367c378309.jpg,0
C:\Users\ashis\Desktop\ScanAI\dataset_manager\clean\skin\hotspot\roboflow__dog-and-cat-skin-disease-identification-2__bacterial-infection-pustules-ri-livinga-2-300x300_jpg.rf.080833be40bcf66e72df4374d90d52b4.jpg,C:\Users\ashis\Desktop\ScanAI\dataset_manager\clean\skin\pyoderma\roboflow__dog-and-cat-skin-disease-identification-2__bacterial-infection-pustules-ri-livinga-2-300x300_jpg.rf.a26d9452832d1275a0fa3506adc70ecd.jpg,0
C:\Users\ashis\Desktop\ScanAI\dataset_manager\clean\skin\hotspot\roboflow__dog-and-cat-skin-disease-identification-2__bacterial-infection-pustules-ri-livinga-2-300x300_jpg.rf.080833be40bcf66e72df4374d90d52b4.jpg,C:\Users\ashis\Desktop\ScanAI\dataset_manager\clean\skin\pyoderma\roboflow__dog-and-cat-skin-disease-identification-2__bacterial_110_jpg.rf.65756fbb091cdf99a07e7597e283266a.jpg,0
C:\Users\ashis\Desktop\ScanAI\dataset_manager\clean\skin\hotspot\roboflow__dog-and-cat-skin-disease-identification-2__bacterial-skin-infection-s_720250150_jpg.rf.b73f55eb4a258ea6ab796c92c775a996.jpg,C:\Users\ashis\Desktop\ScanAI\dataset_manager\clean\skin\pyoderma\roboflow__dog-and-cat-skin-disease-identification-2__bacterial-skin-infection-s_720250150_jpg.rf.a095ef576e6bdbedb7ecbcd15b9bccfc.jpg,0
C:\Users\ashis\Desktop\ScanAI\dataset_manager\clean\skin\hotspot\roboflow__dog-and-cat-skin-disease-identification-2__bacterial-skin-infection-s_720250150_jpg.rf.b73f55eb4a258ea6ab796c92c775a996.jpg,C:\Users\ashis\Desktop\ScanAI\dataset_manager\clean\skin\pyoderma\roboflow__dog-and-cat-skin-disease-identification-2__bacterial_111_jpg.rf.6a2fbfd935c4db21d7cdef2d2afb8656.jpg,0
C:\Users\ashis\Desktop\ScanAI\dataset_manager\clean\skin\hotspot\roboflow__dog-and-cat-skin-disease-identification-2__Bacterial1_png_jpg.rf.cdd49c636cc1c281d7c0f8b94740e00f.jpg,C:\Users\ashis\Desktop\ScanAI\dataset_manager\clean\skin\pyoderma\roboflow__dog-and-cat-skin-disease-identification-2__Bacterial1_png_jpg.rf.40c3ed8ca848f280aa0335959b453eb2.jpg,0
C:\Users\ashis\Desktop\ScanAI\dataset_manager\clean\skin\hotspot\roboflow__dog-and-cat-skin-disease-identification-2__Bacterial1_png_jpg.rf.cdd49c636cc1c281d7c0f8b94740e00f.jpg,C:\Users\ashis\Desktop\ScanAI\dataset_manager\clean\skin\pyoderma\roboflow__dog-and-cat-skin-disease-identification-2__bacterial_112_jpg.rf.fb3f35e9344efae79036641189aacade.jpg,0
C:\Users\ashis\Desktop\ScanAI\dataset_manager\clean\skin\hotspot\roboflow__dog-and-cat-skin-disease-identification-2__Bacterial1_png_jpg.rf.d8210805cca8e975e43e06b1efd32195.jpg,C:\Users\ashis\Desktop\ScanAI\dataset_manager\clean\skin\pyoderma\roboflow__dog-and-cat-skin-disease-identification-2__Bacterial1_png_jpg.rf.b13fc7b1c4914680ad8be670eaf9d565.jpg,0
C:\Users\ashis\Desktop\ScanAI\dataset_manager\clean\skin\hotspot\roboflow__dog-and-cat-skin-disease-identification-2__Bacterial1_png_jpg.rf.d8210805cca8e975e43e06b1efd32195.jpg,C:\Users\ashis\Desktop\ScanAI\dataset_manager\clean\skin\pyoderma\roboflow__dog-and-cat-skin-disease-identification-2__bacterial_113_jpg.rf.d79642afe5de14991ceaefc1bf946995.jpg,0
C:\Users\ashis\Desktop\ScanAI\dataset_manager\clean\skin\hotspot\roboflow__dog-and-cat-skin-disease-identification-2__bacterial_129_jpg.rf.bd091f46a59495c272ff92eb49a1a295.jpg,C:\Users\ashis\Desktop\ScanAI\dataset_manager\clean\skin\hotspot\roboflow__dog-and-cat-skin-disease-identification-2__Hot-Spot-on-_Chance_-How-to-treat-a-dog-that-you-can_t-touch_-000614_png_jpg.rf.908a6f442b37c455acbc60114670f902.jpg,4
C:\Users\ashis\Desktop\ScanAI\dataset_manager\clean\skin\hotspot\roboflow__dog-and-cat-skin-disease-identification-2__bacterial_129_jpg.rf.bd091f46a59495c272ff92eb49a1a295.jpg,C:\Users\ashis\Desktop\ScanAI\dataset_manager\clean\skin\pyoderma\roboflow__dog-and-cat-skin-disease-identification-2__bacterial_131_jpg.rf.99f614e7e189ea73a49b70f9732e699c.jpg,4
C:\Users\ashis\Desktop\ScanAI\dataset_manager\clean\skin\hotspot\roboflow__dog-and-cat-skin-disease-identification-2__bacterial_129_jpg.rf.bd091f46a59495c272ff92eb49a1a295.jpg,C:\Users\ashis\Desktop\ScanAI\dataset_manager\clean\skin\pyoderma\roboflow__dog-and-cat-skin-disease-identification-2__bacterial_135_jpg.rf.72c37a0bba990b46a8fe0612fb0b2fb1.jpg,4
C:\Users\ashis\Desktop\ScanAI\dataset_manager\clean\skin\hotspot\roboflow__dog-and-cat-skin-disease-identification-2__bacterial_140_jpg.rf.d4e28ffeaf0870c1138699d4b4e3cebe.jpg,C:\Users\ashis\Desktop\ScanAI\dataset_manager\clean\skin\hotspot\roboflow__dog-and-cat-skin-disease-identification-2__Hot-Spot-on-_Chance_-How-to-treat-a-dog-that-you-can_t-touch_-000614_png_jpg.rf.908a6f442b37c455acbc60114670f902.jpg,4
C:\Users\ashis\Desktop\ScanAI\dataset_manager\clean\skin\hotspot\roboflow__dog-and-cat-skin-disease-identification-2__bacterial_140_jpg.rf.d4e28ffeaf0870c1138699d4b4e3cebe.jpg,C:\Users\ashis\Desktop\ScanAI\dataset_manager\clean\skin\hotspot\roboflow__dog-and-cat-skin-disease-identification-2__Hot-Spot-on-_Chance_-How-to-treat-a-dog-that-you-can_t-touch_-000615_png_jpg.rf.182026cf60a090eb63e7fd6eb88ff87a.jpg,2
C:\Users\ashis\Desktop\ScanAI\dataset_manager\clean\skin\hotspot\roboflow__dog-and-cat-skin-disease-identification-2__bacterial_140_jpg.rf.d4e28ffeaf0870c1138699d4b4e3cebe.jpg,C:\Users\ashis\Desktop\ScanAI\dataset_manager\clean\skin\pyoderma\roboflow__dog-and-cat-skin-disease-identification-2__bacterial_135_jpg.rf.72c37a0bba990b46a8fe0612fb0b2fb1.jpg,4
C:\Users\ashis\Desktop\ScanAI\dataset_manager\clean\skin\hotspot\roboflow__dog-and-cat-skin-disease-identification-2__bacterial_140_jpg.rf.d4e28ffeaf0870c1138699d4b4e3cebe.jpg,C:\Users\ashis\Desktop\ScanAI\dataset_manager\clean\skin\pyoderma\roboflow__dog-and-cat-skin-disease-identification-2__bacterial_137_jpg.rf.81306bf80bec6424930a377c66e460a1.jpg,2
C:\Users\ashis\Desktop\ScanAI\dataset_manager\clean\skin\hotspot\roboflow__dog-and-cat-skin-disease-identification-2__bacterial_140_jpg.rf.d4e28ffeaf0870c1138699d4b4e3cebe.jpg,C:\Users\ashis\Desktop\ScanAI\dataset_manager\clean\skin\pyoderma\roboflow__dog-and-cat-skin-disease-identification-2__bacterial_139_jpg.rf.68ab5f98d6400ac458256a7f082f122e.jpg,4
C:\Users\ashis\Desktop\ScanAI\dataset_manager\clean\skin\hotspot\roboflow__dog-and-cat-skin-disease-identification-2__bacterial_182_jpg.rf.8ea807a5000bb0281415390d44fd1017.jpg,C:\Users\ashis\Desktop\ScanAI\dataset_manager\clean\skin\hotspot\roboflow__dog-and-cat-skin-disease-identification-2__Copy-of-hot_sp_7_jpg.rf.efe499b8920ae876023c23a6410a4cb6.jpg,0
C:\Users\ashis\Desktop\ScanAI\dataset_manager\clean\skin\hotspot\roboflow__dog-and-cat-skin-disease-identification-2__bacterial_182_jpg.rf.8ea807a5000bb0281415390d44fd1017.jpg,C:\Users\ashis\Desktop\ScanAI\dataset_manager\clean\skin\hotspot\roboflow__dog-and-cat-skin-disease-identification-2__hotspot-22-_jpg.rf.2a44f9d57241411b9d0e64cd89417036.jpg,2
C:\Users\ashis\Desktop\ScanAI\dataset_manager\clean\skin\hotspot\roboflow__dog-and-cat-skin-disease-identification-2__bacterial_182_jpg.rf.8ea807a5000bb0281415390d44fd1017.jpg,C:\Users\ashis\Desktop\ScanAI\dataset_manager\clean\skin\hotspot\roboflow__dog-and-cat-skin-disease-identification-2__preprocessed_HOTSPOT_014_jpg.rf.a3042156aea0930bb2ec59677c80d900.jpg,2
C:\Users\ashis\Desktop\ScanAI\dataset_manager\clean\skin\hotspot\roboflow__dog-and-cat-skin-disease-identification-2__Bacterial_1_png_jpg.rf.5116d319581a8faad96f395ea4a576d9.jpg,C:\Users\ashis\Desktop\ScanAI\dataset_manager\clean\skin\pyoderma\roboflow__dog-and-cat-skin-disease-identification-2__bacterial_19_jpg.rf.cc856d538df9ae586c202eea2e23605d.jpg,0
C:\Users\ashis\Desktop\ScanAI\dataset_manager\clean\skin\hotspot\roboflow__dog-and-cat-skin-disease-identification-2__Bacterial_1_png_jpg.rf.5116d319581a8faad96f395ea4a576d9.jpg,C:\Users\ashis\Desktop\ScanAI\dataset_manager\clean\skin\pyoderma\roboflow__dog-and-cat-skin-disease-identification-2__Bacterial_1_png_jpg.rf.7641b72684a216dc7dd96bbca5e0214d.jpg,0
C:\Users\ashis\Desktop\ScanAI\dataset_manager\clean\skin\hotspot\roboflow__dog-and-cat-skin-disease-identification-2__Bacterial_1_png_jpg.rf.70f26a05a6b2073bfca9a076dcb246c5.jpg,C:\Users\ashis\Desktop\ScanAI\dataset_manager\clean\skin\pyoderma\roboflow__dog-and-cat-skin-disease-identification-2__bacterial_18_jpg.rf.2930a827100b522f4e470f2745f2a79f.jpg,0
C:\Users\ashis\Desktop\ScanAI\dataset_manager\clean\skin\hotspot\roboflow__dog-and-cat-skin-disease-identification-2__Bacterial_1_png_jpg.rf.70f26a05a6b2073bfca9a076dcb246c5.jpg,C:\Users\ashis\Desktop\ScanAI\dataset_manager\clean\skin\pyoderma\roboflow__dog-and-cat-skin-disease-identification-2__Bacterial_1_png_jpg.rf.ac970d5a21c7e7c3251fbc93ad00e784.jpg,0
C:\Users\ashis\Desktop\ScanAI\dataset_manager\clean\skin\hotspot\roboflow__dog-and-cat-skin-disease-identification-2__Bacterial_2_jpg.rf.0f563cca59550340f1efb1bd56d2eb6a.jpg,C:\Users\ashis\Desktop\ScanAI\dataset_manager\clean\skin\pyoderma\roboflow__dog-and-cat-skin-disease-identification-2__bacterial_22_jpg.rf.54de1c2356264e47b3cf03b86e4ba434.jpg,0
C:\Users\ashis\Desktop\ScanAI\dataset_manager\clean\skin\hotspot\roboflow__dog-and-cat-skin-disease-identification-2__Bacterial_2_jpg.rf.0f563cca59550340f1efb1bd56d2eb6a.jpg,C:\Users\ashis\Desktop\ScanAI\dataset_manager\clean\skin\pyoderma\roboflow__dog-and-cat-skin-disease-identification-2__Bacterial_2_jpg.rf.815aae40bd47c422fd37b72c3ead3335.jpg,0
C:\Users\ashis\Desktop\ScanAI\dataset_manager\clean\skin\hotspot\roboflow__dog-and-cat-skin-disease-identification-2__Bacterial_2_jpg.rf.d3620d4a79334c0d7737dfa2b54a5637.jpg,C:\Users\ashis\Desktop\ScanAI\dataset_manager\clean\skin\pyoderma\roboflow__dog-and-cat-skin-disease-identification-2__bacterial_21_jpg.rf.23f6059fd5a508cb4f89884a7e54ebe2.jpg,0
C:\Users\ashis\Desktop\ScanAI\dataset_manager\clean\skin\hotspot\roboflow__dog-and-cat-skin-disease-identification-2__Bacterial_2_jpg.rf.d3620d4a79334c0d7737dfa2b54a5637.jpg,C:\Users\ashis\Desktop\ScanAI\dataset_manager\clean\skin\pyoderma\roboflow__dog-and-cat-skin-disease-identification-2__Bacterial_2_jpg.rf.d15dc496c7b0bd4819c40f356380c205.jpg,0
C:\Users\ashis\Desktop\ScanAI\dataset_manager\clean\skin\hotspot\roboflow__dog-and-cat-skin-disease-identification-2__bacterial_Image_1_jpg.rf.83f649b30323c027a4fd2741e692b18b.jpg,C:\Users\ashis\Desktop\ScanAI\dataset_manager\clean\skin\pyoderma\roboflow__dog-and-cat-skin-disease-identification-2__bacterial_25_jpg.rf.ef25ff827c4d1394d713e16b6b203fb2.jpg,0
C:\Users\ashis\Desktop\ScanAI\dataset_manager\clean\skin\hotspot\roboflow__dog-and-cat-skin-disease-identification-2__bacterial_Image_1_jpg.rf.83f649b30323c027a4fd2741e692b18b.jpg,C:\Users\ashis\Desktop\ScanAI\dataset_manager\clean\skin\pyoderma\roboflow__dog-and-cat-skin-disease-identification-2__bacterial_Image_1_jpg.rf.b52f09d31295a1995c894b0e47c5143a.jpg,0
C:\Users\ashis\Desktop\ScanAI\dataset_manager\clean\skin\hotspot\roboflow__dog-and-cat-skin-disease-identification-2__Bacterial_Image_2_jpg.rf.a59d9687a81c42b1f9c902eae65d10fe.jpg,C:\Users\ashis\Desktop\ScanAI\dataset_manager\clean\skin\pyoderma\roboflow__dog-and-cat-skin-disease-identification-2__bacterial5_jpg.rf.e52c2c4605d124ffa6d8848dd2e32357.jpg,0
C:\Users\ashis\Desktop\ScanAI\dataset_manager\clean\skin\hotspot\roboflow__dog-and-cat-skin-disease-identification-2__Bacterial_Image_2_jpg.rf.a59d9687a81c42b1f9c902eae65d10fe.jpg,C:\Users\ashis\Desktop\ScanAI\dataset_manager\clean\skin\pyoderma\roboflow__dog-and-cat-skin-disease-identification-2__bacterial_27_jpg.rf.b916afc2897574a6c79af44f0bf96ee1.jpg,0
C:\Users\ashis\Desktop\ScanAI\dataset_manager\clean\skin\hotspot\roboflow__dog-and-cat-skin-disease-identification-2__Bacterial_Image_2_jpg.rf.a59d9687a81c42b1f9c902eae65d10fe.jpg,C:\Users\ashis\Desktop\ScanAI\dataset_manager\clean\skin\pyoderma\roboflow__dog-and-cat-skin-disease-identification-2__bacterial_36_jpg.rf.da8a492d7cee177a964e7c7e37fbb93f.jpg,2
C:\Users\ashis\Desktop\ScanAI\dataset_manager\clean\skin\hotspot\roboflow__dog-and-cat-skin-disease-identification-2__Bacterial_Image_2_jpg.rf.a59d9687a81c42b1f9c902eae65d10fe.jpg,C:\Users\ashis\Desktop\ScanAI\dataset_manager\clean\skin\pyoderma\roboflow__dog-and-cat-skin-disease-identification-2__Bacterial_Image_2_jpg.rf.a3d5762b162de352c1f386ef303f0a6f.jpg,0
C:\Users\ashis\Desktop\ScanAI\dataset_manager\clean\skin\hotspot\roboflow__dog-and-cat-skin-disease-identification-2__bacterial_Image_3_jpg.rf.365ebb92a93edb8f322449d5f0b86b5b.jpg,C:\Users\ashis\Desktop\ScanAI\dataset_manager\clean\skin\pyoderma\roboflow__dog-and-cat-skin-disease-identification-2__bacterial_32_jpg.rf.f16274d9777794c7ab2fc2450b884dc1.jpg,0
C:\Users\ashis\Desktop\ScanAI\dataset_manager\clean\skin\hotspot\roboflow__dog-and-cat-skin-disease-identification-2__bacterial_Image_3_jpg.rf.365ebb92a93edb8f322449d5f0b86b5b.jpg,C:\Users\ashis\Desktop\ScanAI\dataset_manager\clean\skin\pyoderma\roboflow__dog-and-cat-skin-disease-identification-2__bacterial_Image_3_jpg.rf.e4f9f823eeadcdf3310a6470b819aa1e.jpg,0
C:\Users\ashis\Desktop\ScanAI\dataset_manager\clean\skin\hotspot\roboflow__dog-and-cat-skin-disease-identification-2__bacterial_Image_3_jpg.rf.8b33ee66b6578778437cc3b7f8cd2574.jpg,C:\Users\ashis\Desktop\ScanAI\dataset_manager\clean\skin\pyoderma\roboflow__dog-and-cat-skin-disease-identification-2__bac3_jpg.rf.8d93f661310f858b8fad87152cb71af7.jpg,0
C:\Users\ashis\Desktop\ScanAI\dataset_manager\clean\skin\hotspot\roboflow__dog-and-cat-skin-disease-identification-2__bacterial_Image_3_jpg.rf.8b33ee66b6578778437cc3b7f8cd2574.jpg,C:\Users\ashis\Desktop\ScanAI\dataset_manager\clean\skin\pyoderma\roboflow__dog-and-cat-skin-disease-identification-2__bacterial16_jpg.rf.e790121c5119c7477685ae50f3fd1a71.jpg,0
C:\Users\ashis\Desktop\ScanAI\dataset_manager\clean\skin\hotspot\roboflow__dog-and-cat-skin-disease-identification-2__bacterial_Image_3_jpg.rf.8b33ee66b6578778437cc3b7f8cd2574.jpg,C:\Users\ashis\Desktop\ScanAI\dataset_manager\clean\skin\pyoderma\roboflow__dog-and-cat-skin-disease-identification-2__bacterial_30_jpg.rf.eee94e958e8ce3e9bd14f36134b586f4.jpg,0
C:\Users\ashis\Desktop\ScanAI\dataset_manager\clean\skin\hotspot\roboflow__dog-and-cat-skin-disease-identification-2__bacterial_Image_3_jpg.rf.8b33ee66b6578778437cc3b7f8cd2574.jpg,C:\Users\ashis\Desktop\ScanAI\dataset_manager\clean\skin\pyoderma\roboflow__dog-and-cat-skin-disease-identification-2__bacterial_49_jpg.rf.16ebc2d160ea7194d5439b537c04c9bf.jpg,2
C:\Users\ashis\Desktop\ScanAI\dataset_manager\clean\skin\hotspot\roboflow__dog-and-cat-skin-disease-identification-2__bacterial_Image_3_jpg.rf.8b33ee66b6578778437cc3b7f8cd2574.jpg,C:\Users\ashis\Desktop\ScanAI\dataset_manager\clean\skin\pyoderma\roboflow__dog-and-cat-skin-disease-identification-2__bacterial_derm_21_jpg.rf.420b9b120b2ffd42ee76697fd5351ea4.jpg,0
C:\Users\ashis\Desktop\ScanAI\dataset_manager\clean\skin\hotspot\roboflow__dog-and-cat-skin-disease-identification-2__bacterial_Image_3_jpg.rf.8b33ee66b6578778437cc3b7f8cd2574.jpg,C:\Users\ashis\Desktop\ScanAI\dataset_manager\clean\skin\pyoderma\roboflow__dog-and-cat-skin-disease-identification-2__bacterial_Image_3_jpg.rf.e6e24751d4a2ffaaaf1fc292a8ed4aed.jpg,0
C:\Users\ashis\Desktop\ScanAI\dataset_manager\clean\skin\hotspot\roboflow__dog-and-cat-skin-disease-identification-2__bacterial_Image_3_jpg.rf.dee042819f186176e1f38e749ae2851f.jpg,C:\Users\ashis\Desktop\ScanAI\dataset_manager\clean\skin\pyoderma\roboflow__dog-and-cat-skin-disease-identification-2__bacterial_31_jpg.rf.5fbc5324a4bed617f91cbfc14b42e692.jpg,0
C:\Users\ashis\Desktop\ScanAI\dataset_manager\clean\skin\hotspot\roboflow__dog-and-cat-skin-disease-identification-2__bacterial_Image_3_jpg.rf.dee042819f186176e1f38e749ae2851f.jpg,C:\Users\ashis\Desktop\ScanAI\dataset_manager\clean\skin\pyoderma\roboflow__dog-and-cat-skin-disease-identification-2__bacterial_Image_3_jpg.rf.5688dfbec3d295955ece6b5f050bd67a.jpg,0
C:\Users\ashis\Desktop\ScanAI\dataset_manager\clean\skin\hotspot\roboflow__dog-and-cat-skin-disease-identification-2__bacterial_Image_4_jpg.rf.91fea8d85093f99f845b49f3c803c795.jpg,C:\Users\ashis\Desktop\ScanAI\dataset_manager\clean\skin\pyoderma\roboflow__dog-and-cat-skin-disease-identification-2__bacterial_34_jpg.rf.de785864aa32406ff1742bc14adebdf5.jpg,0
C:\Users\ashis\Desktop\ScanAI\dataset_manager\clean\skin\hotspot\roboflow__dog-and-cat-skin-disease-identification-2__bacterial_Image_4_jpg.rf.91fea8d85093f99f845b49f3c803c795.jpg,C:\Users\ashis\Desktop\ScanAI\dataset_manager\clean\skin\pyoderma\roboflow__dog-and-cat-skin-disease-identification-2__bacterial_Image_4_jpg.rf.a85fe6f48827097e0c833c2ee72584a0.jpg,0
C:\Users\ashis\Desktop\ScanAI\dataset_manager\clean\skin\hotspot\roboflow__dog-and-cat-skin-disease-identification-2__bacterial_Image_4_jpg.rf.ea4f89db5159f969d0404601c825fc3b.jpg,C:\Users\ashis\Desktop\ScanAI\dataset_manager\clean\skin\pyoderma\roboflow__dog-and-cat-skin-disease-identification-2__bacterial_33_jpg.rf.dbdb2257eac1c0c1d518079a8c9e9a1c.jpg,0
C:\Users\ashis\Desktop\ScanAI\dataset_manager\clean\skin\hotspot\roboflow__dog-and-cat-skin-disease-identification-2__bacterial_Image_4_jpg.rf.ea4f89db5159f969d0404601c825fc3b.jpg,C:\Users\ashis\Desktop\ScanAI\dataset_manager\clean\skin\pyoderma\roboflow__dog-and-cat-skin-disease-identification-2__bacterial_Image_4_jpg.rf.6e9ca0a676f48fee89c2b98e67b4627f.jpg,0
C:\Users\ashis\Desktop\ScanAI\dataset_manager\clean\skin\hotspot\roboflow__dog-and-cat-skin-disease-identification-2__black-spots-hair-loss-bacterial-infection-dr-spiegel-440_jpg.rf.152f0a2d1f90df3956be48a7b009fc09.jpg,C:\Users\ashis\Desktop\ScanAI\dataset_manager\clean\skin\pyoderma\roboflow__dog-and-cat-skin-disease-identification-2__black-spots-hair-loss-bacterial-infection-dr-spiegel-440_jpg.rf.1a1039c0033757677f6eefd894e8774d.jpg,0
C:\Users\ashis\Desktop\ScanAI\dataset_manager\clean\skin\hotspot\roboflow__dog-and-cat-skin-disease-identification-2__black-spots-infection-191861127511_jpg.rf.41a50e30a9000666c7e1f3b0029a2fd5.jpg,C:\Users\ashis\Desktop\ScanAI\dataset_manager\clean\skin\pyoderma\roboflow__dog-and-cat-skin-disease-identification-2__black-spots-infection-191861127511_jpg.rf.33e362d368ec82dff91521dc999b6a26.jpg,0
C:\Users\ashis\Desktop\ScanAI\dataset_manager\clean\skin\hotspot\roboflow__dog-and-cat-skin-disease-identification-2__contact_dermatitis_4935_9_600_jpg.rf.7358680037b9b83b4b6fff38dc2206f4.jpg,C:\Users\ashis\Desktop\ScanAI\dataset_manager\clean\skin\pyoderma\roboflow__dog-and-cat-skin-disease-identification-2__contact_dermatitis_4935_9_600_jpg.rf.82e3082fbaf44a0e2a0f6e1406924a46.jpg,0
C:\Users\ashis\Desktop\ScanAI\dataset_manager\clean\skin\hotspot\roboflow__dog-and-cat-skin-disease-identification-2__Copy-of-hot_sp_0_jpg.rf.33f244087ca4193f56fa887a77c2a062.jpg,C:\Users\ashis\Desktop\ScanAI\dataset_manager\clean\skin\hotspot\roboflow__dog-and-cat-skin-disease-identification-2__hotspot-1-_jpg.rf.f09cf2a2de0ef8c996ba8633008bc5da.jpg,0
C:\Users\ashis\Desktop\ScanAI\dataset_manager\clean\skin\hotspot\roboflow__dog-and-cat-skin-disease-identification-2__Copy-of-hot_sp_0_jpg.rf.33f244087ca4193f56fa887a77c2a062.jpg,C:\Users\ashis\Desktop\ScanAI\dataset_manager\clean\skin\hotspot\roboflow__dog-and-cat-skin-disease-identification-2__preprocessed_HOTSPOT_010_jpg.rf.11020c3ae482e168fb849dd6d842ed1d.jpg,0
C:\Users\ashis\Desktop\ScanAI\dataset_manager\clean\skin\hotspot\roboflow__dog-and-cat-skin-disease-identification-2__Copy-of-hot_sp_0_jpg.rf.33f244087ca4193f56fa887a77c2a062.jpg,C:\Users\ashis\Desktop\ScanAI\dataset_manager\clean\skin\pyoderma\roboflow__dog-and-cat-skin-disease-identification-2__bacterial_176_jpg.rf.f5aa7ca0e251ae95bc2e1406564b24df.jpg,2
C:\Users\ashis\Desktop\ScanAI\dataset_manager\clean\skin\hotspot\roboflow__dog-and-cat-skin-disease-identification-2__Copy-of-hot_sp_0_jpg.rf.33f244087ca4193f56fa887a77c2a062.jpg,C:\Users\ashis\Desktop\ScanAI\dataset_manager\clean\skin\pyoderma\roboflow__dog-and-cat-skin-disease-identification-2__bacterial_261_jpg.rf.812d4e2fe16a5975e7b33924ae367160.jpg,0
C:\Users\ashis\Desktop\ScanAI\dataset_manager\clean\skin\hotspot\roboflow__dog-and-cat-skin-disease-identification-2__Copy-of-hot_sp_0_jpg.rf.33f244087ca4193f56fa887a77c2a062.jpg,C:\Users\ashis\Desktop\ScanAI\dataset_manager\clean\skin\pyoderma\roboflow__dog-and-cat-skin-disease-identification-2__bacterial_derm_26_jpg.rf.6df360f9c0bd7e2760cb4971bae79609.jpg,2
C:\Users\ashis\Desktop\ScanAI\dataset_manager\clean\skin\hotspot\roboflow__dog-and-cat-skin-disease-identification-2__Copy-of-hot_sp_10_jpg.rf.ee93a906995931617aa16a6e788f7bd9.jpg,C:\Users\ashis\Desktop\ScanAI\dataset_manager\clean\skin\hotspot\roboflow__dog-and-cat-skin-disease-identification-2__hotspot-33-_jpg.rf.99628479b153ac26ae60e4679bff8ee8.jpg,0
C:\Users\ashis\Desktop\ScanAI\dataset_manager\clean\skin\hotspot\roboflow__dog-and-cat-skin-disease-identification-2__Copy-of-hot_sp_10_jpg.rf.ee93a906995931617aa16a6e788f7bd9.jpg,C:\Users\ashis\Desktop\ScanAI\dataset_manager\clean\skin\hotspot\roboflow__dog-and-cat-skin-disease-identification-2__hotspot-33-_jpg.rf.b49bb693c81196aa66f56ef36a656eeb.jpg,0
C:\Users\ashis\Desktop\ScanAI\dataset_manager\clean\skin\hotspot\roboflow__dog-and-cat-skin-disease-identification-2__Copy-of-hot_sp_10_jpg.rf.ee93a906995931617aa16a6e788f7bd9.jpg,C:\Users\ashis\Desktop\ScanAI\dataset_manager\clean\skin\hotspot\roboflow__dog-and-cat-skin-disease-identification-2__preprocessed_HOTSPOT_017_jpg.rf.de8013f0c3b7d195d4ebeb39bf41716f.jpg,0
C:\Users\ashis\Desktop\ScanAI\dataset_manager\clean\skin\hotspot\roboflow__dog-and-cat-skin-disease-identification-2__Copy-of-hot_sp_10_jpg.rf.ee93a906995931617aa16a6e788f7bd9.jpg,C:\Users\ashis\Desktop\ScanAI\dataset_manager\clean\skin\pyoderma\roboflow__dog-and-cat-skin-disease-identification-2__bacterial_189_jpg.rf.e112d9b29eaf8f5d90a3d4e4169eddaa.jpg,0
C:\Users\ashis\Desktop\ScanAI\dataset_manager\clean\skin\hotspot\roboflow__dog-and-cat-skin-disease-identification-2__Copy-of-hot_sp_11_jpg.rf.86ce9dc9e339bf247d3122bc8ca53015.jpg,C:\Users\ashis\Desktop\ScanAI\dataset_manager\clean\skin\hotspot\roboflow__dog-and-cat-skin-disease-identification-2__hotspot-34-_jpg.rf.2ab5d29b1a127e2af8355db947fb9c96.jpg,0
C:\Users\ashis\Desktop\ScanAI\dataset_manager\clean\skin\hotspot\roboflow__dog-and-cat-skin-disease-identification-2__Copy-of-hot_sp_11_jpg.rf.86ce9dc9e339bf247d3122bc8ca53015.jpg,C:\Users\ashis\Desktop\ScanAI\dataset_manager\clean\skin\hotspot\roboflow__dog-and-cat-skin-disease-identification-2__hotspot-34-_jpg.rf.92e1958c422a1c15bc9e6c686ea6a5a5.jpg,0
C:\Users\ashis\Desktop\ScanAI\dataset_manager\clean\skin\hotspot\roboflow__dog-and-cat-skin-disease-identification-2__Copy-of-hot_sp_11_jpg.rf.86ce9dc9e339bf247d3122bc8ca53015.jpg,C:\Users\ashis\Desktop\ScanAI\dataset_manager\clean\skin\hotspot\roboflow__dog-and-cat-skin-disease-identification-2__preprocessed_HOTSPOT_018_jpg.rf.b215bb1bd0c804c4aecf163bb1bc8013.jpg,0
C:\Users\ashis\Desktop\ScanAI\dataset_manager\clean\skin\hotspot\roboflow__dog-and-cat-skin-disease-identification-2__Copy-of-hot_sp_12_jpg.rf.c223b91d179d273ff10ca35cd242da42.jpg,C:\Users\ashis\Desktop\ScanAI\dataset_manager\clean\skin\hotspot\roboflow__dog-and-cat-skin-disease-identification-2__hotspot-38-_jpg.rf.0800df4799f1767f148f382b5d4995db.jpg,0
C:\Users\ashis\Desktop\ScanAI\dataset_manager\clean\skin\hotspot\roboflow__dog-and-cat-skin-disease-identification-2__Copy-of-hot_sp_12_jpg.rf.c223b91d179d273ff10ca35cd242da42.jpg,C:\Users\ashis\Desktop\ScanAI\dataset_manager\clean\skin\hotspot\roboflow__dog-and-cat-skin-disease-identification-2__hotspot-38-_jpg.rf.76e0d8037755e61d2a6535059f7d59be.jpg,0
C:\Users\ashis\Desktop\ScanAI\dataset_manager\clean\skin\hotspot\roboflow__dog-and-cat-skin-disease-identification-2__Copy-of-hot_sp_12_jpg.rf.c223b91d179d273ff10ca35cd242da42.jpg,C:\Users\ashis\Desktop\ScanAI\dataset_manager\clean\skin\hotspot\roboflow__dog-and-cat-skin-disease-identification-2__preprocessed_HOTSPOT_019_jpg.rf.e2ea9cb47b78b38030dd9342e126e8bf.jpg,0
C:\Users\ashis\Desktop\ScanAI\dataset_manager\clean\skin\hotspot\roboflow__dog-and-cat-skin-disease-identification-2__Copy-of-hot_sp_12_jpg.rf.c223b91d179d273ff10ca35cd242da42.jpg,C:\Users\ashis\Desktop\ScanAI\dataset_manager\clean\skin\pyoderma\roboflow__dog-and-cat-skin-disease-identification-2__bacterial_194_jpg.rf.2a3f0ed61d2bd7666275abe302f07ec1.jpg,0
C:\Users\ashis\Desktop\ScanAI\dataset_manager\clean\skin\hotspot\roboflow__dog-and-cat-skin-disease-identification-2__Copy-of-hot_sp_13_jpg.rf.155b1f2ed7458dfd6aec6863f95d2f49.jpg,C:\Users\ashis\Desktop\ScanAI\dataset_manager\clean\skin\hotspot\roboflow__dog-and-cat-skin-disease-identification-2__hotspot-40-_jpg.rf.b88e272cf9bc0d5734be89e5790b04a9.jpg,0
C:\Users\ashis\Desktop\ScanAI\dataset_manager\clean\skin\hotspot\roboflow__dog-and-cat-skin-disease-identification-2__Copy-of-hot_sp_13_jpg.rf.155b1f2ed7458dfd6aec6863f95d2f49.jpg,C:\Users\ashis\Desktop\ScanAI\dataset_manager\clean\skin\hotspot\roboflow__dog-and-cat-skin-disease-identification-2__hotspot-40-_jpg.rf.c7d9be4d12cfe7880b7156c29c3a5a5a.jpg,0
C:\Users\ashis\Desktop\ScanAI\dataset_manager\clean\skin\hotspot\roboflow__dog-and-cat-skin-disease-identification-2__Copy-of-hot_sp_13_jpg.rf.155b1f2ed7458dfd6aec6863f95d2f49.jpg,C:\Users\ashis\Desktop\ScanAI\dataset_manager\clean\skin\hotspot\roboflow__dog-and-cat-skin-disease-identification-2__preprocessed_HOTSPOT_021_jpg.rf.0c5e96129979b5fefcecf16f563d1e8f.jpg,0
C:\Users\ashis\Desktop\ScanAI\dataset_manager\clean\skin\hotspot\roboflow__dog-and-cat-skin-disease-identification-2__Copy-of-hot_sp_13_jpg.rf.155b1f2ed7458dfd6aec6863f95d2f49.jpg,C:\Users\ashis\Desktop\ScanAI\dataset_manager\clean\skin\pyoderma\roboflow__dog-and-cat-skin-disease-identification-2__bacterial_195_jpg.rf.07a3022b4d36d954db262d2e89d29f74.jpg,0
C:\Users\ashis\Desktop\ScanAI\dataset_manager\clean\skin\hotspot\roboflow__dog-and-cat-skin-disease-identification-2__Copy-of-hot_sp_14_jpg.rf.3dc7d87a046c7fef51f79f0fd60f259d.jpg,C:\Users\ashis\Desktop\ScanAI\dataset_manager\clean\skin\hotspot\roboflow__dog-and-cat-skin-disease-identification-2__hotspot-43-_jpg.rf.098129a80e1bcc0aaf7f1a0fbde74164.jpg,0
C:\Users\ashis\Desktop\ScanAI\dataset_manager\clean\skin\hotspot\roboflow__dog-and-cat-skin-disease-identification-2__Copy-of-hot_sp_14_jpg.rf.3dc7d87a046c7fef51f79f0fd60f259d.jpg,C:\Users\ashis\Desktop\ScanAI\dataset_manager\clean\skin\hotspot\roboflow__dog-and-cat-skin-disease-identification-2__preprocessed_HOTSPOT_022_jpg.rf.ff4a288ccef8e10ff1558cac00f416b1.jpg,0
C:\Users\ashis\Desktop\ScanAI\dataset_manager\clean\skin\hotspot\roboflow__dog-and-cat-skin-disease-identification-2__Copy-of-hot_sp_15_jpg.rf.fe6d6fa651755d365e939c5d2421379e.jpg,C:\Users\ashis\Desktop\ScanAI\dataset_manager\clean\skin\hotspot\roboflow__dog-and-cat-skin-disease-identification-2__hotspot-47-_jpg.rf.6961245de094876c8a413f0d3483dc2d.jpg,2
C:\Users\ashis\Desktop\ScanAI\dataset_manager\clean\skin\hotspot\roboflow__dog-and-cat-skin-disease-identification-2__Copy-of-hot_sp_15_jpg.rf.fe6d6fa651755d365e939c5d2421379e.jpg,C:\Users\ashis\Desktop\ScanAI\dataset_manager\clean\skin\hotspot\roboflow__dog-and-cat-skin-disease-identification-2__hotspot-47-_jpg.rf.d65fc25ea0282914d23e7f145ccfa937.jpg,0
C:\Users\ashis\Desktop\ScanAI\dataset_manager\clean\skin\hotspot\roboflow__dog-and-cat-skin-disease-identification-2__Copy-of-hot_sp_15_jpg.rf.fe6d6fa651755d365e939c5d2421379e.jpg,C:\Users\ashis\Desktop\ScanAI\dataset_manager\clean\skin\hotspot\roboflow__dog-and-cat-skin-disease-identification-2__preprocessed_HOTSPOT_023_jpg.rf.921adc5a7dd697558c1ab2d0c365dd27.jpg,0
C:\Users\ashis\Desktop\ScanAI\dataset_manager\clean\skin\hotspot\roboflow__dog-and-cat-skin-disease-identification-2__Copy-of-hot_sp_15_jpg.rf.fe6d6fa651755d365e939c5d2421379e.jpg,C:\Users\ashis\Desktop\ScanAI\dataset_manager\clean\skin\pyoderma\roboflow__dog-and-cat-skin-disease-identification-2__bacterial_201_jpg.rf.3686cf8b50c71aa45129e35037e63e24.jpg,0
C:\Users\ashis\Desktop\ScanAI\dataset_manager\clean\skin\hotspot\roboflow__dog-and-cat-skin-disease-identification-2__Copy-of-hot_sp_15_jpg.rf.fe6d6fa651755d365e939c5d2421379e.jpg,C:\Users\ashis\Desktop\ScanAI\dataset_manager\clean\skin\pyoderma\roboflow__dog-and-cat-skin-disease-identification-2__bacterial_derm_40_jpg.rf.c04deea24736306bb60efc5294cbb470.jpg,2
C:\Users\ashis\Desktop\ScanAI\dataset_manager\clean\skin\hotspot\roboflow__dog-and-cat-skin-disease-identification-2__Copy-of-hot_sp_16_jpg.rf.4d4d4ed66ab08e8d00eea9f8c0e30250.jpg,C:\Users\ashis\Desktop\ScanAI\dataset_manager\clean\skin\hotspot\roboflow__dog-and-cat-skin-disease-identification-2__hotspot-50-_jpg.rf.66e4c4511ea42c067de21848809635d7.jpg,0
C:\Users\ashis\Desktop\ScanAI\dataset_manager\clean\skin\hotspot\roboflow__dog-and-cat-skin-disease-identification-2__Copy-of-hot_sp_16_jpg.rf.4d4d4ed66ab08e8d00eea9f8c0e30250.jpg,C:\Users\ashis\Desktop\ScanAI\dataset_manager\clean\skin\hotspot\roboflow__dog-and-cat-skin-disease-identification-2__hotspot-50-_jpg.rf.a59e0b5797b31a77ca4b43b73435e52c.jpg,0
C:\Users\ashis\Desktop\ScanAI\dataset_manager\clean\skin\hotspot\roboflow__dog-and-cat-skin-disease-identification-2__Copy-of-hot_sp_16_jpg.rf.4d4d4ed66ab08e8d00eea9f8c0e30250.jpg,C:\Users\ashis\Desktop\ScanAI\dataset_manager\clean\skin\hotspot\roboflow__dog-and-cat-skin-disease-identification-2__preprocessed_HOTSPOT_024_jpg.rf.6c5111924c4f56bd2a5d00ec9248b908.jpg,0
C:\Users\ashis\Desktop\ScanAI\dataset_manager\clean\skin\hotspot\roboflow__dog-and-cat-skin-disease-identification-2__Copy-of-hot_sp_16_jpg.rf.4d4d4ed66ab08e8d00eea9f8c0e30250.jpg,C:\Users\ashis\Desktop\ScanAI\dataset_manager\clean\skin\pyoderma\roboflow__dog-and-cat-skin-disease-identification-2__bacterial_267_jpg.rf.7d045ea0d989f4102623b9bd50e63530.jpg,0
C:\Users\ashis\Desktop\ScanAI\dataset_manager\clean\skin\hotspot\roboflow__dog-and-cat-skin-disease-identification-2__Copy-of-hot_sp_16_jpg.rf.4d4d4ed66ab08e8d00eea9f8c0e30250.jpg,C:\Users\ashis\Desktop\ScanAI\dataset_manager\clean\skin\ringworm\roboflow__dog-and-cat-skin-disease-identification-2__hotspot-50-_jpg.rf.d31c1f2f2676a66f238db2c285f973bd.jpg,0
C:\Users\ashis\Desktop\ScanAI\dataset_manager\clean\skin\hotspot\roboflow__dog-and-cat-skin-disease-identification-2__Copy-of-hot_sp_17_jpg.rf.a8917264d56558f558bae285ef9eb23e.jpg,C:\Users\ashis\Desktop\ScanAI\dataset_manager\clean\skin\hotspot\roboflow__dog-and-cat-skin-disease-identification-2__hotspot-52-_jpg.rf.5bf83d20c3ced6ff48fe7286c125bb29.jpg,2
C:\Users\ashis\Desktop\ScanAI\dataset_manager\clean\skin\hotspot\roboflow__dog-and-cat-skin-disease-identification-2__Copy-of-hot_sp_17_jpg.rf.a8917264d56558f558bae285ef9eb23e.jpg,C:\Users\ashis\Desktop\ScanAI\dataset_manager\clean\skin\hotspot\roboflow__dog-and-cat-skin-disease-identification-2__hotspot-52-_jpg.rf.b745d1f893e2ce437761b459b650db45.jpg,2
C:\Users\ashis\Desktop\ScanAI\dataset_manager\clean\skin\hotspot\roboflow__dog-and-cat-skin-disease-identification-2__Copy-of-hot_sp_17_jpg.rf.a8917264d56558f558bae285ef9eb23e.jpg,C:\Users\ashis\Desktop\ScanAI\dataset_manager\clean\skin\hotspot\roboflow__dog-and-cat-skin-disease-identification-2__hotspot-67-_jpg.rf.d8fa3b331b1bb6bdce854615699aebde.jpg,2
C:\Users\ashis\Desktop\ScanAI\dataset_manager\clean\skin\hotspot\roboflow__dog-and-cat-skin-disease-identification-2__Copy-of-hot_sp_17_jpg.rf.a8917264d56558f558bae285ef9eb23e.jpg,C:\Users\ashis\Desktop\ScanAI\dataset_manager\clean\skin\hotspot\roboflow__dog-and-cat-skin-disease-identification-2__preprocessed_HOTSPOT_025_jpg.rf.f21882230c51e9dbd49669ac272291bd.jpg,2
C:\Users\ashis\Desktop\ScanAI\dataset_manager\clean\skin\hotspot\roboflow__dog-and-cat-skin-disease-identification-2__Copy-of-hot_sp_18_jpg.rf.0076e11c0bd5ee4f5b64d0bc253ccac8.jpg,C:\Users\ashis\Desktop\ScanAI\dataset_manager\clean\skin\hotspot\roboflow__dog-and-cat-skin-disease-identification-2__hotspot-57-_jpg.rf.d885acea07180015481acc0080cb462e.jpg,0
C:\Users\ashis\Desktop\ScanAI\dataset_manager\clean\skin\hotspot\roboflow__dog-and-cat-skin-disease-identification-2__Copy-of-hot_sp_18_jpg.rf.0076e11c0bd5ee4f5b64d0bc253ccac8.jpg,C:\Users\ashis\Desktop\ScanAI\dataset_manager\clean\skin\hotspot\roboflow__dog-and-cat-skin-disease-identification-2__preprocessed_HOTSPOT_026_jpg.rf.31bb8fa833c24d9221cae8051e405299.jpg,0
C:\Users\ashis\Desktop\ScanAI\dataset_manager\clean\skin\hotspot\roboflow__dog-and-cat-skin-disease-identification-2__Copy-of-hot_sp_18_jpg.rf.0076e11c0bd5ee4f5b64d0bc253ccac8.jpg,C:\Users\ashis\Desktop\ScanAI\dataset_manager\clean\skin\pyoderma\roboflow__dog-and-cat-skin-disease-identification-2__bacterial_270_jpg.rf.790134c1979fefc5ab5a36c8d9ac7ea1.jpg,0
C:\Users\ashis\Desktop\ScanAI\dataset_manager\clean\skin\hotspot\roboflow__dog-and-cat-skin-disease-identification-2__Copy-of-hot_sp_18_jpg.rf.0076e11c0bd5ee4f5b64d0bc253ccac8.jpg,C:\Users\ashis\Desktop\ScanAI\dataset_manager\clean\skin\pyoderma\roboflow__dog-and-cat-skin-disease-identification-2__bacterial_derm_42_jpg.rf.c3eba83fb2adde8ac1e071d4dff4f672.jpg,0
C:\Users\ashis\Desktop\ScanAI\dataset_manager\clean\skin\hotspot\roboflow__dog-and-cat-skin-disease-identification-2__Copy-of-hot_sp_19_jpg.rf.42731a6a64bb781275c6ea6d485ed49b.jpg,C:\Users\ashis\Desktop\ScanAI\dataset_manager\clean\skin\hotspot\roboflow__dog-and-cat-skin-disease-identification-2__hotspot-58-_jpg.rf.9252aece9b9c0bd93b4288c873d3e92c.jpg,0
C:\Users\ashis\Desktop\ScanAI\dataset_manager\clean\skin\hotspot\roboflow__dog-and-cat-skin-disease-identification-2__Copy-of-hot_sp_19_jpg.rf.42731a6a64bb781275c6ea6d485ed49b.jpg,C:\Users\ashis\Desktop\ScanAI\dataset_manager\clean\skin\hotspot\roboflow__dog-and-cat-skin-disease-identification-2__preprocessed_HOTSPOT_027_jpg.rf.e7a9e937b9c709111c32298e099dbe9a.jpg,0
C:\Users\ashis\Desktop\ScanAI\dataset_manager\clean\skin\hotspot\roboflow__dog-and-cat-skin-disease-identification-2__Copy-of-hot_sp_19_jpg.rf.42731a6a64bb781275c6ea6d485ed49b.jpg,C:\Users\ashis\Desktop\ScanAI\dataset_manager\clean\skin\pyoderma\roboflow__dog-and-cat-skin-disease-identification-2__bacterial_206_jpg.rf.848e852cd22a2169524db2a6f2841699.jpg,0
C:\Users\ashis\Desktop\ScanAI\dataset_manager\clean\skin\hotspot\roboflow__dog-and-cat-skin-disease-identification-2__Copy-of-hot_sp_19_jpg.rf.42731a6a64bb781275c6ea6d485ed49b.jpg,C:\Users\ashis\Desktop\ScanAI\dataset_manager\clean\skin\pyoderma\roboflow__dog-and-cat-skin-disease-identification-2__bacterial_272_jpg.rf.ef781fb5b5414c4d9c4abc912c516280.jpg,0
C:\Users\ashis\Desktop\ScanAI\dataset_manager\clean\skin\hotspot\roboflow__dog-and-cat-skin-disease-identification-2__Copy-of-hot_sp_19_jpg.rf.42731a6a64bb781275c6ea6d485ed49b.jpg,C:\Users\ashis\Desktop\ScanAI\dataset_manager\clean\skin\pyoderma\roboflow__dog-and-cat-skin-disease-identification-2__bacterial_derm_44_jpg.rf.6bcc1cd071bfb3d73394933489a82932.jpg,0
C:\Users\ashis\Desktop\ScanAI\dataset_manager\clean\skin\hotspot\roboflow__dog-and-cat-skin-disease-identification-2__Copy-of-hot_sp_1_jpg.rf.1dccbb352198e45d3df57492cbc54373.jpg,C:\Users\ashis\Desktop\ScanAI\dataset_manager\clean\skin\hotspot\roboflow__dog-and-cat-skin-disease-identification-2__hotspot-4-_jpg.rf.71bb0bee52521807995a97e9163f82ec.jpg,0
C:\Users\ashis\Desktop\ScanAI\dataset_manager\clean\skin\hotspot\roboflow__dog-and-cat-skin-disease-identification-2__Copy-of-hot_sp_1_jpg.rf.1dccbb352198e45d3df57492cbc54373.jpg,C:\Users\ashis\Desktop\ScanAI\dataset_manager\clean\skin\hotspot\roboflow__dog-and-cat-skin-disease-identification-2__hotspot-4-_jpg.rf.81df36746b702d8e5f2d6496647eed65.jpg,0
C:\Users\ashis\Desktop\ScanAI\dataset_manager\clean\skin\hotspot\roboflow__dog-and-cat-skin-disease-identification-2__Copy-of-hot_sp_1_jpg.rf.1dccbb352198e45d3df57492cbc54373.jpg,C:\Users\ashis\Desktop\ScanAI\dataset_manager\clean\skin\hotspot\roboflow__dog-and-cat-skin-disease-identification-2__hotspot-4-_jpg.rf.f01f4ce4f1d0cfe84ff939a575f7d44d.jpg,0
C:\Users\ashis\Desktop\ScanAI\dataset_manager\clean\skin\hotspot\roboflow__dog-and-cat-skin-disease-identification-2__Copy-of-hot_sp_1_jpg.rf.1dccbb352198e45d3df57492cbc54373.jpg,C:\Users\ashis\Desktop\ScanAI\dataset_manager\clean\skin\hotspot\roboflow__dog-and-cat-skin-disease-identification-2__preprocessed_HOTSPOT_020_jpg.rf.037603b141d81e40ff1b86f8ff43d66b.jpg,0
C:\Users\ashis\Desktop\ScanAI\dataset_manager\clean\skin\hotspot\roboflow__dog-and-cat-skin-disease-identification-2__Copy-of-hot_sp_20_jpg.rf.b63f702b42e0ad0b522fbc2c8702cd81.jpg,C:\Users\ashis\Desktop\ScanAI\dataset_manager\clean\skin\hotspot\roboflow__dog-and-cat-skin-disease-identification-2__hotspot-61-_jpg.rf.62444d23707bf98e46244de9c6067038.jpg,0
C:\Users\ashis\Desktop\ScanAI\dataset_manager\clean\skin\hotspot\roboflow__dog-and-cat-skin-disease-identification-2__Copy-of-hot_sp_20_jpg.rf.b63f702b42e0ad0b522fbc2c8702cd81.jpg,C:\Users\ashis\Desktop\ScanAI\dataset_manager\clean\skin\hotspot\roboflow__dog-and-cat-skin-disease-identification-2__hotspot-61-_jpg.rf.a96e2af9d95c318cc89ab794038db991.jpg,0
C:\Users\ashis\Desktop\ScanAI\dataset_manager\clean\skin\hotspot\roboflow__dog-and-cat-skin-disease-identification-2__Copy-of-hot_sp_20_jpg.rf.b63f702b42e0ad0b522fbc2c8702cd81.jpg,C:\Users\ashis\Desktop\ScanAI\dataset_manager\clean\skin\hotspot\roboflow__dog-and-cat-skin-disease-identification-2__hotspot-79-_jpg.rf.69b2422326515c8046451538818ba0d2.jpg,0
C:\Users\ashis\Desktop\ScanAI\dataset_manager\clean\skin\hotspot\roboflow__dog-and-cat-skin-disease-identification-2__Copy-of-hot_sp_20_jpg.rf.b63f702b42e0ad0b522fbc2c8702cd81.jpg,C:\Users\ashis\Desktop\ScanAI\dataset_manager\clean\skin\hotspot\roboflow__dog-and-cat-skin-disease-identification-2__preprocessed_HOTSPOT_028_jpg.rf.b304571fd6582d6f73b6815b3501d7cc.jpg,2
C:\Users\ashis\Desktop\ScanAI\dataset_manager\clean\skin\hotspot\roboflow__dog-and-cat-skin-disease-identification-2__Copy-of-hot_sp_20_jpg.rf.b63f702b42e0ad0b522fbc2c8702cd81.jpg,C:\Users\ashis\Desktop\ScanAI\dataset_manager\clean\skin\pyoderma\roboflow__dog-and-cat-skin-disease-identification-2__bacterial_208_jpg.rf.53543f5e91de1ca3a2c4338f7b969de8.jpg,0
C:\Users\ashis\Desktop\ScanAI\dataset_manager\clean\skin\hotspot\roboflow__dog-and-cat-skin-disease-identification-2__Copy-of-hot_sp_20_jpg.rf.b63f702b42e0ad0b522fbc2c8702cd81.jpg,C:\Users\ashis\Desktop\ScanAI\dataset_manager\clean\skin\pyoderma\roboflow__dog-and-cat-skin-disease-identification-2__bacterial_274_jpg.rf.3f3c5b0259fef329e5d8e8065153573a.jpg,0
C:\Users\ashis\Desktop\ScanAI\dataset_manager\clean\skin\hotspot\roboflow__dog-and-cat-skin-disease-identification-2__Copy-of-hot_sp_20_jpg.rf.b63f702b42e0ad0b522fbc2c8702cd81.jpg,C:\Users\ashis\Desktop\ScanAI\dataset_manager\clean\skin\ringworm\roboflow__dog-and-cat-skin-disease-identification-2__hotspot-79-_jpg.rf.60cf91b18906d97e02024328c8930323.jpg,0
C:\Users\ashis\Desktop\ScanAI\dataset_manager\clean\skin\hotspot\roboflow__dog-and-cat-skin-disease-identification-2__Copy-of-hot_sp_21_jpg.rf.23c05c7b5bfdcfdcb406c08ba976910c.jpg,C:\Users\ashis\Desktop\ScanAI\dataset_manager\clean\skin\hotspot\roboflow__dog-and-cat-skin-disease-identification-2__hotspot-65-_jpg.rf.bb834d1dcf92435ecc51d9c50afb5f6a.jpg,2
C:\Users\ashis\Desktop\ScanAI\dataset_manager\clean\skin\hotspot\roboflow__dog-and-cat-skin-disease-identification-2__Copy-of-hot_sp_21_jpg.rf.23c05c7b5bfdcfdcb406c08ba976910c.jpg,C:\Users\ashis\Desktop\ScanAI\dataset_manager\clean\skin\hotspot\roboflow__dog-and-cat-skin-disease-identification-2__hotspot-65-_jpg.rf.eb19f3af9624c98a31969ad6f2aa1501.jpg,2
C:\Users\ashis\Desktop\ScanAI\dataset_manager\clean\skin\hotspot\roboflow__dog-and-cat-skin-disease-identification-2__Copy-of-hot_sp_21_jpg.rf.23c05c7b5bfdcfdcb406c08ba976910c.jpg,C:\Users\ashis\Desktop\ScanAI\dataset_manager\clean\skin\hotspot\roboflow__dog-and-cat-skin-disease-identification-2__preprocessed_HOTSPOT_029_jpg.rf.221a5fdbe1e8e82c3ef8f024a893d7b3.jpg,2
C:\Users\ashis\Desktop\ScanAI\dataset_manager\clean\skin\hotspot\roboflow__dog-and-cat-skin-disease-identification-2__Copy-of-hot_sp_21_jpg.rf.23c05c7b5bfdcfdcb406c08ba976910c.jpg,C:\Users\ashis\Desktop\ScanAI\dataset_manager\clean\skin\pyoderma\roboflow__dog-and-cat-skin-disease-identification-2__bacterial_276_jpg.rf.2a30d21721d94e4d6e1d3a81001c21e7.jpg,2
C:\Users\ashis\Desktop\ScanAI\dataset_manager\clean\skin\hotspot\roboflow__dog-and-cat-skin-disease-identification-2__Copy-of-hot_sp_22_jpg.rf.8fac13fa1019dcd30f3bc2387d8b6957.jpg,C:\Users\ashis\Desktop\ScanAI\dataset_manager\clean\skin\hotspot\roboflow__dog-and-cat-skin-disease-identification-2__hotspot-69-_jpg.rf.659acbbd5e2497148f04f64db2fa74ea.jpg,0
C:\Users\ashis\Desktop\ScanAI\dataset_manager\clean\skin\hotspot\roboflow__dog-and-cat-skin-disease-identification-2__Copy-of-hot_sp_22_jpg.rf.8fac13fa1019dcd30f3bc2387d8b6957.jpg,C:\Users\ashis\Desktop\ScanAI\dataset_manager\clean\skin\hotspot\roboflow__dog-and-cat-skin-disease-identification-2__hotspot-69-_jpg.rf.99e470288ddab9713d2036c8016a2e45.jpg,0
C:\Users\ashis\Desktop\ScanAI\dataset_manager\clean\skin\hotspot\roboflow__dog-and-cat-skin-disease-identification-2__Copy-of-hot_sp_22_jpg.rf.8fac13fa1019dcd30f3bc2387d8b6957.jpg,C:\Users\ashis\Desktop\ScanAI\dataset_manager\clean\skin\hotspot\roboflow__dog-and-cat-skin-disease-identification-2__hotspot-88-_jpg.rf.11a8f0c1c9fdcc35853fa2d7ddad370c.jpg,0
C:\Users\ashis\Desktop\ScanAI\dataset_manager\clean\skin\hotspot\roboflow__dog-and-cat-skin-disease-identification-2__Copy-of-hot_sp_22_jpg.rf.8fac13fa1019dcd30f3bc2387d8b6957.jpg,C:\Users\ashis\Desktop\ScanAI\dataset_manager\clean\skin\hotspot\roboflow__dog-and-cat-skin-disease-identification-2__preprocessed_HOTSPOT_030_jpg.rf.243aface392f98696d2faf584e1ed326.jpg,0
C:\Users\ashis\Desktop\ScanAI\dataset_manager\clean\skin\hotspot\roboflow__dog-and-cat-skin-disease-identification-2__Copy-of-hot_sp_22_jpg.rf.8fac13fa1019dcd30f3bc2387d8b6957.jpg,C:\Users\ashis\Desktop\ScanAI\dataset_manager\clean\skin\pyoderma\roboflow__dog-and-cat-skin-disease-identification-2__bacterial_215_jpg.rf.f76c0f33e535704463306ffb7a004042.jpg,0
C:\Users\ashis\Desktop\ScanAI\dataset_manager\clean\skin\hotspot\roboflow__dog-and-cat-skin-disease-identification-2__Copy-of-hot_sp_22_jpg.rf.8fac13fa1019dcd30f3bc2387d8b6957.jpg,C:\Users\ashis\Desktop\ScanAI\dataset_manager\clean\skin\pyoderma\roboflow__dog-and-cat-skin-disease-identification-2__bacterial_278_jpg.rf.35a6f6b0d3e4d3841bce06b63535a5da.jpg,0
C:\Users\ashis\Desktop\ScanAI\dataset_manager\clean\skin\hotspot\roboflow__dog-and-cat-skin-disease-identification-2__Copy-of-hot_sp_22_jpg.rf.8fac13fa1019dcd30f3bc2387d8b6957.jpg,C:\Users\ashis\Desktop\ScanAI\dataset_manager\clean\skin\pyoderma\roboflow__dog-and-cat-skin-disease-identification-2__bacterial_89_jpg.rf.bb9eeab48917eab6440f041fc345f016.jpg,0
C:\Users\ashis\Desktop\ScanAI\dataset_manager\clean\skin\hotspot\roboflow__dog-and-cat-skin-disease-identification-2__Copy-of-hot_sp_23_jpg.rf.c9deb31be574731ad296f9c585788714.jpg,C:\Users\ashis\Desktop\ScanAI\dataset_manager\clean\skin\hotspot\roboflow__dog-and-cat-skin-disease-identification-2__hotspot-72-_jpg.rf.145a1b4ba135389137aa37cc90a7c292.jpg,0
C:\Users\ashis\Desktop\ScanAI\dataset_manager\clean\skin\hotspot\roboflow__dog-and-cat-skin-disease-identification-2__Copy-of-hot_sp_23_jpg.rf.c9deb31be574731ad296f9c585788714.jpg,C:\Users\ashis\Desktop\ScanAI\dataset_manager\clean\skin\hotspot\roboflow__dog-and-cat-skin-disease-identification-2__hotspot-72-_jpg.rf.84a862baee72f8ea41fae153286b6121.jpg,0
C:\Users\ashis\Desktop\ScanAI\dataset_manager\clean\skin\hotspot\roboflow__dog-and-cat-skin-disease-identification-2__Copy-of-hot_sp_23_jpg.rf.c9deb31be574731ad296f9c585788714.jpg,C:\Users\ashis\Desktop\ScanAI\dataset_manager\clean\skin\hotspot\roboflow__dog-and-cat-skin-disease-identification-2__hotspot-72-_jpg.rf.991f04a67368992e30d1a232bebf61a7.jpg,0
C:\Users\ashis\Desktop\ScanAI\dataset_manager\clean\skin\hotspot\roboflow__dog-and-cat-skin-disease-identification-2__Copy-of-hot_sp_23_jpg.rf.c9deb31be574731ad296f9c585788714.jpg,C:\Users\ashis\Desktop\ScanAI\dataset_manager\clean\skin\hotspot\roboflow__dog-and-cat-skin-disease-identification-2__preprocessed_HOTSPOT_031_jpg.rf.63b1178e97d851288615071ac41634df.jpg,0
C:\Users\ashis\Desktop\ScanAI\dataset_manager\clean\skin\hotspot\roboflow__dog-and-cat-skin-disease-identification-2__Copy-of-hot_sp_24_jpg.rf.b9a70256a24f06c51b27ca2623a5e037.jpg,C:\Users\ashis\Desktop\ScanAI\dataset_manager\clean\skin\hotspot\roboflow__dog-and-cat-skin-disease-identification-2__hotspot-74-_jpg.rf.8f8dc59a09737c9a30723f3b2dbcb132.jpg,0
C:\Users\ashis\Desktop\ScanAI\dataset_manager\clean\skin\hotspot\roboflow__dog-and-cat-skin-disease-identification-2__Copy-of-hot_sp_24_jpg.rf.b9a70256a24f06c51b27ca2623a5e037.jpg,C:\Users\ashis\Desktop\ScanAI\dataset_manager\clean\skin\hotspot\roboflow__dog-and-cat-skin-disease-identification-2__hotspot-74-_jpg.rf.988e8622a11678552b0fa119c7fd42f8.jpg,0
C:\Users\ashis\Desktop\ScanAI\dataset_manager\clean\skin\hotspot\roboflow__dog-and-cat-skin-disease-identification-2__Copy-of-hot_sp_24_jpg.rf.b9a70256a24f06c51b27ca2623a5e037.jpg,C:\Users\ashis\Desktop\ScanAI\dataset_manager\clean\skin\hotspot\roboflow__dog-and-cat-skin-disease-identification-2__hotspot-74-_jpg.rf.d3fbab762c42c90b96129b2fe7b92b3a.jpg,0
C:\Users\ashis\Desktop\ScanAI\dataset_manager\clean\skin\hotspot\roboflow__dog-and-cat-skin-disease-identification-2__Copy-of-hot_sp_24_jpg.rf.b9a70256a24f06c51b27ca2623a5e037.jpg,C:\Users\ashis\Desktop\ScanAI\dataset_manager\clean\skin\hotspot\roboflow__dog-and-cat-skin-disease-identification-2__preprocessed_HOTSPOT_032_jpg.rf.07c4e9a4d0a11e4b9a4a74b6bf0a12c7.jpg,0
C:\Users\ashis\Desktop\ScanAI\dataset_manager\clean\skin\hotspot\roboflow__dog-and-cat-skin-disease-identification-2__Copy-of-hot_sp_24_jpg.rf.b9a70256a24f06c51b27ca2623a5e037.jpg,C:\Users\ashis\Desktop\ScanAI\dataset_manager\clean\skin\pyoderma\roboflow__dog-and-cat-skin-disease-identification-2__bacterial_91_jpg.rf.92a25d7216c9e2ca40e276fde40f8190.jpg,2
C:\Users\ashis\Desktop\ScanAI\dataset_manager\clean\skin\hotspot\roboflow__dog-and-cat-skin-disease-identification-2__Copy-of-hot_sp_25_jpg.rf.e9d7ffec99ed43cd878b047ae0993e5a.jpg,C:\Users\ashis\Desktop\ScanAI\dataset_manager\clean\skin\hotspot\roboflow__dog-and-cat-skin-disease-identification-2__hotspot-77-_jpg.rf.5db4365246f78fbdb9388c17dc35468e.jpg,0
C:\Users\ashis\Desktop\ScanAI\dataset_manager\clean\skin\hotspot\roboflow__dog-and-cat-skin-disease-identification-2__Copy-of-hot_sp_25_jpg.rf.e9d7ffec99ed43cd878b047ae0993e5a.jpg,C:\Users\ashis\Desktop\ScanAI\dataset_manager\clean\skin\hotspot\roboflow__dog-and-cat-skin-disease-identification-2__hotspot-77-_jpg.rf.c263213690b821c11c3aeb2dc8209236.jpg,0
C:\Users\ashis\Desktop\ScanAI\dataset_manager\clean\skin\hotspot\roboflow__dog-and-cat-skin-disease-identification-2__Copy-of-hot_sp_25_jpg.rf.e9d7ffec99ed43cd878b047ae0993e5a.jpg,C:\Users\ashis\Desktop\ScanAI\dataset_manager\clean\skin\hotspot\roboflow__dog-and-cat-skin-disease-identification-2__preprocessed_HOTSPOT_033_jpg.rf.16d0849c54f7cd66cf39a328f6f9d936.jpg,0
C:\Users\ashis\Desktop\ScanAI\dataset_manager\clean\skin\hotspot\roboflow__dog-and-cat-skin-disease-identification-2__Copy-of-hot_sp_25_jpg.rf.e9d7ffec99ed43cd878b047ae0993e5a.jpg,C:\Users\ashis\Desktop\ScanAI\dataset_manager\clean\skin\pyoderma\roboflow__dog-and-cat-skin-disease-identification-2__bacterial_92_jpg.rf.629ebe7f6a76905feaef6a4db8661c46.jpg,2
C:\Users\ashis\Desktop\ScanAI\dataset_manager\clean\skin\hotspot\roboflow__dog-and-cat-skin-disease-identification-2__Copy-of-hot_sp_26_jpg.rf.92cfb6cec3ab48ab193f2f53421db1ab.jpg,C:\Users\ashis\Desktop\ScanAI\dataset_manager\clean\skin\hotspot\roboflow__dog-and-cat-skin-disease-identification-2__hotspot-80-_jpg.rf.28b8a712ce547334053f08c5b5b4aa4b.jpg,0
C:\Users\ashis\Desktop\ScanAI\dataset_manager\clean\skin\hotspot\roboflow__dog-and-cat-skin-disease-identification-2__Copy-of-hot_sp_26_jpg.rf.92cfb6cec3ab48ab193f2f53421db1ab.jpg,C:\Users\ashis\Desktop\ScanAI\dataset_manager\clean\skin\hotspot\roboflow__dog-and-cat-skin-disease-identification-2__hotspot-80-_jpg.rf.96fe1b1581a2f1228785432aea953316.jpg,0
C:\Users\ashis\Desktop\ScanAI\dataset_manager\clean\skin\hotspot\roboflow__dog-and-cat-skin-disease-identification-2__Copy-of-hot_sp_26_jpg.rf.92cfb6cec3ab48ab193f2f53421db1ab.jpg,C:\Users\ashis\Desktop\ScanAI\dataset_manager\clean\skin\hotspot\roboflow__dog-and-cat-skin-disease-identification-2__preprocessed_HOTSPOT_034_jpg.rf.a3dbe086b33eec6abeaefd38fc47d9c8.jpg,0
C:\Users\ashis\Desktop\ScanAI\dataset_manager\clean\skin\hotspot\roboflow__dog-and-cat-skin-disease-identification-2__Copy-of-hot_sp_26_jpg.rf.92cfb6cec3ab48ab193f2f53421db1ab.jpg,C:\Users\ashis\Desktop\ScanAI\dataset_manager\clean\skin\pyoderma\roboflow__dog-and-cat-skin-disease-identification-2__bacterial_221_jpg.rf.f901ae30b5a61d369030bfad728e1867.jpg,0
C:\Users\ashis\Desktop\ScanAI\dataset_manager\clean\skin\hotspot\roboflow__dog-and-cat-skin-disease-identification-2__Copy-of-hot_sp_26_jpg.rf.92cfb6cec3ab48ab193f2f53421db1ab.jpg,C:\Users\ashis\Desktop\ScanAI\dataset_manager\clean\skin\pyoderma\roboflow__dog-and-cat-skin-disease-identification-2__bacterial_281_jpg.rf.536616657ebcf1b1568b264868d961ac.jpg,0
C:\Users\ashis\Desktop\ScanAI\dataset_manager\clean\skin\hotspot\roboflow__dog-and-cat-skin-disease-identification-2__Copy-of-hot_sp_26_jpg.rf.92cfb6cec3ab48ab193f2f53421db1ab.jpg,C:\Users\ashis\Desktop\ScanAI\dataset_manager\clean\skin\pyoderma\roboflow__dog-and-cat-skin-disease-identification-2__bacterial_95_jpg.rf.dab6587ab1689a4643efecc89fc6593c.jpg,0
C:\Users\ashis\Desktop\ScanAI\dataset_manager\clean\skin\hotspot\roboflow__dog-and-cat-skin-disease-identification-2__Copy-of-hot_sp_27_jpg.rf.c09b534d77811b12f70a1a38a8b206cb.jpg,C:\Users\ashis\Desktop\ScanAI\dataset_manager\clean\skin\hotspot\roboflow__dog-and-cat-skin-disease-identification-2__hotspot-82-_jpg.rf.73fa8ae4ce5ff86a0b3a0fd2aff5b54d.jpg,0
C:\Users\ashis\Desktop\ScanAI\dataset_manager\clean\skin\hotspot\roboflow__dog-and-cat-skin-disease-identification-2__Copy-of-hot_sp_27_jpg.rf.c09b534d77811b12f70a1a38a8b206cb.jpg,C:\Users\ashis\Desktop\ScanAI\dataset_manager\clean\skin\hotspot\roboflow__dog-and-cat-skin-disease-identification-2__hotspot-82-_jpg.rf.c2968be8d9f2958159c2d5ff1b7addd2.jpg,0
C:\Users\ashis\Desktop\ScanAI\dataset_manager\clean\skin\hotspot\roboflow__dog-and-cat-skin-disease-identification-2__Copy-of-hot_sp_27_jpg.rf.c09b534d77811b12f70a1a38a8b206cb.jpg,C:\Users\ashis\Desktop\ScanAI\dataset_manager\clean\skin\hotspot\roboflow__dog-and-cat-skin-disease-identification-2__preprocessed_HOTSPOT_035_jpg.rf.6152822333f3e60e35c6e5a0f8048462.jpg,0
C:\Users\ashis\Desktop\ScanAI\dataset_manager\clean\skin\hotspot\roboflow__dog-and-cat-skin-disease-identification-2__Copy-of-hot_sp_27_jpg.rf.c09b534d77811b12f70a1a38a8b206cb.jpg,C:\Users\ashis\Desktop\ScanAI\dataset_manager\clean\skin\pyoderma\roboflow__dog-and-cat-skin-disease-identification-2__bacterial_283_jpg.rf.78b4aae2239c2260ee0e96afaca3f7d7.jpg,0
C:\Users\ashis\Desktop\ScanAI\dataset_manager\clean\skin\hotspot\roboflow__dog-and-cat-skin-disease-identification-2__Copy-of-hot_sp_27_jpg.rf.c09b534d77811b12f70a1a38a8b206cb.jpg,C:\Users\ashis\Desktop\ScanAI\dataset_manager\clean\skin\pyoderma\roboflow__dog-and-cat-skin-disease-identification-2__bacterial_285_jpg.rf.009c1efc0659ea8fe8b212e673ed7f5c.jpg,2
C:\Users\ashis\Desktop\ScanAI\dataset_manager\clean\skin\hotspot\roboflow__dog-and-cat-skin-disease-identification-2__Copy-of-hot_sp_28_jpg.rf.9ea54930b866831727988f6ab01d91ce.jpg,C:\Users\ashis\Desktop\ScanAI\dataset_manager\clean\skin\hotspot\roboflow__dog-and-cat-skin-disease-identification-2__Dog-hot-spot_jpg.rf.355a875da54358607972f61a4d783823.jpg,0
C:\Users\ashis\Desktop\ScanAI\dataset_manager\clean\skin\hotspot\roboflow__dog-and-cat-skin-disease-identification-2__Copy-of-hot_sp_28_jpg.rf.9ea54930b866831727988f6ab01d91ce.jpg,C:\Users\ashis\Desktop\ScanAI\dataset_manager\clean\skin\hotspot\roboflow__dog-and-cat-skin-disease-identification-2__hotspot-106-_jpg.rf.09fc0e1b3ecc0264385685c6fafca924.jpg,0
C:\Users\ashis\Desktop\ScanAI\dataset_manager\clean\skin\hotspot\roboflow__dog-and-cat-skin-disease-identification-2__Copy-of-hot_sp_28_jpg.rf.9ea54930b866831727988f6ab01d91ce.jpg,C:\Users\ashis\Desktop\ScanAI\dataset_manager\clean\skin\hotspot\roboflow__dog-and-cat-skin-disease-identification-2__hotspot-86-_jpg.rf.7dadf64027d1c9fd1d0138d2de353488.jpg,0
C:\Users\ashis\Desktop\ScanAI\dataset_manager\clean\skin\hotspot\roboflow__dog-and-cat-skin-disease-identification-2__Copy-of-hot_sp_28_jpg.rf.9ea54930b866831727988f6ab01d91ce.jpg,C:\Users\ashis\Desktop\ScanAI\dataset_manager\clean\skin\hotspot\roboflow__dog-and-cat-skin-disease-identification-2__preprocessed_HOTSPOT_036_jpg.rf.13ebf611b0e8eeb3b9d58996c9355b4a.jpg,0
C:\Users\ashis\Desktop\ScanAI\dataset_manager\clean\skin\hotspot\roboflow__dog-and-cat-skin-disease-identification-2__Copy-of-hot_sp_28_jpg.rf.9ea54930b866831727988f6ab01d91ce.jpg,C:\Users\ashis\Desktop\ScanAI\dataset_manager\clean\skin\pyoderma\roboflow__dog-and-cat-skin-disease-identification-2__bacterial_226_jpg.rf.4a4c9a89ea436f0d1c46b2fe8a1ad011.jpg,0
C:\Users\ashis\Desktop\ScanAI\dataset_manager\clean\skin\hotspot\roboflow__dog-and-cat-skin-disease-identification-2__Copy-of-hot_sp_28_jpg.rf.9ea54930b866831727988f6ab01d91ce.jpg,C:\Users\ashis\Desktop\ScanAI\dataset_manager\clean\skin\pyoderma\roboflow__dog-and-cat-skin-disease-identification-2__bacterial_286_jpg.rf.6bafc9103db10fac9cb62920dfe747af.jpg,0
C:\Users\ashis\Desktop\ScanAI\dataset_manager\clean\skin\hotspot\roboflow__dog-and-cat-skin-disease-identification-2__Copy-of-hot_sp_29_jpg.rf.f1959d03d6bdc35b72e796f5fecf8277.jpg,C:\Users\ashis\Desktop\ScanAI\dataset_manager\clean\skin\hotspot\roboflow__dog-and-cat-skin-disease-identification-2__hotspot-90-_jpg.rf.04c8be0409e1fb1090e38ec56b842890.jpg,0
C:\Users\ashis\Desktop\ScanAI\dataset_manager\clean\skin\hotspot\roboflow__dog-and-cat-skin-disease-identification-2__Copy-of-hot_sp_29_jpg.rf.f1959d03d6bdc35b72e796f5fecf8277.jpg,C:\Users\ashis\Desktop\ScanAI\dataset_manager\clean\skin\hotspot\roboflow__dog-and-cat-skin-disease-identification-2__hotspot-90-_jpg.rf.c366276c9f012f0f70d36b1d525d5ee1.jpg,0
C:\Users\ashis\Desktop\ScanAI\dataset_manager\clean\skin\hotspot\roboflow__dog-and-cat-skin-disease-identification-2__Copy-of-hot_sp_29_jpg.rf.f1959d03d6bdc35b72e796f5fecf8277.jpg,C:\Users\ashis\Desktop\ScanAI\dataset_manager\clean\skin\hotspot\roboflow__dog-and-cat-skin-disease-identification-2__preprocessed_HOTSPOT_038_jpg.rf.06face45ee2896bd7ea2d4e8f52044f7.jpg,0
C:\Users\ashis\Desktop\ScanAI\dataset_manager\clean\skin\hotspot\roboflow__dog-and-cat-skin-disease-identification-2__Copy-of-hot_sp_2_jpg.rf.45e7d5569fc9e6d4d0adaa7c605610fc.jpg,C:\Users\ashis\Desktop\ScanAI\dataset_manager\clean\skin\hotspot\roboflow__dog-and-cat-skin-disease-identification-2__hotspot-12-_jpg.rf.deb79244923a00ff17974e3187507527.jpg,2
C:\Users\ashis\Desktop\ScanAI\dataset_manager\clean\skin\hotspot\roboflow__dog-and-cat-skin-disease-identification-2__Copy-of-hot_sp_2_jpg.rf.45e7d5569fc9e6d4d0adaa7c605610fc.jpg,C:\Users\ashis\Desktop\ScanAI\dataset_manager\clean\skin\hotspot\roboflow__dog-and-cat-skin-disease-identification-2__hotspot-9-_jpg.rf.f65e4cd18bc678a6239c79a008ae29df.jpg,2
C:\Users\ashis\Desktop\ScanAI\dataset_manager\clean\skin\hotspot\roboflow__dog-and-cat-skin-disease-identification-2__Copy-of-hot_sp_2_jpg.rf.45e7d5569fc9e6d4d0adaa7c605610fc.jpg,C:\Users\ashis\Desktop\ScanAI\dataset_manager\clean\skin\hotspot\roboflow__dog-and-cat-skin-disease-identification-2__preprocessed_HOTSPOT_037_jpg.rf.52c64a1d29d5a5a98f4bcc219f541fe4.jpg,0
C:\Users\ashis\Desktop\ScanAI\dataset_manager\clean\skin\hotspot\roboflow__dog-and-cat-skin-disease-identification-2__Copy-of-hot_sp_2_jpg.rf.45e7d5569fc9e6d4d0adaa7c605610fc.jpg,C:\Users\ashis\Desktop\ScanAI\dataset_manager\clean\skin\pyoderma\roboflow__dog-and-cat-skin-disease-identification-2__bacterial_178_jpg.rf.72b117ddc067194cc4326154bcc2088c.jpg,2
C:\Users\ashis\Desktop\ScanAI\dataset_manager\clean\skin\hotspot\roboflow__dog-and-cat-skin-disease-identification-2__Copy-of-hot_sp_2_jpg.rf.45e7d5569fc9e6d4d0adaa7c605610fc.jpg,C:\Users\ashis\Desktop\ScanAI\dataset_manager\clean\skin\pyoderma\roboflow__dog-and-cat-skin-disease-identification-2__bacterial_289_jpg.rf.ba7753724c152be4300245d7c9d15ef0.jpg,0
C:\Users\ashis\Desktop\ScanAI\dataset_manager\clean\skin\hotspot\roboflow__dog-and-cat-skin-disease-identification-2__Copy-of-hot_sp_30_jpg.rf.ce10f979ba64a152477802c95162f963.jpg,C:\Users\ashis\Desktop\ScanAI\dataset_manager\clean\skin\hotspot\roboflow__dog-and-cat-skin-disease-identification-2__hotspot-112-_jpg.rf.b8f273bce53aa377ea404755a5e0e016.jpg,0
C:\Users\ashis\Desktop\ScanAI\dataset_manager\clean\skin\hotspot\roboflow__dog-and-cat-skin-disease-identification-2__Copy-of-hot_sp_30_jpg.rf.ce10f979ba64a152477802c95162f963.jpg,C:\Users\ashis\Desktop\ScanAI\dataset_manager\clean\skin\hotspot\roboflow__dog-and-cat-skin-disease-identification-2__hotspot-92-_jpg.rf.f459690139856c2896ef542e07950db1.jpg,0
C:\Users\ashis\Desktop\ScanAI\dataset_manager\clean\skin\hotspot\roboflow__dog-and-cat-skin-disease-identification-2__Copy-of-hot_sp_30_jpg.rf.ce10f979ba64a152477802c95162f963.jpg,C:\Users\ashis\Desktop\ScanAI\dataset_manager\clean\skin\hotspot\roboflow__dog-and-cat-skin-disease-identification-2__hotspot-92-_jpg.rf.f62c39864b64be85c8b9203816ac1c82.jpg,0
C:\Users\ashis\Desktop\ScanAI\dataset_manager\clean\skin\hotspot\roboflow__dog-and-cat-skin-disease-identification-2__Copy-of-hot_sp_30_jpg.rf.ce10f979ba64a152477802c95162f963.jpg,C:\Users\ashis\Desktop\ScanAI\dataset_manager\clean\skin\hotspot\roboflow__dog-and-cat-skin-disease-identification-2__preprocessed_HOTSPOT_039_jpg.rf.08d54d3a9949f4d1d2e77338121d9d54.jpg,0
C:\Users\ashis\Desktop\ScanAI\dataset_manager\clean\skin\hotspot\roboflow__dog-and-cat-skin-disease-identification-2__Copy-of-hot_sp_30_jpg.rf.ce10f979ba64a152477802c95162f963.jpg,C:\Users\ashis\Desktop\ScanAI\dataset_manager\clean\skin\pyoderma\roboflow__dog-and-cat-skin-disease-identification-2__bacterial_229_jpg.rf.8b14d5f03bf55261d4c6dccebb3914e1.jpg,0
C:\Users\ashis\Desktop\ScanAI\dataset_manager\clean\skin\hotspot\roboflow__dog-and-cat-skin-disease-identification-2__Copy-of-hot_sp_30_jpg.rf.ce10f979ba64a152477802c95162f963.jpg,C:\Users\ashis\Desktop\ScanAI\dataset_manager\clean\skin\pyoderma\roboflow__dog-and-cat-skin-disease-identification-2__bacterial_291_jpg.rf.a69eadc56c1dca9ac1a82c9b15c4532c.jpg,0
C:\Users\ashis\Desktop\ScanAI\dataset_manager\clean\skin\hotspot\roboflow__dog-and-cat-skin-disease-identification-2__Copy-of-hot_sp_31_jpg.rf.1cd097770f31d9c47332d17bd38c5b7b.jpg,C:\Users\ashis\Desktop\ScanAI\dataset_manager\clean\skin\hotspot\roboflow__dog-and-cat-skin-disease-identification-2__hotspot-115-_jpg.rf.527de0a701ccbe01cdc9b91b769178cf.jpg,0
C:\Users\ashis\Desktop\ScanAI\dataset_manager\clean\skin\hotspot\roboflow__dog-and-cat-skin-disease-identification-2__Copy-of-hot_sp_31_jpg.rf.1cd097770f31d9c47332d17bd38c5b7b.jpg,C:\Users\ashis\Desktop\ScanAI\dataset_manager\clean\skin\hotspot\roboflow__dog-and-cat-skin-disease-identification-2__hotspot-95-_jpg.rf.5054a543ed04c102a16d5f0caf7c8856.jpg,0
C:\Users\ashis\Desktop\ScanAI\dataset_manager\clean\skin\hotspot\roboflow__dog-and-cat-skin-disease-identification-2__Copy-of-hot_sp_31_jpg.rf.1cd097770f31d9c47332d17bd38c5b7b.jpg,C:\Users\ashis\Desktop\ScanAI\dataset_manager\clean\skin\hotspot\roboflow__dog-and-cat-skin-disease-identification-2__hotspot-95-_jpg.rf.710b9bfd905775e1273c746ad09acb17.jpg,0
C:\Users\ashis\Desktop\ScanAI\dataset_manager\clean\skin\hotspot\roboflow__dog-and-cat-skin-disease-identification-2__Copy-of-hot_sp_31_jpg.rf.1cd097770f31d9c47332d17bd38c5b7b.jpg,C:\Users\ashis\Desktop\ScanAI\dataset_manager\clean\skin\hotspot\roboflow__dog-and-cat-skin-disease-identification-2__preprocessed_HOTSPOT_040_jpg.rf.e1dece50f6d5ceaf080d566ef532e536.jpg,0
C:\Users\ashis\Desktop\ScanAI\dataset_manager\clean\skin\hotspot\roboflow__dog-and-cat-skin-disease-identification-2__Copy-of-hot_sp_31_jpg.rf.1cd097770f31d9c47332d17bd38c5b7b.jpg,C:\Users\ashis\Desktop\ScanAI\dataset_manager\clean\skin\pyoderma\roboflow__dog-and-cat-skin-disease-identification-2__bacterial_236_jpg.rf.fe996b05466f3ce46b1b1b32a1ed88b5.jpg,0
C:\Users\ashis\Desktop\ScanAI\dataset_manager\clean\skin\hotspot\roboflow__dog-and-cat-skin-disease-identification-2__Copy-of-hot_sp_31_jpg.rf.1cd097770f31d9c47332d17bd38c5b7b.jpg,C:\Users\ashis\Desktop\ScanAI\dataset_manager\clean\skin\ringworm\roboflow__dog-and-cat-skin-disease-identification-2__1000010566_x16_jpg.rf.f766c96ecc135e7ee0bcf012c090a409.jpg,0
C:\Users\ashis\Desktop\ScanAI\dataset_manager\clean\skin\hotspot\roboflow__dog-and-cat-skin-disease-identification-2__Copy-of-hot_sp_3_jpg.rf.d78d503d31956f9793bd4d72bce6e84c.jpg,C:\Users\ashis\Desktop\ScanAI\dataset_manager\clean\skin\hotspot\roboflow__dog-and-cat-skin-disease-identification-2__hotspot-11-_jpg.rf.170c1f5c9cda1f371bb6a522b6001555.jpg,0
C:\Users\ashis\Desktop\ScanAI\dataset_manager\clean\skin\hotspot\roboflow__dog-and-cat-skin-disease-identification-2__Copy-of-hot_sp_3_jpg.rf.d78d503d31956f9793bd4d72bce6e84c.jpg,C:\Users\ashis\Desktop\ScanAI\dataset_manager\clean\skin\hotspot\roboflow__dog-and-cat-skin-disease-identification-2__hotspot-11-_jpg.rf.20a7fee55df3ed1b0d90ca1e2fa66010.jpg,0
C:\Users\ashis\Desktop\ScanAI\dataset_manager\clean\skin\hotspot\roboflow__dog-and-cat-skin-disease-identification-2__Copy-of-hot_sp_3_jpg.rf.d78d503d31956f9793bd4d72bce6e84c.jpg,C:\Users\ashis\Desktop\ScanAI\dataset_manager\clean\skin\hotspot\roboflow__dog-and-cat-skin-disease-identification-2__hotspot-11-_jpg.rf.750bb014eca4f7ca1928539618f49c07.jpg,0
C:\Users\ashis\Desktop\ScanAI\dataset_manager\clean\skin\hotspot\roboflow__dog-and-cat-skin-disease-identification-2__Copy-of-hot_sp_3_jpg.rf.d78d503d31956f9793bd4d72bce6e84c.jpg,C:\Users\ashis\Desktop\ScanAI\dataset_manager\clean\skin\hotspot\roboflow__dog-and-cat-skin-disease-identification-2__preprocessed_HOTSPOT_045_jpg.rf.4e08a0fea328757d1d4205af9c488146.jpg,0
C:\Users\ashis\Desktop\ScanAI\dataset_manager\clean\skin\hotspot\roboflow__dog-and-cat-skin-disease-identification-2__Copy-of-hot_sp_3_jpg.rf.d78d503d31956f9793bd4d72bce6e84c.jpg,C:\Users\ashis\Desktop\ScanAI\dataset_manager\clean\skin\pyoderma\roboflow__dog-and-cat-skin-disease-identification-2__bacterial_306_jpg.rf.7280c5be620a8ba3e66e6ddead863dc2.jpg,0
C:\Users\ashis\Desktop\ScanAI\dataset_manager\clean\skin\hotspot\roboflow__dog-and-cat-skin-disease-identification-2__Copy-of-hot_sp_3_jpg.rf.d78d503d31956f9793bd4d72bce6e84c.jpg,C:\Users\ashis\Desktop\ScanAI\dataset_manager\clean\skin\pyoderma\roboflow__dog-and-cat-skin-disease-identification-2__bacterial_97_jpg.rf.8dd4ce84c5264431ec20510fdec8ad50.jpg,0
C:\Users\ashis\Desktop\ScanAI\dataset_manager\clean\skin\hotspot\roboflow__dog-and-cat-skin-disease-identification-2__Copy-of-hot_sp_3_jpg.rf.d78d503d31956f9793bd4d72bce6e84c.jpg,C:\Users\ashis\Desktop\ScanAI\dataset_manager\clean\skin\pyoderma\roboflow__dog-and-cat-skin-disease-identification-2__bacterial_derm_6_jpg.rf.81ea9d919ce5f608f3070a879fdd34c1.jpg,0
C:\Users\ashis\Desktop\ScanAI\dataset_manager\clean\skin\hotspot\roboflow__dog-and-cat-skin-disease-identification-2__Copy-of-hot_sp_4_jpg.rf.722e83a296386154c1f7c403bf1a76eb.jpg,C:\Users\ashis\Desktop\ScanAI\dataset_manager\clean\skin\hotspot\roboflow__dog-and-cat-skin-disease-identification-2__hotspot-15-_jpg.rf.65512e7e557af99c5cf28de0908dc308.jpg,0
C:\Users\ashis\Desktop\ScanAI\dataset_manager\clean\skin\hotspot\roboflow__dog-and-cat-skin-disease-identification-2__Copy-of-hot_sp_4_jpg.rf.722e83a296386154c1f7c403bf1a76eb.jpg,C:\Users\ashis\Desktop\ScanAI\dataset_manager\clean\skin\hotspot\roboflow__dog-and-cat-skin-disease-identification-2__hotspot-15-_jpg.rf.65d7046d3232d7b9e9d1dd8feda0ae4d.jpg,0
C:\Users\ashis\Desktop\ScanAI\dataset_manager\clean\skin\hotspot\roboflow__dog-and-cat-skin-disease-identification-2__Copy-of-hot_sp_4_jpg.rf.722e83a296386154c1f7c403bf1a76eb.jpg,C:\Users\ashis\Desktop\ScanAI\dataset_manager\clean\skin\hotspot\roboflow__dog-and-cat-skin-disease-identification-2__preprocessed_HOTSPOT_011_jpg.rf.e9f2f506582904bb1e9911ea9bfb498f.jpg,0
C:\Users\ashis\Desktop\ScanAI\dataset_manager\clean\skin\hotspot\roboflow__dog-and-cat-skin-disease-identification-2__Copy-of-hot_sp_5_jpg.rf.f93556fb665ea03e1cf18332b310990b.jpg,C:\Users\ashis\Desktop\ScanAI\dataset_manager\clean\skin\hotspot\roboflow__dog-and-cat-skin-disease-identification-2__hotspot-18-_jpg.rf.ac31a077f2e8bb6fe3e78f6871badf45.jpg,0
C:\Users\ashis\Desktop\ScanAI\dataset_manager\clean\skin\hotspot\roboflow__dog-and-cat-skin-disease-identification-2__Copy-of-hot_sp_5_jpg.rf.f93556fb665ea03e1cf18332b310990b.jpg,C:\Users\ashis\Desktop\ScanAI\dataset_manager\clean\skin\hotspot\roboflow__dog-and-cat-skin-disease-identification-2__hotspot-18-_jpg.rf.b632a5e658145cf46984ce1770fb4099.jpg,0
C:\Users\ashis\Desktop\ScanAI\dataset_manager\clean\skin\hotspot\roboflow__dog-and-cat-skin-disease-identification-2__Copy-of-hot_sp_5_jpg.rf.f93556fb665ea03e1cf18332b310990b.jpg,C:\Users\ashis\Desktop\ScanAI\dataset_manager\clean\skin\pyoderma\roboflow__dog-and-cat-skin-disease-identification-2__bacterial_180_jpg.rf.a63fb9365b317fdc783b7b00fbd6d1d8.jpg,0
C:\Users\ashis\Desktop\ScanAI\dataset_manager\clean\skin\hotspot\roboflow__dog-and-cat-skin-disease-identification-2__Copy-of-hot_sp_6_jpg.rf.c0e1a505ac30d57c8793e97cb3164d2c.jpg,C:\Users\ashis\Desktop\ScanAI\dataset_manager\clean\skin\hotspot\roboflow__dog-and-cat-skin-disease-identification-2__hotspot-19-_jpg.rf.3412a2f0c6c8a20e4b0aac2e6a83ac3b.jpg,0
C:\Users\ashis\Desktop\ScanAI\dataset_manager\clean\skin\hotspot\roboflow__dog-and-cat-skin-disease-identification-2__Copy-of-hot_sp_6_jpg.rf.c0e1a505ac30d57c8793e97cb3164d2c.jpg,C:\Users\ashis\Desktop\ScanAI\dataset_manager\clean\skin\hotspot\roboflow__dog-and-cat-skin-disease-identification-2__hotspot-19-_jpg.rf.6904753875a7a945532c0b10b39d2d58.jpg,0
C:\Users\ashis\Desktop\ScanAI\dataset_manager\clean\skin\hotspot\roboflow__dog-and-cat-skin-disease-identification-2__Copy-of-hot_sp_6_jpg.rf.c0e1a505ac30d57c8793e97cb3164d2c.jpg,C:\Users\ashis\Desktop\ScanAI\dataset_manager\clean\skin\hotspot\roboflow__dog-and-cat-skin-disease-identification-2__hotspot-24-_jpg.rf.72c7354b789cf1de9f17fafef1271aa4.jpg,0
C:\Users\ashis\Desktop\ScanAI\dataset_manager\clean\skin\hotspot\roboflow__dog-and-cat-skin-disease-identification-2__Copy-of-hot_sp_6_jpg.rf.c0e1a505ac30d57c8793e97cb3164d2c.jpg,C:\Users\ashis\Desktop\ScanAI\dataset_manager\clean\skin\hotspot\roboflow__dog-and-cat-skin-disease-identification-2__preprocessed_HOTSPOT_013_jpg.rf.bbf6786b0432b36c8b699e2ece3a2955.jpg,0
C:\Users\ashis\Desktop\ScanAI\dataset_manager\clean\skin\hotspot\roboflow__dog-and-cat-skin-disease-identification-2__Copy-of-hot_sp_7_jpg.rf.efe499b8920ae876023c23a6410a4cb6.jpg,C:\Users\ashis\Desktop\ScanAI\dataset_manager\clean\skin\hotspot\roboflow__dog-and-cat-skin-disease-identification-2__hotspot-22-_jpg.rf.2a44f9d57241411b9d0e64cd89417036.jpg,2
C:\Users\ashis\Desktop\ScanAI\dataset_manager\clean\skin\hotspot\roboflow__dog-and-cat-skin-disease-identification-2__Copy-of-hot_sp_7_jpg.rf.efe499b8920ae876023c23a6410a4cb6.jpg,C:\Users\ashis\Desktop\ScanAI\dataset_manager\clean\skin\hotspot\roboflow__dog-and-cat-skin-disease-identification-2__preprocessed_HOTSPOT_014_jpg.rf.a3042156aea0930bb2ec59677c80d900.jpg,2
C:\Users\ashis\Desktop\ScanAI\dataset_manager\clean\skin\hotspot\roboflow__dog-and-cat-skin-disease-identification-2__Copy-of-hot_sp_8_jpg.rf.e966cc1b3dd1aad3a43065303844aad6.jpg,C:\Users\ashis\Desktop\ScanAI\dataset_manager\clean\skin\hotspot\roboflow__dog-and-cat-skin-disease-identification-2__hotspot-25-_jpg.rf.2ae66f488acffc474de53a2dab0cc489.jpg,0
C:\Users\ashis\Desktop\ScanAI\dataset_manager\clean\skin\hotspot\roboflow__dog-and-cat-skin-disease-identification-2__Copy-of-hot_sp_8_jpg.rf.e966cc1b3dd1aad3a43065303844aad6.jpg,C:\Users\ashis\Desktop\ScanAI\dataset_manager\clean\skin\hotspot\roboflow__dog-and-cat-skin-disease-identification-2__hotspot-25-_jpg.rf.4cda0984359147a57d3f4836179d1c32.jpg,0
C:\Users\ashis\Desktop\ScanAI\dataset_manager\clean\skin\hotspot\roboflow__dog-and-cat-skin-disease-identification-2__Copy-of-hot_sp_8_jpg.rf.e966cc1b3dd1aad3a43065303844aad6.jpg,C:\Users\ashis\Desktop\ScanAI\dataset_manager\clean\skin\hotspot\roboflow__dog-and-cat-skin-disease-identification-2__hotspot-25-_jpg.rf.d5b175eaccd38d7933b25d7f6e0e75a9.jpg,0
C:\Users\ashis\Desktop\ScanAI\dataset_manager\clean\skin\hotspot\roboflow__dog-and-cat-skin-disease-identification-2__Copy-of-hot_sp_8_jpg.rf.e966cc1b3dd1aad3a43065303844aad6.jpg,C:\Users\ashis\Desktop\ScanAI\dataset_manager\clean\skin\hotspot\roboflow__dog-and-cat-skin-disease-identification-2__preprocessed_HOTSPOT_015_jpg.rf.7d9ea7a3dc56b13e8db8948c5d8339f9.jpg,0
C:\Users\ashis\Desktop\ScanAI\dataset_manager\clean\skin\hotspot\roboflow__dog-and-cat-skin-disease-identification-2__Copy-of-hot_sp_8_jpg.rf.e966cc1b3dd1aad3a43065303844aad6.jpg,C:\Users\ashis\Desktop\ScanAI\dataset_manager\clean\skin\pyoderma\roboflow__dog-and-cat-skin-disease-identification-2__bacterial_183_jpg.rf.e2b9d2a0036b2a6b49b992f0c897d54c.jpg,0
C:\Users\ashis\Desktop\ScanAI\dataset_manager\clean\skin\hotspot\roboflow__dog-and-cat-skin-disease-identification-2__Copy-of-hot_sp_8_jpg.rf.e966cc1b3dd1aad3a43065303844aad6.jpg,C:\Users\ashis\Desktop\ScanAI\dataset_manager\clean\skin\pyoderma\roboflow__dog-and-cat-skin-disease-identification-2__bacterial_264_jpg.rf.c03d878e2530aec9ada052f8268a3f65.jpg,0
C:\Users\ashis\Desktop\ScanAI\dataset_manager\clean\skin\hotspot\roboflow__dog-and-cat-skin-disease-identification-2__Copy-of-hot_sp_8_jpg.rf.e966cc1b3dd1aad3a43065303844aad6.jpg,C:\Users\ashis\Desktop\ScanAI\dataset_manager\clean\skin\pyoderma\roboflow__dog-and-cat-skin-disease-identification-2__bacterial_derm_34_jpg.rf.3b10703a9ba597586cab6cd3a1c1f62d.jpg,0
C:\Users\ashis\Desktop\ScanAI\dataset_manager\clean\skin\hotspot\roboflow__dog-and-cat-skin-disease-identification-2__Copy-of-hot_sp_9_jpg.rf.ea4955897b381f4ca9f69ebb8e46ea1d.jpg,C:\Users\ashis\Desktop\ScanAI\dataset_manager\clean\skin\hotspot\roboflow__dog-and-cat-skin-disease-identification-2__hotspot-30-_jpg.rf.0b34a0512f5ff6c317cc48cbe2eb052e.jpg,2
C:\Users\ashis\Desktop\ScanAI\dataset_manager\clean\skin\hotspot\roboflow__dog-and-cat-skin-disease-identification-2__Copy-of-hot_sp_9_jpg.rf.ea4955897b381f4ca9f69ebb8e46ea1d.jpg,C:\Users\ashis\Desktop\ScanAI\dataset_manager\clean\skin\hotspot\roboflow__dog-and-cat-skin-disease-identification-2__hotspot-30-_jpg.rf.304fb410b90ce0b0065243333c8cd230.jpg,0
C:\Users\ashis\Desktop\ScanAI\dataset_manager\clean\skin\hotspot\roboflow__dog-and-cat-skin-disease-identification-2__Copy-of-hot_sp_9_jpg.rf.ea4955897b381f4ca9f69ebb8e46ea1d.jpg,C:\Users\ashis\Desktop\ScanAI\dataset_manager\clean\skin\hotspot\roboflow__dog-and-cat-skin-disease-identification-2__preprocessed_HOTSPOT_016_jpg.rf.14a6e90e3cc426832ef94bd94d7b4431.jpg,2
C:\Users\ashis\Desktop\ScanAI\dataset_manager\clean\skin\hotspot\roboflow__dog-and-cat-skin-disease-identification-2__Copy-of-hot_sp_9_jpg.rf.ea4955897b381f4ca9f69ebb8e46ea1d.jpg,C:\Users\ashis\Desktop\ScanAI\dataset_manager\clean\skin\pyoderma\roboflow__dog-and-cat-skin-disease-identification-2__bacterial_266_jpg.rf.084e7987292e41bc972a9c2ba95b6506.jpg,0
C:\Users\ashis\Desktop\ScanAI\dataset_manager\clean\skin\hotspot\roboflow__dog-and-cat-skin-disease-identification-2__Copy-of-hot_sp_9_jpg.rf.ea4955897b381f4ca9f69ebb8e46ea1d.jpg,C:\Users\ashis\Desktop\ScanAI\dataset_manager\clean\skin\pyoderma\roboflow__dog-and-cat-skin-disease-identification-2__bacterial_derm_37_jpg.rf.6d3340a9ea7b5419968fd53ec34c1beb.jpg,2
C:\Users\ashis\Desktop\ScanAI\dataset_manager\clean\skin\hotspot\roboflow__dog-and-cat-skin-disease-identification-2__Copy-of-hot_sp_9_jpg.rf.ea4955897b381f4ca9f69ebb8e46ea1d.jpg,C:\Users\ashis\Desktop\ScanAI\dataset_manager\clean\skin\ringworm\roboflow__dog-and-cat-skin-disease-identification-2__hotspot-30-_jpg.rf.e884703028ce80effa3060aa83ba710d.jpg,2
C:\Users\ashis\Desktop\ScanAI\dataset_manager\clean\skin\hotspot\roboflow__dog-and-cat-skin-disease-identification-2__dfzg_jpg.rf.d84d1916fc3def4dd5a559d0268e58a0.jpg,C:\Users\ashis\Desktop\ScanAI\dataset_manager\clean\skin\pyoderma\roboflow__dog-and-cat-skin-disease-identification-2__dfzg_jpg.rf.3583af228d182252ef03f631895de557.jpg,2
C:\Users\ashis\Desktop\ScanAI\dataset_manager\clean\skin\hotspot\roboflow__dog-and-cat-skin-disease-identification-2__Dog-hot-spot_jpg.rf.355a875da54358607972f61a4d783823.jpg,C:\Users\ashis\Desktop\ScanAI\dataset_manager\clean\skin\hotspot\roboflow__dog-and-cat-skin-disease-identification-2__hotspot-106-_jpg.rf.09fc0e1b3ecc0264385685c6fafca924.jpg,0
C:\Users\ashis\Desktop\ScanAI\dataset_manager\clean\skin\hotspot\roboflow__dog-and-cat-skin-disease-identification-2__Dog-hot-spot_jpg.rf.355a875da54358607972f61a4d783823.jpg,C:\Users\ashis\Desktop\ScanAI\dataset_manager\clean\skin\hotspot\roboflow__dog-and-cat-skin-disease-identification-2__hotspot-86-_jpg.rf.7dadf64027d1c9fd1d0138d2de353488.jpg,0
C:\Users\ashis\Desktop\ScanAI\dataset_manager\clean\skin\hotspot\roboflow__dog-and-cat-skin-disease-identification-2__Dog-hot-spot_jpg.rf.355a875da54358607972f61a4d783823.jpg,C:\Users\ashis\Desktop\ScanAI\dataset_manager\clean\skin\hotspot\roboflow__dog-and-cat-skin-disease-identification-2__preprocessed_HOTSPOT_036_jpg.rf.13ebf611b0e8eeb3b9d58996c9355b4a.jpg,0
C:\Users\ashis\Desktop\ScanAI\dataset_manager\clean\skin\hotspot\roboflow__dog-and-cat-skin-disease-identification-2__Dog-hot-spot_jpg.rf.355a875da54358607972f61a4d783823.jpg,C:\Users\ashis\Desktop\ScanAI\dataset_manager\clean\skin\pyoderma\roboflow__dog-and-cat-skin-disease-identification-2__bacterial_226_jpg.rf.4a4c9a89ea436f0d1c46b2fe8a1ad011.jpg,0
C:\Users\ashis\Desktop\ScanAI\dataset_manager\clean\skin\hotspot\roboflow__dog-and-cat-skin-disease-identification-2__Dog-hot-spot_jpg.rf.355a875da54358607972f61a4d783823.jpg,C:\Users\ashis\Desktop\ScanAI\dataset_manager\clean\skin\pyoderma\roboflow__dog-and-cat-skin-disease-identification-2__bacterial_286_jpg.rf.6bafc9103db10fac9cb62920dfe747af.jpg,0
C:\Users\ashis\Desktop\ScanAI\dataset_manager\clean\skin\hotspot\roboflow__dog-and-cat-skin-disease-identification-2__fly_strike_dermatitis_in_dogs_4935_6_600_jpg.rf.4933cc8be62042f7b24ac35cd0b41aae.jpg,C:\Users\ashis\Desktop\ScanAI\dataset_manager\clean\skin\pyoderma\roboflow__dog-and-cat-skin-disease-identification-2__fly_strike_dermatitis_in_dogs_4935_6_600_jpg.rf.ff4de4d3bcc7cd428af5d38cd76dc3b6.jpg,0
C:\Users\ashis\Desktop\ScanAI\dataset_manager\clean\skin\hotspot\roboflow__dog-and-cat-skin-disease-identification-2__folliculitis-two-spiegel_jpg.rf.56e9a5d4798bd95fd45342d6aec76268.jpg,C:\Users\ashis\Desktop\ScanAI\dataset_manager\clean\skin\pyoderma\roboflow__dog-and-cat-skin-disease-identification-2__bacterial_115_jpg.rf.5ce7437e29d0674ba361099009980c64.jpg,0
C:\Users\ashis\Desktop\ScanAI\dataset_manager\clean\skin\hotspot\roboflow__dog-and-cat-skin-disease-identification-2__folliculitis-two-spiegel_jpg.rf.56e9a5d4798bd95fd45342d6aec76268.jpg,C:\Users\ashis\Desktop\ScanAI\dataset_manager\clean\skin\pyoderma\roboflow__dog-and-cat-skin-disease-identification-2__folliculitis-two-spiegel_jpg.rf.98e51ee64543f4bf39e92c2d799ef82a.jpg,0
C:\Users\ashis\Desktop\ScanAI\dataset_manager\clean\skin\hotspot\roboflow__dog-and-cat-skin-disease-identification-2__food_allergy_dermatitis_4935_5_600_jpg.rf.5c0983159e289de652667da19aa65d35.jpg,C:\Users\ashis\Desktop\ScanAI\dataset_manager\clean\skin\pyoderma\roboflow__dog-and-cat-skin-disease-identification-2__food_allergy_dermatitis_4935_5_600_jpg.rf.4a56c3820d9fa5991743affea4d1f21f.jpg,0
C:\Users\ashis\Desktop\ScanAI\dataset_manager\clean\skin\hotspot\roboflow__dog-and-cat-skin-disease-identification-2__fungal_dermatitis_4935_11_600_webp_jpg.rf.0ecf01e8d568a4120b1bc9f35c6b22e4.jpg,C:\Users\ashis\Desktop\ScanAI\dataset_manager\clean\skin\pyoderma\roboflow__dog-and-cat-skin-disease-identification-2__fungal_dermatitis_4935_11_600_webp.rf.55a3c2b38be1d7f00c494b2cfd78d40c.jpg,0
C:\Users\ashis\Desktop\ScanAI\dataset_manager\clean\skin\hotspot\roboflow__dog-and-cat-skin-disease-identification-2__fxgh_jpg.rf.5193584174870170e075273d9ae212b3.jpg,C:\Users\ashis\Desktop\ScanAI\dataset_manager\clean\skin\pyoderma\roboflow__dog-and-cat-skin-disease-identification-2__fxgh_jpg.rf.ed702be165d2716a777a8bbec1640e6d.jpg,0
C:\Users\ashis\Desktop\ScanAI\dataset_manager\clean\skin\hotspot\roboflow__dog-and-cat-skin-disease-identification-2__hot-spot-dog-paw-sh_1862261590_jpg.rf.08b766874b066d0ebba08581e185f0bf.jpg,C:\Users\ashis\Desktop\ScanAI\dataset_manager\clean\skin\pyoderma\roboflow__dog-and-cat-skin-disease-identification-2__bacterial_116_jpg.rf.25b9723ffae0c6855e4821362c313032.jpg,0
C:\Users\ashis\Desktop\ScanAI\dataset_manager\clean\skin\hotspot\roboflow__dog-and-cat-skin-disease-identification-2__hot-spot-dog-paw-sh_1862261590_jpg.rf.08b766874b066d0ebba08581e185f0bf.jpg,C:\Users\ashis\Desktop\ScanAI\dataset_manager\clean\skin\pyoderma\roboflow__dog-and-cat-skin-disease-identification-2__hot-spot-dog-paw-sh_1862261590_jpg.rf.8f6b88385a86ad8b24892bc4b0a24da1.jpg,0
C:\Users\ashis\Desktop\ScanAI\dataset_manager\clean\skin\hotspot\roboflow__dog-and-cat-skin-disease-identification-2__HOT-SPOT-IN-DOG-HOW-vet-treated-symptom-prevention_-flea-bite-moist-eczema_dog-itching-000148_png_jpg.rf.b25a822aee10100e41410df01411bf31.jpg,C:\Users\ashis\Desktop\ScanAI\dataset_manager\clean\skin\pyoderma\roboflow__dog-and-cat-skin-disease-identification-2__bacterial_118_jpg.rf.b97a30bda61dc84bcc93cc432b4a8094.jpg,0
C:\Users\ashis\Desktop\ScanAI\dataset_manager\clean\skin\hotspot\roboflow__dog-and-cat-skin-disease-identification-2__HOT-SPOT-IN-DOG-HOW-vet-treated-symptom-prevention_-flea-bite-moist-eczema_dog-itching-000148_png_jpg.rf.b25a822aee10100e41410df01411bf31.jpg,C:\Users\ashis\Desktop\ScanAI\dataset_manager\clean\skin\ringworm\roboflow__dog-and-cat-skin-disease-identification-2__HOT-SPOT-IN-DOG-HOW-vet-treated-symptom-prevention_-flea-bite-moist-eczema_dog-itching-000148_png_jpg.rf.d4a7742e7d24301c5ef3117261574b68.jpg,0
C:\Users\ashis\Desktop\ScanAI\dataset_manager\clean\skin\hotspot\roboflow__dog-and-cat-skin-disease-identification-2__HOT-SPOT-IN-DOG-HOW-vet-treated-symptom-prevention_-flea-bite-moist-eczema_dog-itching-000152_png_jpg.rf.7bd7cda803e8a37a3bac22ddf54c792a.jpg,C:\Users\ashis\Desktop\ScanAI\dataset_manager\clean\skin\hotspot\roboflow__dog-and-cat-skin-disease-identification-2__HOT-SPOT-IN-DOG-HOW-vet-treated-symptom-prevention_-flea-bite-moist-eczema_dog-itching-000152_png_jpg.rf.b5e8dabf700d32256ab12af639805ee4.jpg,2
C:\Users\ashis\Desktop\ScanAI\dataset_manager\clean\skin\hotspot\roboflow__dog-and-cat-skin-disease-identification-2__HOT-SPOT-IN-DOG-HOW-vet-treated-symptom-prevention_-flea-bite-moist-eczema_dog-itching-000355_png_jpg.rf.9393f6301b0f0fa62b4ac261cb6d1dd3.jpg,C:\Users\ashis\Desktop\ScanAI\dataset_manager\clean\skin\ringworm\roboflow__dog-and-cat-skin-disease-identification-2__HOT-SPOT-IN-DOG-HOW-vet-treated-symptom-prevention_-flea-bite-moist-eczema_dog-itching-000355_png_jpg.rf.f95105e31d734a20bebc8775b13468bc.jpg,0
C:\Users\ashis\Desktop\ScanAI\dataset_manager\clean\skin\hotspot\roboflow__dog-and-cat-skin-disease-identification-2__HOT-SPOT-IN-DOG-HOW-vet-treated-symptom-prevention_-flea-bite-moist-eczema_dog-itching-000359_png_jpg.rf.a23d3cb9e74fcd83fd87539af84d345e.jpg,C:\Users\ashis\Desktop\ScanAI\dataset_manager\clean\skin\ringworm\roboflow__dog-and-cat-skin-disease-identification-2__HOT-SPOT-IN-DOG-HOW-vet-treated-symptom-prevention_-flea-bite-moist-eczema_dog-itching-000359_png_jpg.rf.d83cbbeaf4e5fc28487a66dee8ca685a.jpg,0
C:\Users\ashis\Desktop\ScanAI\dataset_manager\clean\skin\hotspot\roboflow__dog-and-cat-skin-disease-identification-2__HOT-SPOT-IN-DOG-HOW-vet-treated-symptom-prevention_-flea-bite-moist-eczema_dog-itching-000454_png_jpg.rf.207f4d77352a67e7d5f1bbef06e32c31.jpg,C:\Users\ashis\Desktop\ScanAI\dataset_manager\clean\skin\ringworm\roboflow__dog-and-cat-skin-disease-identification-2__HOT-SPOT-IN-DOG-HOW-vet-treated-symptom-prevention_-flea-bite-moist-eczema_dog-itching-000454_png_jpg.rf.9dec88c215369d8b94aed29676cc19bc.jpg,0
C:\Users\ashis\Desktop\ScanAI\dataset_manager\clean\skin\hotspot\roboflow__dog-and-cat-skin-disease-identification-2__HOT-SPOT-IN-DOG-HOW-vet-treated-symptom-prevention_-flea-bite-moist-eczema_dog-itching-000455_png_jpg.rf.0ccf239b80486ed4de373edffabd1aef.jpg,C:\Users\ashis\Desktop\ScanAI\dataset_manager\clean\skin\hotspot\roboflow__dog-and-cat-skin-disease-identification-2__HOT-SPOT-IN-DOG-HOW-vet-treated-symptom-prevention_-flea-bite-moist-eczema_dog-itching-000455_png_jpg.rf.cc0c27ae146ec33e329b4b630fa60931.jpg,4
C:\Users\ashis\Desktop\ScanAI\dataset_manager\clean\skin\hotspot\roboflow__dog-and-cat-skin-disease-identification-2__HOT-SPOT-IN-DOG-HOW-vet-treated-symptom-prevention_-flea-bite-moist-eczema_dog-itching-000455_png_jpg.rf.afa157a7c20c6c8fa4981b05966003b1.jpg,C:\Users\ashis\Desktop\ScanAI\dataset_manager\clean\skin\ringworm\roboflow__dog-and-cat-skin-disease-identification-2__HOT-SPOT-IN-DOG-HOW-vet-treated-symptom-prevention_-flea-bite-moist-eczema_dog-itching-000455_png_jpg.rf.06d1bc9afa6824184ffd34fb40a236a4.jpg,0
C:\Users\ashis\Desktop\ScanAI\dataset_manager\clean\skin\hotspot\roboflow__dog-and-cat-skin-disease-identification-2__HOT-SPOT-IN-DOG-HOW-vet-treated-symptom-prevention_-flea-bite-moist-eczema_dog-itching-000457_png_jpg.rf.35d67a1fb4ba5973e0007b008f2ac577.jpg,C:\Users\ashis\Desktop\ScanAI\dataset_manager\clean\skin\hotspot\roboflow__dog-and-cat-skin-disease-identification-2__HOT-SPOT-IN-DOG-HOW-vet-treated-symptom-prevention_-flea-bite-moist-eczema_dog-itching-000457_png_jpg.rf.af88cad0d190df9b033d4289ad0558ae.jpg,2
C:\Users\ashis\Desktop\ScanAI\dataset_manager\clean\skin\hotspot\roboflow__dog-and-cat-skin-disease-identification-2__HOT-SPOT-IN-DOG-HOW-vet-treated-symptom-prevention_-flea-bite-moist-eczema_dog-itching-000479_png_jpg.rf.3bd85c87865c005e5d98f9c5445d8089.jpg,C:\Users\ashis\Desktop\ScanAI\dataset_manager\clean\skin\hotspot\roboflow__dog-and-cat-skin-disease-identification-2__HOT-SPOT-IN-DOG-HOW-vet-treated-symptom-prevention_-flea-bite-moist-eczema_dog-itching-000479_png_jpg.rf.d18f90ad20629155d4995771d2ede942.jpg,4
C:\Users\ashis\Desktop\ScanAI\dataset_manager\clean\skin\hotspot\roboflow__dog-and-cat-skin-disease-identification-2__HOT-SPOT-IN-DOG-HOW-vet-treated-symptom-prevention_-flea-bite-moist-eczema_dog-itching-000485_png_jpg.rf.3bd77afc5c355a3fae1b68a093e13683.jpg,C:\Users\ashis\Desktop\ScanAI\dataset_manager\clean\skin\hotspot\roboflow__dog-and-cat-skin-disease-identification-2__HOT-SPOT-IN-DOG-HOW-vet-treated-symptom-prevention_-flea-bite-moist-eczema_dog-itching-000486_png_jpg.rf.fbeb2822acc18c4e7249f10cbcfd27cf.jpg,4
C:\Users\ashis\Desktop\ScanAI\dataset_manager\clean\skin\hotspot\roboflow__dog-and-cat-skin-disease-identification-2__HOT-SPOT-IN-DOG-HOW-vet-treated-symptom-prevention_-flea-bite-moist-eczema_dog-itching-000498_png_jpg.rf.575fb693c5d3142cf23eb3e161cc1dbf.jpg,C:\Users\ashis\Desktop\ScanAI\dataset_manager\clean\skin\hotspot\roboflow__dog-and-cat-skin-disease-identification-2__HOT-SPOT-IN-DOG-HOW-vet-treated-symptom-prevention_-flea-bite-moist-eczema_dog-itching-000499_png_jpg.rf.5849c5f28aecfb657062eed1d972f376.jpg,2
C:\Users\ashis\Desktop\ScanAI\dataset_manager\clean\skin\hotspot\roboflow__dog-and-cat-skin-disease-identification-2__HOT-SPOT-IN-DOG-HOW-vet-treated-symptom-prevention_-flea-bite-moist-eczema_dog-itching-000499_png_jpg.rf.21b940d1f4308981ee4dbd6b0a7b893c.jpg,C:\Users\ashis\Desktop\ScanAI\dataset_manager\clean\skin\hotspot\roboflow__dog-and-cat-skin-disease-identification-2__HOT-SPOT-IN-DOG-HOW-vet-treated-symptom-prevention_-flea-bite-moist-eczema_dog-itching-000500_png_jpg.rf.3d27e4099681753bd6be389fb9e52ccd.jpg,2
C:\Users\ashis\Desktop\ScanAI\dataset_manager\clean\skin\hotspot\roboflow__dog-and-cat-skin-disease-identification-2__HOT-SPOT-IN-DOG-HOW-vet-treated-symptom-prevention_-flea-bite-moist-eczema_dog-itching-000499_png_jpg.rf.21b940d1f4308981ee4dbd6b0a7b893c.jpg,C:\Users\ashis\Desktop\ScanAI\dataset_manager\clean\skin\hotspot\roboflow__dog-and-cat-skin-disease-identification-2__HOT-SPOT-IN-DOG-HOW-vet-treated-symptom-prevention_-flea-bite-moist-eczema_dog-itching-000501_png_jpg.rf.2aa66b99944e59c15a2a9cdfb2948136.jpg,4
C:\Users\ashis\Desktop\ScanAI\dataset_manager\clean\skin\hotspot\roboflow__dog-and-cat-skin-disease-identification-2__HOT-SPOT-IN-DOG-HOW-vet-treated-symptom-prevention_-flea-bite-moist-eczema_dog-itching-000500_png_jpg.rf.3d27e4099681753bd6be389fb9e52ccd.jpg,C:\Users\ashis\Desktop\ScanAI\dataset_manager\clean\skin\hotspot\roboflow__dog-and-cat-skin-disease-identification-2__HOT-SPOT-IN-DOG-HOW-vet-treated-symptom-prevention_-flea-bite-moist-eczema_dog-itching-000501_png_jpg.rf.2aa66b99944e59c15a2a9cdfb2948136.jpg,2
C:\Users\ashis\Desktop\ScanAI\dataset_manager\clean\skin\hotspot\roboflow__dog-and-cat-skin-disease-identification-2__HOT-SPOT-IN-DOG-HOW-vet-treated-symptom-prevention_-flea-bite-moist-eczema_dog-itching-000501_png_jpg.rf.72ff419f5ddb25a6b5bec493bb554e71.jpg,C:\Users\ashis\Desktop\ScanAI\dataset_manager\clean\skin\hotspot\roboflow__dog-and-cat-skin-disease-identification-2__HOT-SPOT-IN-DOG-HOW-vet-treated-symptom-prevention_-flea-bite-moist-eczema_dog-itching-000501_png_jpg.rf.c2a429392d902b0a1fdedd275d4a491c.jpg,4
C:\Users\ashis\Desktop\ScanAI\dataset_manager\clean\skin\hotspot\roboflow__dog-and-cat-skin-disease-identification-2__Hot-Spot-on-_Chance_-How-to-treat-a-dog-that-you-can_t-touch_-000613_png_jpg.rf.ad57248c253a8d873d0989b9f37d244c.jpg,C:\Users\ashis\Desktop\ScanAI\dataset_manager\clean\skin\hotspot\roboflow__dog-and-cat-skin-disease-identification-2__Hot-Spot-on-_Chance_-How-to-treat-a-dog-that-you-can_t-touch_-000615_png_jpg.rf.946b8da46398f79b2dca6b5640912c62.jpg,2
C:\Users\ashis\Desktop\ScanAI\dataset_manager\clean\skin\hotspot\roboflow__dog-and-cat-skin-disease-identification-2__Hot-Spot-on-_Chance_-How-to-treat-a-dog-that-you-can_t-touch_-000614_png_jpg.rf.908a6f442b37c455acbc60114670f902.jpg,C:\Users\ashis\Desktop\ScanAI\dataset_manager\clean\skin\hotspot\roboflow__dog-and-cat-skin-disease-identification-2__Hot-Spot-on-_Chance_-How-to-treat-a-dog-that-you-can_t-touch_-000615_png_jpg.rf.182026cf60a090eb63e7fd6eb88ff87a.jpg,2
C:\Users\ashis\Desktop\ScanAI\dataset_manager\clean\skin\hotspot\roboflow__dog-and-cat-skin-disease-identification-2__Hot-Spot-on-_Chance_-How-to-treat-a-dog-that-you-can_t-touch_-000614_png_jpg.rf.908a6f442b37c455acbc60114670f902.jpg,C:\Users\ashis\Desktop\ScanAI\dataset_manager\clean\skin\pyoderma\roboflow__dog-and-cat-skin-disease-identification-2__bacterial_131_jpg.rf.99f614e7e189ea73a49b70f9732e699c.jpg,4
C:\Users\ashis\Desktop\ScanAI\dataset_manager\clean\skin\hotspot\roboflow__dog-and-cat-skin-disease-identification-2__Hot-Spot-on-_Chance_-How-to-treat-a-dog-that-you-can_t-touch_-000614_png_jpg.rf.908a6f442b37c455acbc60114670f902.jpg,C:\Users\ashis\Desktop\ScanAI\dataset_manager\clean\skin\pyoderma\roboflow__dog-and-cat-skin-disease-identification-2__bacterial_135_jpg.rf.72c37a0bba990b46a8fe0612fb0b2fb1.jpg,0
C:\Users\ashis\Desktop\ScanAI\dataset_manager\clean\skin\hotspot\roboflow__dog-and-cat-skin-disease-identification-2__Hot-Spot-on-_Chance_-How-to-treat-a-dog-that-you-can_t-touch_-000614_png_jpg.rf.908a6f442b37c455acbc60114670f902.jpg,C:\Users\ashis\Desktop\ScanAI\dataset_manager\clean\skin\pyoderma\roboflow__dog-and-cat-skin-disease-identification-2__bacterial_137_jpg.rf.81306bf80bec6424930a377c66e460a1.jpg,2
C:\Users\ashis\Desktop\ScanAI\dataset_manager\clean\skin\hotspot\roboflow__dog-and-cat-skin-disease-identification-2__Hot-Spot-on-_Chance_-How-to-treat-a-dog-that-you-can_t-touch_-000615_png_jpg.rf.182026cf60a090eb63e7fd6eb88ff87a.jpg,C:\Users\ashis\Desktop\ScanAI\dataset_manager\clean\skin\pyoderma\roboflow__dog-and-cat-skin-disease-identification-2__bacterial_131_jpg.rf.99f614e7e189ea73a49b70f9732e699c.jpg,4
C:\Users\ashis\Desktop\ScanAI\dataset_manager\clean\skin\hotspot\roboflow__dog-and-cat-skin-disease-identification-2__Hot-Spot-on-_Chance_-How-to-treat-a-dog-that-you-can_t-touch_-000615_png_jpg.rf.182026cf60a090eb63e7fd6eb88ff87a.jpg,C:\Users\ashis\Desktop\ScanAI\dataset_manager\clean\skin\pyoderma\roboflow__dog-and-cat-skin-disease-identification-2__bacterial_135_jpg.rf.72c37a0bba990b46a8fe0612fb0b2fb1.jpg,2
C:\Users\ashis\Desktop\ScanAI\dataset_manager\clean\skin\hotspot\roboflow__dog-and-cat-skin-disease-identification-2__Hot-Spot-on-_Chance_-How-to-treat-a-dog-that-you-can_t-touch_-000615_png_jpg.rf.182026cf60a090eb63e7fd6eb88ff87a.jpg,C:\Users\ashis\Desktop\ScanAI\dataset_manager\clean\skin\pyoderma\roboflow__dog-and-cat-skin-disease-identification-2__bacterial_137_jpg.rf.81306bf80bec6424930a377c66e460a1.jpg,0
C:\Users\ashis\Desktop\ScanAI\dataset_manager\clean\skin\hotspot\roboflow__dog-and-cat-skin-disease-identification-2__Hot-Spot-on-_Chance_-How-to-treat-a-dog-that-you-can_t-touch_-000615_png_jpg.rf.946b8da46398f79b2dca6b5640912c62.jpg,C:\Users\ashis\Desktop\ScanAI\dataset_manager\clean\skin\pyoderma\roboflow__dog-and-cat-skin-disease-identification-2__bacterial_138_jpg.rf.8dad7dad43559a8bbd5bd56f0f747a15.jpg,4
C:\Users\ashis\Desktop\ScanAI\dataset_manager\clean\skin\hotspot\roboflow__dog-and-cat-skin-disease-identification-2__Hot-Spot-on-_Chance_-How-to-treat-a-dog-that-you-can_t-touch_-000617_png_jpg.rf.b9f3eef68c0e636a3d228edbd8ec1261.jpg,C:\Users\ashis\Desktop\ScanAI\dataset_manager\clean\skin\pyoderma\roboflow__dog-and-cat-skin-disease-identification-2__bacterial_144_jpg.rf.a64b45207f206c3044401ec696cd7b07.jpg,0
C:\Users\ashis\Desktop\ScanAI\dataset_manager\clean\skin\hotspot\roboflow__dog-and-cat-skin-disease-identification-2__Hot-Spot-on-_Chance_-How-to-treat-a-dog-that-you-can_t-touch_-000617_png_jpg.rf.b9f3eef68c0e636a3d228edbd8ec1261.jpg,C:\Users\ashis\Desktop\ScanAI\dataset_manager\clean\skin\pyoderma\roboflow__dog-and-cat-skin-disease-identification-2__bacterial_145_jpg.rf.a029d04608a3ee0af2cca303543c0f8a.jpg,4
C:\Users\ashis\Desktop\ScanAI\dataset_manager\clean\skin\hotspot\roboflow__dog-and-cat-skin-disease-identification-2__Hot-Spot-on-_Chance_-How-to-treat-a-dog-that-you-can_t-touch_-000620_png_jpg.rf.ec4319c9fcd724c6d967b8e07e2f5ea9.jpg,C:\Users\ashis\Desktop\ScanAI\dataset_manager\clean\skin\hotspot\roboflow__dog-and-cat-skin-disease-identification-2__Hot-Spot-on-_Chance_-How-to-treat-a-dog-that-you-can_t-touch_-000621_png_jpg.rf.072a3712d880c4d9ca9b051a664caad8.jpg,2
C:\Users\ashis\Desktop\ScanAI\dataset_manager\clean\skin\hotspot\roboflow__dog-and-cat-skin-disease-identification-2__Hot-Spot-on-_Chance_-How-to-treat-a-dog-that-you-can_t-touch_-000620_png_jpg.rf.ec4319c9fcd724c6d967b8e07e2f5ea9.jpg,C:\Users\ashis\Desktop\ScanAI\dataset_manager\clean\skin\pyoderma\roboflow__dog-and-cat-skin-disease-identification-2__bacterial_150_jpg.rf.35cd2cbcde7a835453d6a167a8ddbad4.jpg,4
C:\Users\ashis\Desktop\ScanAI\dataset_manager\clean\skin\hotspot\roboflow__dog-and-cat-skin-disease-identification-2__Hot-Spot-on-_Chance_-How-to-treat-a-dog-that-you-can_t-touch_-000623_png_jpg.rf.ac9f4ea5790fdb544070e8abc0a8edb9.jpg,C:\Users\ashis\Desktop\ScanAI\dataset_manager\clean\skin\pyoderma\roboflow__dog-and-cat-skin-disease-identification-2__bacterial_160_jpg.rf.379886b660b45350c6d6dbad2efaeffa.jpg,4
C:\Users\ashis\Desktop\ScanAI\dataset_manager\clean\skin\hotspot\roboflow__dog-and-cat-skin-disease-identification-2__Hot-Spot-on-_Chance_-How-to-treat-a-dog-that-you-can_t-touch_-000625_png_jpg.rf.13967df7c2a5603fd83bee9ea18531d7.jpg,C:\Users\ashis\Desktop\ScanAI\dataset_manager\clean\skin\pyoderma\roboflow__dog-and-cat-skin-disease-identification-2__bacterial_159_jpg.rf.13a534d6ccfaef998bda0d15f5ef5714.jpg,4
C:\Users\ashis\Desktop\ScanAI\dataset_manager\clean\skin\hotspot\roboflow__dog-and-cat-skin-disease-identification-2__Hot-Spot-on-_Chance_-How-to-treat-a-dog-that-you-can_t-touch_-000625_png_jpg.rf.13967df7c2a5603fd83bee9ea18531d7.jpg,C:\Users\ashis\Desktop\ScanAI\dataset_manager\clean\skin\pyoderma\roboflow__dog-and-cat-skin-disease-identification-2__bacterial_164_jpg.rf.6fd4e34861c2b964ef9ae7d931ac79b4.jpg,2
C:\Users\ashis\Desktop\ScanAI\dataset_manager\clean\skin\hotspot\roboflow__dog-and-cat-skin-disease-identification-2__Hot-Spot-on-_Chance_-How-to-treat-a-dog-that-you-can_t-touch_-000625_png_jpg.rf.13967df7c2a5603fd83bee9ea18531d7.jpg,C:\Users\ashis\Desktop\ScanAI\dataset_manager\clean\skin\pyoderma\roboflow__dog-and-cat-skin-disease-identification-2__bacterial_165_jpg.rf.fa661907536757251c00699b80f0be0f.jpg,0
C:\Users\ashis\Desktop\ScanAI\dataset_manager\clean\skin\hotspot\roboflow__dog-and-cat-skin-disease-identification-2__Hot-Spot-on-_Chance_-How-to-treat-a-dog-that-you-can_t-touch_-000625_png_jpg.rf.13967df7c2a5603fd83bee9ea18531d7.jpg,C:\Users\ashis\Desktop\ScanAI\dataset_manager\clean\skin\pyoderma\roboflow__dog-and-cat-skin-disease-identification-2__bacterial_168_jpg.rf.1d84d33b1f13c3071c0bc7fe6dc39606.jpg,4
C:\Users\ashis\Desktop\ScanAI\dataset_manager\clean\skin\hotspot\roboflow__dog-and-cat-skin-disease-identification-2__hot-spot-sh_jpg.rf.fd80a77ba284aa9f059c566d6670158f.jpg,C:\Users\ashis\Desktop\ScanAI\dataset_manager\clean\skin\pyoderma\roboflow__dog-and-cat-skin-disease-identification-2__bacterial_171_jpg.rf.d27d9b38a5bbe71412376403b5143d20.jpg,0
C:\Users\ashis\Desktop\ScanAI\dataset_manager\clean\skin\hotspot\roboflow__dog-and-cat-skin-disease-identification-2__hot-spot-sh_jpg.rf.fd80a77ba284aa9f059c566d6670158f.jpg,C:\Users\ashis\Desktop\ScanAI\dataset_manager\clean\skin\pyoderma\roboflow__dog-and-cat-skin-disease-identification-2__hot-spot-sh_jpg.rf.d6f0a63cc4939d508893a01418cd9da3.jpg,0
C:\Users\ashis\Desktop\ScanAI\dataset_manager\clean\skin\hotspot\roboflow__dog-and-cat-skin-disease-identification-2__hot-spot-tail-sh_1072961252-300x300_jpg.rf.b4bba0a7b54835928377b36ed08bbe01.jpg,C:\Users\ashis\Desktop\ScanAI\dataset_manager\clean\skin\pyoderma\roboflow__dog-and-cat-skin-disease-identification-2__bacterial_172_jpg.rf.1ac6406bcff067d0fd6d2baba212e8ac.jpg,0
C:\Users\ashis\Desktop\ScanAI\dataset_manager\clean\skin\hotspot\roboflow__dog-and-cat-skin-disease-identification-2__hot-spot-tail-sh_1072961252-300x300_jpg.rf.b4bba0a7b54835928377b36ed08bbe01.jpg,C:\Users\ashis\Desktop\ScanAI\dataset_manager\clean\skin\pyoderma\roboflow__dog-and-cat-skin-disease-identification-2__hot-spot-tail-sh_1072961252-300x300_jpg.rf.fca2b1d7acc2aee528e7d8bc46e8bf10.jpg,0
C:\Users\ashis\Desktop\ScanAI\dataset_manager\clean\skin\hotspot\roboflow__dog-and-cat-skin-disease-identification-2__hot-spots-suck_00028_jpg.rf.9e849271d80e8f0ebb9e08e4e19995ef.jpg,C:\Users\ashis\Desktop\ScanAI\dataset_manager\clean\skin\ringworm\roboflow__dog-and-cat-skin-disease-identification-2__hot-spots-suck_00028_jpg.rf.8d80f2ec6de4a4df453dceacf29c1bed.jpg,0
C:\Users\ashis\Desktop\ScanAI\dataset_manager\clean\skin\hotspot\roboflow__dog-and-cat-skin-disease-identification-2__hot-spots-suck_00043_jpg.rf.f01db288559f323908c5ffb40027dca9.jpg,C:\Users\ashis\Desktop\ScanAI\dataset_manager\clean\skin\ringworm\roboflow__dog-and-cat-skin-disease-identification-2__hot-spots-suck_00043_jpg.rf.f5e2252ebabd8cf73f18bac8702538e9.jpg,0
C:\Users\ashis\Desktop\ScanAI\dataset_manager\clean\skin\hotspot\roboflow__dog-and-cat-skin-disease-identification-2__hot-spots-suck_00103_jpg.rf.8b2e12076f096ef0a251b574045fa0ea.jpg,C:\Users\ashis\Desktop\ScanAI\dataset_manager\clean\skin\ringworm\roboflow__dog-and-cat-skin-disease-identification-2__hot-spots-suck_00103_jpg.rf.1c8d5435a91af197d7c4124fce6f1725.jpg,0
C:\Users\ashis\Desktop\ScanAI\dataset_manager\clean\skin\hotspot\roboflow__dog-and-cat-skin-disease-identification-2__hot-spots-suck_00232_jpg.rf.b3be28079654256a0167bffc071088e8.jpg,C:\Users\ashis\Desktop\ScanAI\dataset_manager\clean\skin\ringworm\roboflow__dog-and-cat-skin-disease-identification-2__hot-spots-suck_00232_jpg.rf.26499a91da82c929b27b322154a911c7.jpg,0
C:\Users\ashis\Desktop\ScanAI\dataset_manager\clean\skin\hotspot\roboflow__dog-and-cat-skin-disease-identification-2__hot-spots-suck_00235_jpg.rf.7062f15cefb4bebbfea8d20cd5772a70.jpg,C:\Users\ashis\Desktop\ScanAI\dataset_manager\clean\skin\ringworm\roboflow__dog-and-cat-skin-disease-identification-2__hot-spots-suck_00235_jpg.rf.13f66d73ce5ac0f9ddca5684ed49b31f.jpg,0
C:\Users\ashis\Desktop\ScanAI\dataset_manager\clean\skin\hotspot\roboflow__dog-and-cat-skin-disease-identification-2__hot-spots-suck_00241_jpg.rf.9af6743d9eca08b1eb1c20a4cfa789c5.jpg,C:\Users\ashis\Desktop\ScanAI\dataset_manager\clean\skin\pyoderma\roboflow__dog-and-cat-skin-disease-identification-2__bacterial_174_jpg.rf.5952c3fa491014114f2a9a487a91e4e1.jpg,2
C:\Users\ashis\Desktop\ScanAI\dataset_manager\clean\skin\hotspot\roboflow__dog-and-cat-skin-disease-identification-2__hot-spots-suck_00310_jpg.rf.89c2e66faa69734bee07aff263556e7f.jpg,C:\Users\ashis\Desktop\ScanAI\dataset_manager\clean\skin\ringworm\roboflow__dog-and-cat-skin-disease-identification-2__hot-spots-suck_00310_jpg.rf.6a353fc80360e264ae4e6a8b181bc24b.jpg,0
C:\Users\ashis\Desktop\ScanAI\dataset_manager\clean\skin\hotspot\roboflow__dog-and-cat-skin-disease-identification-2__hot-spots-suck_00322_jpg.rf.8de2949a5aa7069226e1ec37fb8a7420.jpg,C:\Users\ashis\Desktop\ScanAI\dataset_manager\clean\skin\ringworm\roboflow__dog-and-cat-skin-disease-identification-2__hot-spots-suck_00322_jpg.rf.42b6ac659de8eb57fd255c45defd69a9.jpg,0
C:\Users\ashis\Desktop\ScanAI\dataset_manager\clean\skin\hotspot\roboflow__dog-and-cat-skin-disease-identification-2__hotspot-1-_jpg.rf.f09cf2a2de0ef8c996ba8633008bc5da.jpg,C:\Users\ashis\Desktop\ScanAI\dataset_manager\clean\skin\hotspot\roboflow__dog-and-cat-skin-disease-identification-2__preprocessed_HOTSPOT_010_jpg.rf.11020c3ae482e168fb849dd6d842ed1d.jpg,0
C:\Users\ashis\Desktop\ScanAI\dataset_manager\clean\skin\hotspot\roboflow__dog-and-cat-skin-disease-identification-2__hotspot-1-_jpg.rf.f09cf2a2de0ef8c996ba8633008bc5da.jpg,C:\Users\ashis\Desktop\ScanAI\dataset_manager\clean\skin\pyoderma\roboflow__dog-and-cat-skin-disease-identification-2__bacterial_176_jpg.rf.f5aa7ca0e251ae95bc2e1406564b24df.jpg,2
C:\Users\ashis\Desktop\ScanAI\dataset_manager\clean\skin\hotspot\roboflow__dog-and-cat-skin-disease-identification-2__hotspot-1-_jpg.rf.f09cf2a2de0ef8c996ba8633008bc5da.jpg,C:\Users\ashis\Desktop\ScanAI\dataset_manager\clean\skin\pyoderma\roboflow__dog-and-cat-skin-disease-identification-2__bacterial_261_jpg.rf.812d4e2fe16a5975e7b33924ae367160.jpg,0
C:\Users\ashis\Desktop\ScanAI\dataset_manager\clean\skin\hotspot\roboflow__dog-and-cat-skin-disease-identification-2__hotspot-1-_jpg.rf.f09cf2a2de0ef8c996ba8633008bc5da.jpg,C:\Users\ashis\Desktop\ScanAI\dataset_manager\clean\skin\pyoderma\roboflow__dog-and-cat-skin-disease-identification-2__bacterial_derm_26_jpg.rf.6df360f9c0bd7e2760cb4971bae79609.jpg,2
C:\Users\ashis\Desktop\ScanAI\dataset_manager\clean\skin\hotspot\roboflow__dog-and-cat-skin-disease-identification-2__hotspot-10-_jpg.rf.15835575b7f72ee41e01ee20bf0d23c5.jpg,C:\Users\ashis\Desktop\ScanAI\dataset_manager\clean\skin\hotspot\roboflow__dog-and-cat-skin-disease-identification-2__hotspot-10-_jpg.rf.8f6ae9e756412f34db3548d9ab801763.jpg,0
C:\Users\ashis\Desktop\ScanAI\dataset_manager\clean\skin\hotspot\roboflow__dog-and-cat-skin-disease-identification-2__hotspot-10-_jpg.rf.15835575b7f72ee41e01ee20bf0d23c5.jpg,C:\Users\ashis\Desktop\ScanAI\dataset_manager\clean\skin\hotspot\roboflow__dog-and-cat-skin-disease-identification-2__hotspot-13-_jpg.rf.f6894b97e6e6f721a2e8cc279411b1ee.jpg,0
C:\Users\ashis\Desktop\ScanAI\dataset_manager\clean\skin\hotspot\roboflow__dog-and-cat-skin-disease-identification-2__hotspot-10-_jpg.rf.15835575b7f72ee41e01ee20bf0d23c5.jpg,C:\Users\ashis\Desktop\ScanAI\dataset_manager\clean\skin\pyoderma\roboflow__dog-and-cat-skin-disease-identification-2__bacterial_179_jpg.rf.60a2774d7fe4d65c07571618bd74b290.jpg,0
C:\Users\ashis\Desktop\ScanAI\dataset_manager\clean\skin\hotspot\roboflow__dog-and-cat-skin-disease-identification-2__hotspot-10-_jpg.rf.8f6ae9e756412f34db3548d9ab801763.jpg,C:\Users\ashis\Desktop\ScanAI\dataset_manager\clean\skin\hotspot\roboflow__dog-and-cat-skin-disease-identification-2__hotspot-13-_jpg.rf.f6894b97e6e6f721a2e8cc279411b1ee.jpg,0
C:\Users\ashis\Desktop\ScanAI\dataset_manager\clean\skin\hotspot\roboflow__dog-and-cat-skin-disease-identification-2__hotspot-10-_jpg.rf.8f6ae9e756412f34db3548d9ab801763.jpg,C:\Users\ashis\Desktop\ScanAI\dataset_manager\clean\skin\pyoderma\roboflow__dog-and-cat-skin-disease-identification-2__bacterial_179_jpg.rf.60a2774d7fe4d65c07571618bd74b290.jpg,0
C:\Users\ashis\Desktop\ScanAI\dataset_manager\clean\skin\hotspot\roboflow__dog-and-cat-skin-disease-identification-2__hotspot-10-_jpg.rf.bdc4376b88d7893d8522b4ed793ecc5f.jpg,C:\Users\ashis\Desktop\ScanAI\dataset_manager\clean\skin\hotspot\roboflow__dog-and-cat-skin-disease-identification-2__hotspot-7-_jpg.rf.e5eeadc9d1f3215959626b3903bbb9db.jpg,0
C:\Users\ashis\Desktop\ScanAI\dataset_manager\clean\skin\hotspot\roboflow__dog-and-cat-skin-disease-identification-2__hotspot-10-_jpg.rf.bdc4376b88d7893d8522b4ed793ecc5f.jpg,C:\Users\ashis\Desktop\ScanAI\dataset_manager\clean\skin\hotspot\roboflow__dog-and-cat-skin-disease-identification-2__hotspot-7-_jpg.rf.e7f3b4f37b237f092e98b3228f7d1d2a.jpg,0
C:\Users\ashis\Desktop\ScanAI\dataset_manager\clean\skin\hotspot\roboflow__dog-and-cat-skin-disease-identification-2__hotspot-101-_jpg.rf.1d717e046c960093bcdc768a57612f1d.jpg,C:\Users\ashis\Desktop\ScanAI\dataset_manager\clean\skin\hotspot\roboflow__dog-and-cat-skin-disease-identification-2__hotspot-81-_jpg.rf.cc93eb0e3bdf3a4b2b3a09ffd64c31ef.jpg,0
C:\Users\ashis\Desktop\ScanAI\dataset_manager\clean\skin\hotspot\roboflow__dog-and-cat-skin-disease-identification-2__hotspot-101-_jpg.rf.1d717e046c960093bcdc768a57612f1d.jpg,C:\Users\ashis\Desktop\ScanAI\dataset_manager\clean\skin\hotspot\roboflow__dog-and-cat-skin-disease-identification-2__hotspot-81-_jpg.rf.cfb630e3526a930d054f64a9dbcacc11.jpg,0
C:\Users\ashis\Desktop\ScanAI\dataset_manager\clean\skin\hotspot\roboflow__dog-and-cat-skin-disease-identification-2__hotspot-101-_jpg.rf.1d717e046c960093bcdc768a57612f1d.jpg,C:\Users\ashis\Desktop\ScanAI\dataset_manager\clean\skin\pyoderma\roboflow__dog-and-cat-skin-disease-identification-2__bacterial_235_jpg.rf.62fe5dda9e583d5743dd7541cf542297.jpg,0
C:\Users\ashis\Desktop\ScanAI\dataset_manager\clean\skin\hotspot\roboflow__dog-and-cat-skin-disease-identification-2__hotspot-106-_jpg.rf.09fc0e1b3ecc0264385685c6fafca924.jpg,C:\Users\ashis\Desktop\ScanAI\dataset_manager\clean\skin\hotspot\roboflow__dog-and-cat-skin-disease-identification-2__hotspot-86-_jpg.rf.7dadf64027d1c9fd1d0138d2de353488.jpg,0
C:\Users\ashis\Desktop\ScanAI\dataset_manager\clean\skin\hotspot\roboflow__dog-and-cat-skin-disease-identification-2__hotspot-106-_jpg.rf.09fc0e1b3ecc0264385685c6fafca924.jpg,C:\Users\ashis\Desktop\ScanAI\dataset_manager\clean\skin\hotspot\roboflow__dog-and-cat-skin-disease-identification-2__preprocessed_HOTSPOT_036_jpg.rf.13ebf611b0e8eeb3b9d58996c9355b4a.jpg,0
C:\Users\ashis\Desktop\ScanAI\dataset_manager\clean\skin\hotspot\roboflow__dog-and-cat-skin-disease-identification-2__hotspot-106-_jpg.rf.09fc0e1b3ecc0264385685c6fafca924.jpg,C:\Users\ashis\Desktop\ScanAI\dataset_manager\clean\skin\pyoderma\roboflow__dog-and-cat-skin-disease-identification-2__bacterial_226_jpg.rf.4a4c9a89ea436f0d1c46b2fe8a1ad011.jpg,0
C:\Users\ashis\Desktop\ScanAI\dataset_manager\clean\skin\hotspot\roboflow__dog-and-cat-skin-disease-identification-2__hotspot-106-_jpg.rf.09fc0e1b3ecc0264385685c6fafca924.jpg,C:\Users\ashis\Desktop\ScanAI\dataset_manager\clean\skin\pyoderma\roboflow__dog-and-cat-skin-disease-identification-2__bacterial_286_jpg.rf.6bafc9103db10fac9cb62920dfe747af.jpg,0
C:\Users\ashis\Desktop\ScanAI\dataset_manager\clean\skin\hotspot\roboflow__dog-and-cat-skin-disease-identification-2__hotspot-107-_jpg.rf.d946710103841d438c36710bd0e05d8a.jpg,C:\Users\ashis\Desktop\ScanAI\dataset_manager\clean\skin\hotspot\roboflow__dog-and-cat-skin-disease-identification-2__hotspot-87-_jpg.rf.0d7e1f5d303adca02b7a55e67065b045.jpg,2
C:\Users\ashis\Desktop\ScanAI\dataset_manager\clean\skin\hotspot\roboflow__dog-and-cat-skin-disease-identification-2__hotspot-107-_jpg.rf.d946710103841d438c36710bd0e05d8a.jpg,C:\Users\ashis\Desktop\ScanAI\dataset_manager\clean\skin\hotspot\roboflow__dog-and-cat-skin-disease-identification-2__hotspot-87-_jpg.rf.9b156ef0289fc248324db70317221838.jpg,2
C:\Users\ashis\Desktop\ScanAI\dataset_manager\clean\skin\hotspot\roboflow__dog-and-cat-skin-disease-identification-2__hotspot-107-_jpg.rf.d946710103841d438c36710bd0e05d8a.jpg,C:\Users\ashis\Desktop\ScanAI\dataset_manager\clean\skin\pyoderma\roboflow__dog-and-cat-skin-disease-identification-2__bacterial_227_jpg.rf.5f8d82bca3edc1b7034e15e7bbbf9d5b.jpg,2
C:\Users\ashis\Desktop\ScanAI\dataset_manager\clean\skin\hotspot\roboflow__dog-and-cat-skin-disease-identification-2__hotspot-108-_jpg.rf.4604dcedb60f5705ee0926cac039d692.jpg,C:\Users\ashis\Desktop\ScanAI\dataset_manager\clean\skin\hotspot\roboflow__dog-and-cat-skin-disease-identification-2__hotspot-88-_jpg.rf.47d9886646bbdc3f8276fea56952e7df.jpg,0
C:\Users\ashis\Desktop\ScanAI\dataset_manager\clean\skin\hotspot\roboflow__dog-and-cat-skin-disease-identification-2__hotspot-108-_jpg.rf.4604dcedb60f5705ee0926cac039d692.jpg,C:\Users\ashis\Desktop\ScanAI\dataset_manager\clean\skin\hotspot\roboflow__dog-and-cat-skin-disease-identification-2__hotspot-88-_jpg.rf.4f948e0d2ccff198275fe063106541af.jpg,0
C:\Users\ashis\Desktop\ScanAI\dataset_manager\clean\skin\hotspot\roboflow__dog-and-cat-skin-disease-identification-2__hotspot-11-_jpg.rf.170c1f5c9cda1f371bb6a522b6001555.jpg,C:\Users\ashis\Desktop\ScanAI\dataset_manager\clean\skin\hotspot\roboflow__dog-and-cat-skin-disease-identification-2__hotspot-11-_jpg.rf.20a7fee55df3ed1b0d90ca1e2fa66010.jpg,0
C:\Users\ashis\Desktop\ScanAI\dataset_manager\clean\skin\hotspot\roboflow__dog-and-cat-skin-disease-identification-2__hotspot-11-_jpg.rf.170c1f5c9cda1f371bb6a522b6001555.jpg,C:\Users\ashis\Desktop\ScanAI\dataset_manager\clean\skin\hotspot\roboflow__dog-and-cat-skin-disease-identification-2__hotspot-11-_jpg.rf.750bb014eca4f7ca1928539618f49c07.jpg,0
C:\Users\ashis\Desktop\ScanAI\dataset_manager\clean\skin\hotspot\roboflow__dog-and-cat-skin-disease-identification-2__hotspot-11-_jpg.rf.170c1f5c9cda1f371bb6a522b6001555.jpg,C:\Users\ashis\Desktop\ScanAI\dataset_manager\clean\skin\hotspot\roboflow__dog-and-cat-skin-disease-identification-2__preprocessed_HOTSPOT_045_jpg.rf.4e08a0fea328757d1d4205af9c488146.jpg,0
C:\Users\ashis\Desktop\ScanAI\dataset_manager\clean\skin\hotspot\roboflow__dog-and-cat-skin-disease-identification-2__hotspot-11-_jpg.rf.170c1f5c9cda1f371bb6a522b6001555.jpg,C:\Users\ashis\Desktop\ScanAI\dataset_manager\clean\skin\pyoderma\roboflow__dog-and-cat-skin-disease-identification-2__bacterial_306_jpg.rf.7280c5be620a8ba3e66e6ddead863dc2.jpg,0
C:\Users\ashis\Desktop\ScanAI\dataset_manager\clean\skin\hotspot\roboflow__dog-and-cat-skin-disease-identification-2__hotspot-11-_jpg.rf.170c1f5c9cda1f371bb6a522b6001555.jpg,C:\Users\ashis\Desktop\ScanAI\dataset_manager\clean\skin\pyoderma\roboflow__dog-and-cat-skin-disease-identification-2__bacterial_97_jpg.rf.8dd4ce84c5264431ec20510fdec8ad50.jpg,0
C:\Users\ashis\Desktop\ScanAI\dataset_manager\clean\skin\hotspot\roboflow__dog-and-cat-skin-disease-identification-2__hotspot-11-_jpg.rf.170c1f5c9cda1f371bb6a522b6001555.jpg,C:\Users\ashis\Desktop\ScanAI\dataset_manager\clean\skin\pyoderma\roboflow__dog-and-cat-skin-disease-identification-2__bacterial_derm_6_jpg.rf.81ea9d919ce5f608f3070a879fdd34c1.jpg,0
C:\Users\ashis\Desktop\ScanAI\dataset_manager\clean\skin\hotspot\roboflow__dog-and-cat-skin-disease-identification-2__hotspot-11-_jpg.rf.20a7fee55df3ed1b0d90ca1e2fa66010.jpg,C:\Users\ashis\Desktop\ScanAI\dataset_manager\clean\skin\hotspot\roboflow__dog-and-cat-skin-disease-identification-2__hotspot-11-_jpg.rf.750bb014eca4f7ca1928539618f49c07.jpg,0
C:\Users\ashis\Desktop\ScanAI\dataset_manager\clean\skin\hotspot\roboflow__dog-and-cat-skin-disease-identification-2__hotspot-11-_jpg.rf.20a7fee55df3ed1b0d90ca1e2fa66010.jpg,C:\Users\ashis\Desktop\ScanAI\dataset_manager\clean\skin\hotspot\roboflow__dog-and-cat-skin-disease-identification-2__preprocessed_HOTSPOT_045_jpg.rf.4e08a0fea328757d1d4205af9c488146.jpg,0
C:\Users\ashis\Desktop\ScanAI\dataset_manager\clean\skin\hotspot\roboflow__dog-and-cat-skin-disease-identification-2__hotspot-11-_jpg.rf.20a7fee55df3ed1b0d90ca1e2fa66010.jpg,C:\Users\ashis\Desktop\ScanAI\dataset_manager\clean\skin\pyoderma\roboflow__dog-and-cat-skin-disease-identification-2__bacterial_306_jpg.rf.7280c5be620a8ba3e66e6ddead863dc2.jpg,0
C:\Users\ashis\Desktop\ScanAI\dataset_manager\clean\skin\hotspot\roboflow__dog-and-cat-skin-disease-identification-2__hotspot-11-_jpg.rf.20a7fee55df3ed1b0d90ca1e2fa66010.jpg,C:\Users\ashis\Desktop\ScanAI\dataset_manager\clean\skin\pyoderma\roboflow__dog-and-cat-skin-disease-identification-2__bacterial_97_jpg.rf.8dd4ce84c5264431ec20510fdec8ad50.jpg,0
C:\Users\ashis\Desktop\ScanAI\dataset_manager\clean\skin\hotspot\roboflow__dog-and-cat-skin-disease-identification-2__hotspot-11-_jpg.rf.20a7fee55df3ed1b0d90ca1e2fa66010.jpg,C:\Users\ashis\Desktop\ScanAI\dataset_manager\clean\skin\pyoderma\roboflow__dog-and-cat-skin-disease-identification-2__bacterial_derm_6_jpg.rf.81ea9d919ce5f608f3070a879fdd34c1.jpg,0
C:\Users\ashis\Desktop\ScanAI\dataset_manager\clean\skin\hotspot\roboflow__dog-and-cat-skin-disease-identification-2__hotspot-11-_jpg.rf.750bb014eca4f7ca1928539618f49c07.jpg,C:\Users\ashis\Desktop\ScanAI\dataset_manager\clean\skin\hotspot\roboflow__dog-and-cat-skin-disease-identification-2__preprocessed_HOTSPOT_045_jpg.rf.4e08a0fea328757d1d4205af9c488146.jpg,0
C:\Users\ashis\Desktop\ScanAI\dataset_manager\clean\skin\hotspot\roboflow__dog-and-cat-skin-disease-identification-2__hotspot-11-_jpg.rf.750bb014eca4f7ca1928539618f49c07.jpg,C:\Users\ashis\Desktop\ScanAI\dataset_manager\clean\skin\pyoderma\roboflow__dog-and-cat-skin-disease-identification-2__bacterial_306_jpg.rf.7280c5be620a8ba3e66e6ddead863dc2.jpg,0
C:\Users\ashis\Desktop\ScanAI\dataset_manager\clean\skin\hotspot\roboflow__dog-and-cat-skin-disease-identification-2__hotspot-11-_jpg.rf.750bb014eca4f7ca1928539618f49c07.jpg,C:\Users\ashis\Desktop\ScanAI\dataset_manager\clean\skin\pyoderma\roboflow__dog-and-cat-skin-disease-identification-2__bacterial_97_jpg.rf.8dd4ce84c5264431ec20510fdec8ad50.jpg,0
C:\Users\ashis\Desktop\ScanAI\dataset_manager\clean\skin\hotspot\roboflow__dog-and-cat-skin-disease-identification-2__hotspot-11-_jpg.rf.750bb014eca4f7ca1928539618f49c07.jpg,C:\Users\ashis\Desktop\ScanAI\dataset_manager\clean\skin\pyoderma\roboflow__dog-and-cat-skin-disease-identification-2__bacterial_derm_6_jpg.rf.81ea9d919ce5f608f3070a879fdd34c1.jpg,0
C:\Users\ashis\Desktop\ScanAI\dataset_manager\clean\skin\hotspot\roboflow__dog-and-cat-skin-disease-identification-2__hotspot-112-_jpg.rf.b8f273bce53aa377ea404755a5e0e016.jpg,C:\Users\ashis\Desktop\ScanAI\dataset_manager\clean\skin\hotspot\roboflow__dog-and-cat-skin-disease-identification-2__hotspot-92-_jpg.rf.f459690139856c2896ef542e07950db1.jpg,0
C:\Users\ashis\Desktop\ScanAI\dataset_manager\clean\skin\hotspot\roboflow__dog-and-cat-skin-disease-identification-2__hotspot-112-_jpg.rf.b8f273bce53aa377ea404755a5e0e016.jpg,C:\Users\ashis\Desktop\ScanAI\dataset_manager\clean\skin\hotspot\roboflow__dog-and-cat-skin-disease-identification-2__hotspot-92-_jpg.rf.f62c39864b64be85c8b9203816ac1c82.jpg,0
C:\Users\ashis\Desktop\ScanAI\dataset_manager\clean\skin\hotspot\roboflow__dog-and-cat-skin-disease-identification-2__hotspot-112-_jpg.rf.b8f273bce53aa377ea404755a5e0e016.jpg,C:\Users\ashis\Desktop\ScanAI\dataset_manager\clean\skin\hotspot\roboflow__dog-and-cat-skin-disease-identification-2__preprocessed_HOTSPOT_039_jpg.rf.08d54d3a9949f4d1d2e77338121d9d54.jpg,0
C:\Users\ashis\Desktop\ScanAI\dataset_manager\clean\skin\hotspot\roboflow__dog-and-cat-skin-disease-identification-2__hotspot-112-_jpg.rf.b8f273bce53aa377ea404755a5e0e016.jpg,C:\Users\ashis\Desktop\ScanAI\dataset_manager\clean\skin\pyoderma\roboflow__dog-and-cat-skin-disease-identification-2__bacterial_229_jpg.rf.8b14d5f03bf55261d4c6dccebb3914e1.jpg,0
C:\Users\ashis\Desktop\ScanAI\dataset_manager\clean\skin\hotspot\roboflow__dog-and-cat-skin-disease-identification-2__hotspot-112-_jpg.rf.b8f273bce53aa377ea404755a5e0e016.jpg,C:\Users\ashis\Desktop\ScanAI\dataset_manager\clean\skin\pyoderma\roboflow__dog-and-cat-skin-disease-identification-2__bacterial_291_jpg.rf.a69eadc56c1dca9ac1a82c9b15c4532c.jpg,0
C:\Users\ashis\Desktop\ScanAI\dataset_manager\clean\skin\hotspot\roboflow__dog-and-cat-skin-disease-identification-2__hotspot-113-_jpg.rf.9335ce9bc000909af57fbae0e404e5fe.jpg,C:\Users\ashis\Desktop\ScanAI\dataset_manager\clean\skin\hotspot\roboflow__dog-and-cat-skin-disease-identification-2__hotspot-93-_jpg.rf.8f381d391422e633421157d42e65be3c.jpg,0
C:\Users\ashis\Desktop\ScanAI\dataset_manager\clean\skin\hotspot\roboflow__dog-and-cat-skin-disease-identification-2__hotspot-113-_jpg.rf.9335ce9bc000909af57fbae0e404e5fe.jpg,C:\Users\ashis\Desktop\ScanAI\dataset_manager\clean\skin\hotspot\roboflow__dog-and-cat-skin-disease-identification-2__hotspot-93-_jpg.rf.e42cf639dbbfaf6e0fa9566256acfb09.jpg,0
C:\Users\ashis\Desktop\ScanAI\dataset_manager\clean\skin\hotspot\roboflow__dog-and-cat-skin-disease-identification-2__hotspot-113-_jpg.rf.9335ce9bc000909af57fbae0e404e5fe.jpg,C:\Users\ashis\Desktop\ScanAI\dataset_manager\clean\skin\pyoderma\roboflow__dog-and-cat-skin-disease-identification-2__bacterial_230_jpg.rf.7de0b44edf196f474beafdad13c3b1e8.jpg,0
C:\Users\ashis\Desktop\ScanAI\dataset_manager\clean\skin\hotspot\roboflow__dog-and-cat-skin-disease-identification-2__hotspot-114-_jpg.rf.cd8c70ad6e36a48b38cff76f446f3061.jpg,C:\Users\ashis\Desktop\ScanAI\dataset_manager\clean\skin\hotspot\roboflow__dog-and-cat-skin-disease-identification-2__hotspot-94-_jpg.rf.915b49c6cdf0be068e89a0299b763cb9.jpg,0
C:\Users\ashis\Desktop\ScanAI\dataset_manager\clean\skin\hotspot\roboflow__dog-and-cat-skin-disease-identification-2__hotspot-114-_jpg.rf.cd8c70ad6e36a48b38cff76f446f3061.jpg,C:\Users\ashis\Desktop\ScanAI\dataset_manager\clean\skin\hotspot\roboflow__dog-and-cat-skin-disease-identification-2__hotspot-94-_jpg.rf.dd30f4c082452155d61fa21a69ce4fdf.jpg,0
C:\Users\ashis\Desktop\ScanAI\dataset_manager\clean\skin\hotspot\roboflow__dog-and-cat-skin-disease-identification-2__hotspot-115-_jpg.rf.527de0a701ccbe01cdc9b91b769178cf.jpg,C:\Users\ashis\Desktop\ScanAI\dataset_manager\clean\skin\hotspot\roboflow__dog-and-cat-skin-disease-identification-2__hotspot-95-_jpg.rf.5054a543ed04c102a16d5f0caf7c8856.jpg,0
C:\Users\ashis\Desktop\ScanAI\dataset_manager\clean\skin\hotspot\roboflow__dog-and-cat-skin-disease-identification-2__hotspot-115-_jpg.rf.527de0a701ccbe01cdc9b91b769178cf.jpg,C:\Users\ashis\Desktop\ScanAI\dataset_manager\clean\skin\hotspot\roboflow__dog-and-cat-skin-disease-identification-2__hotspot-95-_jpg.rf.710b9bfd905775e1273c746ad09acb17.jpg,0
C:\Users\ashis\Desktop\ScanAI\dataset_manager\clean\skin\hotspot\roboflow__dog-and-cat-skin-disease-identification-2__hotspot-115-_jpg.rf.527de0a701ccbe01cdc9b91b769178cf.jpg,C:\Users\ashis\Desktop\ScanAI\dataset_manager\clean\skin\hotspot\roboflow__dog-and-cat-skin-disease-identification-2__preprocessed_HOTSPOT_040_jpg.rf.e1dece50f6d5ceaf080d566ef532e536.jpg,0
C:\Users\ashis\Desktop\ScanAI\dataset_manager\clean\skin\hotspot\roboflow__dog-and-cat-skin-disease-identification-2__hotspot-115-_jpg.rf.527de0a701ccbe01cdc9b91b769178cf.jpg,C:\Users\ashis\Desktop\ScanAI\dataset_manager\clean\skin\pyoderma\roboflow__dog-and-cat-skin-disease-identification-2__bacterial_236_jpg.rf.fe996b05466f3ce46b1b1b32a1ed88b5.jpg,0
C:\Users\ashis\Desktop\ScanAI\dataset_manager\clean\skin\hotspot\roboflow__dog-and-cat-skin-disease-identification-2__hotspot-115-_jpg.rf.527de0a701ccbe01cdc9b91b769178cf.jpg,C:\Users\ashis\Desktop\ScanAI\dataset_manager\clean\skin\ringworm\roboflow__dog-and-cat-skin-disease-identification-2__1000010566_x16_jpg.rf.f766c96ecc135e7ee0bcf012c090a409.jpg,0
C:\Users\ashis\Desktop\ScanAI\dataset_manager\clean\skin\hotspot\roboflow__dog-and-cat-skin-disease-identification-2__hotspot-116-_jpg.rf.881e43056165aab8e34e5e9cba2fcd86.jpg,C:\Users\ashis\Desktop\ScanAI\dataset_manager\clean\skin\hotspot\roboflow__dog-and-cat-skin-disease-identification-2__hotspot-96-_jpg.rf.503fac79f9d7dc99c8a9d20bf3de97b8.jpg,2
C:\Users\ashis\Desktop\ScanAI\dataset_manager\clean\skin\hotspot\roboflow__dog-and-cat-skin-disease-identification-2__hotspot-116-_jpg.rf.881e43056165aab8e34e5e9cba2fcd86.jpg,C:\Users\ashis\Desktop\ScanAI\dataset_manager\clean\skin\pyoderma\roboflow__dog-and-cat-skin-disease-identification-2__bacterial_237_jpg.rf.bf4281a750411060e0ab250d9b813220.jpg,0
C:\Users\ashis\Desktop\ScanAI\dataset_manager\clean\skin\hotspot\roboflow__dog-and-cat-skin-disease-identification-2__hotspot-12-_jpg.rf.6062590eb0b90482c4e6e41ce46c9fd1.jpg,C:\Users\ashis\Desktop\ScanAI\dataset_manager\clean\skin\hotspot\roboflow__dog-and-cat-skin-disease-identification-2__hotspot-12-_jpg.rf.efd7225a8e515e16052b8134962314b0.jpg,0
C:\Users\ashis\Desktop\ScanAI\dataset_manager\clean\skin\hotspot\roboflow__dog-and-cat-skin-disease-identification-2__hotspot-12-_jpg.rf.deb79244923a00ff17974e3187507527.jpg,C:\Users\ashis\Desktop\ScanAI\dataset_manager\clean\skin\hotspot\roboflow__dog-and-cat-skin-disease-identification-2__hotspot-9-_jpg.rf.f65e4cd18bc678a6239c79a008ae29df.jpg,0
C:\Users\ashis\Desktop\ScanAI\dataset_manager\clean\skin\hotspot\roboflow__dog-and-cat-skin-disease-identification-2__hotspot-12-_jpg.rf.deb79244923a00ff17974e3187507527.jpg,C:\Users\ashis\Desktop\ScanAI\dataset_manager\clean\skin\hotspot\roboflow__dog-and-cat-skin-disease-identification-2__preprocessed_HOTSPOT_037_jpg.rf.52c64a1d29d5a5a98f4bcc219f541fe4.jpg,2
C:\Users\ashis\Desktop\ScanAI\dataset_manager\clean\skin\hotspot\roboflow__dog-and-cat-skin-disease-identification-2__hotspot-12-_jpg.rf.deb79244923a00ff17974e3187507527.jpg,C:\Users\ashis\Desktop\ScanAI\dataset_manager\clean\skin\pyoderma\roboflow__dog-and-cat-skin-disease-identification-2__bacterial_178_jpg.rf.72b117ddc067194cc4326154bcc2088c.jpg,0
C:\Users\ashis\Desktop\ScanAI\dataset_manager\clean\skin\hotspot\roboflow__dog-and-cat-skin-disease-identification-2__hotspot-12-_jpg.rf.deb79244923a00ff17974e3187507527.jpg,C:\Users\ashis\Desktop\ScanAI\dataset_manager\clean\skin\pyoderma\roboflow__dog-and-cat-skin-disease-identification-2__bacterial_289_jpg.rf.ba7753724c152be4300245d7c9d15ef0.jpg,2
C:\Users\ashis\Desktop\ScanAI\dataset_manager\clean\skin\hotspot\roboflow__dog-and-cat-skin-disease-identification-2__hotspot-13-_jpg.rf.0b22c854c4d7bfb95f9d3e8f634bf108.jpg,C:\Users\ashis\Desktop\ScanAI\dataset_manager\clean\skin\hotspot\roboflow__dog-and-cat-skin-disease-identification-2__hotspot-13-_jpg.rf.6a6d128156f41a58eb2bdd2ee8427e21.jpg,0
C:\Users\ashis\Desktop\ScanAI\dataset_manager\clean\skin\hotspot\roboflow__dog-and-cat-skin-disease-identification-2__hotspot-13-_jpg.rf.0b22c854c4d7bfb95f9d3e8f634bf108.jpg,C:\Users\ashis\Desktop\ScanAI\dataset_manager\clean\skin\ringworm\roboflow__dog-and-cat-skin-disease-identification-2__hotspot-16-_jpg.rf.0f1aa432cc2f0d6de117b6ed6100c4c3.jpg,0
C:\Users\ashis\Desktop\ScanAI\dataset_manager\clean\skin\hotspot\roboflow__dog-and-cat-skin-disease-identification-2__hotspot-13-_jpg.rf.6a6d128156f41a58eb2bdd2ee8427e21.jpg,C:\Users\ashis\Desktop\ScanAI\dataset_manager\clean\skin\ringworm\roboflow__dog-and-cat-skin-disease-identification-2__hotspot-16-_jpg.rf.0f1aa432cc2f0d6de117b6ed6100c4c3.jpg,0
C:\Users\ashis\Desktop\ScanAI\dataset_manager\clean\skin\hotspot\roboflow__dog-and-cat-skin-disease-identification-2__hotspot-13-_jpg.rf.f6894b97e6e6f721a2e8cc279411b1ee.jpg,C:\Users\ashis\Desktop\ScanAI\dataset_manager\clean\skin\pyoderma\roboflow__dog-and-cat-skin-disease-identification-2__bacterial_179_jpg.rf.60a2774d7fe4d65c07571618bd74b290.jpg,0
C:\Users\ashis\Desktop\ScanAI\dataset_manager\clean\skin\hotspot\roboflow__dog-and-cat-skin-disease-identification-2__hotspot-14-_jpg.rf.39058837fb8446e376e0b3e1632d56a2.jpg,C:\Users\ashis\Desktop\ScanAI\dataset_manager\clean\skin\hotspot\roboflow__dog-and-cat-skin-disease-identification-2__hotspot-14-_jpg.rf.cb621b41f91b2aaed42d7bef395b63b2.jpg,0
C:\Users\ashis\Desktop\ScanAI\dataset_manager\clean\skin\hotspot\roboflow__dog-and-cat-skin-disease-identification-2__hotspot-14-_jpg.rf.39058837fb8446e376e0b3e1632d56a2.jpg,C:\Users\ashis\Desktop\ScanAI\dataset_manager\clean\skin\ringworm\roboflow__dog-and-cat-skin-disease-identification-2__hotspot-17-_jpg.rf.12a2ce4eebbb2cff25141a24eedce38f.jpg,0
C:\Users\ashis\Desktop\ScanAI\dataset_manager\clean\skin\hotspot\roboflow__dog-and-cat-skin-disease-identification-2__hotspot-14-_jpg.rf.cb621b41f91b2aaed42d7bef395b63b2.jpg,C:\Users\ashis\Desktop\ScanAI\dataset_manager\clean\skin\ringworm\roboflow__dog-and-cat-skin-disease-identification-2__hotspot-17-_jpg.rf.12a2ce4eebbb2cff25141a24eedce38f.jpg,0
C:\Users\ashis\Desktop\ScanAI\dataset_manager\clean\skin\hotspot\roboflow__dog-and-cat-skin-disease-identification-2__hotspot-15-_jpg.rf.65512e7e557af99c5cf28de0908dc308.jpg,C:\Users\ashis\Desktop\ScanAI\dataset_manager\clean\skin\hotspot\roboflow__dog-and-cat-skin-disease-identification-2__hotspot-15-_jpg.rf.65d7046d3232d7b9e9d1dd8feda0ae4d.jpg,0
C:\Users\ashis\Desktop\ScanAI\dataset_manager\clean\skin\hotspot\roboflow__dog-and-cat-skin-disease-identification-2__hotspot-15-_jpg.rf.65512e7e557af99c5cf28de0908dc308.jpg,C:\Users\ashis\Desktop\ScanAI\dataset_manager\clean\skin\hotspot\roboflow__dog-and-cat-skin-disease-identification-2__preprocessed_HOTSPOT_011_jpg.rf.e9f2f506582904bb1e9911ea9bfb498f.jpg,0
C:\Users\ashis\Desktop\ScanAI\dataset_manager\clean\skin\hotspot\roboflow__dog-and-cat-skin-disease-identification-2__hotspot-15-_jpg.rf.65d7046d3232d7b9e9d1dd8feda0ae4d.jpg,C:\Users\ashis\Desktop\ScanAI\dataset_manager\clean\skin\hotspot\roboflow__dog-and-cat-skin-disease-identification-2__preprocessed_HOTSPOT_011_jpg.rf.e9f2f506582904bb1e9911ea9bfb498f.jpg,0
C:\Users\ashis\Desktop\ScanAI\dataset_manager\clean\skin\hotspot\roboflow__dog-and-cat-skin-disease-identification-2__hotspot-16-_jpg.rf.8a071fb21bc8caa9b44036bfc48d6b74.jpg,C:\Users\ashis\Desktop\ScanAI\dataset_manager\clean\skin\hotspot\roboflow__dog-and-cat-skin-disease-identification-2__hotspot-16-_jpg.rf.d96122954a96fda4e785080f22a5816c.jpg,0
C:\Users\ashis\Desktop\ScanAI\dataset_manager\clean\skin\hotspot\roboflow__dog-and-cat-skin-disease-identification-2__hotspot-16-_jpg.rf.8a071fb21bc8caa9b44036bfc48d6b74.jpg,C:\Users\ashis\Desktop\ScanAI\dataset_manager\clean\skin\hotspot\roboflow__dog-and-cat-skin-disease-identification-2__preprocessed_HOTSPOT_012_jpg.rf.d7cc4d8a51eda95ee09cb83e758ac02d.jpg,0
C:\Users\ashis\Desktop\ScanAI\dataset_manager\clean\skin\hotspot\roboflow__dog-and-cat-skin-disease-identification-2__hotspot-16-_jpg.rf.8a071fb21bc8caa9b44036bfc48d6b74.jpg,C:\Users\ashis\Desktop\ScanAI\dataset_manager\clean\skin\pyoderma\roboflow__dog-and-cat-skin-disease-identification-2__bacterial_262_jpg.rf.bc6e5d3685c193533cd2c41124673c9d.jpg,0
C:\Users\ashis\Desktop\ScanAI\dataset_manager\clean\skin\hotspot\roboflow__dog-and-cat-skin-disease-identification-2__hotspot-16-_jpg.rf.8a071fb21bc8caa9b44036bfc48d6b74.jpg,C:\Users\ashis\Desktop\ScanAI\dataset_manager\clean\skin\pyoderma\roboflow__dog-and-cat-skin-disease-identification-2__bacterial_derm_30_jpg.rf.5884c83b9f00bba048fe803ecf338b9f.jpg,0
C:\Users\ashis\Desktop\ScanAI\dataset_manager\clean\skin\hotspot\roboflow__dog-and-cat-skin-disease-identification-2__hotspot-16-_jpg.rf.d96122954a96fda4e785080f22a5816c.jpg,C:\Users\ashis\Desktop\ScanAI\dataset_manager\clean\skin\hotspot\roboflow__dog-and-cat-skin-disease-identification-2__preprocessed_HOTSPOT_012_jpg.rf.d7cc4d8a51eda95ee09cb83e758ac02d.jpg,0
C:\Users\ashis\Desktop\ScanAI\dataset_manager\clean\skin\hotspot\roboflow__dog-and-cat-skin-disease-identification-2__hotspot-16-_jpg.rf.d96122954a96fda4e785080f22a5816c.jpg,C:\Users\ashis\Desktop\ScanAI\dataset_manager\clean\skin\pyoderma\roboflow__dog-and-cat-skin-disease-identification-2__bacterial_262_jpg.rf.bc6e5d3685c193533cd2c41124673c9d.jpg,0
C:\Users\ashis\Desktop\ScanAI\dataset_manager\clean\skin\hotspot\roboflow__dog-and-cat-skin-disease-identification-2__hotspot-16-_jpg.rf.d96122954a96fda4e785080f22a5816c.jpg,C:\Users\ashis\Desktop\ScanAI\dataset_manager\clean\skin\pyoderma\roboflow__dog-and-cat-skin-disease-identification-2__bacterial_derm_30_jpg.rf.5884c83b9f00bba048fe803ecf338b9f.jpg,0
C:\Users\ashis\Desktop\ScanAI\dataset_manager\clean\skin\hotspot\roboflow__dog-and-cat-skin-disease-identification-2__hotspot-17-_jpg.rf.dc2fcf0d1e8e385348a46ae94e70687d.jpg,C:\Users\ashis\Desktop\ScanAI\dataset_manager\clean\skin\hotspot\roboflow__dog-and-cat-skin-disease-identification-2__hotspot-17-_jpg.rf.e3a12f091c647064b56ec38afcc585a6.jpg,0
C:\Users\ashis\Desktop\ScanAI\dataset_manager\clean\skin\hotspot\roboflow__dog-and-cat-skin-disease-identification-2__hotspot-18-_jpg.rf.ac31a077f2e8bb6fe3e78f6871badf45.jpg,C:\Users\ashis\Desktop\ScanAI\dataset_manager\clean\skin\hotspot\roboflow__dog-and-cat-skin-disease-identification-2__hotspot-18-_jpg.rf.b632a5e658145cf46984ce1770fb4099.jpg,0
C:\Users\ashis\Desktop\ScanAI\dataset_manager\clean\skin\hotspot\roboflow__dog-and-cat-skin-disease-identification-2__hotspot-18-_jpg.rf.ac31a077f2e8bb6fe3e78f6871badf45.jpg,C:\Users\ashis\Desktop\ScanAI\dataset_manager\clean\skin\pyoderma\roboflow__dog-and-cat-skin-disease-identification-2__bacterial_180_jpg.rf.a63fb9365b317fdc783b7b00fbd6d1d8.jpg,0
C:\Users\ashis\Desktop\ScanAI\dataset_manager\clean\skin\hotspot\roboflow__dog-and-cat-skin-disease-identification-2__hotspot-18-_jpg.rf.b632a5e658145cf46984ce1770fb4099.jpg,C:\Users\ashis\Desktop\ScanAI\dataset_manager\clean\skin\pyoderma\roboflow__dog-and-cat-skin-disease-identification-2__bacterial_180_jpg.rf.a63fb9365b317fdc783b7b00fbd6d1d8.jpg,0
C:\Users\ashis\Desktop\ScanAI\dataset_manager\clean\skin\hotspot\roboflow__dog-and-cat-skin-disease-identification-2__hotspot-19-_jpg.rf.3412a2f0c6c8a20e4b0aac2e6a83ac3b.jpg,C:\Users\ashis\Desktop\ScanAI\dataset_manager\clean\skin\hotspot\roboflow__dog-and-cat-skin-disease-identification-2__hotspot-19-_jpg.rf.6904753875a7a945532c0b10b39d2d58.jpg,0
C:\Users\ashis\Desktop\ScanAI\dataset_manager\clean\skin\hotspot\roboflow__dog-and-cat-skin-disease-identification-2__hotspot-19-_jpg.rf.3412a2f0c6c8a20e4b0aac2e6a83ac3b.jpg,C:\Users\ashis\Desktop\ScanAI\dataset_manager\clean\skin\hotspot\roboflow__dog-and-cat-skin-disease-identification-2__hotspot-24-_jpg.rf.72c7354b789cf1de9f17fafef1271aa4.jpg,0
C:\Users\ashis\Desktop\ScanAI\dataset_manager\clean\skin\hotspot\roboflow__dog-and-cat-skin-disease-identification-2__hotspot-19-_jpg.rf.3412a2f0c6c8a20e4b0aac2e6a83ac3b.jpg,C:\Users\ashis\Desktop\ScanAI\dataset_manager\clean\skin\hotspot\roboflow__dog-and-cat-skin-disease-identification-2__preprocessed_HOTSPOT_013_jpg.rf.bbf6786b0432b36c8b699e2ece3a2955.jpg,0
C:\Users\ashis\Desktop\ScanAI\dataset_manager\clean\skin\hotspot\roboflow__dog-and-cat-skin-disease-identification-2__hotspot-19-_jpg.rf.6904753875a7a945532c0b10b39d2d58.jpg,C:\Users\ashis\Desktop\ScanAI\dataset_manager\clean\skin\hotspot\roboflow__dog-and-cat-skin-disease-identification-2__hotspot-24-_jpg.rf.72c7354b789cf1de9f17fafef1271aa4.jpg,0
C:\Users\ashis\Desktop\ScanAI\dataset_manager\clean\skin\hotspot\roboflow__dog-and-cat-skin-disease-identification-2__hotspot-19-_jpg.rf.6904753875a7a945532c0b10b39d2d58.jpg,C:\Users\ashis\Desktop\ScanAI\dataset_manager\clean\skin\hotspot\roboflow__dog-and-cat-skin-disease-identification-2__preprocessed_HOTSPOT_013_jpg.rf.bbf6786b0432b36c8b699e2ece3a2955.jpg,0
C:\Users\ashis\Desktop\ScanAI\dataset_manager\clean\skin\hotspot\roboflow__dog-and-cat-skin-disease-identification-2__hotspot-2-_jpg.rf.0e5625547b66ae1b09e95215df80e81e.jpg,C:\Users\ashis\Desktop\ScanAI\dataset_manager\clean\skin\hotspot\roboflow__dog-and-cat-skin-disease-identification-2__hotspot-2-_jpg.rf.864e12d212c3b7d1497bf898f25b0a9d.jpg,0
C:\Users\ashis\Desktop\ScanAI\dataset_manager\clean\skin\hotspot\roboflow__dog-and-cat-skin-disease-identification-2__hotspot-2-_jpg.rf.0e5625547b66ae1b09e95215df80e81e.jpg,C:\Users\ashis\Desktop\ScanAI\dataset_manager\clean\skin\hotspot\roboflow__dog-and-cat-skin-disease-identification-2__hotspot-3-_jpg.rf.4e98c2a159845e67086bf88cdcb2f445.jpg,0
C:\Users\ashis\Desktop\ScanAI\dataset_manager\clean\skin\hotspot\roboflow__dog-and-cat-skin-disease-identification-2__hotspot-2-_jpg.rf.0e5625547b66ae1b09e95215df80e81e.jpg,C:\Users\ashis\Desktop\ScanAI\dataset_manager\clean\skin\pyoderma\roboflow__dog-and-cat-skin-disease-identification-2__bacterial_177_jpg.rf.14b2911af0bb24456b64f8b4c224b7a4.jpg,0
C:\Users\ashis\Desktop\ScanAI\dataset_manager\clean\skin\hotspot\roboflow__dog-and-cat-skin-disease-identification-2__hotspot-2-_jpg.rf.864e12d212c3b7d1497bf898f25b0a9d.jpg,C:\Users\ashis\Desktop\ScanAI\dataset_manager\clean\skin\hotspot\roboflow__dog-and-cat-skin-disease-identification-2__hotspot-3-_jpg.rf.4e98c2a159845e67086bf88cdcb2f445.jpg,0
C:\Users\ashis\Desktop\ScanAI\dataset_manager\clean\skin\hotspot\roboflow__dog-and-cat-skin-disease-identification-2__hotspot-2-_jpg.rf.864e12d212c3b7d1497bf898f25b0a9d.jpg,C:\Users\ashis\Desktop\ScanAI\dataset_manager\clean\skin\pyoderma\roboflow__dog-and-cat-skin-disease-identification-2__bacterial_177_jpg.rf.14b2911af0bb24456b64f8b4c224b7a4.jpg,0
C:\Users\ashis\Desktop\ScanAI\dataset_manager\clean\skin\hotspot\roboflow__dog-and-cat-skin-disease-identification-2__hotspot-20-_jpg.rf.b418e9e7cbb2986dfcd8804e0ec7a37a.jpg,C:\Users\ashis\Desktop\ScanAI\dataset_manager\clean\skin\hotspot\roboflow__dog-and-cat-skin-disease-identification-2__hotspot-20-_jpg.rf.cfdccb1c6a8ade93b1efc79801fe9903.jpg,0
C:\Users\ashis\Desktop\ScanAI\dataset_manager\clean\skin\hotspot\roboflow__dog-and-cat-skin-disease-identification-2__hotspot-21-_jpg.rf.778a9ec83d2178038d7cc09ef9411f4f.jpg,C:\Users\ashis\Desktop\ScanAI\dataset_manager\clean\skin\pyoderma\roboflow__dog-and-cat-skin-disease-identification-2__bacterial_181_jpg.rf.8b4369b3e6cbd228fd3a574880238450.jpg,0
C:\Users\ashis\Desktop\ScanAI\dataset_manager\clean\skin\hotspot\roboflow__dog-and-cat-skin-disease-identification-2__hotspot-22-_jpg.rf.2a44f9d57241411b9d0e64cd89417036.jpg,C:\Users\ashis\Desktop\ScanAI\dataset_manager\clean\skin\hotspot\roboflow__dog-and-cat-skin-disease-identification-2__preprocessed_HOTSPOT_014_jpg.rf.a3042156aea0930bb2ec59677c80d900.jpg,4
C:\Users\ashis\Desktop\ScanAI\dataset_manager\clean\skin\hotspot\roboflow__dog-and-cat-skin-disease-identification-2__hotspot-23-_jpg.rf.377b5892b4c34efc348f691e14d94889.jpg,C:\Users\ashis\Desktop\ScanAI\dataset_manager\clean\skin\hotspot\roboflow__dog-and-cat-skin-disease-identification-2__hotspot-23-_jpg.rf.fedd3ac5b778b1b23ecdee1a3618581a.jpg,0
C:\Users\ashis\Desktop\ScanAI\dataset_manager\clean\skin\hotspot\roboflow__dog-and-cat-skin-disease-identification-2__hotspot-24-_jpg.rf.2145b38125608f3ba1604a96fb78a01c.jpg,C:\Users\ashis\Desktop\ScanAI\dataset_manager\clean\skin\hotspot\roboflow__dog-and-cat-skin-disease-identification-2__hotspot-24-_jpg.rf.4f26afcca1be97ec560b41e4c5ee412c.jpg,0
C:\Users\ashis\Desktop\ScanAI\dataset_manager\clean\skin\hotspot\roboflow__dog-and-cat-skin-disease-identification-2__hotspot-24-_jpg.rf.72c7354b789cf1de9f17fafef1271aa4.jpg,C:\Users\ashis\Desktop\ScanAI\dataset_manager\clean\skin\hotspot\roboflow__dog-and-cat-skin-disease-identification-2__preprocessed_HOTSPOT_013_jpg.rf.bbf6786b0432b36c8b699e2ece3a2955.jpg,0
C:\Users\ashis\Desktop\ScanAI\dataset_manager\clean\skin\hotspot\roboflow__dog-and-cat-skin-disease-identification-2__hotspot-25-_jpg.rf.2ae66f488acffc474de53a2dab0cc489.jpg,C:\Users\ashis\Desktop\ScanAI\dataset_manager\clean\skin\hotspot\roboflow__dog-and-cat-skin-disease-identification-2__hotspot-25-_jpg.rf.4cda0984359147a57d3f4836179d1c32.jpg,0
C:\Users\ashis\Desktop\ScanAI\dataset_manager\clean\skin\hotspot\roboflow__dog-and-cat-skin-disease-identification-2__hotspot-25-_jpg.rf.2ae66f488acffc474de53a2dab0cc489.jpg,C:\Users\ashis\Desktop\ScanAI\dataset_manager\clean\skin\hotspot\roboflow__dog-and-cat-skin-disease-identification-2__hotspot-25-_jpg.rf.d5b175eaccd38d7933b25d7f6e0e75a9.jpg,0
C:\Users\ashis\Desktop\ScanAI\dataset_manager\clean\skin\hotspot\roboflow__dog-and-cat-skin-disease-identification-2__hotspot-25-_jpg.rf.2ae66f488acffc474de53a2dab0cc489.jpg,C:\Users\ashis\Desktop\ScanAI\dataset_manager\clean\skin\hotspot\roboflow__dog-and-cat-skin-disease-identification-2__preprocessed_HOTSPOT_015_jpg.rf.7d9ea7a3dc56b13e8db8948c5d8339f9.jpg,0
C:\Users\ashis\Desktop\ScanAI\dataset_manager\clean\skin\hotspot\roboflow__dog-and-cat-skin-disease-identification-2__hotspot-25-_jpg.rf.2ae66f488acffc474de53a2dab0cc489.jpg,C:\Users\ashis\Desktop\ScanAI\dataset_manager\clean\skin\pyoderma\roboflow__dog-and-cat-skin-disease-identification-2__bacterial_183_jpg.rf.e2b9d2a0036b2a6b49b992f0c897d54c.jpg,0
C:\Users\ashis\Desktop\ScanAI\dataset_manager\clean\skin\hotspot\roboflow__dog-and-cat-skin-disease-identification-2__hotspot-25-_jpg.rf.2ae66f488acffc474de53a2dab0cc489.jpg,C:\Users\ashis\Desktop\ScanAI\dataset_manager\clean\skin\pyoderma\roboflow__dog-and-cat-skin-disease-identification-2__bacterial_264_jpg.rf.c03d878e2530aec9ada052f8268a3f65.jpg,0
C:\Users\ashis\Desktop\ScanAI\dataset_manager\clean\skin\hotspot\roboflow__dog-and-cat-skin-disease-identification-2__hotspot-25-_jpg.rf.2ae66f488acffc474de53a2dab0cc489.jpg,C:\Users\ashis\Desktop\ScanAI\dataset_manager\clean\skin\pyoderma\roboflow__dog-and-cat-skin-disease-identification-2__bacterial_derm_34_jpg.rf.3b10703a9ba597586cab6cd3a1c1f62d.jpg,0
C:\Users\ashis\Desktop\ScanAI\dataset_manager\clean\skin\hotspot\roboflow__dog-and-cat-skin-disease-identification-2__hotspot-25-_jpg.rf.4cda0984359147a57d3f4836179d1c32.jpg,C:\Users\ashis\Desktop\ScanAI\dataset_manager\clean\skin\hotspot\roboflow__dog-and-cat-skin-disease-identification-2__hotspot-25-_jpg.rf.d5b175eaccd38d7933b25d7f6e0e75a9.jpg,0
C:\Users\ashis\Desktop\ScanAI\dataset_manager\clean\skin\hotspot\roboflow__dog-and-cat-skin-disease-identification-2__hotspot-25-_jpg.rf.4cda0984359147a57d3f4836179d1c32.jpg,C:\Users\ashis\Desktop\ScanAI\dataset_manager\clean\skin\hotspot\roboflow__dog-and-cat-skin-disease-identification-2__preprocessed_HOTSPOT_015_jpg.rf.7d9ea7a3dc56b13e8db8948c5d8339f9.jpg,0
C:\Users\ashis\Desktop\ScanAI\dataset_manager\clean\skin\hotspot\roboflow__dog-and-cat-skin-disease-identification-2__hotspot-25-_jpg.rf.4cda0984359147a57d3f4836179d1c32.jpg,C:\Users\ashis\Desktop\ScanAI\dataset_manager\clean\skin\pyoderma\roboflow__dog-and-cat-skin-disease-identification-2__bacterial_183_jpg.rf.e2b9d2a0036b2a6b49b992f0c897d54c.jpg,0
C:\Users\ashis\Desktop\ScanAI\dataset_manager\clean\skin\hotspot\roboflow__dog-and-cat-skin-disease-identification-2__hotspot-25-_jpg.rf.4cda0984359147a57d3f4836179d1c32.jpg,C:\Users\ashis\Desktop\ScanAI\dataset_manager\clean\skin\pyoderma\roboflow__dog-and-cat-skin-disease-identification-2__bacterial_264_jpg.rf.c03d878e2530aec9ada052f8268a3f65.jpg,0
C:\Users\ashis\Desktop\ScanAI\dataset_manager\clean\skin\hotspot\roboflow__dog-and-cat-skin-disease-identification-2__hotspot-25-_jpg.rf.4cda0984359147a57d3f4836179d1c32.jpg,C:\Users\ashis\Desktop\ScanAI\dataset_manager\clean\skin\pyoderma\roboflow__dog-and-cat-skin-disease-identification-2__bacterial_derm_34_jpg.rf.3b10703a9ba597586cab6cd3a1c1f62d.jpg,0
C:\Users\ashis\Desktop\ScanAI\dataset_manager\clean\skin\hotspot\roboflow__dog-and-cat-skin-disease-identification-2__hotspot-25-_jpg.rf.d5b175eaccd38d7933b25d7f6e0e75a9.jpg,C:\Users\ashis\Desktop\ScanAI\dataset_manager\clean\skin\hotspot\roboflow__dog-and-cat-skin-disease-identification-2__preprocessed_HOTSPOT_015_jpg.rf.7d9ea7a3dc56b13e8db8948c5d8339f9.jpg,0
C:\Users\ashis\Desktop\ScanAI\dataset_manager\clean\skin\hotspot\roboflow__dog-and-cat-skin-disease-identification-2__hotspot-25-_jpg.rf.d5b175eaccd38d7933b25d7f6e0e75a9.jpg,C:\Users\ashis\Desktop\ScanAI\dataset_manager\clean\skin\pyoderma\roboflow__dog-and-cat-skin-disease-identification-2__bacterial_183_jpg.rf.e2b9d2a0036b2a6b49b992f0c897d54c.jpg,0
C:\Users\ashis\Desktop\ScanAI\dataset_manager\clean\skin\hotspot\roboflow__dog-and-cat-skin-disease-identification-2__hotspot-25-_jpg.rf.d5b175eaccd38d7933b25d7f6e0e75a9.jpg,C:\Users\ashis\Desktop\ScanAI\dataset_manager\clean\skin\pyoderma\roboflow__dog-and-cat-skin-disease-identification-2__bacterial_264_jpg.rf.c03d878e2530aec9ada052f8268a3f65.jpg,0
C:\Users\ashis\Desktop\ScanAI\dataset_manager\clean\skin\hotspot\roboflow__dog-and-cat-skin-disease-identification-2__hotspot-25-_jpg.rf.d5b175eaccd38d7933b25d7f6e0e75a9.jpg,C:\Users\ashis\Desktop\ScanAI\dataset_manager\clean\skin\pyoderma\roboflow__dog-and-cat-skin-disease-identification-2__bacterial_derm_34_jpg.rf.3b10703a9ba597586cab6cd3a1c1f62d.jpg,0
C:\Users\ashis\Desktop\ScanAI\dataset_manager\clean\skin\hotspot\roboflow__dog-and-cat-skin-disease-identification-2__hotspot-26-_jpg.rf.646916169e184b7e333310f2c811d72f.jpg,C:\Users\ashis\Desktop\ScanAI\dataset_manager\clean\skin\hotspot\roboflow__dog-and-cat-skin-disease-identification-2__hotspot-26-_jpg.rf.df80eb7288058f68e8cd218d4158b882.jpg,0
C:\Users\ashis\Desktop\ScanAI\dataset_manager\clean\skin\hotspot\roboflow__dog-and-cat-skin-disease-identification-2__hotspot-26-_jpg.rf.646916169e184b7e333310f2c811d72f.jpg,C:\Users\ashis\Desktop\ScanAI\dataset_manager\clean\skin\hotspot\roboflow__dog-and-cat-skin-disease-identification-2__hotspot-32-_jpg.rf.172aabeddd1c0e2d97c5ea1de12ff41c.jpg,0
C:\Users\ashis\Desktop\ScanAI\dataset_manager\clean\skin\hotspot\roboflow__dog-and-cat-skin-disease-identification-2__hotspot-26-_jpg.rf.646916169e184b7e333310f2c811d72f.jpg,C:\Users\ashis\Desktop\ScanAI\dataset_manager\clean\skin\pyoderma\roboflow__dog-and-cat-skin-disease-identification-2__bacterial_187_jpg.rf.850e36c3c8d5b061e187994bbd031c1b.jpg,0
C:\Users\ashis\Desktop\ScanAI\dataset_manager\clean\skin\hotspot\roboflow__dog-and-cat-skin-disease-identification-2__hotspot-26-_jpg.rf.df80eb7288058f68e8cd218d4158b882.jpg,C:\Users\ashis\Desktop\ScanAI\dataset_manager\clean\skin\hotspot\roboflow__dog-and-cat-skin-disease-identification-2__hotspot-32-_jpg.rf.172aabeddd1c0e2d97c5ea1de12ff41c.jpg,0
C:\Users\ashis\Desktop\ScanAI\dataset_manager\clean\skin\hotspot\roboflow__dog-and-cat-skin-disease-identification-2__hotspot-26-_jpg.rf.df80eb7288058f68e8cd218d4158b882.jpg,C:\Users\ashis\Desktop\ScanAI\dataset_manager\clean\skin\pyoderma\roboflow__dog-and-cat-skin-disease-identification-2__bacterial_187_jpg.rf.850e36c3c8d5b061e187994bbd031c1b.jpg,0
C:\Users\ashis\Desktop\ScanAI\dataset_manager\clean\skin\hotspot\roboflow__dog-and-cat-skin-disease-identification-2__hotspot-27-_jpg.rf.710226d71ea76cc453cf10a28998f122.jpg,C:\Users\ashis\Desktop\ScanAI\dataset_manager\clean\skin\hotspot\roboflow__dog-and-cat-skin-disease-identification-2__hotspot-27-_jpg.rf.c44d7b0e49565e3f86444ab34c0a75ad.jpg,0
C:\Users\ashis\Desktop\ScanAI\dataset_manager\clean\skin\hotspot\roboflow__dog-and-cat-skin-disease-identification-2__hotspot-27-_jpg.rf.710226d71ea76cc453cf10a28998f122.jpg,C:\Users\ashis\Desktop\ScanAI\dataset_manager\clean\skin\pyoderma\roboflow__dog-and-cat-skin-disease-identification-2__bacterial_191_jpg.rf.c3cb3e0114c316028d33d6539fbfb1b0.jpg,0
C:\Users\ashis\Desktop\ScanAI\dataset_manager\clean\skin\hotspot\roboflow__dog-and-cat-skin-disease-identification-2__hotspot-27-_jpg.rf.c44d7b0e49565e3f86444ab34c0a75ad.jpg,C:\Users\ashis\Desktop\ScanAI\dataset_manager\clean\skin\pyoderma\roboflow__dog-and-cat-skin-disease-identification-2__bacterial_191_jpg.rf.c3cb3e0114c316028d33d6539fbfb1b0.jpg,0
C:\Users\ashis\Desktop\ScanAI\dataset_manager\clean\skin\hotspot\roboflow__dog-and-cat-skin-disease-identification-2__hotspot-28-_jpg.rf.ce88e1debe7c853514dded986f1a14d6.jpg,C:\Users\ashis\Desktop\ScanAI\dataset_manager\clean\skin\hotspot\roboflow__dog-and-cat-skin-disease-identification-2__hotspot-28-_jpg.rf.e7bdd17afeadadcd1f7147111289572e.jpg,0
C:\Users\ashis\Desktop\ScanAI\dataset_manager\clean\skin\hotspot\roboflow__dog-and-cat-skin-disease-identification-2__hotspot-28-_jpg.rf.ce88e1debe7c853514dded986f1a14d6.jpg,C:\Users\ashis\Desktop\ScanAI\dataset_manager\clean\skin\hotspot\roboflow__dog-and-cat-skin-disease-identification-2__hotspot-36-_jpg.rf.edafe4ac2aad1b0d6d368b60e71c86a2.jpg,0
C:\Users\ashis\Desktop\ScanAI\dataset_manager\clean\skin\hotspot\roboflow__dog-and-cat-skin-disease-identification-2__hotspot-28-_jpg.rf.ce88e1debe7c853514dded986f1a14d6.jpg,C:\Users\ashis\Desktop\ScanAI\dataset_manager\clean\skin\pyoderma\roboflow__dog-and-cat-skin-disease-identification-2__bacterial_185_jpg.rf.6b11f69edb7f455990201da144011446.jpg,0
C:\Users\ashis\Desktop\ScanAI\dataset_manager\clean\skin\hotspot\roboflow__dog-and-cat-skin-disease-identification-2__hotspot-28-_jpg.rf.e7bdd17afeadadcd1f7147111289572e.jpg,C:\Users\ashis\Desktop\ScanAI\dataset_manager\clean\skin\hotspot\roboflow__dog-and-cat-skin-disease-identification-2__hotspot-36-_jpg.rf.edafe4ac2aad1b0d6d368b60e71c86a2.jpg,0
C:\Users\ashis\Desktop\ScanAI\dataset_manager\clean\skin\hotspot\roboflow__dog-and-cat-skin-disease-identification-2__hotspot-28-_jpg.rf.e7bdd17afeadadcd1f7147111289572e.jpg,C:\Users\ashis\Desktop\ScanAI\dataset_manager\clean\skin\pyoderma\roboflow__dog-and-cat-skin-disease-identification-2__bacterial_185_jpg.rf.6b11f69edb7f455990201da144011446.jpg,0
C:\Users\ashis\Desktop\ScanAI\dataset_manager\clean\skin\hotspot\roboflow__dog-and-cat-skin-disease-identification-2__hotspot-29-_jpg.rf.6ce58072c0e2255c5db21e1cb6d2b562.jpg,C:\Users\ashis\Desktop\ScanAI\dataset_manager\clean\skin\hotspot\roboflow__dog-and-cat-skin-disease-identification-2__hotspot-29-_jpg.rf.dc6fd99500d15ef19a37845e371ff664.jpg,0
C:\Users\ashis\Desktop\ScanAI\dataset_manager\clean\skin\hotspot\roboflow__dog-and-cat-skin-disease-identification-2__hotspot-29-_jpg.rf.6ce58072c0e2255c5db21e1cb6d2b562.jpg,C:\Users\ashis\Desktop\ScanAI\dataset_manager\clean\skin\hotspot\roboflow__dog-and-cat-skin-disease-identification-2__hotspot-37-_jpg.rf.d23ef16172fb33246665ca7c748b1a8e.jpg,0
C:\Users\ashis\Desktop\ScanAI\dataset_manager\clean\skin\hotspot\roboflow__dog-and-cat-skin-disease-identification-2__hotspot-29-_jpg.rf.6ce58072c0e2255c5db21e1cb6d2b562.jpg,C:\Users\ashis\Desktop\ScanAI\dataset_manager\clean\skin\pyoderma\roboflow__dog-and-cat-skin-disease-identification-2__bacterial_186_jpg.rf.536c1ce12e5d29d8802ea4141b5fcdac.jpg,0
C:\Users\ashis\Desktop\ScanAI\dataset_manager\clean\skin\hotspot\roboflow__dog-and-cat-skin-disease-identification-2__hotspot-29-_jpg.rf.dc6fd99500d15ef19a37845e371ff664.jpg,C:\Users\ashis\Desktop\ScanAI\dataset_manager\clean\skin\hotspot\roboflow__dog-and-cat-skin-disease-identification-2__hotspot-37-_jpg.rf.d23ef16172fb33246665ca7c748b1a8e.jpg,0
C:\Users\ashis\Desktop\ScanAI\dataset_manager\clean\skin\hotspot\roboflow__dog-and-cat-skin-disease-identification-2__hotspot-29-_jpg.rf.dc6fd99500d15ef19a37845e371ff664.jpg,C:\Users\ashis\Desktop\ScanAI\dataset_manager\clean\skin\pyoderma\roboflow__dog-and-cat-skin-disease-identification-2__bacterial_186_jpg.rf.536c1ce12e5d29d8802ea4141b5fcdac.jpg,0
C:\Users\ashis\Desktop\ScanAI\dataset_manager\clean\skin\hotspot\roboflow__dog-and-cat-skin-disease-identification-2__hotspot-3-_jpg.rf.3d6c7f76013ebaffe58a8f5bbe3d2e0a.jpg,C:\Users\ashis\Desktop\ScanAI\dataset_manager\clean\skin\hotspot\roboflow__dog-and-cat-skin-disease-identification-2__hotspot-3-_jpg.rf.659efdd286eef4e814d023ccb032f68d.jpg,0
C:\Users\ashis\Desktop\ScanAI\dataset_manager\clean\skin\hotspot\roboflow__dog-and-cat-skin-disease-identification-2__hotspot-3-_jpg.rf.4e98c2a159845e67086bf88cdcb2f445.jpg,C:\Users\ashis\Desktop\ScanAI\dataset_manager\clean\skin\pyoderma\roboflow__dog-and-cat-skin-disease-identification-2__bacterial_177_jpg.rf.14b2911af0bb24456b64f8b4c224b7a4.jpg,0
C:\Users\ashis\Desktop\ScanAI\dataset_manager\clean\skin\hotspot\roboflow__dog-and-cat-skin-disease-identification-2__hotspot-30-_jpg.rf.0b34a0512f5ff6c317cc48cbe2eb052e.jpg,C:\Users\ashis\Desktop\ScanAI\dataset_manager\clean\skin\hotspot\roboflow__dog-and-cat-skin-disease-identification-2__hotspot-30-_jpg.rf.304fb410b90ce0b0065243333c8cd230.jpg,2
C:\Users\ashis\Desktop\ScanAI\dataset_manager\clean\skin\hotspot\roboflow__dog-and-cat-skin-disease-identification-2__hotspot-30-_jpg.rf.0b34a0512f5ff6c317cc48cbe2eb052e.jpg,C:\Users\ashis\Desktop\ScanAI\dataset_manager\clean\skin\hotspot\roboflow__dog-and-cat-skin-disease-identification-2__preprocessed_HOTSPOT_016_jpg.rf.14a6e90e3cc426832ef94bd94d7b4431.jpg,2
C:\Users\ashis\Desktop\ScanAI\dataset_manager\clean\skin\hotspot\roboflow__dog-and-cat-skin-disease-identification-2__hotspot-30-_jpg.rf.0b34a0512f5ff6c317cc48cbe2eb052e.jpg,C:\Users\ashis\Desktop\ScanAI\dataset_manager\clean\skin\pyoderma\roboflow__dog-and-cat-skin-disease-identification-2__bacterial_266_jpg.rf.084e7987292e41bc972a9c2ba95b6506.jpg,2
C:\Users\ashis\Desktop\ScanAI\dataset_manager\clean\skin\hotspot\roboflow__dog-and-cat-skin-disease-identification-2__hotspot-30-_jpg.rf.0b34a0512f5ff6c317cc48cbe2eb052e.jpg,C:\Users\ashis\Desktop\ScanAI\dataset_manager\clean\skin\pyoderma\roboflow__dog-and-cat-skin-disease-identification-2__bacterial_derm_37_jpg.rf.6d3340a9ea7b5419968fd53ec34c1beb.jpg,2
C:\Users\ashis\Desktop\ScanAI\dataset_manager\clean\skin\hotspot\roboflow__dog-and-cat-skin-disease-identification-2__hotspot-30-_jpg.rf.0b34a0512f5ff6c317cc48cbe2eb052e.jpg,C:\Users\ashis\Desktop\ScanAI\dataset_manager\clean\skin\ringworm\roboflow__dog-and-cat-skin-disease-identification-2__hotspot-30-_jpg.rf.e884703028ce80effa3060aa83ba710d.jpg,0
C:\Users\ashis\Desktop\ScanAI\dataset_manager\clean\skin\hotspot\roboflow__dog-and-cat-skin-disease-identification-2__hotspot-30-_jpg.rf.304fb410b90ce0b0065243333c8cd230.jpg,C:\Users\ashis\Desktop\ScanAI\dataset_manager\clean\skin\hotspot\roboflow__dog-and-cat-skin-disease-identification-2__preprocessed_HOTSPOT_016_jpg.rf.14a6e90e3cc426832ef94bd94d7b4431.jpg,2
C:\Users\ashis\Desktop\ScanAI\dataset_manager\clean\skin\hotspot\roboflow__dog-and-cat-skin-disease-identification-2__hotspot-30-_jpg.rf.304fb410b90ce0b0065243333c8cd230.jpg,C:\Users\ashis\Desktop\ScanAI\dataset_manager\clean\skin\pyoderma\roboflow__dog-and-cat-skin-disease-identification-2__bacterial_266_jpg.rf.084e7987292e41bc972a9c2ba95b6506.jpg,0
C:\Users\ashis\Desktop\ScanAI\dataset_manager\clean\skin\hotspot\roboflow__dog-and-cat-skin-disease-identification-2__hotspot-30-_jpg.rf.304fb410b90ce0b0065243333c8cd230.jpg,C:\Users\ashis\Desktop\ScanAI\dataset_manager\clean\skin\pyoderma\roboflow__dog-and-cat-skin-disease-identification-2__bacterial_derm_37_jpg.rf.6d3340a9ea7b5419968fd53ec34c1beb.jpg,2
C:\Users\ashis\Desktop\ScanAI\dataset_manager\clean\skin\hotspot\roboflow__dog-and-cat-skin-disease-identification-2__hotspot-30-_jpg.rf.304fb410b90ce0b0065243333c8cd230.jpg,C:\Users\ashis\Desktop\ScanAI\dataset_manager\clean\skin\ringworm\roboflow__dog-and-cat-skin-disease-identification-2__hotspot-30-_jpg.rf.e884703028ce80effa3060aa83ba710d.jpg,2
C:\Users\ashis\Desktop\ScanAI\dataset_manager\clean\skin\hotspot\roboflow__dog-and-cat-skin-disease-identification-2__hotspot-31-_jpg.rf.79bf6929e5377cbab35f62bab9fc7544.jpg,C:\Users\ashis\Desktop\ScanAI\dataset_manager\clean\skin\hotspot\roboflow__dog-and-cat-skin-disease-identification-2__hotspot-31-_jpg.rf.8c8dc11438b4a5c45cad3035d6672992.jpg,0
C:\Users\ashis\Desktop\ScanAI\dataset_manager\clean\skin\hotspot\roboflow__dog-and-cat-skin-disease-identification-2__hotspot-31-_jpg.rf.79bf6929e5377cbab35f62bab9fc7544.jpg,C:\Users\ashis\Desktop\ScanAI\dataset_manager\clean\skin\hotspot\roboflow__dog-and-cat-skin-disease-identification-2__hotspot-41-_jpg.rf.70d219a19953091f1d869c541ff23fd2.jpg,0
C:\Users\ashis\Desktop\ScanAI\dataset_manager\clean\skin\hotspot\roboflow__dog-and-cat-skin-disease-identification-2__hotspot-31-_jpg.rf.8c8dc11438b4a5c45cad3035d6672992.jpg,C:\Users\ashis\Desktop\ScanAI\dataset_manager\clean\skin\hotspot\roboflow__dog-and-cat-skin-disease-identification-2__hotspot-41-_jpg.rf.70d219a19953091f1d869c541ff23fd2.jpg,0
C:\Users\ashis\Desktop\ScanAI\dataset_manager\clean\skin\hotspot\roboflow__dog-and-cat-skin-disease-identification-2__hotspot-32-_jpg.rf.172aabeddd1c0e2d97c5ea1de12ff41c.jpg,C:\Users\ashis\Desktop\ScanAI\dataset_manager\clean\skin\pyoderma\roboflow__dog-and-cat-skin-disease-identification-2__bacterial_187_jpg.rf.850e36c3c8d5b061e187994bbd031c1b.jpg,0
C:\Users\ashis\Desktop\ScanAI\dataset_manager\clean\skin\hotspot\roboflow__dog-and-cat-skin-disease-identification-2__hotspot-32-_jpg.rf.727cee1144ff86d146b9d5083ce57c09.jpg,C:\Users\ashis\Desktop\ScanAI\dataset_manager\clean\skin\hotspot\roboflow__dog-and-cat-skin-disease-identification-2__hotspot-32-_jpg.rf.f90f8ac803511ba0f3b1a136a78d3021.jpg,0
C:\Users\ashis\Desktop\ScanAI\dataset_manager\clean\skin\hotspot\roboflow__dog-and-cat-skin-disease-identification-2__hotspot-32-_jpg.rf.727cee1144ff86d146b9d5083ce57c09.jpg,C:\Users\ashis\Desktop\ScanAI\dataset_manager\clean\skin\pyoderma\roboflow__dog-and-cat-skin-disease-identification-2__bacterial_188_jpg.rf.6fb41081751d3259d5a5a02dd4ea0216.jpg,0
C:\Users\ashis\Desktop\ScanAI\dataset_manager\clean\skin\hotspot\roboflow__dog-and-cat-skin-disease-identification-2__hotspot-32-_jpg.rf.f90f8ac803511ba0f3b1a136a78d3021.jpg,C:\Users\ashis\Desktop\ScanAI\dataset_manager\clean\skin\pyoderma\roboflow__dog-and-cat-skin-disease-identification-2__bacterial_188_jpg.rf.6fb41081751d3259d5a5a02dd4ea0216.jpg,0
C:\Users\ashis\Desktop\ScanAI\dataset_manager\clean\skin\hotspot\roboflow__dog-and-cat-skin-disease-identification-2__hotspot-33-_jpg.rf.99628479b153ac26ae60e4679bff8ee8.jpg,C:\Users\ashis\Desktop\ScanAI\dataset_manager\clean\skin\hotspot\roboflow__dog-and-cat-skin-disease-identification-2__hotspot-33-_jpg.rf.b49bb693c81196aa66f56ef36a656eeb.jpg,0
C:\Users\ashis\Desktop\ScanAI\dataset_manager\clean\skin\hotspot\roboflow__dog-and-cat-skin-disease-identification-2__hotspot-33-_jpg.rf.99628479b153ac26ae60e4679bff8ee8.jpg,C:\Users\ashis\Desktop\ScanAI\dataset_manager\clean\skin\hotspot\roboflow__dog-and-cat-skin-disease-identification-2__preprocessed_HOTSPOT_017_jpg.rf.de8013f0c3b7d195d4ebeb39bf41716f.jpg,0
C:\Users\ashis\Desktop\ScanAI\dataset_manager\clean\skin\hotspot\roboflow__dog-and-cat-skin-disease-identification-2__hotspot-33-_jpg.rf.99628479b153ac26ae60e4679bff8ee8.jpg,C:\Users\ashis\Desktop\ScanAI\dataset_manager\clean\skin\pyoderma\roboflow__dog-and-cat-skin-disease-identification-2__bacterial_189_jpg.rf.e112d9b29eaf8f5d90a3d4e4169eddaa.jpg,0
C:\Users\ashis\Desktop\ScanAI\dataset_manager\clean\skin\hotspot\roboflow__dog-and-cat-skin-disease-identification-2__hotspot-33-_jpg.rf.b49bb693c81196aa66f56ef36a656eeb.jpg,C:\Users\ashis\Desktop\ScanAI\dataset_manager\clean\skin\hotspot\roboflow__dog-and-cat-skin-disease-identification-2__preprocessed_HOTSPOT_017_jpg.rf.de8013f0c3b7d195d4ebeb39bf41716f.jpg,0
C:\Users\ashis\Desktop\ScanAI\dataset_manager\clean\skin\hotspot\roboflow__dog-and-cat-skin-disease-identification-2__hotspot-33-_jpg.rf.b49bb693c81196aa66f56ef36a656eeb.jpg,C:\Users\ashis\Desktop\ScanAI\dataset_manager\clean\skin\pyoderma\roboflow__dog-and-cat-skin-disease-identification-2__bacterial_189_jpg.rf.e112d9b29eaf8f5d90a3d4e4169eddaa.jpg,0
C:\Users\ashis\Desktop\ScanAI\dataset_manager\clean\skin\hotspot\roboflow__dog-and-cat-skin-disease-identification-2__hotspot-34-_jpg.rf.2ab5d29b1a127e2af8355db947fb9c96.jpg,C:\Users\ashis\Desktop\ScanAI\dataset_manager\clean\skin\hotspot\roboflow__dog-and-cat-skin-disease-identification-2__hotspot-34-_jpg.rf.92e1958c422a1c15bc9e6c686ea6a5a5.jpg,0
C:\Users\ashis\Desktop\ScanAI\dataset_manager\clean\skin\hotspot\roboflow__dog-and-cat-skin-disease-identification-2__hotspot-34-_jpg.rf.2ab5d29b1a127e2af8355db947fb9c96.jpg,C:\Users\ashis\Desktop\ScanAI\dataset_manager\clean\skin\hotspot\roboflow__dog-and-cat-skin-disease-identification-2__preprocessed_HOTSPOT_018_jpg.rf.b215bb1bd0c804c4aecf163bb1bc8013.jpg,0
C:\Users\ashis\Desktop\ScanAI\dataset_manager\clean\skin\hotspot\roboflow__dog-and-cat-skin-disease-identification-2__hotspot-34-_jpg.rf.92e1958c422a1c15bc9e6c686ea6a5a5.jpg,C:\Users\ashis\Desktop\ScanAI\dataset_manager\clean\skin\hotspot\roboflow__dog-and-cat-skin-disease-identification-2__preprocessed_HOTSPOT_018_jpg.rf.b215bb1bd0c804c4aecf163bb1bc8013.jpg,0
C:\Users\ashis\Desktop\ScanAI\dataset_manager\clean\skin\hotspot\roboflow__dog-and-cat-skin-disease-identification-2__hotspot-35-_jpg.rf.2b278a375e298f9bf5e92d5885d53f18.jpg,C:\Users\ashis\Desktop\ScanAI\dataset_manager\clean\skin\hotspot\roboflow__dog-and-cat-skin-disease-identification-2__hotspot-35-_jpg.rf.524f45ae610f1ea4fd73a894ddc68d77.jpg,0
C:\Users\ashis\Desktop\ScanAI\dataset_manager\clean\skin\hotspot\roboflow__dog-and-cat-skin-disease-identification-2__hotspot-35-_jpg.rf.2b278a375e298f9bf5e92d5885d53f18.jpg,C:\Users\ashis\Desktop\ScanAI\dataset_manager\clean\skin\hotspot\roboflow__dog-and-cat-skin-disease-identification-2__hotspot-46-_jpg.rf.8298d56b34771e3dd5f25eb8dd21bec4.jpg,0
C:\Users\ashis\Desktop\ScanAI\dataset_manager\clean\skin\hotspot\roboflow__dog-and-cat-skin-disease-identification-2__hotspot-35-_jpg.rf.524f45ae610f1ea4fd73a894ddc68d77.jpg,C:\Users\ashis\Desktop\ScanAI\dataset_manager\clean\skin\hotspot\roboflow__dog-and-cat-skin-disease-identification-2__hotspot-46-_jpg.rf.8298d56b34771e3dd5f25eb8dd21bec4.jpg,0
C:\Users\ashis\Desktop\ScanAI\dataset_manager\clean\skin\hotspot\roboflow__dog-and-cat-skin-disease-identification-2__hotspot-36-_jpg.rf.8b7c4af31de173e208aff0dd212eb7b8.jpg,C:\Users\ashis\Desktop\ScanAI\dataset_manager\clean\skin\hotspot\roboflow__dog-and-cat-skin-disease-identification-2__hotspot-36-_jpg.rf.dd446a843bf26c772d287d8705f877fd.jpg,0
C:\Users\ashis\Desktop\ScanAI\dataset_manager\clean\skin\hotspot\roboflow__dog-and-cat-skin-disease-identification-2__hotspot-36-_jpg.rf.8b7c4af31de173e208aff0dd212eb7b8.jpg,C:\Users\ashis\Desktop\ScanAI\dataset_manager\clean\skin\pyoderma\roboflow__dog-and-cat-skin-disease-identification-2__bacterial_192_jpg.rf.adc07ed51bf17b5df8f1ea9eeef7ea7d.jpg,0
C:\Users\ashis\Desktop\ScanAI\dataset_manager\clean\skin\hotspot\roboflow__dog-and-cat-skin-disease-identification-2__hotspot-36-_jpg.rf.dd446a843bf26c772d287d8705f877fd.jpg,C:\Users\ashis\Desktop\ScanAI\dataset_manager\clean\skin\pyoderma\roboflow__dog-and-cat-skin-disease-identification-2__bacterial_192_jpg.rf.adc07ed51bf17b5df8f1ea9eeef7ea7d.jpg,0
C:\Users\ashis\Desktop\ScanAI\dataset_manager\clean\skin\hotspot\roboflow__dog-and-cat-skin-disease-identification-2__hotspot-36-_jpg.rf.edafe4ac2aad1b0d6d368b60e71c86a2.jpg,C:\Users\ashis\Desktop\ScanAI\dataset_manager\clean\skin\pyoderma\roboflow__dog-and-cat-skin-disease-identification-2__bacterial_185_jpg.rf.6b11f69edb7f455990201da144011446.jpg,0
C:\Users\ashis\Desktop\ScanAI\dataset_manager\clean\skin\hotspot\roboflow__dog-and-cat-skin-disease-identification-2__hotspot-37-_jpg.rf.705ff0d826beea876d91efdeccc3ced7.jpg,C:\Users\ashis\Desktop\ScanAI\dataset_manager\clean\skin\hotspot\roboflow__dog-and-cat-skin-disease-identification-2__hotspot-37-_jpg.rf.72df7c2295eebe71570115f24954dbea.jpg,0
C:\Users\ashis\Desktop\ScanAI\dataset_manager\clean\skin\hotspot\roboflow__dog-and-cat-skin-disease-identification-2__hotspot-37-_jpg.rf.d23ef16172fb33246665ca7c748b1a8e.jpg,C:\Users\ashis\Desktop\ScanAI\dataset_manager\clean\skin\pyoderma\roboflow__dog-and-cat-skin-disease-identification-2__bacterial_186_jpg.rf.536c1ce12e5d29d8802ea4141b5fcdac.jpg,0
C:\Users\ashis\Desktop\ScanAI\dataset_manager\clean\skin\hotspot\roboflow__dog-and-cat-skin-disease-identification-2__hotspot-38-_jpg.rf.0800df4799f1767f148f382b5d4995db.jpg,C:\Users\ashis\Desktop\ScanAI\dataset_manager\clean\skin\hotspot\roboflow__dog-and-cat-skin-disease-identification-2__hotspot-38-_jpg.rf.76e0d8037755e61d2a6535059f7d59be.jpg,0
C:\Users\ashis\Desktop\ScanAI\dataset_manager\clean\skin\hotspot\roboflow__dog-and-cat-skin-disease-identification-2__hotspot-38-_jpg.rf.0800df4799f1767f148f382b5d4995db.jpg,C:\Users\ashis\Desktop\ScanAI\dataset_manager\clean\skin\hotspot\roboflow__dog-and-cat-skin-disease-identification-2__preprocessed_HOTSPOT_019_jpg.rf.e2ea9cb47b78b38030dd9342e126e8bf.jpg,0
C:\Users\ashis\Desktop\ScanAI\dataset_manager\clean\skin\hotspot\roboflow__dog-and-cat-skin-disease-identification-2__hotspot-38-_jpg.rf.0800df4799f1767f148f382b5d4995db.jpg,C:\Users\ashis\Desktop\ScanAI\dataset_manager\clean\skin\pyoderma\roboflow__dog-and-cat-skin-disease-identification-2__bacterial_194_jpg.rf.2a3f0ed61d2bd7666275abe302f07ec1.jpg,0
C:\Users\ashis\Desktop\ScanAI\dataset_manager\clean\skin\hotspot\roboflow__dog-and-cat-skin-disease-identification-2__hotspot-38-_jpg.rf.76e0d8037755e61d2a6535059f7d59be.jpg,C:\Users\ashis\Desktop\ScanAI\dataset_manager\clean\skin\hotspot\roboflow__dog-and-cat-skin-disease-identification-2__preprocessed_HOTSPOT_019_jpg.rf.e2ea9cb47b78b38030dd9342e126e8bf.jpg,0
C:\Users\ashis\Desktop\ScanAI\dataset_manager\clean\skin\hotspot\roboflow__dog-and-cat-skin-disease-identification-2__hotspot-38-_jpg.rf.76e0d8037755e61d2a6535059f7d59be.jpg,C:\Users\ashis\Desktop\ScanAI\dataset_manager\clean\skin\pyoderma\roboflow__dog-and-cat-skin-disease-identification-2__bacterial_194_jpg.rf.2a3f0ed61d2bd7666275abe302f07ec1.jpg,0
C:\Users\ashis\Desktop\ScanAI\dataset_manager\clean\skin\hotspot\roboflow__dog-and-cat-skin-disease-identification-2__hotspot-39-_jpg.rf.b3e841a992e5831ab8b601bad4af059e.jpg,C:\Users\ashis\Desktop\ScanAI\dataset_manager\clean\skin\hotspot\roboflow__dog-and-cat-skin-disease-identification-2__hotspot-39-_jpg.rf.fd847a5cbf97bb67afa5aade042a20fd.jpg,0
C:\Users\ashis\Desktop\ScanAI\dataset_manager\clean\skin\hotspot\roboflow__dog-and-cat-skin-disease-identification-2__hotspot-4-_jpg.rf.71bb0bee52521807995a97e9163f82ec.jpg,C:\Users\ashis\Desktop\ScanAI\dataset_manager\clean\skin\hotspot\roboflow__dog-and-cat-skin-disease-identification-2__hotspot-4-_jpg.rf.81df36746b702d8e5f2d6496647eed65.jpg,0
C:\Users\ashis\Desktop\ScanAI\dataset_manager\clean\skin\hotspot\roboflow__dog-and-cat-skin-disease-identification-2__hotspot-4-_jpg.rf.71bb0bee52521807995a97e9163f82ec.jpg,C:\Users\ashis\Desktop\ScanAI\dataset_manager\clean\skin\hotspot\roboflow__dog-and-cat-skin-disease-identification-2__hotspot-4-_jpg.rf.f01f4ce4f1d0cfe84ff939a575f7d44d.jpg,0
C:\Users\ashis\Desktop\ScanAI\dataset_manager\clean\skin\hotspot\roboflow__dog-and-cat-skin-disease-identification-2__hotspot-4-_jpg.rf.71bb0bee52521807995a97e9163f82ec.jpg,C:\Users\ashis\Desktop\ScanAI\dataset_manager\clean\skin\hotspot\roboflow__dog-and-cat-skin-disease-identification-2__preprocessed_HOTSPOT_020_jpg.rf.037603b141d81e40ff1b86f8ff43d66b.jpg,0
C:\Users\ashis\Desktop\ScanAI\dataset_manager\clean\skin\hotspot\roboflow__dog-and-cat-skin-disease-identification-2__hotspot-4-_jpg.rf.81df36746b702d8e5f2d6496647eed65.jpg,C:\Users\ashis\Desktop\ScanAI\dataset_manager\clean\skin\hotspot\roboflow__dog-and-cat-skin-disease-identification-2__hotspot-4-_jpg.rf.f01f4ce4f1d0cfe84ff939a575f7d44d.jpg,0
C:\Users\ashis\Desktop\ScanAI\dataset_manager\clean\skin\hotspot\roboflow__dog-and-cat-skin-disease-identification-2__hotspot-4-_jpg.rf.81df36746b702d8e5f2d6496647eed65.jpg,C:\Users\ashis\Desktop\ScanAI\dataset_manager\clean\skin\hotspot\roboflow__dog-and-cat-skin-disease-identification-2__preprocessed_HOTSPOT_020_jpg.rf.037603b141d81e40ff1b86f8ff43d66b.jpg,0
C:\Users\ashis\Desktop\ScanAI\dataset_manager\clean\skin\hotspot\roboflow__dog-and-cat-skin-disease-identification-2__hotspot-4-_jpg.rf.f01f4ce4f1d0cfe84ff939a575f7d44d.jpg,C:\Users\ashis\Desktop\ScanAI\dataset_manager\clean\skin\hotspot\roboflow__dog-and-cat-skin-disease-identification-2__preprocessed_HOTSPOT_020_jpg.rf.037603b141d81e40ff1b86f8ff43d66b.jpg,0
C:\Users\ashis\Desktop\ScanAI\dataset_manager\clean\skin\hotspot\roboflow__dog-and-cat-skin-disease-identification-2__hotspot-40-_jpg.rf.b88e272cf9bc0d5734be89e5790b04a9.jpg,C:\Users\ashis\Desktop\ScanAI\dataset_manager\clean\skin\hotspot\roboflow__dog-and-cat-skin-disease-identification-2__hotspot-40-_jpg.rf.c7d9be4d12cfe7880b7156c29c3a5a5a.jpg,0
C:\Users\ashis\Desktop\ScanAI\dataset_manager\clean\skin\hotspot\roboflow__dog-and-cat-skin-disease-identification-2__hotspot-40-_jpg.rf.b88e272cf9bc0d5734be89e5790b04a9.jpg,C:\Users\ashis\Desktop\ScanAI\dataset_manager\clean\skin\hotspot\roboflow__dog-and-cat-skin-disease-identification-2__preprocessed_HOTSPOT_021_jpg.rf.0c5e96129979b5fefcecf16f563d1e8f.jpg,0
C:\Users\ashis\Desktop\ScanAI\dataset_manager\clean\skin\hotspot\roboflow__dog-and-cat-skin-disease-identification-2__hotspot-40-_jpg.rf.b88e272cf9bc0d5734be89e5790b04a9.jpg,C:\Users\ashis\Desktop\ScanAI\dataset_manager\clean\skin\pyoderma\roboflow__dog-and-cat-skin-disease-identification-2__bacterial_195_jpg.rf.07a3022b4d36d954db262d2e89d29f74.jpg,0
C:\Users\ashis\Desktop\ScanAI\dataset_manager\clean\skin\hotspot\roboflow__dog-and-cat-skin-disease-identification-2__hotspot-40-_jpg.rf.c7d9be4d12cfe7880b7156c29c3a5a5a.jpg,C:\Users\ashis\Desktop\ScanAI\dataset_manager\clean\skin\hotspot\roboflow__dog-and-cat-skin-disease-identification-2__preprocessed_HOTSPOT_021_jpg.rf.0c5e96129979b5fefcecf16f563d1e8f.jpg,0
C:\Users\ashis\Desktop\ScanAI\dataset_manager\clean\skin\hotspot\roboflow__dog-and-cat-skin-disease-identification-2__hotspot-40-_jpg.rf.c7d9be4d12cfe7880b7156c29c3a5a5a.jpg,C:\Users\ashis\Desktop\ScanAI\dataset_manager\clean\skin\pyoderma\roboflow__dog-and-cat-skin-disease-identification-2__bacterial_195_jpg.rf.07a3022b4d36d954db262d2e89d29f74.jpg,0
C:\Users\ashis\Desktop\ScanAI\dataset_manager\clean\skin\hotspot\roboflow__dog-and-cat-skin-disease-identification-2__hotspot-41-_jpg.rf.0abcdcc07b11ce5da84a23d28d29680d.jpg,C:\Users\ashis\Desktop\ScanAI\dataset_manager\clean\skin\hotspot\roboflow__dog-and-cat-skin-disease-identification-2__hotspot-41-_jpg.rf.bff76eacbb037991a329679c46ead189.jpg,0
C:\Users\ashis\Desktop\ScanAI\dataset_manager\clean\skin\hotspot\roboflow__dog-and-cat-skin-disease-identification-2__hotspot-41-_jpg.rf.0abcdcc07b11ce5da84a23d28d29680d.jpg,C:\Users\ashis\Desktop\ScanAI\dataset_manager\clean\skin\pyoderma\roboflow__dog-and-cat-skin-disease-identification-2__bacterial_196_jpg.rf.823299d3dfc7d816a5dad68f00405db5.jpg,0
C:\Users\ashis\Desktop\ScanAI\dataset_manager\clean\skin\hotspot\roboflow__dog-and-cat-skin-disease-identification-2__hotspot-41-_jpg.rf.bff76eacbb037991a329679c46ead189.jpg,C:\Users\ashis\Desktop\ScanAI\dataset_manager\clean\skin\pyoderma\roboflow__dog-and-cat-skin-disease-identification-2__bacterial_196_jpg.rf.823299d3dfc7d816a5dad68f00405db5.jpg,0
C:\Users\ashis\Desktop\ScanAI\dataset_manager\clean\skin\hotspot\roboflow__dog-and-cat-skin-disease-identification-2__hotspot-42-_jpg.rf.66353ba249b0e018938e4156771cd8da.jpg,C:\Users\ashis\Desktop\ScanAI\dataset_manager\clean\skin\hotspot\roboflow__dog-and-cat-skin-disease-identification-2__hotspot-42-_jpg.rf.9433ebf2515c34136cc3624cfc3e2b7a.jpg,0
C:\Users\ashis\Desktop\ScanAI\dataset_manager\clean\skin\hotspot\roboflow__dog-and-cat-skin-disease-identification-2__hotspot-42-_jpg.rf.66353ba249b0e018938e4156771cd8da.jpg,C:\Users\ashis\Desktop\ScanAI\dataset_manager\clean\skin\hotspot\roboflow__dog-and-cat-skin-disease-identification-2__hotspot-55-_jpg.rf.c6c8e0ea6ce95164f1092f696e89746e.jpg,0
C:\Users\ashis\Desktop\ScanAI\dataset_manager\clean\skin\hotspot\roboflow__dog-and-cat-skin-disease-identification-2__hotspot-42-_jpg.rf.66353ba249b0e018938e4156771cd8da.jpg,C:\Users\ashis\Desktop\ScanAI\dataset_manager\clean\skin\pyoderma\roboflow__dog-and-cat-skin-disease-identification-2__bacterial_197_jpg.rf.57f2bb66590432d55bf190ae648647e2.jpg,0
C:\Users\ashis\Desktop\ScanAI\dataset_manager\clean\skin\hotspot\roboflow__dog-and-cat-skin-disease-identification-2__hotspot-42-_jpg.rf.9433ebf2515c34136cc3624cfc3e2b7a.jpg,C:\Users\ashis\Desktop\ScanAI\dataset_manager\clean\skin\hotspot\roboflow__dog-and-cat-skin-disease-identification-2__hotspot-55-_jpg.rf.c6c8e0ea6ce95164f1092f696e89746e.jpg,0
C:\Users\ashis\Desktop\ScanAI\dataset_manager\clean\skin\hotspot\roboflow__dog-and-cat-skin-disease-identification-2__hotspot-42-_jpg.rf.9433ebf2515c34136cc3624cfc3e2b7a.jpg,C:\Users\ashis\Desktop\ScanAI\dataset_manager\clean\skin\pyoderma\roboflow__dog-and-cat-skin-disease-identification-2__bacterial_197_jpg.rf.57f2bb66590432d55bf190ae648647e2.jpg,0
C:\Users\ashis\Desktop\ScanAI\dataset_manager\clean\skin\hotspot\roboflow__dog-and-cat-skin-disease-identification-2__hotspot-43-_jpg.rf.098129a80e1bcc0aaf7f1a0fbde74164.jpg,C:\Users\ashis\Desktop\ScanAI\dataset_manager\clean\skin\hotspot\roboflow__dog-and-cat-skin-disease-identification-2__preprocessed_HOTSPOT_022_jpg.rf.ff4a288ccef8e10ff1558cac00f416b1.jpg,0
C:\Users\ashis\Desktop\ScanAI\dataset_manager\clean\skin\hotspot\roboflow__dog-and-cat-skin-disease-identification-2__hotspot-44-_jpg.rf.6348cd6c6f5e1cff8c8bcff625b642cc.jpg,C:\Users\ashis\Desktop\ScanAI\dataset_manager\clean\skin\hotspot\roboflow__dog-and-cat-skin-disease-identification-2__hotspot-44-_jpg.rf.85001c76b69405059bbc1c7bdf9bb90b.jpg,0
C:\Users\ashis\Desktop\ScanAI\dataset_manager\clean\skin\hotspot\roboflow__dog-and-cat-skin-disease-identification-2__hotspot-44-_jpg.rf.6348cd6c6f5e1cff8c8bcff625b642cc.jpg,C:\Users\ashis\Desktop\ScanAI\dataset_manager\clean\skin\pyoderma\roboflow__dog-and-cat-skin-disease-identification-2__bacterial_198_jpg.rf.c0dab02f4eb35307b2aa159a6c5f77ec.jpg,0
C:\Users\ashis\Desktop\ScanAI\dataset_manager\clean\skin\hotspot\roboflow__dog-and-cat-skin-disease-identification-2__hotspot-44-_jpg.rf.85001c76b69405059bbc1c7bdf9bb90b.jpg,C:\Users\ashis\Desktop\ScanAI\dataset_manager\clean\skin\pyoderma\roboflow__dog-and-cat-skin-disease-identification-2__bacterial_198_jpg.rf.c0dab02f4eb35307b2aa159a6c5f77ec.jpg,0
C:\Users\ashis\Desktop\ScanAI\dataset_manager\clean\skin\hotspot\roboflow__dog-and-cat-skin-disease-identification-2__hotspot-45-_jpg.rf.6964467efc36cfd4f8c44e36f958e34f.jpg,C:\Users\ashis\Desktop\ScanAI\dataset_manager\clean\skin\hotspot\roboflow__dog-and-cat-skin-disease-identification-2__hotspot-45-_jpg.rf.e962cb5e57db2e8e1e7449f17e061b3c.jpg,0
C:\Users\ashis\Desktop\ScanAI\dataset_manager\clean\skin\hotspot\roboflow__dog-and-cat-skin-disease-identification-2__hotspot-45-_jpg.rf.6964467efc36cfd4f8c44e36f958e34f.jpg,C:\Users\ashis\Desktop\ScanAI\dataset_manager\clean\skin\hotspot\roboflow__dog-and-cat-skin-disease-identification-2__hotspot-60-_jpg.rf.aa0f00c4a251dc50f3d43d8cd0cc3577.jpg,0
C:\Users\ashis\Desktop\ScanAI\dataset_manager\clean\skin\hotspot\roboflow__dog-and-cat-skin-disease-identification-2__hotspot-45-_jpg.rf.6964467efc36cfd4f8c44e36f958e34f.jpg,C:\Users\ashis\Desktop\ScanAI\dataset_manager\clean\skin\pyoderma\roboflow__dog-and-cat-skin-disease-identification-2__bacterial_199_jpg.rf.cfd43a75e1ed4baa2821580265538c5d.jpg,0
C:\Users\ashis\Desktop\ScanAI\dataset_manager\clean\skin\hotspot\roboflow__dog-and-cat-skin-disease-identification-2__hotspot-45-_jpg.rf.e962cb5e57db2e8e1e7449f17e061b3c.jpg,C:\Users\ashis\Desktop\ScanAI\dataset_manager\clean\skin\hotspot\roboflow__dog-and-cat-skin-disease-identification-2__hotspot-60-_jpg.rf.aa0f00c4a251dc50f3d43d8cd0cc3577.jpg,0
C:\Users\ashis\Desktop\ScanAI\dataset_manager\clean\skin\hotspot\roboflow__dog-and-cat-skin-disease-identification-2__hotspot-45-_jpg.rf.e962cb5e57db2e8e1e7449f17e061b3c.jpg,C:\Users\ashis\Desktop\ScanAI\dataset_manager\clean\skin\pyoderma\roboflow__dog-and-cat-skin-disease-identification-2__bacterial_199_jpg.rf.cfd43a75e1ed4baa2821580265538c5d.jpg,0
C:\Users\ashis\Desktop\ScanAI\dataset_manager\clean\skin\hotspot\roboflow__dog-and-cat-skin-disease-identification-2__hotspot-46-_jpg.rf.3940fab82186443542328c4331e1cba2.jpg,C:\Users\ashis\Desktop\ScanAI\dataset_manager\clean\skin\hotspot\roboflow__dog-and-cat-skin-disease-identification-2__hotspot-46-_jpg.rf.d1ceef267bf2fcfe605156bc889e1b41.jpg,0
C:\Users\ashis\Desktop\ScanAI\dataset_manager\clean\skin\hotspot\roboflow__dog-and-cat-skin-disease-identification-2__hotspot-46-_jpg.rf.3940fab82186443542328c4331e1cba2.jpg,C:\Users\ashis\Desktop\ScanAI\dataset_manager\clean\skin\pyoderma\roboflow__dog-and-cat-skin-disease-identification-2__bacterial_200_jpg.rf.1019333292b3c77454085dd12986719d.jpg,0
C:\Users\ashis\Desktop\ScanAI\dataset_manager\clean\skin\hotspot\roboflow__dog-and-cat-skin-disease-identification-2__hotspot-46-_jpg.rf.d1ceef267bf2fcfe605156bc889e1b41.jpg,C:\Users\ashis\Desktop\ScanAI\dataset_manager\clean\skin\pyoderma\roboflow__dog-and-cat-skin-disease-identification-2__bacterial_200_jpg.rf.1019333292b3c77454085dd12986719d.jpg,0
C:\Users\ashis\Desktop\ScanAI\dataset_manager\clean\skin\hotspot\roboflow__dog-and-cat-skin-disease-identification-2__hotspot-47-_jpg.rf.6961245de094876c8a413f0d3483dc2d.jpg,C:\Users\ashis\Desktop\ScanAI\dataset_manager\clean\skin\hotspot\roboflow__dog-and-cat-skin-disease-identification-2__hotspot-47-_jpg.rf.d65fc25ea0282914d23e7f145ccfa937.jpg,2
C:\Users\ashis\Desktop\ScanAI\dataset_manager\clean\skin\hotspot\roboflow__dog-and-cat-skin-disease-identification-2__hotspot-47-_jpg.rf.6961245de094876c8a413f0d3483dc2d.jpg,C:\Users\ashis\Desktop\ScanAI\dataset_manager\clean\skin\hotspot\roboflow__dog-and-cat-skin-disease-identification-2__preprocessed_HOTSPOT_023_jpg.rf.921adc5a7dd697558c1ab2d0c365dd27.jpg,2
C:\Users\ashis\Desktop\ScanAI\dataset_manager\clean\skin\hotspot\roboflow__dog-and-cat-skin-disease-identification-2__hotspot-47-_jpg.rf.6961245de094876c8a413f0d3483dc2d.jpg,C:\Users\ashis\Desktop\ScanAI\dataset_manager\clean\skin\pyoderma\roboflow__dog-and-cat-skin-disease-identification-2__bacterial_201_jpg.rf.3686cf8b50c71aa45129e35037e63e24.jpg,2
C:\Users\ashis\Desktop\ScanAI\dataset_manager\clean\skin\hotspot\roboflow__dog-and-cat-skin-disease-identification-2__hotspot-47-_jpg.rf.6961245de094876c8a413f0d3483dc2d.jpg,C:\Users\ashis\Desktop\ScanAI\dataset_manager\clean\skin\pyoderma\roboflow__dog-and-cat-skin-disease-identification-2__bacterial_derm_40_jpg.rf.c04deea24736306bb60efc5294cbb470.jpg,2
C:\Users\ashis\Desktop\ScanAI\dataset_manager\clean\skin\hotspot\roboflow__dog-and-cat-skin-disease-identification-2__hotspot-47-_jpg.rf.d65fc25ea0282914d23e7f145ccfa937.jpg,C:\Users\ashis\Desktop\ScanAI\dataset_manager\clean\skin\hotspot\roboflow__dog-and-cat-skin-disease-identification-2__preprocessed_HOTSPOT_023_jpg.rf.921adc5a7dd697558c1ab2d0c365dd27.jpg,0
C:\Users\ashis\Desktop\ScanAI\dataset_manager\clean\skin\hotspot\roboflow__dog-and-cat-skin-disease-identification-2__hotspot-47-_jpg.rf.d65fc25ea0282914d23e7f145ccfa937.jpg,C:\Users\ashis\Desktop\ScanAI\dataset_manager\clean\skin\pyoderma\roboflow__dog-and-cat-skin-disease-identification-2__bacterial_201_jpg.rf.3686cf8b50c71aa45129e35037e63e24.jpg,0
C:\Users\ashis\Desktop\ScanAI\dataset_manager\clean\skin\hotspot\roboflow__dog-and-cat-skin-disease-identification-2__hotspot-47-_jpg.rf.d65fc25ea0282914d23e7f145ccfa937.jpg,C:\Users\ashis\Desktop\ScanAI\dataset_manager\clean\skin\pyoderma\roboflow__dog-and-cat-skin-disease-identification-2__bacterial_derm_40_jpg.rf.c04deea24736306bb60efc5294cbb470.jpg,2
C:\Users\ashis\Desktop\ScanAI\dataset_manager\clean\skin\hotspot\roboflow__dog-and-cat-skin-disease-identification-2__hotspot-48-_jpg.rf.90c163447701b6e617b7067ff45ae7c3.jpg,C:\Users\ashis\Desktop\ScanAI\dataset_manager\clean\skin\hotspot\roboflow__dog-and-cat-skin-disease-identification-2__hotspot-48-_jpg.rf.f1e2895d01150c2de572df334562470b.jpg,0
C:\Users\ashis\Desktop\ScanAI\dataset_manager\clean\skin\hotspot\roboflow__dog-and-cat-skin-disease-identification-2__hotspot-48-_jpg.rf.90c163447701b6e617b7067ff45ae7c3.jpg,C:\Users\ashis\Desktop\ScanAI\dataset_manager\clean\skin\hotspot\roboflow__dog-and-cat-skin-disease-identification-2__hotspot-63-_jpg.rf.e1c6ccb4c62112a07beb2fdd131ece3d.jpg,0
C:\Users\ashis\Desktop\ScanAI\dataset_manager\clean\skin\hotspot\roboflow__dog-and-cat-skin-disease-identification-2__hotspot-48-_jpg.rf.90c163447701b6e617b7067ff45ae7c3.jpg,C:\Users\ashis\Desktop\ScanAI\dataset_manager\clean\skin\pyoderma\roboflow__dog-and-cat-skin-disease-identification-2__bacterial_202_jpg.rf.5983292aca7f45f1c4043d5169021a38.jpg,0
C:\Users\ashis\Desktop\ScanAI\dataset_manager\clean\skin\hotspot\roboflow__dog-and-cat-skin-disease-identification-2__hotspot-48-_jpg.rf.90c163447701b6e617b7067ff45ae7c3.jpg,C:\Users\ashis\Desktop\ScanAI\dataset_manager\clean\skin\ringworm\roboflow__dog-and-cat-skin-disease-identification-2__hotspot-63-_jpg.rf.fe35b23f9b4c7db8897009c751b83bb8.jpg,0
C:\Users\ashis\Desktop\ScanAI\dataset_manager\clean\skin\hotspot\roboflow__dog-and-cat-skin-disease-identification-2__hotspot-48-_jpg.rf.f1e2895d01150c2de572df334562470b.jpg,C:\Users\ashis\Desktop\ScanAI\dataset_manager\clean\skin\hotspot\roboflow__dog-and-cat-skin-disease-identification-2__hotspot-63-_jpg.rf.e1c6ccb4c62112a07beb2fdd131ece3d.jpg,0
C:\Users\ashis\Desktop\ScanAI\dataset_manager\clean\skin\hotspot\roboflow__dog-and-cat-skin-disease-identification-2__hotspot-48-_jpg.rf.f1e2895d01150c2de572df334562470b.jpg,C:\Users\ashis\Desktop\ScanAI\dataset_manager\clean\skin\pyoderma\roboflow__dog-and-cat-skin-disease-identification-2__bacterial_202_jpg.rf.5983292aca7f45f1c4043d5169021a38.jpg,0
C:\Users\ashis\Desktop\ScanAI\dataset_manager\clean\skin\hotspot\roboflow__dog-and-cat-skin-disease-identification-2__hotspot-48-_jpg.rf.f1e2895d01150c2de572df334562470b.jpg,C:\Users\ashis\Desktop\ScanAI\dataset_manager\clean\skin\ringworm\roboflow__dog-and-cat-skin-disease-identification-2__hotspot-63-_jpg.rf.fe35b23f9b4c7db8897009c751b83bb8.jpg,0
C:\Users\ashis\Desktop\ScanAI\dataset_manager\clean\skin\hotspot\roboflow__dog-and-cat-skin-disease-identification-2__hotspot-49-_jpg.rf.aad3d49b307f6785ec014ae156901dae.jpg,C:\Users\ashis\Desktop\ScanAI\dataset_manager\clean\skin\hotspot\roboflow__dog-and-cat-skin-disease-identification-2__hotspot-49-_jpg.rf.c33589a0161d19fcb05565fbb8187366.jpg,0
C:\Users\ashis\Desktop\ScanAI\dataset_manager\clean\skin\hotspot\roboflow__dog-and-cat-skin-disease-identification-2__hotspot-49-_jpg.rf.aad3d49b307f6785ec014ae156901dae.jpg,C:\Users\ashis\Desktop\ScanAI\dataset_manager\clean\skin\hotspot\roboflow__dog-and-cat-skin-disease-identification-2__hotspot-64-_jpg.rf.5c3d8468c2c805218ba0cef45f93177c.jpg,0
C:\Users\ashis\Desktop\ScanAI\dataset_manager\clean\skin\hotspot\roboflow__dog-and-cat-skin-disease-identification-2__hotspot-49-_jpg.rf.aad3d49b307f6785ec014ae156901dae.jpg,C:\Users\ashis\Desktop\ScanAI\dataset_manager\clean\skin\pyoderma\roboflow__dog-and-cat-skin-disease-identification-2__bacterial_203_jpg.rf.5624d5bcb6e6f7977d1c425bec1a7b3b.jpg,0
C:\Users\ashis\Desktop\ScanAI\dataset_manager\clean\skin\hotspot\roboflow__dog-and-cat-skin-disease-identification-2__hotspot-49-_jpg.rf.c33589a0161d19fcb05565fbb8187366.jpg,C:\Users\ashis\Desktop\ScanAI\dataset_manager\clean\skin\hotspot\roboflow__dog-and-cat-skin-disease-identification-2__hotspot-64-_jpg.rf.5c3d8468c2c805218ba0cef45f93177c.jpg,0
C:\Users\ashis\Desktop\ScanAI\dataset_manager\clean\skin\hotspot\roboflow__dog-and-cat-skin-disease-identification-2__hotspot-49-_jpg.rf.c33589a0161d19fcb05565fbb8187366.jpg,C:\Users\ashis\Desktop\ScanAI\dataset_manager\clean\skin\pyoderma\roboflow__dog-and-cat-skin-disease-identification-2__bacterial_203_jpg.rf.5624d5bcb6e6f7977d1c425bec1a7b3b.jpg,0
C:\Users\ashis\Desktop\ScanAI\dataset_manager\clean\skin\hotspot\roboflow__dog-and-cat-skin-disease-identification-2__hotspot-50-_jpg.rf.66e4c4511ea42c067de21848809635d7.jpg,C:\Users\ashis\Desktop\ScanAI\dataset_manager\clean\skin\hotspot\roboflow__dog-and-cat-skin-disease-identification-2__hotspot-50-_jpg.rf.a59e0b5797b31a77ca4b43b73435e52c.jpg,0
C:\Users\ashis\Desktop\ScanAI\dataset_manager\clean\skin\hotspot\roboflow__dog-and-cat-skin-disease-identification-2__hotspot-50-_jpg.rf.66e4c4511ea42c067de21848809635d7.jpg,C:\Users\ashis\Desktop\ScanAI\dataset_manager\clean\skin\hotspot\roboflow__dog-and-cat-skin-disease-identification-2__preprocessed_HOTSPOT_024_jpg.rf.6c5111924c4f56bd2a5d00ec9248b908.jpg,0
C:\Users\ashis\Desktop\ScanAI\dataset_manager\clean\skin\hotspot\roboflow__dog-and-cat-skin-disease-identification-2__hotspot-50-_jpg.rf.66e4c4511ea42c067de21848809635d7.jpg,C:\Users\ashis\Desktop\ScanAI\dataset_manager\clean\skin\pyoderma\roboflow__dog-and-cat-skin-disease-identification-2__bacterial_267_jpg.rf.7d045ea0d989f4102623b9bd50e63530.jpg,0
C:\Users\ashis\Desktop\ScanAI\dataset_manager\clean\skin\hotspot\roboflow__dog-and-cat-skin-disease-identification-2__hotspot-50-_jpg.rf.66e4c4511ea42c067de21848809635d7.jpg,C:\Users\ashis\Desktop\ScanAI\dataset_manager\clean\skin\ringworm\roboflow__dog-and-cat-skin-disease-identification-2__hotspot-50-_jpg.rf.d31c1f2f2676a66f238db2c285f973bd.jpg,0
C:\Users\ashis\Desktop\ScanAI\dataset_manager\clean\skin\hotspot\roboflow__dog-and-cat-skin-disease-identification-2__hotspot-50-_jpg.rf.a59e0b5797b31a77ca4b43b73435e52c.jpg,C:\Users\ashis\Desktop\ScanAI\dataset_manager\clean\skin\hotspot\roboflow__dog-and-cat-skin-disease-identification-2__preprocessed_HOTSPOT_024_jpg.rf.6c5111924c4f56bd2a5d00ec9248b908.jpg,0
C:\Users\ashis\Desktop\ScanAI\dataset_manager\clean\skin\hotspot\roboflow__dog-and-cat-skin-disease-identification-2__hotspot-50-_jpg.rf.a59e0b5797b31a77ca4b43b73435e52c.jpg,C:\Users\ashis\Desktop\ScanAI\dataset_manager\clean\skin\pyoderma\roboflow__dog-and-cat-skin-disease-identification-2__bacterial_267_jpg.rf.7d045ea0d989f4102623b9bd50e63530.jpg,0
C:\Users\ashis\Desktop\ScanAI\dataset_manager\clean\skin\hotspot\roboflow__dog-and-cat-skin-disease-identification-2__hotspot-50-_jpg.rf.a59e0b5797b31a77ca4b43b73435e52c.jpg,C:\Users\ashis\Desktop\ScanAI\dataset_manager\clean\skin\ringworm\roboflow__dog-and-cat-skin-disease-identification-2__hotspot-50-_jpg.rf.d31c1f2f2676a66f238db2c285f973bd.jpg,0
C:\Users\ashis\Desktop\ScanAI\dataset_manager\clean\skin\hotspot\roboflow__dog-and-cat-skin-disease-identification-2__hotspot-51-_jpg.rf.30cfea2879637e9111455d9fb69edb86.jpg,C:\Users\ashis\Desktop\ScanAI\dataset_manager\clean\skin\hotspot\roboflow__dog-and-cat-skin-disease-identification-2__hotspot-51-_jpg.rf.fd98da1afcb331b0df76bbbc338e6252.jpg,0
C:\Users\ashis\Desktop\ScanAI\dataset_manager\clean\skin\hotspot\roboflow__dog-and-cat-skin-disease-identification-2__hotspot-51-_jpg.rf.30cfea2879637e9111455d9fb69edb86.jpg,C:\Users\ashis\Desktop\ScanAI\dataset_manager\clean\skin\hotspot\roboflow__dog-and-cat-skin-disease-identification-2__hotspot-66-_jpg.rf.bb80865618d788fee517257af14e5067.jpg,2
C:\Users\ashis\Desktop\ScanAI\dataset_manager\clean\skin\hotspot\roboflow__dog-and-cat-skin-disease-identification-2__hotspot-51-_jpg.rf.30cfea2879637e9111455d9fb69edb86.jpg,C:\Users\ashis\Desktop\ScanAI\dataset_manager\clean\skin\pyoderma\roboflow__dog-and-cat-skin-disease-identification-2__bacterial_212_jpg.rf.bc62106132866528528d3d9053c953b2.jpg,2
C:\Users\ashis\Desktop\ScanAI\dataset_manager\clean\skin\hotspot\roboflow__dog-and-cat-skin-disease-identification-2__hotspot-51-_jpg.rf.fd98da1afcb331b0df76bbbc338e6252.jpg,C:\Users\ashis\Desktop\ScanAI\dataset_manager\clean\skin\hotspot\roboflow__dog-and-cat-skin-disease-identification-2__hotspot-66-_jpg.rf.bb80865618d788fee517257af14e5067.jpg,2
C:\Users\ashis\Desktop\ScanAI\dataset_manager\clean\skin\hotspot\roboflow__dog-and-cat-skin-disease-identification-2__hotspot-51-_jpg.rf.fd98da1afcb331b0df76bbbc338e6252.jpg,C:\Users\ashis\Desktop\ScanAI\dataset_manager\clean\skin\pyoderma\roboflow__dog-and-cat-skin-disease-identification-2__bacterial_212_jpg.rf.bc62106132866528528d3d9053c953b2.jpg,2
C:\Users\ashis\Desktop\ScanAI\dataset_manager\clean\skin\hotspot\roboflow__dog-and-cat-skin-disease-identification-2__hotspot-52-_jpg.rf.5bf83d20c3ced6ff48fe7286c125bb29.jpg,C:\Users\ashis\Desktop\ScanAI\dataset_manager\clean\skin\hotspot\roboflow__dog-and-cat-skin-disease-identification-2__hotspot-52-_jpg.rf.b745d1f893e2ce437761b459b650db45.jpg,0
C:\Users\ashis\Desktop\ScanAI\dataset_manager\clean\skin\hotspot\roboflow__dog-and-cat-skin-disease-identification-2__hotspot-52-_jpg.rf.5bf83d20c3ced6ff48fe7286c125bb29.jpg,C:\Users\ashis\Desktop\ScanAI\dataset_manager\clean\skin\hotspot\roboflow__dog-and-cat-skin-disease-identification-2__hotspot-67-_jpg.rf.d8fa3b331b1bb6bdce854615699aebde.jpg,0
C:\Users\ashis\Desktop\ScanAI\dataset_manager\clean\skin\hotspot\roboflow__dog-and-cat-skin-disease-identification-2__hotspot-52-_jpg.rf.5bf83d20c3ced6ff48fe7286c125bb29.jpg,C:\Users\ashis\Desktop\ScanAI\dataset_manager\clean\skin\hotspot\roboflow__dog-and-cat-skin-disease-identification-2__preprocessed_HOTSPOT_025_jpg.rf.f21882230c51e9dbd49669ac272291bd.jpg,0
C:\Users\ashis\Desktop\ScanAI\dataset_manager\clean\skin\hotspot\roboflow__dog-and-cat-skin-disease-identification-2__hotspot-52-_jpg.rf.b745d1f893e2ce437761b459b650db45.jpg,C:\Users\ashis\Desktop\ScanAI\dataset_manager\clean\skin\hotspot\roboflow__dog-and-cat-skin-disease-identification-2__hotspot-67-_jpg.rf.d8fa3b331b1bb6bdce854615699aebde.jpg,0
C:\Users\ashis\Desktop\ScanAI\dataset_manager\clean\skin\hotspot\roboflow__dog-and-cat-skin-disease-identification-2__hotspot-52-_jpg.rf.b745d1f893e2ce437761b459b650db45.jpg,C:\Users\ashis\Desktop\ScanAI\dataset_manager\clean\skin\hotspot\roboflow__dog-and-cat-skin-disease-identification-2__preprocessed_HOTSPOT_025_jpg.rf.f21882230c51e9dbd49669ac272291bd.jpg,0
C:\Users\ashis\Desktop\ScanAI\dataset_manager\clean\skin\hotspot\roboflow__dog-and-cat-skin-disease-identification-2__hotspot-53-_jpg.rf.cca2aa58ac1d2a5280b4851399e6dd42.jpg,C:\Users\ashis\Desktop\ScanAI\dataset_manager\clean\skin\hotspot\roboflow__dog-and-cat-skin-disease-identification-2__hotspot-53-_jpg.rf.e87a4a28f8bd170b813fe281fac86b9b.jpg,0
C:\Users\ashis\Desktop\ScanAI\dataset_manager\clean\skin\hotspot\roboflow__dog-and-cat-skin-disease-identification-2__hotspot-53-_jpg.rf.cca2aa58ac1d2a5280b4851399e6dd42.jpg,C:\Users\ashis\Desktop\ScanAI\dataset_manager\clean\skin\hotspot\roboflow__dog-and-cat-skin-disease-identification-2__hotspot-68-_jpg.rf.9db7e393c3ba476c62859a7fef429717.jpg,0
C:\Users\ashis\Desktop\ScanAI\dataset_manager\clean\skin\hotspot\roboflow__dog-and-cat-skin-disease-identification-2__hotspot-53-_jpg.rf.cca2aa58ac1d2a5280b4851399e6dd42.jpg,C:\Users\ashis\Desktop\ScanAI\dataset_manager\clean\skin\pyoderma\roboflow__dog-and-cat-skin-disease-identification-2__bacterial_204_jpg.rf.7f7d3ae224d894acf98cae43919c1fd5.jpg,0
C:\Users\ashis\Desktop\ScanAI\dataset_manager\clean\skin\hotspot\roboflow__dog-and-cat-skin-disease-identification-2__hotspot-53-_jpg.rf.e87a4a28f8bd170b813fe281fac86b9b.jpg,C:\Users\ashis\Desktop\ScanAI\dataset_manager\clean\skin\hotspot\roboflow__dog-and-cat-skin-disease-identification-2__hotspot-68-_jpg.rf.9db7e393c3ba476c62859a7fef429717.jpg,0
C:\Users\ashis\Desktop\ScanAI\dataset_manager\clean\skin\hotspot\roboflow__dog-and-cat-skin-disease-identification-2__hotspot-53-_jpg.rf.e87a4a28f8bd170b813fe281fac86b9b.jpg,C:\Users\ashis\Desktop\ScanAI\dataset_manager\clean\skin\pyoderma\roboflow__dog-and-cat-skin-disease-identification-2__bacterial_204_jpg.rf.7f7d3ae224d894acf98cae43919c1fd5.jpg,0
C:\Users\ashis\Desktop\ScanAI\dataset_manager\clean\skin\hotspot\roboflow__dog-and-cat-skin-disease-identification-2__hotspot-54-_jpg.rf.04cacbcb458ae843226506dd8767f77c.jpg,C:\Users\ashis\Desktop\ScanAI\dataset_manager\clean\skin\hotspot\roboflow__dog-and-cat-skin-disease-identification-2__hotspot-54-_jpg.rf.f76392f7168f936e1ca0a22806be4577.jpg,0
C:\Users\ashis\Desktop\ScanAI\dataset_manager\clean\skin\hotspot\roboflow__dog-and-cat-skin-disease-identification-2__hotspot-54-_jpg.rf.04cacbcb458ae843226506dd8767f77c.jpg,C:\Users\ashis\Desktop\ScanAI\dataset_manager\clean\skin\hotspot\roboflow__dog-and-cat-skin-disease-identification-2__hotspot-69-_jpg.rf.46df4308a8085421b55156d4f25959f9.jpg,0
C:\Users\ashis\Desktop\ScanAI\dataset_manager\clean\skin\hotspot\roboflow__dog-and-cat-skin-disease-identification-2__hotspot-54-_jpg.rf.04cacbcb458ae843226506dd8767f77c.jpg,C:\Users\ashis\Desktop\ScanAI\dataset_manager\clean\skin\pyoderma\roboflow__dog-and-cat-skin-disease-identification-2__bacterial_205_jpg.rf.121a4010db87fac19c7ed450dac75536.jpg,0
C:\Users\ashis\Desktop\ScanAI\dataset_manager\clean\skin\hotspot\roboflow__dog-and-cat-skin-disease-identification-2__hotspot-54-_jpg.rf.f76392f7168f936e1ca0a22806be4577.jpg,C:\Users\ashis\Desktop\ScanAI\dataset_manager\clean\skin\hotspot\roboflow__dog-and-cat-skin-disease-identification-2__hotspot-69-_jpg.rf.46df4308a8085421b55156d4f25959f9.jpg,0
C:\Users\ashis\Desktop\ScanAI\dataset_manager\clean\skin\hotspot\roboflow__dog-and-cat-skin-disease-identification-2__hotspot-54-_jpg.rf.f76392f7168f936e1ca0a22806be4577.jpg,C:\Users\ashis\Desktop\ScanAI\dataset_manager\clean\skin\pyoderma\roboflow__dog-and-cat-skin-disease-identification-2__bacterial_205_jpg.rf.121a4010db87fac19c7ed450dac75536.jpg,0
C:\Users\ashis\Desktop\ScanAI\dataset_manager\clean\skin\hotspot\roboflow__dog-and-cat-skin-disease-identification-2__hotspot-55-_jpg.rf.66911a0747c2d7f925a3e0ba6ab64606.jpg,C:\Users\ashis\Desktop\ScanAI\dataset_manager\clean\skin\hotspot\roboflow__dog-and-cat-skin-disease-identification-2__hotspot-55-_jpg.rf.ff0efdf860de9159bece52e07fcec2b1.jpg,0
C:\Users\ashis\Desktop\ScanAI\dataset_manager\clean\skin\hotspot\roboflow__dog-and-cat-skin-disease-identification-2__hotspot-55-_jpg.rf.66911a0747c2d7f925a3e0ba6ab64606.jpg,C:\Users\ashis\Desktop\ScanAI\dataset_manager\clean\skin\hotspot\roboflow__dog-and-cat-skin-disease-identification-2__hotspot-71-_jpg.rf.925516d9f712b60163a701995fd92417.jpg,0
C:\Users\ashis\Desktop\ScanAI\dataset_manager\clean\skin\hotspot\roboflow__dog-and-cat-skin-disease-identification-2__hotspot-55-_jpg.rf.c6c8e0ea6ce95164f1092f696e89746e.jpg,C:\Users\ashis\Desktop\ScanAI\dataset_manager\clean\skin\pyoderma\roboflow__dog-and-cat-skin-disease-identification-2__bacterial_197_jpg.rf.57f2bb66590432d55bf190ae648647e2.jpg,0
C:\Users\ashis\Desktop\ScanAI\dataset_manager\clean\skin\hotspot\roboflow__dog-and-cat-skin-disease-identification-2__hotspot-55-_jpg.rf.ff0efdf860de9159bece52e07fcec2b1.jpg,C:\Users\ashis\Desktop\ScanAI\dataset_manager\clean\skin\hotspot\roboflow__dog-and-cat-skin-disease-identification-2__hotspot-71-_jpg.rf.925516d9f712b60163a701995fd92417.jpg,0
C:\Users\ashis\Desktop\ScanAI\dataset_manager\clean\skin\hotspot\roboflow__dog-and-cat-skin-disease-identification-2__hotspot-56-_jpg.rf.53f7ca48ef100332ebb9bae1b3ceb96f.jpg,C:\Users\ashis\Desktop\ScanAI\dataset_manager\clean\skin\hotspot\roboflow__dog-and-cat-skin-disease-identification-2__hotspot-56-_jpg.rf.b1f468e731417b4c95a1e0d46d17230e.jpg,0
C:\Users\ashis\Desktop\ScanAI\dataset_manager\clean\skin\hotspot\roboflow__dog-and-cat-skin-disease-identification-2__hotspot-57-_jpg.rf.d885acea07180015481acc0080cb462e.jpg,C:\Users\ashis\Desktop\ScanAI\dataset_manager\clean\skin\hotspot\roboflow__dog-and-cat-skin-disease-identification-2__preprocessed_HOTSPOT_026_jpg.rf.31bb8fa833c24d9221cae8051e405299.jpg,0
C:\Users\ashis\Desktop\ScanAI\dataset_manager\clean\skin\hotspot\roboflow__dog-and-cat-skin-disease-identification-2__hotspot-57-_jpg.rf.d885acea07180015481acc0080cb462e.jpg,C:\Users\ashis\Desktop\ScanAI\dataset_manager\clean\skin\pyoderma\roboflow__dog-and-cat-skin-disease-identification-2__bacterial_270_jpg.rf.790134c1979fefc5ab5a36c8d9ac7ea1.jpg,0
C:\Users\ashis\Desktop\ScanAI\dataset_manager\clean\skin\hotspot\roboflow__dog-and-cat-skin-disease-identification-2__hotspot-57-_jpg.rf.d885acea07180015481acc0080cb462e.jpg,C:\Users\ashis\Desktop\ScanAI\dataset_manager\clean\skin\pyoderma\roboflow__dog-and-cat-skin-disease-identification-2__bacterial_derm_42_jpg.rf.c3eba83fb2adde8ac1e071d4dff4f672.jpg,0
C:\Users\ashis\Desktop\ScanAI\dataset_manager\clean\skin\hotspot\roboflow__dog-and-cat-skin-disease-identification-2__hotspot-58-_jpg.rf.9252aece9b9c0bd93b4288c873d3e92c.jpg,C:\Users\ashis\Desktop\ScanAI\dataset_manager\clean\skin\hotspot\roboflow__dog-and-cat-skin-disease-identification-2__preprocessed_HOTSPOT_027_jpg.rf.e7a9e937b9c709111c32298e099dbe9a.jpg,0
C:\Users\ashis\Desktop\ScanAI\dataset_manager\clean\skin\hotspot\roboflow__dog-and-cat-skin-disease-identification-2__hotspot-58-_jpg.rf.9252aece9b9c0bd93b4288c873d3e92c.jpg,C:\Users\ashis\Desktop\ScanAI\dataset_manager\clean\skin\pyoderma\roboflow__dog-and-cat-skin-disease-identification-2__bacterial_206_jpg.rf.848e852cd22a2169524db2a6f2841699.jpg,0
C:\Users\ashis\Desktop\ScanAI\dataset_manager\clean\skin\hotspot\roboflow__dog-and-cat-skin-disease-identification-2__hotspot-58-_jpg.rf.9252aece9b9c0bd93b4288c873d3e92c.jpg,C:\Users\ashis\Desktop\ScanAI\dataset_manager\clean\skin\pyoderma\roboflow__dog-and-cat-skin-disease-identification-2__bacterial_272_jpg.rf.ef781fb5b5414c4d9c4abc912c516280.jpg,0
C:\Users\ashis\Desktop\ScanAI\dataset_manager\clean\skin\hotspot\roboflow__dog-and-cat-skin-disease-identification-2__hotspot-58-_jpg.rf.9252aece9b9c0bd93b4288c873d3e92c.jpg,C:\Users\ashis\Desktop\ScanAI\dataset_manager\clean\skin\pyoderma\roboflow__dog-and-cat-skin-disease-identification-2__bacterial_derm_44_jpg.rf.6bcc1cd071bfb3d73394933489a82932.jpg,0
C:\Users\ashis\Desktop\ScanAI\dataset_manager\clean\skin\hotspot\roboflow__dog-and-cat-skin-disease-identification-2__hotspot-59-_jpg.rf.2746a155da2caec765f1c5189206259a.jpg,C:\Users\ashis\Desktop\ScanAI\dataset_manager\clean\skin\hotspot\roboflow__dog-and-cat-skin-disease-identification-2__hotspot-59-_jpg.rf.d1a280fb6534193bd1b6f86a21cc8a7e.jpg,0
C:\Users\ashis\Desktop\ScanAI\dataset_manager\clean\skin\hotspot\roboflow__dog-and-cat-skin-disease-identification-2__hotspot-59-_jpg.rf.2746a155da2caec765f1c5189206259a.jpg,C:\Users\ashis\Desktop\ScanAI\dataset_manager\clean\skin\pyoderma\roboflow__dog-and-cat-skin-disease-identification-2__bacterial_216_jpg.rf.3849f7cc9b596776a346408568c7131f.jpg,0
C:\Users\ashis\Desktop\ScanAI\dataset_manager\clean\skin\hotspot\roboflow__dog-and-cat-skin-disease-identification-2__hotspot-59-_jpg.rf.d1a280fb6534193bd1b6f86a21cc8a7e.jpg,C:\Users\ashis\Desktop\ScanAI\dataset_manager\clean\skin\pyoderma\roboflow__dog-and-cat-skin-disease-identification-2__bacterial_216_jpg.rf.3849f7cc9b596776a346408568c7131f.jpg,0
C:\Users\ashis\Desktop\ScanAI\dataset_manager\clean\skin\hotspot\roboflow__dog-and-cat-skin-disease-identification-2__hotspot-6-_jpg.rf.57c9e84535e30772d5c60176029be8ca.jpg,C:\Users\ashis\Desktop\ScanAI\dataset_manager\clean\skin\hotspot\roboflow__dog-and-cat-skin-disease-identification-2__hotspot-6-_jpg.rf.7033570169a4f62073bb705eb4cb2ccd.jpg,0
C:\Users\ashis\Desktop\ScanAI\dataset_manager\clean\skin\hotspot\roboflow__dog-and-cat-skin-disease-identification-2__hotspot-6-_jpg.rf.57c9e84535e30772d5c60176029be8ca.jpg,C:\Users\ashis\Desktop\ScanAI\dataset_manager\clean\skin\hotspot\roboflow__dog-and-cat-skin-disease-identification-2__hotspot-8-_jpg.rf.ae6d4cc17961cae46448a339edf33b6c.jpg,0
C:\Users\ashis\Desktop\ScanAI\dataset_manager\clean\skin\hotspot\roboflow__dog-and-cat-skin-disease-identification-2__hotspot-6-_jpg.rf.7033570169a4f62073bb705eb4cb2ccd.jpg,C:\Users\ashis\Desktop\ScanAI\dataset_manager\clean\skin\hotspot\roboflow__dog-and-cat-skin-disease-identification-2__hotspot-8-_jpg.rf.ae6d4cc17961cae46448a339edf33b6c.jpg,0
C:\Users\ashis\Desktop\ScanAI\dataset_manager\clean\skin\hotspot\roboflow__dog-and-cat-skin-disease-identification-2__hotspot-60-_jpg.rf.5ed1761f1e87a882f9b02415230c145a.jpg,C:\Users\ashis\Desktop\ScanAI\dataset_manager\clean\skin\hotspot\roboflow__dog-and-cat-skin-disease-identification-2__hotspot-60-_jpg.rf.8c8ef7357847c530136dd20b76c8b774.jpg,0
C:\Users\ashis\Desktop\ScanAI\dataset_manager\clean\skin\hotspot\roboflow__dog-and-cat-skin-disease-identification-2__hotspot-60-_jpg.rf.5ed1761f1e87a882f9b02415230c145a.jpg,C:\Users\ashis\Desktop\ScanAI\dataset_manager\clean\skin\hotspot\roboflow__dog-and-cat-skin-disease-identification-2__hotspot-78-_jpg.rf.0a3cd2bf616c33967e2b8d2565bb354a.jpg,0
C:\Users\ashis\Desktop\ScanAI\dataset_manager\clean\skin\hotspot\roboflow__dog-and-cat-skin-disease-identification-2__hotspot-60-_jpg.rf.5ed1761f1e87a882f9b02415230c145a.jpg,C:\Users\ashis\Desktop\ScanAI\dataset_manager\clean\skin\pyoderma\roboflow__dog-and-cat-skin-disease-identification-2__bacterial_207_jpg.rf.f709b4049cd36c4800433abf1b8f36a2.jpg,0
C:\Users\ashis\Desktop\ScanAI\dataset_manager\clean\skin\hotspot\roboflow__dog-and-cat-skin-disease-identification-2__hotspot-60-_jpg.rf.8c8ef7357847c530136dd20b76c8b774.jpg,C:\Users\ashis\Desktop\ScanAI\dataset_manager\clean\skin\hotspot\roboflow__dog-and-cat-skin-disease-identification-2__hotspot-78-_jpg.rf.0a3cd2bf616c33967e2b8d2565bb354a.jpg,0
C:\Users\ashis\Desktop\ScanAI\dataset_manager\clean\skin\hotspot\roboflow__dog-and-cat-skin-disease-identification-2__hotspot-60-_jpg.rf.8c8ef7357847c530136dd20b76c8b774.jpg,C:\Users\ashis\Desktop\ScanAI\dataset_manager\clean\skin\pyoderma\roboflow__dog-and-cat-skin-disease-identification-2__bacterial_207_jpg.rf.f709b4049cd36c4800433abf1b8f36a2.jpg,0
C:\Users\ashis\Desktop\ScanAI\dataset_manager\clean\skin\hotspot\roboflow__dog-and-cat-skin-disease-identification-2__hotspot-60-_jpg.rf.aa0f00c4a251dc50f3d43d8cd0cc3577.jpg,C:\Users\ashis\Desktop\ScanAI\dataset_manager\clean\skin\pyoderma\roboflow__dog-and-cat-skin-disease-identification-2__bacterial_199_jpg.rf.cfd43a75e1ed4baa2821580265538c5d.jpg,0
C:\Users\ashis\Desktop\ScanAI\dataset_manager\clean\skin\hotspot\roboflow__dog-and-cat-skin-disease-identification-2__hotspot-61-_jpg.rf.62444d23707bf98e46244de9c6067038.jpg,C:\Users\ashis\Desktop\ScanAI\dataset_manager\clean\skin\hotspot\roboflow__dog-and-cat-skin-disease-identification-2__hotspot-61-_jpg.rf.a96e2af9d95c318cc89ab794038db991.jpg,0
C:\Users\ashis\Desktop\ScanAI\dataset_manager\clean\skin\hotspot\roboflow__dog-and-cat-skin-disease-identification-2__hotspot-61-_jpg.rf.62444d23707bf98e46244de9c6067038.jpg,C:\Users\ashis\Desktop\ScanAI\dataset_manager\clean\skin\hotspot\roboflow__dog-and-cat-skin-disease-identification-2__hotspot-79-_jpg.rf.69b2422326515c8046451538818ba0d2.jpg,0
C:\Users\ashis\Desktop\ScanAI\dataset_manager\clean\skin\hotspot\roboflow__dog-and-cat-skin-disease-identification-2__hotspot-61-_jpg.rf.62444d23707bf98e46244de9c6067038.jpg,C:\Users\ashis\Desktop\ScanAI\dataset_manager\clean\skin\hotspot\roboflow__dog-and-cat-skin-disease-identification-2__preprocessed_HOTSPOT_028_jpg.rf.b304571fd6582d6f73b6815b3501d7cc.jpg,2
C:\Users\ashis\Desktop\ScanAI\dataset_manager\clean\skin\hotspot\roboflow__dog-and-cat-skin-disease-identification-2__hotspot-61-_jpg.rf.62444d23707bf98e46244de9c6067038.jpg,C:\Users\ashis\Desktop\ScanAI\dataset_manager\clean\skin\pyoderma\roboflow__dog-and-cat-skin-disease-identification-2__bacterial_208_jpg.rf.53543f5e91de1ca3a2c4338f7b969de8.jpg,0
C:\Users\ashis\Desktop\ScanAI\dataset_manager\clean\skin\hotspot\roboflow__dog-and-cat-skin-disease-identification-2__hotspot-61-_jpg.rf.62444d23707bf98e46244de9c6067038.jpg,C:\Users\ashis\Desktop\ScanAI\dataset_manager\clean\skin\pyoderma\roboflow__dog-and-cat-skin-disease-identification-2__bacterial_274_jpg.rf.3f3c5b0259fef329e5d8e8065153573a.jpg,0
C:\Users\ashis\Desktop\ScanAI\dataset_manager\clean\skin\hotspot\roboflow__dog-and-cat-skin-disease-identification-2__hotspot-61-_jpg.rf.62444d23707bf98e46244de9c6067038.jpg,C:\Users\ashis\Desktop\ScanAI\dataset_manager\clean\skin\ringworm\roboflow__dog-and-cat-skin-disease-identification-2__hotspot-79-_jpg.rf.60cf91b18906d97e02024328c8930323.jpg,0
C:\Users\ashis\Desktop\ScanAI\dataset_manager\clean\skin\hotspot\roboflow__dog-and-cat-skin-disease-identification-2__hotspot-61-_jpg.rf.a96e2af9d95c318cc89ab794038db991.jpg,C:\Users\ashis\Desktop\ScanAI\dataset_manager\clean\skin\hotspot\roboflow__dog-and-cat-skin-disease-identification-2__hotspot-79-_jpg.rf.69b2422326515c8046451538818ba0d2.jpg,0
C:\Users\ashis\Desktop\ScanAI\dataset_manager\clean\skin\hotspot\roboflow__dog-and-cat-skin-disease-identification-2__hotspot-61-_jpg.rf.a96e2af9d95c318cc89ab794038db991.jpg,C:\Users\ashis\Desktop\ScanAI\dataset_manager\clean\skin\hotspot\roboflow__dog-and-cat-skin-disease-identification-2__preprocessed_HOTSPOT_028_jpg.rf.b304571fd6582d6f73b6815b3501d7cc.jpg,2
C:\Users\ashis\Desktop\ScanAI\dataset_manager\clean\skin\hotspot\roboflow__dog-and-cat-skin-disease-identification-2__hotspot-61-_jpg.rf.a96e2af9d95c318cc89ab794038db991.jpg,C:\Users\ashis\Desktop\ScanAI\dataset_manager\clean\skin\pyoderma\roboflow__dog-and-cat-skin-disease-identification-2__bacterial_208_jpg.rf.53543f5e91de1ca3a2c4338f7b969de8.jpg,0
C:\Users\ashis\Desktop\ScanAI\dataset_manager\clean\skin\hotspot\roboflow__dog-and-cat-skin-disease-identification-2__hotspot-61-_jpg.rf.a96e2af9d95c318cc89ab794038db991.jpg,C:\Users\ashis\Desktop\ScanAI\dataset_manager\clean\skin\pyoderma\roboflow__dog-and-cat-skin-disease-identification-2__bacterial_274_jpg.rf.3f3c5b0259fef329e5d8e8065153573a.jpg,0
C:\Users\ashis\Desktop\ScanAI\dataset_manager\clean\skin\hotspot\roboflow__dog-and-cat-skin-disease-identification-2__hotspot-61-_jpg.rf.a96e2af9d95c318cc89ab794038db991.jpg,C:\Users\ashis\Desktop\ScanAI\dataset_manager\clean\skin\ringworm\roboflow__dog-and-cat-skin-disease-identification-2__hotspot-79-_jpg.rf.60cf91b18906d97e02024328c8930323.jpg,0
C:\Users\ashis\Desktop\ScanAI\dataset_manager\clean\skin\hotspot\roboflow__dog-and-cat-skin-disease-identification-2__hotspot-62-_jpg.rf.0b3961c2de82b97199bb24cfb3f6289f.jpg,C:\Users\ashis\Desktop\ScanAI\dataset_manager\clean\skin\hotspot\roboflow__dog-and-cat-skin-disease-identification-2__hotspot-62-_jpg.rf.4f93d050be78a1fe983443c74e80db42.jpg,0
C:\Users\ashis\Desktop\ScanAI\dataset_manager\clean\skin\hotspot\roboflow__dog-and-cat-skin-disease-identification-2__hotspot-62-_jpg.rf.0b3961c2de82b97199bb24cfb3f6289f.jpg,C:\Users\ashis\Desktop\ScanAI\dataset_manager\clean\skin\hotspot\roboflow__dog-and-cat-skin-disease-identification-2__hotspot-80-_jpg.rf.8eb3bc5e10f94fadbb5a601b945d92cc.jpg,0
C:\Users\ashis\Desktop\ScanAI\dataset_manager\clean\skin\hotspot\roboflow__dog-and-cat-skin-disease-identification-2__hotspot-62-_jpg.rf.0b3961c2de82b97199bb24cfb3f6289f.jpg,C:\Users\ashis\Desktop\ScanAI\dataset_manager\clean\skin\pyoderma\roboflow__dog-and-cat-skin-disease-identification-2__bacterial_209_jpg.rf.a7048621eae9223d41ad5766e3d1c963.jpg,2
C:\Users\ashis\Desktop\ScanAI\dataset_manager\clean\skin\hotspot\roboflow__dog-and-cat-skin-disease-identification-2__hotspot-62-_jpg.rf.4f93d050be78a1fe983443c74e80db42.jpg,C:\Users\ashis\Desktop\ScanAI\dataset_manager\clean\skin\hotspot\roboflow__dog-and-cat-skin-disease-identification-2__hotspot-80-_jpg.rf.8eb3bc5e10f94fadbb5a601b945d92cc.jpg,0
C:\Users\ashis\Desktop\ScanAI\dataset_manager\clean\skin\hotspot\roboflow__dog-and-cat-skin-disease-identification-2__hotspot-62-_jpg.rf.4f93d050be78a1fe983443c74e80db42.jpg,C:\Users\ashis\Desktop\ScanAI\dataset_manager\clean\skin\pyoderma\roboflow__dog-and-cat-skin-disease-identification-2__bacterial_209_jpg.rf.a7048621eae9223d41ad5766e3d1c963.jpg,2
C:\Users\ashis\Desktop\ScanAI\dataset_manager\clean\skin\hotspot\roboflow__dog-and-cat-skin-disease-identification-2__hotspot-63-_jpg.rf.14238b1bb3ae41c43a9cee624799c609.jpg,C:\Users\ashis\Desktop\ScanAI\dataset_manager\clean\skin\hotspot\roboflow__dog-and-cat-skin-disease-identification-2__hotspot-63-_jpg.rf.7154a8c55f00b870d08a54c8bfd81388.jpg,0
C:\Users\ashis\Desktop\ScanAI\dataset_manager\clean\skin\hotspot\roboflow__dog-and-cat-skin-disease-identification-2__hotspot-63-_jpg.rf.14238b1bb3ae41c43a9cee624799c609.jpg,C:\Users\ashis\Desktop\ScanAI\dataset_manager\clean\skin\hotspot\roboflow__dog-and-cat-skin-disease-identification-2__hotspot-81-_jpg.rf.ee5d2c5f8bbf619ce040237871dec0cf.jpg,0
C:\Users\ashis\Desktop\ScanAI\dataset_manager\clean\skin\hotspot\roboflow__dog-and-cat-skin-disease-identification-2__hotspot-63-_jpg.rf.7154a8c55f00b870d08a54c8bfd81388.jpg,C:\Users\ashis\Desktop\ScanAI\dataset_manager\clean\skin\hotspot\roboflow__dog-and-cat-skin-disease-identification-2__hotspot-81-_jpg.rf.ee5d2c5f8bbf619ce040237871dec0cf.jpg,0
C:\Users\ashis\Desktop\ScanAI\dataset_manager\clean\skin\hotspot\roboflow__dog-and-cat-skin-disease-identification-2__hotspot-63-_jpg.rf.e1c6ccb4c62112a07beb2fdd131ece3d.jpg,C:\Users\ashis\Desktop\ScanAI\dataset_manager\clean\skin\pyoderma\roboflow__dog-and-cat-skin-disease-identification-2__bacterial_202_jpg.rf.5983292aca7f45f1c4043d5169021a38.jpg,0
C:\Users\ashis\Desktop\ScanAI\dataset_manager\clean\skin\hotspot\roboflow__dog-and-cat-skin-disease-identification-2__hotspot-63-_jpg.rf.e1c6ccb4c62112a07beb2fdd131ece3d.jpg,C:\Users\ashis\Desktop\ScanAI\dataset_manager\clean\skin\ringworm\roboflow__dog-and-cat-skin-disease-identification-2__hotspot-63-_jpg.rf.fe35b23f9b4c7db8897009c751b83bb8.jpg,0
C:\Users\ashis\Desktop\ScanAI\dataset_manager\clean\skin\hotspot\roboflow__dog-and-cat-skin-disease-identification-2__hotspot-64-_jpg.rf.5c3d8468c2c805218ba0cef45f93177c.jpg,C:\Users\ashis\Desktop\ScanAI\dataset_manager\clean\skin\pyoderma\roboflow__dog-and-cat-skin-disease-identification-2__bacterial_203_jpg.rf.5624d5bcb6e6f7977d1c425bec1a7b3b.jpg,0
C:\Users\ashis\Desktop\ScanAI\dataset_manager\clean\skin\hotspot\roboflow__dog-and-cat-skin-disease-identification-2__hotspot-64-_jpg.rf.8a8e65d8b9c99360604e87f40a933597.jpg,C:\Users\ashis\Desktop\ScanAI\dataset_manager\clean\skin\hotspot\roboflow__dog-and-cat-skin-disease-identification-2__hotspot-64-_jpg.rf.e577597d5937facbc0c26b3c6a5e34eb.jpg,0
C:\Users\ashis\Desktop\ScanAI\dataset_manager\clean\skin\hotspot\roboflow__dog-and-cat-skin-disease-identification-2__hotspot-64-_jpg.rf.8a8e65d8b9c99360604e87f40a933597.jpg,C:\Users\ashis\Desktop\ScanAI\dataset_manager\clean\skin\hotspot\roboflow__dog-and-cat-skin-disease-identification-2__hotspot-82-_jpg.rf.70a7f84d91b847b013874ef3040dc891.jpg,0
C:\Users\ashis\Desktop\ScanAI\dataset_manager\clean\skin\hotspot\roboflow__dog-and-cat-skin-disease-identification-2__hotspot-64-_jpg.rf.e577597d5937facbc0c26b3c6a5e34eb.jpg,C:\Users\ashis\Desktop\ScanAI\dataset_manager\clean\skin\hotspot\roboflow__dog-and-cat-skin-disease-identification-2__hotspot-82-_jpg.rf.70a7f84d91b847b013874ef3040dc891.jpg,0
C:\Users\ashis\Desktop\ScanAI\dataset_manager\clean\skin\hotspot\roboflow__dog-and-cat-skin-disease-identification-2__hotspot-65-_jpg.rf.bb834d1dcf92435ecc51d9c50afb5f6a.jpg,C:\Users\ashis\Desktop\ScanAI\dataset_manager\clean\skin\hotspot\roboflow__dog-and-cat-skin-disease-identification-2__hotspot-65-_jpg.rf.eb19f3af9624c98a31969ad6f2aa1501.jpg,0
C:\Users\ashis\Desktop\ScanAI\dataset_manager\clean\skin\hotspot\roboflow__dog-and-cat-skin-disease-identification-2__hotspot-65-_jpg.rf.bb834d1dcf92435ecc51d9c50afb5f6a.jpg,C:\Users\ashis\Desktop\ScanAI\dataset_manager\clean\skin\hotspot\roboflow__dog-and-cat-skin-disease-identification-2__preprocessed_HOTSPOT_029_jpg.rf.221a5fdbe1e8e82c3ef8f024a893d7b3.jpg,0
C:\Users\ashis\Desktop\ScanAI\dataset_manager\clean\skin\hotspot\roboflow__dog-and-cat-skin-disease-identification-2__hotspot-65-_jpg.rf.bb834d1dcf92435ecc51d9c50afb5f6a.jpg,C:\Users\ashis\Desktop\ScanAI\dataset_manager\clean\skin\pyoderma\roboflow__dog-and-cat-skin-disease-identification-2__bacterial_276_jpg.rf.2a30d21721d94e4d6e1d3a81001c21e7.jpg,0
C:\Users\ashis\Desktop\ScanAI\dataset_manager\clean\skin\hotspot\roboflow__dog-and-cat-skin-disease-identification-2__hotspot-65-_jpg.rf.eb19f3af9624c98a31969ad6f2aa1501.jpg,C:\Users\ashis\Desktop\ScanAI\dataset_manager\clean\skin\hotspot\roboflow__dog-and-cat-skin-disease-identification-2__preprocessed_HOTSPOT_029_jpg.rf.221a5fdbe1e8e82c3ef8f024a893d7b3.jpg,0
C:\Users\ashis\Desktop\ScanAI\dataset_manager\clean\skin\hotspot\roboflow__dog-and-cat-skin-disease-identification-2__hotspot-65-_jpg.rf.eb19f3af9624c98a31969ad6f2aa1501.jpg,C:\Users\ashis\Desktop\ScanAI\dataset_manager\clean\skin\pyoderma\roboflow__dog-and-cat-skin-disease-identification-2__bacterial_276_jpg.rf.2a30d21721d94e4d6e1d3a81001c21e7.jpg,0
C:\Users\ashis\Desktop\ScanAI\dataset_manager\clean\skin\hotspot\roboflow__dog-and-cat-skin-disease-identification-2__hotspot-66-_jpg.rf.b16b79613281e6b22707a914654c62ff.jpg,C:\Users\ashis\Desktop\ScanAI\dataset_manager\clean\skin\hotspot\roboflow__dog-and-cat-skin-disease-identification-2__hotspot-66-_jpg.rf.bc92e2706e71a6beabe721785c888d3b.jpg,0
C:\Users\ashis\Desktop\ScanAI\dataset_manager\clean\skin\hotspot\roboflow__dog-and-cat-skin-disease-identification-2__hotspot-66-_jpg.rf.b16b79613281e6b22707a914654c62ff.jpg,C:\Users\ashis\Desktop\ScanAI\dataset_manager\clean\skin\hotspot\roboflow__dog-and-cat-skin-disease-identification-2__hotspot-84-_jpg.rf.1ebf594cbf0665aaa84b9815351c7787.jpg,0
C:\Users\ashis\Desktop\ScanAI\dataset_manager\clean\skin\hotspot\roboflow__dog-and-cat-skin-disease-identification-2__hotspot-66-_jpg.rf.bb80865618d788fee517257af14e5067.jpg,C:\Users\ashis\Desktop\ScanAI\dataset_manager\clean\skin\pyoderma\roboflow__dog-and-cat-skin-disease-identification-2__bacterial_212_jpg.rf.bc62106132866528528d3d9053c953b2.jpg,0
C:\Users\ashis\Desktop\ScanAI\dataset_manager\clean\skin\hotspot\roboflow__dog-and-cat-skin-disease-identification-2__hotspot-66-_jpg.rf.bc92e2706e71a6beabe721785c888d3b.jpg,C:\Users\ashis\Desktop\ScanAI\dataset_manager\clean\skin\hotspot\roboflow__dog-and-cat-skin-disease-identification-2__hotspot-84-_jpg.rf.1ebf594cbf0665aaa84b9815351c7787.jpg,0
C:\Users\ashis\Desktop\ScanAI\dataset_manager\clean\skin\hotspot\roboflow__dog-and-cat-skin-disease-identification-2__hotspot-67-_jpg.rf.73a0ab823fbfc8d476e0036a5251ebb1.jpg,C:\Users\ashis\Desktop\ScanAI\dataset_manager\clean\skin\hotspot\roboflow__dog-and-cat-skin-disease-identification-2__hotspot-67-_jpg.rf.757205e6ce8f754516f40629e971a4d0.jpg,0
C:\Users\ashis\Desktop\ScanAI\dataset_manager\clean\skin\hotspot\roboflow__dog-and-cat-skin-disease-identification-2__hotspot-67-_jpg.rf.73a0ab823fbfc8d476e0036a5251ebb1.jpg,C:\Users\ashis\Desktop\ScanAI\dataset_manager\clean\skin\hotspot\roboflow__dog-and-cat-skin-disease-identification-2__hotspot-85-_jpg.rf.e0f841152f539ceb60deb84438128a5b.jpg,0
C:\Users\ashis\Desktop\ScanAI\dataset_manager\clean\skin\hotspot\roboflow__dog-and-cat-skin-disease-identification-2__hotspot-67-_jpg.rf.73a0ab823fbfc8d476e0036a5251ebb1.jpg,C:\Users\ashis\Desktop\ScanAI\dataset_manager\clean\skin\pyoderma\roboflow__dog-and-cat-skin-disease-identification-2__bacterial_213_jpg.rf.92eff4b3d428aa131d43a0ae9f27c809.jpg,0
C:\Users\ashis\Desktop\ScanAI\dataset_manager\clean\skin\hotspot\roboflow__dog-and-cat-skin-disease-identification-2__hotspot-67-_jpg.rf.757205e6ce8f754516f40629e971a4d0.jpg,C:\Users\ashis\Desktop\ScanAI\dataset_manager\clean\skin\hotspot\roboflow__dog-and-cat-skin-disease-identification-2__hotspot-85-_jpg.rf.e0f841152f539ceb60deb84438128a5b.jpg,0
C:\Users\ashis\Desktop\ScanAI\dataset_manager\clean\skin\hotspot\roboflow__dog-and-cat-skin-disease-identification-2__hotspot-67-_jpg.rf.757205e6ce8f754516f40629e971a4d0.jpg,C:\Users\ashis\Desktop\ScanAI\dataset_manager\clean\skin\pyoderma\roboflow__dog-and-cat-skin-disease-identification-2__bacterial_213_jpg.rf.92eff4b3d428aa131d43a0ae9f27c809.jpg,0
C:\Users\ashis\Desktop\ScanAI\dataset_manager\clean\skin\hotspot\roboflow__dog-and-cat-skin-disease-identification-2__hotspot-67-_jpg.rf.d8fa3b331b1bb6bdce854615699aebde.jpg,C:\Users\ashis\Desktop\ScanAI\dataset_manager\clean\skin\hotspot\roboflow__dog-and-cat-skin-disease-identification-2__preprocessed_HOTSPOT_025_jpg.rf.f21882230c51e9dbd49669ac272291bd.jpg,0
C:\Users\ashis\Desktop\ScanAI\dataset_manager\clean\skin\hotspot\roboflow__dog-and-cat-skin-disease-identification-2__hotspot-68-_jpg.rf.43a9a2a78ad383f3bf15417a1d79e690.jpg,C:\Users\ashis\Desktop\ScanAI\dataset_manager\clean\skin\hotspot\roboflow__dog-and-cat-skin-disease-identification-2__hotspot-68-_jpg.rf.808d224cbf14e18fd00765e4bb67e16b.jpg,0
C:\Users\ashis\Desktop\ScanAI\dataset_manager\clean\skin\hotspot\roboflow__dog-and-cat-skin-disease-identification-2__hotspot-68-_jpg.rf.43a9a2a78ad383f3bf15417a1d79e690.jpg,C:\Users\ashis\Desktop\ScanAI\dataset_manager\clean\skin\pyoderma\roboflow__dog-and-cat-skin-disease-identification-2__bacterial_214_jpg.rf.c1d54301c1b06155add756d9d3f73a98.jpg,0
C:\Users\ashis\Desktop\ScanAI\dataset_manager\clean\skin\hotspot\roboflow__dog-and-cat-skin-disease-identification-2__hotspot-68-_jpg.rf.808d224cbf14e18fd00765e4bb67e16b.jpg,C:\Users\ashis\Desktop\ScanAI\dataset_manager\clean\skin\pyoderma\roboflow__dog-and-cat-skin-disease-identification-2__bacterial_214_jpg.rf.c1d54301c1b06155add756d9d3f73a98.jpg,0
C:\Users\ashis\Desktop\ScanAI\dataset_manager\clean\skin\hotspot\roboflow__dog-and-cat-skin-disease-identification-2__hotspot-68-_jpg.rf.9db7e393c3ba476c62859a7fef429717.jpg,C:\Users\ashis\Desktop\ScanAI\dataset_manager\clean\skin\pyoderma\roboflow__dog-and-cat-skin-disease-identification-2__bacterial_204_jpg.rf.7f7d3ae224d894acf98cae43919c1fd5.jpg,0
C:\Users\ashis\Desktop\ScanAI\dataset_manager\clean\skin\hotspot\roboflow__dog-and-cat-skin-disease-identification-2__hotspot-69-_jpg.rf.46df4308a8085421b55156d4f25959f9.jpg,C:\Users\ashis\Desktop\ScanAI\dataset_manager\clean\skin\pyoderma\roboflow__dog-and-cat-skin-disease-identification-2__bacterial_205_jpg.rf.121a4010db87fac19c7ed450dac75536.jpg,0
C:\Users\ashis\Desktop\ScanAI\dataset_manager\clean\skin\hotspot\roboflow__dog-and-cat-skin-disease-identification-2__hotspot-69-_jpg.rf.659acbbd5e2497148f04f64db2fa74ea.jpg,C:\Users\ashis\Desktop\ScanAI\dataset_manager\clean\skin\hotspot\roboflow__dog-and-cat-skin-disease-identification-2__hotspot-69-_jpg.rf.99e470288ddab9713d2036c8016a2e45.jpg,0
C:\Users\ashis\Desktop\ScanAI\dataset_manager\clean\skin\hotspot\roboflow__dog-and-cat-skin-disease-identification-2__hotspot-69-_jpg.rf.659acbbd5e2497148f04f64db2fa74ea.jpg,C:\Users\ashis\Desktop\ScanAI\dataset_manager\clean\skin\hotspot\roboflow__dog-and-cat-skin-disease-identification-2__hotspot-88-_jpg.rf.11a8f0c1c9fdcc35853fa2d7ddad370c.jpg,0
C:\Users\ashis\Desktop\ScanAI\dataset_manager\clean\skin\hotspot\roboflow__dog-and-cat-skin-disease-identification-2__hotspot-69-_jpg.rf.659acbbd5e2497148f04f64db2fa74ea.jpg,C:\Users\ashis\Desktop\ScanAI\dataset_manager\clean\skin\hotspot\roboflow__dog-and-cat-skin-disease-identification-2__preprocessed_HOTSPOT_030_jpg.rf.243aface392f98696d2faf584e1ed326.jpg,0
C:\Users\ashis\Desktop\ScanAI\dataset_manager\clean\skin\hotspot\roboflow__dog-and-cat-skin-disease-identification-2__hotspot-69-_jpg.rf.659acbbd5e2497148f04f64db2fa74ea.jpg,C:\Users\ashis\Desktop\ScanAI\dataset_manager\clean\skin\pyoderma\roboflow__dog-and-cat-skin-disease-identification-2__bacterial_215_jpg.rf.f76c0f33e535704463306ffb7a004042.jpg,0
C:\Users\ashis\Desktop\ScanAI\dataset_manager\clean\skin\hotspot\roboflow__dog-and-cat-skin-disease-identification-2__hotspot-69-_jpg.rf.659acbbd5e2497148f04f64db2fa74ea.jpg,C:\Users\ashis\Desktop\ScanAI\dataset_manager\clean\skin\pyoderma\roboflow__dog-and-cat-skin-disease-identification-2__bacterial_278_jpg.rf.35a6f6b0d3e4d3841bce06b63535a5da.jpg,0
C:\Users\ashis\Desktop\ScanAI\dataset_manager\clean\skin\hotspot\roboflow__dog-and-cat-skin-disease-identification-2__hotspot-69-_jpg.rf.659acbbd5e2497148f04f64db2fa74ea.jpg,C:\Users\ashis\Desktop\ScanAI\dataset_manager\clean\skin\pyoderma\roboflow__dog-and-cat-skin-disease-identification-2__bacterial_89_jpg.rf.bb9eeab48917eab6440f041fc345f016.jpg,0
C:\Users\ashis\Desktop\ScanAI\dataset_manager\clean\skin\hotspot\roboflow__dog-and-cat-skin-disease-identification-2__hotspot-69-_jpg.rf.99e470288ddab9713d2036c8016a2e45.jpg,C:\Users\ashis\Desktop\ScanAI\dataset_manager\clean\skin\hotspot\roboflow__dog-and-cat-skin-disease-identification-2__hotspot-88-_jpg.rf.11a8f0c1c9fdcc35853fa2d7ddad370c.jpg,0
C:\Users\ashis\Desktop\ScanAI\dataset_manager\clean\skin\hotspot\roboflow__dog-and-cat-skin-disease-identification-2__hotspot-69-_jpg.rf.99e470288ddab9713d2036c8016a2e45.jpg,C:\Users\ashis\Desktop\ScanAI\dataset_manager\clean\skin\hotspot\roboflow__dog-and-cat-skin-disease-identification-2__preprocessed_HOTSPOT_030_jpg.rf.243aface392f98696d2faf584e1ed326.jpg,0
C:\Users\ashis\Desktop\ScanAI\dataset_manager\clean\skin\hotspot\roboflow__dog-and-cat-skin-disease-identification-2__hotspot-69-_jpg.rf.99e470288ddab9713d2036c8016a2e45.jpg,C:\Users\ashis\Desktop\ScanAI\dataset_manager\clean\skin\pyoderma\roboflow__dog-and-cat-skin-disease-identification-2__bacterial_215_jpg.rf.f76c0f33e535704463306ffb7a004042.jpg,0
C:\Users\ashis\Desktop\ScanAI\dataset_manager\clean\skin\hotspot\roboflow__dog-and-cat-skin-disease-identification-2__hotspot-69-_jpg.rf.99e470288ddab9713d2036c8016a2e45.jpg,C:\Users\ashis\Desktop\ScanAI\dataset_manager\clean\skin\pyoderma\roboflow__dog-and-cat-skin-disease-identification-2__bacterial_278_jpg.rf.35a6f6b0d3e4d3841bce06b63535a5da.jpg,0
C:\Users\ashis\Desktop\ScanAI\dataset_manager\clean\skin\hotspot\roboflow__dog-and-cat-skin-disease-identification-2__hotspot-69-_jpg.rf.99e470288ddab9713d2036c8016a2e45.jpg,C:\Users\ashis\Desktop\ScanAI\dataset_manager\clean\skin\pyoderma\roboflow__dog-and-cat-skin-disease-identification-2__bacterial_89_jpg.rf.bb9eeab48917eab6440f041fc345f016.jpg,0
C:\Users\ashis\Desktop\ScanAI\dataset_manager\clean\skin\hotspot\roboflow__dog-and-cat-skin-disease-identification-2__hotspot-7-_jpg.rf.e5eeadc9d1f3215959626b3903bbb9db.jpg,C:\Users\ashis\Desktop\ScanAI\dataset_manager\clean\skin\hotspot\roboflow__dog-and-cat-skin-disease-identification-2__hotspot-7-_jpg.rf.e7f3b4f37b237f092e98b3228f7d1d2a.jpg,0
C:\Users\ashis\Desktop\ScanAI\dataset_manager\clean\skin\hotspot\roboflow__dog-and-cat-skin-disease-identification-2__hotspot-70-_jpg.rf.c5756ec48acf18ea2137b41ec54439b1.jpg,C:\Users\ashis\Desktop\ScanAI\dataset_manager\clean\skin\hotspot\roboflow__dog-and-cat-skin-disease-identification-2__hotspot-70-_jpg.rf.e85a015cb161608ff332a6a38a8384b4.jpg,2
C:\Users\ashis\Desktop\ScanAI\dataset_manager\clean\skin\hotspot\roboflow__dog-and-cat-skin-disease-identification-2__hotspot-70-_jpg.rf.c5756ec48acf18ea2137b41ec54439b1.jpg,C:\Users\ashis\Desktop\ScanAI\dataset_manager\clean\skin\ringworm\roboflow__dog-and-cat-skin-disease-identification-2__hotspot-70-_jpg.rf.92d35f2763ffe0ce56e3e484f5d1126d.jpg,2
C:\Users\ashis\Desktop\ScanAI\dataset_manager\clean\skin\hotspot\roboflow__dog-and-cat-skin-disease-identification-2__hotspot-70-_jpg.rf.e85a015cb161608ff332a6a38a8384b4.jpg,C:\Users\ashis\Desktop\ScanAI\dataset_manager\clean\skin\ringworm\roboflow__dog-and-cat-skin-disease-identification-2__hotspot-70-_jpg.rf.92d35f2763ffe0ce56e3e484f5d1126d.jpg,0
C:\Users\ashis\Desktop\ScanAI\dataset_manager\clean\skin\hotspot\roboflow__dog-and-cat-skin-disease-identification-2__hotspot-71-_jpg.rf.34f570d91ba7362889cec810d9640806.jpg,C:\Users\ashis\Desktop\ScanAI\dataset_manager\clean\skin\hotspot\roboflow__dog-and-cat-skin-disease-identification-2__hotspot-71-_jpg.rf.3ca7d634d549669d27f19e8ab13170e7.jpg,0
C:\Users\ashis\Desktop\ScanAI\dataset_manager\clean\skin\hotspot\roboflow__dog-and-cat-skin-disease-identification-2__hotspot-71-_jpg.rf.34f570d91ba7362889cec810d9640806.jpg,C:\Users\ashis\Desktop\ScanAI\dataset_manager\clean\skin\hotspot\roboflow__dog-and-cat-skin-disease-identification-2__hotspot-90-_jpg.rf.1fd98db77f78c90cc503113a515a9c43.jpg,0
C:\Users\ashis\Desktop\ScanAI\dataset_manager\clean\skin\hotspot\roboflow__dog-and-cat-skin-disease-identification-2__hotspot-71-_jpg.rf.3ca7d634d549669d27f19e8ab13170e7.jpg,C:\Users\ashis\Desktop\ScanAI\dataset_manager\clean\skin\hotspot\roboflow__dog-and-cat-skin-disease-identification-2__hotspot-90-_jpg.rf.1fd98db77f78c90cc503113a515a9c43.jpg,0
C:\Users\ashis\Desktop\ScanAI\dataset_manager\clean\skin\hotspot\roboflow__dog-and-cat-skin-disease-identification-2__hotspot-72-_jpg.rf.145a1b4ba135389137aa37cc90a7c292.jpg,C:\Users\ashis\Desktop\ScanAI\dataset_manager\clean\skin\hotspot\roboflow__dog-and-cat-skin-disease-identification-2__hotspot-72-_jpg.rf.84a862baee72f8ea41fae153286b6121.jpg,0
C:\Users\ashis\Desktop\ScanAI\dataset_manager\clean\skin\hotspot\roboflow__dog-and-cat-skin-disease-identification-2__hotspot-72-_jpg.rf.145a1b4ba135389137aa37cc90a7c292.jpg,C:\Users\ashis\Desktop\ScanAI\dataset_manager\clean\skin\hotspot\roboflow__dog-and-cat-skin-disease-identification-2__hotspot-72-_jpg.rf.991f04a67368992e30d1a232bebf61a7.jpg,0
C:\Users\ashis\Desktop\ScanAI\dataset_manager\clean\skin\hotspot\roboflow__dog-and-cat-skin-disease-identification-2__hotspot-72-_jpg.rf.145a1b4ba135389137aa37cc90a7c292.jpg,C:\Users\ashis\Desktop\ScanAI\dataset_manager\clean\skin\hotspot\roboflow__dog-and-cat-skin-disease-identification-2__preprocessed_HOTSPOT_031_jpg.rf.63b1178e97d851288615071ac41634df.jpg,0
C:\Users\ashis\Desktop\ScanAI\dataset_manager\clean\skin\hotspot\roboflow__dog-and-cat-skin-disease-identification-2__hotspot-72-_jpg.rf.84a862baee72f8ea41fae153286b6121.jpg,C:\Users\ashis\Desktop\ScanAI\dataset_manager\clean\skin\hotspot\roboflow__dog-and-cat-skin-disease-identification-2__hotspot-72-_jpg.rf.991f04a67368992e30d1a232bebf61a7.jpg,0
C:\Users\ashis\Desktop\ScanAI\dataset_manager\clean\skin\hotspot\roboflow__dog-and-cat-skin-disease-identification-2__hotspot-72-_jpg.rf.84a862baee72f8ea41fae153286b6121.jpg,C:\Users\ashis\Desktop\ScanAI\dataset_manager\clean\skin\hotspot\roboflow__dog-and-cat-skin-disease-identification-2__preprocessed_HOTSPOT_031_jpg.rf.63b1178e97d851288615071ac41634df.jpg,0
C:\Users\ashis\Desktop\ScanAI\dataset_manager\clean\skin\hotspot\roboflow__dog-and-cat-skin-disease-identification-2__hotspot-72-_jpg.rf.991f04a67368992e30d1a232bebf61a7.jpg,C:\Users\ashis\Desktop\ScanAI\dataset_manager\clean\skin\hotspot\roboflow__dog-and-cat-skin-disease-identification-2__preprocessed_HOTSPOT_031_jpg.rf.63b1178e97d851288615071ac41634df.jpg,0
C:\Users\ashis\Desktop\ScanAI\dataset_manager\clean\skin\hotspot\roboflow__dog-and-cat-skin-disease-identification-2__hotspot-73-_jpg.rf.68a54004ef79495bce7d8281af967929.jpg,C:\Users\ashis\Desktop\ScanAI\dataset_manager\clean\skin\hotspot\roboflow__dog-and-cat-skin-disease-identification-2__hotspot-73-_jpg.rf.8da28c2ac6cd3395edcf1eb5a9629df1.jpg,0
C:\Users\ashis\Desktop\ScanAI\dataset_manager\clean\skin\hotspot\roboflow__dog-and-cat-skin-disease-identification-2__hotspot-74-_jpg.rf.8f8dc59a09737c9a30723f3b2dbcb132.jpg,C:\Users\ashis\Desktop\ScanAI\dataset_manager\clean\skin\hotspot\roboflow__dog-and-cat-skin-disease-identification-2__hotspot-74-_jpg.rf.988e8622a11678552b0fa119c7fd42f8.jpg,0
C:\Users\ashis\Desktop\ScanAI\dataset_manager\clean\skin\hotspot\roboflow__dog-and-cat-skin-disease-identification-2__hotspot-74-_jpg.rf.8f8dc59a09737c9a30723f3b2dbcb132.jpg,C:\Users\ashis\Desktop\ScanAI\dataset_manager\clean\skin\hotspot\roboflow__dog-and-cat-skin-disease-identification-2__hotspot-74-_jpg.rf.d3fbab762c42c90b96129b2fe7b92b3a.jpg,0
C:\Users\ashis\Desktop\ScanAI\dataset_manager\clean\skin\hotspot\roboflow__dog-and-cat-skin-disease-identification-2__hotspot-74-_jpg.rf.8f8dc59a09737c9a30723f3b2dbcb132.jpg,C:\Users\ashis\Desktop\ScanAI\dataset_manager\clean\skin\hotspot\roboflow__dog-and-cat-skin-disease-identification-2__preprocessed_HOTSPOT_032_jpg.rf.07c4e9a4d0a11e4b9a4a74b6bf0a12c7.jpg,0
C:\Users\ashis\Desktop\ScanAI\dataset_manager\clean\skin\hotspot\roboflow__dog-and-cat-skin-disease-identification-2__hotspot-74-_jpg.rf.8f8dc59a09737c9a30723f3b2dbcb132.jpg,C:\Users\ashis\Desktop\ScanAI\dataset_manager\clean\skin\pyoderma\roboflow__dog-and-cat-skin-disease-identification-2__bacterial_91_jpg.rf.92a25d7216c9e2ca40e276fde40f8190.jpg,2
C:\Users\ashis\Desktop\ScanAI\dataset_manager\clean\skin\hotspot\roboflow__dog-and-cat-skin-disease-identification-2__hotspot-74-_jpg.rf.988e8622a11678552b0fa119c7fd42f8.jpg,C:\Users\ashis\Desktop\ScanAI\dataset_manager\clean\skin\hotspot\roboflow__dog-and-cat-skin-disease-identification-2__hotspot-74-_jpg.rf.d3fbab762c42c90b96129b2fe7b92b3a.jpg,0
C:\Users\ashis\Desktop\ScanAI\dataset_manager\clean\skin\hotspot\roboflow__dog-and-cat-skin-disease-identification-2__hotspot-74-_jpg.rf.988e8622a11678552b0fa119c7fd42f8.jpg,C:\Users\ashis\Desktop\ScanAI\dataset_manager\clean\skin\hotspot\roboflow__dog-and-cat-skin-disease-identification-2__preprocessed_HOTSPOT_032_jpg.rf.07c4e9a4d0a11e4b9a4a74b6bf0a12c7.jpg,0
C:\Users\ashis\Desktop\ScanAI\dataset_manager\clean\skin\hotspot\roboflow__dog-and-cat-skin-disease-identification-2__hotspot-74-_jpg.rf.988e8622a11678552b0fa119c7fd42f8.jpg,C:\Users\ashis\Desktop\ScanAI\dataset_manager\clean\skin\pyoderma\roboflow__dog-and-cat-skin-disease-identification-2__bacterial_91_jpg.rf.92a25d7216c9e2ca40e276fde40f8190.jpg,2
C:\Users\ashis\Desktop\ScanAI\dataset_manager\clean\skin\hotspot\roboflow__dog-and-cat-skin-disease-identification-2__hotspot-74-_jpg.rf.d3fbab762c42c90b96129b2fe7b92b3a.jpg,C:\Users\ashis\Desktop\ScanAI\dataset_manager\clean\skin\hotspot\roboflow__dog-and-cat-skin-disease-identification-2__preprocessed_HOTSPOT_032_jpg.rf.07c4e9a4d0a11e4b9a4a74b6bf0a12c7.jpg,0
C:\Users\ashis\Desktop\ScanAI\dataset_manager\clean\skin\hotspot\roboflow__dog-and-cat-skin-disease-identification-2__hotspot-74-_jpg.rf.d3fbab762c42c90b96129b2fe7b92b3a.jpg,C:\Users\ashis\Desktop\ScanAI\dataset_manager\clean\skin\pyoderma\roboflow__dog-and-cat-skin-disease-identification-2__bacterial_91_jpg.rf.92a25d7216c9e2ca40e276fde40f8190.jpg,2
C:\Users\ashis\Desktop\ScanAI\dataset_manager\clean\skin\hotspot\roboflow__dog-and-cat-skin-disease-identification-2__hotspot-75-_jpg.rf.30054c3230f3bf2a5dcef74cc911dc22.jpg,C:\Users\ashis\Desktop\ScanAI\dataset_manager\clean\skin\hotspot\roboflow__dog-and-cat-skin-disease-identification-2__hotspot-75-_jpg.rf.4d7a23a4f7dd2b0d6f1467ce18ce6877.jpg,0
C:\Users\ashis\Desktop\ScanAI\dataset_manager\clean\skin\hotspot\roboflow__dog-and-cat-skin-disease-identification-2__hotspot-75-_jpg.rf.30054c3230f3bf2a5dcef74cc911dc22.jpg,C:\Users\ashis\Desktop\ScanAI\dataset_manager\clean\skin\hotspot\roboflow__dog-and-cat-skin-disease-identification-2__hotspot-94-_jpg.rf.d15df7fc6ec8feb2ac5a81d4565e3d5f.jpg,0
C:\Users\ashis\Desktop\ScanAI\dataset_manager\clean\skin\hotspot\roboflow__dog-and-cat-skin-disease-identification-2__hotspot-75-_jpg.rf.4d7a23a4f7dd2b0d6f1467ce18ce6877.jpg,C:\Users\ashis\Desktop\ScanAI\dataset_manager\clean\skin\hotspot\roboflow__dog-and-cat-skin-disease-identification-2__hotspot-94-_jpg.rf.d15df7fc6ec8feb2ac5a81d4565e3d5f.jpg,0
C:\Users\ashis\Desktop\ScanAI\dataset_manager\clean\skin\hotspot\roboflow__dog-and-cat-skin-disease-identification-2__hotspot-76-_jpg.rf.bfa2bb8e037c923a8c94c81867e17aec.jpg,C:\Users\ashis\Desktop\ScanAI\dataset_manager\clean\skin\hotspot\roboflow__dog-and-cat-skin-disease-identification-2__hotspot-76-_jpg.rf.e64b0cd056222657e4b3403ad04d6c03.jpg,0
C:\Users\ashis\Desktop\ScanAI\dataset_manager\clean\skin\hotspot\roboflow__dog-and-cat-skin-disease-identification-2__hotspot-76-_jpg.rf.bfa2bb8e037c923a8c94c81867e17aec.jpg,C:\Users\ashis\Desktop\ScanAI\dataset_manager\clean\skin\hotspot\roboflow__dog-and-cat-skin-disease-identification-2__hotspot-95-_jpg.rf.06288474e1a2627cb14f66b04b2edc70.jpg,0
C:\Users\ashis\Desktop\ScanAI\dataset_manager\clean\skin\hotspot\roboflow__dog-and-cat-skin-disease-identification-2__hotspot-76-_jpg.rf.e64b0cd056222657e4b3403ad04d6c03.jpg,C:\Users\ashis\Desktop\ScanAI\dataset_manager\clean\skin\hotspot\roboflow__dog-and-cat-skin-disease-identification-2__hotspot-95-_jpg.rf.06288474e1a2627cb14f66b04b2edc70.jpg,0
C:\Users\ashis\Desktop\ScanAI\dataset_manager\clean\skin\hotspot\roboflow__dog-and-cat-skin-disease-identification-2__hotspot-77-_jpg.rf.5db4365246f78fbdb9388c17dc35468e.jpg,C:\Users\ashis\Desktop\ScanAI\dataset_manager\clean\skin\hotspot\roboflow__dog-and-cat-skin-disease-identification-2__hotspot-77-_jpg.rf.c263213690b821c11c3aeb2dc8209236.jpg,0
C:\Users\ashis\Desktop\ScanAI\dataset_manager\clean\skin\hotspot\roboflow__dog-and-cat-skin-disease-identification-2__hotspot-77-_jpg.rf.5db4365246f78fbdb9388c17dc35468e.jpg,C:\Users\ashis\Desktop\ScanAI\dataset_manager\clean\skin\hotspot\roboflow__dog-and-cat-skin-disease-identification-2__preprocessed_HOTSPOT_033_jpg.rf.16d0849c54f7cd66cf39a328f6f9d936.jpg,0
C:\Users\ashis\Desktop\ScanAI\dataset_manager\clean\skin\hotspot\roboflow__dog-and-cat-skin-disease-identification-2__hotspot-77-_jpg.rf.5db4365246f78fbdb9388c17dc35468e.jpg,C:\Users\ashis\Desktop\ScanAI\dataset_manager\clean\skin\pyoderma\roboflow__dog-and-cat-skin-disease-identification-2__bacterial_92_jpg.rf.629ebe7f6a76905feaef6a4db8661c46.jpg,2
C:\Users\ashis\Desktop\ScanAI\dataset_manager\clean\skin\hotspot\roboflow__dog-and-cat-skin-disease-identification-2__hotspot-77-_jpg.rf.c263213690b821c11c3aeb2dc8209236.jpg,C:\Users\ashis\Desktop\ScanAI\dataset_manager\clean\skin\hotspot\roboflow__dog-and-cat-skin-disease-identification-2__preprocessed_HOTSPOT_033_jpg.rf.16d0849c54f7cd66cf39a328f6f9d936.jpg,0
C:\Users\ashis\Desktop\ScanAI\dataset_manager\clean\skin\hotspot\roboflow__dog-and-cat-skin-disease-identification-2__hotspot-77-_jpg.rf.c263213690b821c11c3aeb2dc8209236.jpg,C:\Users\ashis\Desktop\ScanAI\dataset_manager\clean\skin\pyoderma\roboflow__dog-and-cat-skin-disease-identification-2__bacterial_92_jpg.rf.629ebe7f6a76905feaef6a4db8661c46.jpg,2
C:\Users\ashis\Desktop\ScanAI\dataset_manager\clean\skin\hotspot\roboflow__dog-and-cat-skin-disease-identification-2__hotspot-78-_jpg.rf.0026684c48b578f11443787a53ac8fcb.jpg,C:\Users\ashis\Desktop\ScanAI\dataset_manager\clean\skin\hotspot\roboflow__dog-and-cat-skin-disease-identification-2__hotspot-78-_jpg.rf.55c875631e75f5131d07e21fc72c738d.jpg,0
C:\Users\ashis\Desktop\ScanAI\dataset_manager\clean\skin\hotspot\roboflow__dog-and-cat-skin-disease-identification-2__hotspot-78-_jpg.rf.0026684c48b578f11443787a53ac8fcb.jpg,C:\Users\ashis\Desktop\ScanAI\dataset_manager\clean\skin\hotspot\roboflow__dog-and-cat-skin-disease-identification-2__hotspot-98-_jpg.rf.3b93b96f1d60980dce840dd1ce884adc.jpg,0
C:\Users\ashis\Desktop\ScanAI\dataset_manager\clean\skin\hotspot\roboflow__dog-and-cat-skin-disease-identification-2__hotspot-78-_jpg.rf.0026684c48b578f11443787a53ac8fcb.jpg,C:\Users\ashis\Desktop\ScanAI\dataset_manager\clean\skin\pyoderma\roboflow__dog-and-cat-skin-disease-identification-2__bacterial_217_jpg.rf.519e0adbc1631740561c76cb260f5574.jpg,0
C:\Users\ashis\Desktop\ScanAI\dataset_manager\clean\skin\hotspot\roboflow__dog-and-cat-skin-disease-identification-2__hotspot-78-_jpg.rf.0a3cd2bf616c33967e2b8d2565bb354a.jpg,C:\Users\ashis\Desktop\ScanAI\dataset_manager\clean\skin\pyoderma\roboflow__dog-and-cat-skin-disease-identification-2__bacterial_207_jpg.rf.f709b4049cd36c4800433abf1b8f36a2.jpg,0
C:\Users\ashis\Desktop\ScanAI\dataset_manager\clean\skin\hotspot\roboflow__dog-and-cat-skin-disease-identification-2__hotspot-78-_jpg.rf.55c875631e75f5131d07e21fc72c738d.jpg,C:\Users\ashis\Desktop\ScanAI\dataset_manager\clean\skin\hotspot\roboflow__dog-and-cat-skin-disease-identification-2__hotspot-98-_jpg.rf.3b93b96f1d60980dce840dd1ce884adc.jpg,0
C:\Users\ashis\Desktop\ScanAI\dataset_manager\clean\skin\hotspot\roboflow__dog-and-cat-skin-disease-identification-2__hotspot-78-_jpg.rf.55c875631e75f5131d07e21fc72c738d.jpg,C:\Users\ashis\Desktop\ScanAI\dataset_manager\clean\skin\pyoderma\roboflow__dog-and-cat-skin-disease-identification-2__bacterial_217_jpg.rf.519e0adbc1631740561c76cb260f5574.jpg,0
C:\Users\ashis\Desktop\ScanAI\dataset_manager\clean\skin\hotspot\roboflow__dog-and-cat-skin-disease-identification-2__hotspot-79-_jpg.rf.69b2422326515c8046451538818ba0d2.jpg,C:\Users\ashis\Desktop\ScanAI\dataset_manager\clean\skin\hotspot\roboflow__dog-and-cat-skin-disease-identification-2__preprocessed_HOTSPOT_028_jpg.rf.b304571fd6582d6f73b6815b3501d7cc.jpg,2
C:\Users\ashis\Desktop\ScanAI\dataset_manager\clean\skin\hotspot\roboflow__dog-and-cat-skin-disease-identification-2__hotspot-79-_jpg.rf.69b2422326515c8046451538818ba0d2.jpg,C:\Users\ashis\Desktop\ScanAI\dataset_manager\clean\skin\pyoderma\roboflow__dog-and-cat-skin-disease-identification-2__bacterial_208_jpg.rf.53543f5e91de1ca3a2c4338f7b969de8.jpg,0
C:\Users\ashis\Desktop\ScanAI\dataset_manager\clean\skin\hotspot\roboflow__dog-and-cat-skin-disease-identification-2__hotspot-79-_jpg.rf.69b2422326515c8046451538818ba0d2.jpg,C:\Users\ashis\Desktop\ScanAI\dataset_manager\clean\skin\pyoderma\roboflow__dog-and-cat-skin-disease-identification-2__bacterial_274_jpg.rf.3f3c5b0259fef329e5d8e8065153573a.jpg,0
C:\Users\ashis\Desktop\ScanAI\dataset_manager\clean\skin\hotspot\roboflow__dog-and-cat-skin-disease-identification-2__hotspot-79-_jpg.rf.69b2422326515c8046451538818ba0d2.jpg,C:\Users\ashis\Desktop\ScanAI\dataset_manager\clean\skin\ringworm\roboflow__dog-and-cat-skin-disease-identification-2__hotspot-79-_jpg.rf.60cf91b18906d97e02024328c8930323.jpg,0
C:\Users\ashis\Desktop\ScanAI\dataset_manager\clean\skin\hotspot\roboflow__dog-and-cat-skin-disease-identification-2__hotspot-79-_jpg.rf.b936eebd4f1738add7b42859f06d0c31.jpg,C:\Users\ashis\Desktop\ScanAI\dataset_manager\clean\skin\hotspot\roboflow__dog-and-cat-skin-disease-identification-2__hotspot-79-_jpg.rf.db86ece15c989a9af780a81dee8a064d.jpg,0
C:\Users\ashis\Desktop\ScanAI\dataset_manager\clean\skin\hotspot\roboflow__dog-and-cat-skin-disease-identification-2__hotspot-79-_jpg.rf.b936eebd4f1738add7b42859f06d0c31.jpg,C:\Users\ashis\Desktop\ScanAI\dataset_manager\clean\skin\pyoderma\roboflow__dog-and-cat-skin-disease-identification-2__bacterial_233_jpg.rf.549ee0d949f4206ca4fbfcadf61aad04.jpg,0
C:\Users\ashis\Desktop\ScanAI\dataset_manager\clean\skin\hotspot\roboflow__dog-and-cat-skin-disease-identification-2__hotspot-79-_jpg.rf.db86ece15c989a9af780a81dee8a064d.jpg,C:\Users\ashis\Desktop\ScanAI\dataset_manager\clean\skin\pyoderma\roboflow__dog-and-cat-skin-disease-identification-2__bacterial_233_jpg.rf.549ee0d949f4206ca4fbfcadf61aad04.jpg,0
C:\Users\ashis\Desktop\ScanAI\dataset_manager\clean\skin\hotspot\roboflow__dog-and-cat-skin-disease-identification-2__hotspot-8-_jpg.rf.086bc8cfc3834368e8b0aaa06abed1d4.jpg,C:\Users\ashis\Desktop\ScanAI\dataset_manager\clean\skin\hotspot\roboflow__dog-and-cat-skin-disease-identification-2__hotspot-8-_jpg.rf.ef678b0b6c570f69ea5e52fb8fecc09d.jpg,0
C:\Users\ashis\Desktop\ScanAI\dataset_manager\clean\skin\hotspot\roboflow__dog-and-cat-skin-disease-identification-2__hotspot-80-_jpg.rf.28b8a712ce547334053f08c5b5b4aa4b.jpg,C:\Users\ashis\Desktop\ScanAI\dataset_manager\clean\skin\hotspot\roboflow__dog-and-cat-skin-disease-identification-2__hotspot-80-_jpg.rf.96fe1b1581a2f1228785432aea953316.jpg,0
C:\Users\ashis\Desktop\ScanAI\dataset_manager\clean\skin\hotspot\roboflow__dog-and-cat-skin-disease-identification-2__hotspot-80-_jpg.rf.28b8a712ce547334053f08c5b5b4aa4b.jpg,C:\Users\ashis\Desktop\ScanAI\dataset_manager\clean\skin\hotspot\roboflow__dog-and-cat-skin-disease-identification-2__preprocessed_HOTSPOT_034_jpg.rf.a3dbe086b33eec6abeaefd38fc47d9c8.jpg,0
C:\Users\ashis\Desktop\ScanAI\dataset_manager\clean\skin\hotspot\roboflow__dog-and-cat-skin-disease-identification-2__hotspot-80-_jpg.rf.28b8a712ce547334053f08c5b5b4aa4b.jpg,C:\Users\ashis\Desktop\ScanAI\dataset_manager\clean\skin\pyoderma\roboflow__dog-and-cat-skin-disease-identification-2__bacterial_221_jpg.rf.f901ae30b5a61d369030bfad728e1867.jpg,0
C:\Users\ashis\Desktop\ScanAI\dataset_manager\clean\skin\hotspot\roboflow__dog-and-cat-skin-disease-identification-2__hotspot-80-_jpg.rf.28b8a712ce547334053f08c5b5b4aa4b.jpg,C:\Users\ashis\Desktop\ScanAI\dataset_manager\clean\skin\pyoderma\roboflow__dog-and-cat-skin-disease-identification-2__bacterial_281_jpg.rf.536616657ebcf1b1568b264868d961ac.jpg,0
C:\Users\ashis\Desktop\ScanAI\dataset_manager\clean\skin\hotspot\roboflow__dog-and-cat-skin-disease-identification-2__hotspot-80-_jpg.rf.28b8a712ce547334053f08c5b5b4aa4b.jpg,C:\Users\ashis\Desktop\ScanAI\dataset_manager\clean\skin\pyoderma\roboflow__dog-and-cat-skin-disease-identification-2__bacterial_95_jpg.rf.dab6587ab1689a4643efecc89fc6593c.jpg,0
C:\Users\ashis\Desktop\ScanAI\dataset_manager\clean\skin\hotspot\roboflow__dog-and-cat-skin-disease-identification-2__hotspot-80-_jpg.rf.8eb3bc5e10f94fadbb5a601b945d92cc.jpg,C:\Users\ashis\Desktop\ScanAI\dataset_manager\clean\skin\pyoderma\roboflow__dog-and-cat-skin-disease-identification-2__bacterial_209_jpg.rf.a7048621eae9223d41ad5766e3d1c963.jpg,2
C:\Users\ashis\Desktop\ScanAI\dataset_manager\clean\skin\hotspot\roboflow__dog-and-cat-skin-disease-identification-2__hotspot-80-_jpg.rf.96fe1b1581a2f1228785432aea953316.jpg,C:\Users\ashis\Desktop\ScanAI\dataset_manager\clean\skin\hotspot\roboflow__dog-and-cat-skin-disease-identification-2__preprocessed_HOTSPOT_034_jpg.rf.a3dbe086b33eec6abeaefd38fc47d9c8.jpg,0
C:\Users\ashis\Desktop\ScanAI\dataset_manager\clean\skin\hotspot\roboflow__dog-and-cat-skin-disease-identification-2__hotspot-80-_jpg.rf.96fe1b1581a2f1228785432aea953316.jpg,C:\Users\ashis\Desktop\ScanAI\dataset_manager\clean\skin\pyoderma\roboflow__dog-and-cat-skin-disease-identification-2__bacterial_221_jpg.rf.f901ae30b5a61d369030bfad728e1867.jpg,0
C:\Users\ashis\Desktop\ScanAI\dataset_manager\clean\skin\hotspot\roboflow__dog-and-cat-skin-disease-identification-2__hotspot-80-_jpg.rf.96fe1b1581a2f1228785432aea953316.jpg,C:\Users\ashis\Desktop\ScanAI\dataset_manager\clean\skin\pyoderma\roboflow__dog-and-cat-skin-disease-identification-2__bacterial_281_jpg.rf.536616657ebcf1b1568b264868d961ac.jpg,0
C:\Users\ashis\Desktop\ScanAI\dataset_manager\clean\skin\hotspot\roboflow__dog-and-cat-skin-disease-identification-2__hotspot-80-_jpg.rf.96fe1b1581a2f1228785432aea953316.jpg,C:\Users\ashis\Desktop\ScanAI\dataset_manager\clean\skin\pyoderma\roboflow__dog-and-cat-skin-disease-identification-2__bacterial_95_jpg.rf.dab6587ab1689a4643efecc89fc6593c.jpg,0
C:\Users\ashis\Desktop\ScanAI\dataset_manager\clean\skin\hotspot\roboflow__dog-and-cat-skin-disease-identification-2__hotspot-81-_jpg.rf.cc93eb0e3bdf3a4b2b3a09ffd64c31ef.jpg,C:\Users\ashis\Desktop\ScanAI\dataset_manager\clean\skin\hotspot\roboflow__dog-and-cat-skin-disease-identification-2__hotspot-81-_jpg.rf.cfb630e3526a930d054f64a9dbcacc11.jpg,0
C:\Users\ashis\Desktop\ScanAI\dataset_manager\clean\skin\hotspot\roboflow__dog-and-cat-skin-disease-identification-2__hotspot-81-_jpg.rf.cc93eb0e3bdf3a4b2b3a09ffd64c31ef.jpg,C:\Users\ashis\Desktop\ScanAI\dataset_manager\clean\skin\pyoderma\roboflow__dog-and-cat-skin-disease-identification-2__bacterial_235_jpg.rf.62fe5dda9e583d5743dd7541cf542297.jpg,0
C:\Users\ashis\Desktop\ScanAI\dataset_manager\clean\skin\hotspot\roboflow__dog-and-cat-skin-disease-identification-2__hotspot-81-_jpg.rf.cfb630e3526a930d054f64a9dbcacc11.jpg,C:\Users\ashis\Desktop\ScanAI\dataset_manager\clean\skin\pyoderma\roboflow__dog-and-cat-skin-disease-identification-2__bacterial_235_jpg.rf.62fe5dda9e583d5743dd7541cf542297.jpg,0
C:\Users\ashis\Desktop\ScanAI\dataset_manager\clean\skin\hotspot\roboflow__dog-and-cat-skin-disease-identification-2__hotspot-82-_jpg.rf.73fa8ae4ce5ff86a0b3a0fd2aff5b54d.jpg,C:\Users\ashis\Desktop\ScanAI\dataset_manager\clean\skin\hotspot\roboflow__dog-and-cat-skin-disease-identification-2__hotspot-82-_jpg.rf.c2968be8d9f2958159c2d5ff1b7addd2.jpg,0
C:\Users\ashis\Desktop\ScanAI\dataset_manager\clean\skin\hotspot\roboflow__dog-and-cat-skin-disease-identification-2__hotspot-82-_jpg.rf.73fa8ae4ce5ff86a0b3a0fd2aff5b54d.jpg,C:\Users\ashis\Desktop\ScanAI\dataset_manager\clean\skin\hotspot\roboflow__dog-and-cat-skin-disease-identification-2__preprocessed_HOTSPOT_035_jpg.rf.6152822333f3e60e35c6e5a0f8048462.jpg,0
C:\Users\ashis\Desktop\ScanAI\dataset_manager\clean\skin\hotspot\roboflow__dog-and-cat-skin-disease-identification-2__hotspot-82-_jpg.rf.73fa8ae4ce5ff86a0b3a0fd2aff5b54d.jpg,C:\Users\ashis\Desktop\ScanAI\dataset_manager\clean\skin\pyoderma\roboflow__dog-and-cat-skin-disease-identification-2__bacterial_283_jpg.rf.78b4aae2239c2260ee0e96afaca3f7d7.jpg,0
C:\Users\ashis\Desktop\ScanAI\dataset_manager\clean\skin\hotspot\roboflow__dog-and-cat-skin-disease-identification-2__hotspot-82-_jpg.rf.73fa8ae4ce5ff86a0b3a0fd2aff5b54d.jpg,C:\Users\ashis\Desktop\ScanAI\dataset_manager\clean\skin\pyoderma\roboflow__dog-and-cat-skin-disease-identification-2__bacterial_285_jpg.rf.009c1efc0659ea8fe8b212e673ed7f5c.jpg,2
C:\Users\ashis\Desktop\ScanAI\dataset_manager\clean\skin\hotspot\roboflow__dog-and-cat-skin-disease-identification-2__hotspot-82-_jpg.rf.c2968be8d9f2958159c2d5ff1b7addd2.jpg,C:\Users\ashis\Desktop\ScanAI\dataset_manager\clean\skin\hotspot\roboflow__dog-and-cat-skin-disease-identification-2__preprocessed_HOTSPOT_035_jpg.rf.6152822333f3e60e35c6e5a0f8048462.jpg,0
C:\Users\ashis\Desktop\ScanAI\dataset_manager\clean\skin\hotspot\roboflow__dog-and-cat-skin-disease-identification-2__hotspot-82-_jpg.rf.c2968be8d9f2958159c2d5ff1b7addd2.jpg,C:\Users\ashis\Desktop\ScanAI\dataset_manager\clean\skin\pyoderma\roboflow__dog-and-cat-skin-disease-identification-2__bacterial_283_jpg.rf.78b4aae2239c2260ee0e96afaca3f7d7.jpg,0
C:\Users\ashis\Desktop\ScanAI\dataset_manager\clean\skin\hotspot\roboflow__dog-and-cat-skin-disease-identification-2__hotspot-82-_jpg.rf.c2968be8d9f2958159c2d5ff1b7addd2.jpg,C:\Users\ashis\Desktop\ScanAI\dataset_manager\clean\skin\pyoderma\roboflow__dog-and-cat-skin-disease-identification-2__bacterial_285_jpg.rf.009c1efc0659ea8fe8b212e673ed7f5c.jpg,2
C:\Users\ashis\Desktop\ScanAI\dataset_manager\clean\skin\hotspot\roboflow__dog-and-cat-skin-disease-identification-2__hotspot-83-_jpg.rf.2ef3557f7d51809351e18bf7fcd2912c.jpg,C:\Users\ashis\Desktop\ScanAI\dataset_manager\clean\skin\hotspot\roboflow__dog-and-cat-skin-disease-identification-2__hotspot-83-_jpg.rf.84e3d79d5c9f39b49445e75c92df0827.jpg,0
C:\Users\ashis\Desktop\ScanAI\dataset_manager\clean\skin\hotspot\roboflow__dog-and-cat-skin-disease-identification-2__hotspot-83-_jpg.rf.2ef3557f7d51809351e18bf7fcd2912c.jpg,C:\Users\ashis\Desktop\ScanAI\dataset_manager\clean\skin\pyoderma\roboflow__dog-and-cat-skin-disease-identification-2__bacterial_223_jpg.rf.72dbacef40518c4066e4db29ce570701.jpg,0
C:\Users\ashis\Desktop\ScanAI\dataset_manager\clean\skin\hotspot\roboflow__dog-and-cat-skin-disease-identification-2__hotspot-83-_jpg.rf.84e3d79d5c9f39b49445e75c92df0827.jpg,C:\Users\ashis\Desktop\ScanAI\dataset_manager\clean\skin\pyoderma\roboflow__dog-and-cat-skin-disease-identification-2__bacterial_223_jpg.rf.72dbacef40518c4066e4db29ce570701.jpg,0
C:\Users\ashis\Desktop\ScanAI\dataset_manager\clean\skin\hotspot\roboflow__dog-and-cat-skin-disease-identification-2__hotspot-84-_jpg.rf.7e03869bb7a3502ed781d72590b2f868.jpg,C:\Users\ashis\Desktop\ScanAI\dataset_manager\clean\skin\hotspot\roboflow__dog-and-cat-skin-disease-identification-2__hotspot-84-_jpg.rf.e2af9687de448326ad187b8e033e2878.jpg,0
C:\Users\ashis\Desktop\ScanAI\dataset_manager\clean\skin\hotspot\roboflow__dog-and-cat-skin-disease-identification-2__hotspot-84-_jpg.rf.7e03869bb7a3502ed781d72590b2f868.jpg,C:\Users\ashis\Desktop\ScanAI\dataset_manager\clean\skin\pyoderma\roboflow__dog-and-cat-skin-disease-identification-2__bacterial_224_jpg.rf.d32674e812b9c735e8edc473b778e992.jpg,0
C:\Users\ashis\Desktop\ScanAI\dataset_manager\clean\skin\hotspot\roboflow__dog-and-cat-skin-disease-identification-2__hotspot-84-_jpg.rf.e2af9687de448326ad187b8e033e2878.jpg,C:\Users\ashis\Desktop\ScanAI\dataset_manager\clean\skin\pyoderma\roboflow__dog-and-cat-skin-disease-identification-2__bacterial_224_jpg.rf.d32674e812b9c735e8edc473b778e992.jpg,0
C:\Users\ashis\Desktop\ScanAI\dataset_manager\clean\skin\hotspot\roboflow__dog-and-cat-skin-disease-identification-2__hotspot-85-_jpg.rf.75cf8a6bbc28528588fc148abfecd827.jpg,C:\Users\ashis\Desktop\ScanAI\dataset_manager\clean\skin\hotspot\roboflow__dog-and-cat-skin-disease-identification-2__hotspot-85-_jpg.rf.bea30004133982631432079f2d73c028.jpg,0
C:\Users\ashis\Desktop\ScanAI\dataset_manager\clean\skin\hotspot\roboflow__dog-and-cat-skin-disease-identification-2__hotspot-85-_jpg.rf.75cf8a6bbc28528588fc148abfecd827.jpg,C:\Users\ashis\Desktop\ScanAI\dataset_manager\clean\skin\pyoderma\roboflow__dog-and-cat-skin-disease-identification-2__bacterial_225_jpg.rf.2edcb5abfa0988d2b3d08f167d9940ee.jpg,0
C:\Users\ashis\Desktop\ScanAI\dataset_manager\clean\skin\hotspot\roboflow__dog-and-cat-skin-disease-identification-2__hotspot-85-_jpg.rf.bea30004133982631432079f2d73c028.jpg,C:\Users\ashis\Desktop\ScanAI\dataset_manager\clean\skin\pyoderma\roboflow__dog-and-cat-skin-disease-identification-2__bacterial_225_jpg.rf.2edcb5abfa0988d2b3d08f167d9940ee.jpg,0
C:\Users\ashis\Desktop\ScanAI\dataset_manager\clean\skin\hotspot\roboflow__dog-and-cat-skin-disease-identification-2__hotspot-85-_jpg.rf.e0f841152f539ceb60deb84438128a5b.jpg,C:\Users\ashis\Desktop\ScanAI\dataset_manager\clean\skin\pyoderma\roboflow__dog-and-cat-skin-disease-identification-2__bacterial_213_jpg.rf.92eff4b3d428aa131d43a0ae9f27c809.jpg,0
C:\Users\ashis\Desktop\ScanAI\dataset_manager\clean\skin\hotspot\roboflow__dog-and-cat-skin-disease-identification-2__hotspot-86-_jpg.rf.7dadf64027d1c9fd1d0138d2de353488.jpg,C:\Users\ashis\Desktop\ScanAI\dataset_manager\clean\skin\hotspot\roboflow__dog-and-cat-skin-disease-identification-2__preprocessed_HOTSPOT_036_jpg.rf.13ebf611b0e8eeb3b9d58996c9355b4a.jpg,0
C:\Users\ashis\Desktop\ScanAI\dataset_manager\clean\skin\hotspot\roboflow__dog-and-cat-skin-disease-identification-2__hotspot-86-_jpg.rf.7dadf64027d1c9fd1d0138d2de353488.jpg,C:\Users\ashis\Desktop\ScanAI\dataset_manager\clean\skin\pyoderma\roboflow__dog-and-cat-skin-disease-identification-2__bacterial_226_jpg.rf.4a4c9a89ea436f0d1c46b2fe8a1ad011.jpg,0
C:\Users\ashis\Desktop\ScanAI\dataset_manager\clean\skin\hotspot\roboflow__dog-and-cat-skin-disease-identification-2__hotspot-86-_jpg.rf.7dadf64027d1c9fd1d0138d2de353488.jpg,C:\Users\ashis\Desktop\ScanAI\dataset_manager\clean\skin\pyoderma\roboflow__dog-and-cat-skin-disease-identification-2__bacterial_286_jpg.rf.6bafc9103db10fac9cb62920dfe747af.jpg,0
C:\Users\ashis\Desktop\ScanAI\dataset_manager\clean\skin\hotspot\roboflow__dog-and-cat-skin-disease-identification-2__hotspot-87-_jpg.rf.0d7e1f5d303adca02b7a55e67065b045.jpg,C:\Users\ashis\Desktop\ScanAI\dataset_manager\clean\skin\hotspot\roboflow__dog-and-cat-skin-disease-identification-2__hotspot-87-_jpg.rf.9b156ef0289fc248324db70317221838.jpg,0
C:\Users\ashis\Desktop\ScanAI\dataset_manager\clean\skin\hotspot\roboflow__dog-and-cat-skin-disease-identification-2__hotspot-87-_jpg.rf.0d7e1f5d303adca02b7a55e67065b045.jpg,C:\Users\ashis\Desktop\ScanAI\dataset_manager\clean\skin\pyoderma\roboflow__dog-and-cat-skin-disease-identification-2__bacterial_227_jpg.rf.5f8d82bca3edc1b7034e15e7bbbf9d5b.jpg,0
C:\Users\ashis\Desktop\ScanAI\dataset_manager\clean\skin\hotspot\roboflow__dog-and-cat-skin-disease-identification-2__hotspot-87-_jpg.rf.9b156ef0289fc248324db70317221838.jpg,C:\Users\ashis\Desktop\ScanAI\dataset_manager\clean\skin\pyoderma\roboflow__dog-and-cat-skin-disease-identification-2__bacterial_227_jpg.rf.5f8d82bca3edc1b7034e15e7bbbf9d5b.jpg,0
C:\Users\ashis\Desktop\ScanAI\dataset_manager\clean\skin\hotspot\roboflow__dog-and-cat-skin-disease-identification-2__hotspot-88-_jpg.rf.11a8f0c1c9fdcc35853fa2d7ddad370c.jpg,C:\Users\ashis\Desktop\ScanAI\dataset_manager\clean\skin\hotspot\roboflow__dog-and-cat-skin-disease-identification-2__preprocessed_HOTSPOT_030_jpg.rf.243aface392f98696d2faf584e1ed326.jpg,0
C:\Users\ashis\Desktop\ScanAI\dataset_manager\clean\skin\hotspot\roboflow__dog-and-cat-skin-disease-identification-2__hotspot-88-_jpg.rf.11a8f0c1c9fdcc35853fa2d7ddad370c.jpg,C:\Users\ashis\Desktop\ScanAI\dataset_manager\clean\skin\pyoderma\roboflow__dog-and-cat-skin-disease-identification-2__bacterial_215_jpg.rf.f76c0f33e535704463306ffb7a004042.jpg,0
C:\Users\ashis\Desktop\ScanAI\dataset_manager\clean\skin\hotspot\roboflow__dog-and-cat-skin-disease-identification-2__hotspot-88-_jpg.rf.11a8f0c1c9fdcc35853fa2d7ddad370c.jpg,C:\Users\ashis\Desktop\ScanAI\dataset_manager\clean\skin\pyoderma\roboflow__dog-and-cat-skin-disease-identification-2__bacterial_278_jpg.rf.35a6f6b0d3e4d3841bce06b63535a5da.jpg,0
C:\Users\ashis\Desktop\ScanAI\dataset_manager\clean\skin\hotspot\roboflow__dog-and-cat-skin-disease-identification-2__hotspot-88-_jpg.rf.11a8f0c1c9fdcc35853fa2d7ddad370c.jpg,C:\Users\ashis\Desktop\ScanAI\dataset_manager\clean\skin\pyoderma\roboflow__dog-and-cat-skin-disease-identification-2__bacterial_89_jpg.rf.bb9eeab48917eab6440f041fc345f016.jpg,0
C:\Users\ashis\Desktop\ScanAI\dataset_manager\clean\skin\hotspot\roboflow__dog-and-cat-skin-disease-identification-2__hotspot-88-_jpg.rf.47d9886646bbdc3f8276fea56952e7df.jpg,C:\Users\ashis\Desktop\ScanAI\dataset_manager\clean\skin\hotspot\roboflow__dog-and-cat-skin-disease-identification-2__hotspot-88-_jpg.rf.4f948e0d2ccff198275fe063106541af.jpg,0
C:\Users\ashis\Desktop\ScanAI\dataset_manager\clean\skin\hotspot\roboflow__dog-and-cat-skin-disease-identification-2__hotspot-89-_jpg.rf.537083e767295d5826a51b50e0315496.jpg,C:\Users\ashis\Desktop\ScanAI\dataset_manager\clean\skin\hotspot\roboflow__dog-and-cat-skin-disease-identification-2__hotspot-89-_jpg.rf.6de7ca3e3606a89fa3c731ea7c894011.jpg,0
C:\Users\ashis\Desktop\ScanAI\dataset_manager\clean\skin\hotspot\roboflow__dog-and-cat-skin-disease-identification-2__hotspot-9-_jpg.rf.f65e4cd18bc678a6239c79a008ae29df.jpg,C:\Users\ashis\Desktop\ScanAI\dataset_manager\clean\skin\hotspot\roboflow__dog-and-cat-skin-disease-identification-2__preprocessed_HOTSPOT_037_jpg.rf.52c64a1d29d5a5a98f4bcc219f541fe4.jpg,2
C:\Users\ashis\Desktop\ScanAI\dataset_manager\clean\skin\hotspot\roboflow__dog-and-cat-skin-disease-identification-2__hotspot-9-_jpg.rf.f65e4cd18bc678a6239c79a008ae29df.jpg,C:\Users\ashis\Desktop\ScanAI\dataset_manager\clean\skin\pyoderma\roboflow__dog-and-cat-skin-disease-identification-2__bacterial_178_jpg.rf.72b117ddc067194cc4326154bcc2088c.jpg,0
C:\Users\ashis\Desktop\ScanAI\dataset_manager\clean\skin\hotspot\roboflow__dog-and-cat-skin-disease-identification-2__hotspot-9-_jpg.rf.f65e4cd18bc678a6239c79a008ae29df.jpg,C:\Users\ashis\Desktop\ScanAI\dataset_manager\clean\skin\pyoderma\roboflow__dog-and-cat-skin-disease-identification-2__bacterial_289_jpg.rf.ba7753724c152be4300245d7c9d15ef0.jpg,2
C:\Users\ashis\Desktop\ScanAI\dataset_manager\clean\skin\hotspot\roboflow__dog-and-cat-skin-disease-identification-2__hotspot-90-_jpg.rf.04c8be0409e1fb1090e38ec56b842890.jpg,C:\Users\ashis\Desktop\ScanAI\dataset_manager\clean\skin\hotspot\roboflow__dog-and-cat-skin-disease-identification-2__hotspot-90-_jpg.rf.c366276c9f012f0f70d36b1d525d5ee1.jpg,0
C:\Users\ashis\Desktop\ScanAI\dataset_manager\clean\skin\hotspot\roboflow__dog-and-cat-skin-disease-identification-2__hotspot-90-_jpg.rf.04c8be0409e1fb1090e38ec56b842890.jpg,C:\Users\ashis\Desktop\ScanAI\dataset_manager\clean\skin\hotspot\roboflow__dog-and-cat-skin-disease-identification-2__preprocessed_HOTSPOT_038_jpg.rf.06face45ee2896bd7ea2d4e8f52044f7.jpg,0
C:\Users\ashis\Desktop\ScanAI\dataset_manager\clean\skin\hotspot\roboflow__dog-and-cat-skin-disease-identification-2__hotspot-90-_jpg.rf.c366276c9f012f0f70d36b1d525d5ee1.jpg,C:\Users\ashis\Desktop\ScanAI\dataset_manager\clean\skin\hotspot\roboflow__dog-and-cat-skin-disease-identification-2__preprocessed_HOTSPOT_038_jpg.rf.06face45ee2896bd7ea2d4e8f52044f7.jpg,0
C:\Users\ashis\Desktop\ScanAI\dataset_manager\clean\skin\hotspot\roboflow__dog-and-cat-skin-disease-identification-2__hotspot-91-_jpg.rf.50c72d12a5991f1ed92783d542580600.jpg,C:\Users\ashis\Desktop\ScanAI\dataset_manager\clean\skin\hotspot\roboflow__dog-and-cat-skin-disease-identification-2__hotspot-91-_jpg.rf.ba1d3f7b73378dd30aaef6ece233de32.jpg,0
C:\Users\ashis\Desktop\ScanAI\dataset_manager\clean\skin\hotspot\roboflow__dog-and-cat-skin-disease-identification-2__hotspot-91-_jpg.rf.50c72d12a5991f1ed92783d542580600.jpg,C:\Users\ashis\Desktop\ScanAI\dataset_manager\clean\skin\pyoderma\roboflow__dog-and-cat-skin-disease-identification-2__bacterial_228_jpg.rf.d14fd2afe98e8667635e87178dbf0075.jpg,0
C:\Users\ashis\Desktop\ScanAI\dataset_manager\clean\skin\hotspot\roboflow__dog-and-cat-skin-disease-identification-2__hotspot-91-_jpg.rf.ba1d3f7b73378dd30aaef6ece233de32.jpg,C:\Users\ashis\Desktop\ScanAI\dataset_manager\clean\skin\pyoderma\roboflow__dog-and-cat-skin-disease-identification-2__bacterial_228_jpg.rf.d14fd2afe98e8667635e87178dbf0075.jpg,0
C:\Users\ashis\Desktop\ScanAI\dataset_manager\clean\skin\hotspot\roboflow__dog-and-cat-skin-disease-identification-2__hotspot-92-_jpg.rf.f459690139856c2896ef542e07950db1.jpg,C:\Users\ashis\Desktop\ScanAI\dataset_manager\clean\skin\hotspot\roboflow__dog-and-cat-skin-disease-identification-2__hotspot-92-_jpg.rf.f62c39864b64be85c8b9203816ac1c82.jpg,0
C:\Users\ashis\Desktop\ScanAI\dataset_manager\clean\skin\hotspot\roboflow__dog-and-cat-skin-disease-identification-2__hotspot-92-_jpg.rf.f459690139856c2896ef542e07950db1.jpg,C:\Users\ashis\Desktop\ScanAI\dataset_manager\clean\skin\hotspot\roboflow__dog-and-cat-skin-disease-identification-2__preprocessed_HOTSPOT_039_jpg.rf.08d54d3a9949f4d1d2e77338121d9d54.jpg,0
C:\Users\ashis\Desktop\ScanAI\dataset_manager\clean\skin\hotspot\roboflow__dog-and-cat-skin-disease-identification-2__hotspot-92-_jpg.rf.f459690139856c2896ef542e07950db1.jpg,C:\Users\ashis\Desktop\ScanAI\dataset_manager\clean\skin\pyoderma\roboflow__dog-and-cat-skin-disease-identification-2__bacterial_229_jpg.rf.8b14d5f03bf55261d4c6dccebb3914e1.jpg,0
C:\Users\ashis\Desktop\ScanAI\dataset_manager\clean\skin\hotspot\roboflow__dog-and-cat-skin-disease-identification-2__hotspot-92-_jpg.rf.f459690139856c2896ef542e07950db1.jpg,C:\Users\ashis\Desktop\ScanAI\dataset_manager\clean\skin\pyoderma\roboflow__dog-and-cat-skin-disease-identification-2__bacterial_291_jpg.rf.a69eadc56c1dca9ac1a82c9b15c4532c.jpg,0
C:\Users\ashis\Desktop\ScanAI\dataset_manager\clean\skin\hotspot\roboflow__dog-and-cat-skin-disease-identification-2__hotspot-92-_jpg.rf.f62c39864b64be85c8b9203816ac1c82.jpg,C:\Users\ashis\Desktop\ScanAI\dataset_manager\clean\skin\hotspot\roboflow__dog-and-cat-skin-disease-identification-2__preprocessed_HOTSPOT_039_jpg.rf.08d54d3a9949f4d1d2e77338121d9d54.jpg,0
C:\Users\ashis\Desktop\ScanAI\dataset_manager\clean\skin\hotspot\roboflow__dog-and-cat-skin-disease-identification-2__hotspot-92-_jpg.rf.f62c39864b64be85c8b9203816ac1c82.jpg,C:\Users\ashis\Desktop\ScanAI\dataset_manager\clean\skin\pyoderma\roboflow__dog-and-cat-skin-disease-identification-2__bacterial_229_jpg.rf.8b14d5f03bf55261d4c6dccebb3914e1.jpg,0
C:\Users\ashis\Desktop\ScanAI\dataset_manager\clean\skin\hotspot\roboflow__dog-and-cat-skin-disease-identification-2__hotspot-92-_jpg.rf.f62c39864b64be85c8b9203816ac1c82.jpg,C:\Users\ashis\Desktop\ScanAI\dataset_manager\clean\skin\pyoderma\roboflow__dog-and-cat-skin-disease-identification-2__bacterial_291_jpg.rf.a69eadc56c1dca9ac1a82c9b15c4532c.jpg,0
C:\Users\ashis\Desktop\ScanAI\dataset_manager\clean\skin\hotspot\roboflow__dog-and-cat-skin-disease-identification-2__hotspot-93-_jpg.rf.8f381d391422e633421157d42e65be3c.jpg,C:\Users\ashis\Desktop\ScanAI\dataset_manager\clean\skin\hotspot\roboflow__dog-and-cat-skin-disease-identification-2__hotspot-93-_jpg.rf.e42cf639dbbfaf6e0fa9566256acfb09.jpg,0
C:\Users\ashis\Desktop\ScanAI\dataset_manager\clean\skin\hotspot\roboflow__dog-and-cat-skin-disease-identification-2__hotspot-93-_jpg.rf.8f381d391422e633421157d42e65be3c.jpg,C:\Users\ashis\Desktop\ScanAI\dataset_manager\clean\skin\pyoderma\roboflow__dog-and-cat-skin-disease-identification-2__bacterial_230_jpg.rf.7de0b44edf196f474beafdad13c3b1e8.jpg,0
C:\Users\ashis\Desktop\ScanAI\dataset_manager\clean\skin\hotspot\roboflow__dog-and-cat-skin-disease-identification-2__hotspot-93-_jpg.rf.e42cf639dbbfaf6e0fa9566256acfb09.jpg,C:\Users\ashis\Desktop\ScanAI\dataset_manager\clean\skin\pyoderma\roboflow__dog-and-cat-skin-disease-identification-2__bacterial_230_jpg.rf.7de0b44edf196f474beafdad13c3b1e8.jpg,0
C:\Users\ashis\Desktop\ScanAI\dataset_manager\clean\skin\hotspot\roboflow__dog-and-cat-skin-disease-identification-2__hotspot-94-_jpg.rf.915b49c6cdf0be068e89a0299b763cb9.jpg,C:\Users\ashis\Desktop\ScanAI\dataset_manager\clean\skin\hotspot\roboflow__dog-and-cat-skin-disease-identification-2__hotspot-94-_jpg.rf.dd30f4c082452155d61fa21a69ce4fdf.jpg,0
C:\Users\ashis\Desktop\ScanAI\dataset_manager\clean\skin\hotspot\roboflow__dog-and-cat-skin-disease-identification-2__hotspot-95-_jpg.rf.5054a543ed04c102a16d5f0caf7c8856.jpg,C:\Users\ashis\Desktop\ScanAI\dataset_manager\clean\skin\hotspot\roboflow__dog-and-cat-skin-disease-identification-2__hotspot-95-_jpg.rf.710b9bfd905775e1273c746ad09acb17.jpg,0
C:\Users\ashis\Desktop\ScanAI\dataset_manager\clean\skin\hotspot\roboflow__dog-and-cat-skin-disease-identification-2__hotspot-95-_jpg.rf.5054a543ed04c102a16d5f0caf7c8856.jpg,C:\Users\ashis\Desktop\ScanAI\dataset_manager\clean\skin\hotspot\roboflow__dog-and-cat-skin-disease-identification-2__preprocessed_HOTSPOT_040_jpg.rf.e1dece50f6d5ceaf080d566ef532e536.jpg,0
C:\Users\ashis\Desktop\ScanAI\dataset_manager\clean\skin\hotspot\roboflow__dog-and-cat-skin-disease-identification-2__hotspot-95-_jpg.rf.5054a543ed04c102a16d5f0caf7c8856.jpg,C:\Users\ashis\Desktop\ScanAI\dataset_manager\clean\skin\pyoderma\roboflow__dog-and-cat-skin-disease-identification-2__bacterial_236_jpg.rf.fe996b05466f3ce46b1b1b32a1ed88b5.jpg,0
C:\Users\ashis\Desktop\ScanAI\dataset_manager\clean\skin\hotspot\roboflow__dog-and-cat-skin-disease-identification-2__hotspot-95-_jpg.rf.5054a543ed04c102a16d5f0caf7c8856.jpg,C:\Users\ashis\Desktop\ScanAI\dataset_manager\clean\skin\ringworm\roboflow__dog-and-cat-skin-disease-identification-2__1000010566_x16_jpg.rf.f766c96ecc135e7ee0bcf012c090a409.jpg,0
C:\Users\ashis\Desktop\ScanAI\dataset_manager\clean\skin\hotspot\roboflow__dog-and-cat-skin-disease-identification-2__hotspot-95-_jpg.rf.710b9bfd905775e1273c746ad09acb17.jpg,C:\Users\ashis\Desktop\ScanAI\dataset_manager\clean\skin\hotspot\roboflow__dog-and-cat-skin-disease-identification-2__preprocessed_HOTSPOT_040_jpg.rf.e1dece50f6d5ceaf080d566ef532e536.jpg,0
C:\Users\ashis\Desktop\ScanAI\dataset_manager\clean\skin\hotspot\roboflow__dog-and-cat-skin-disease-identification-2__hotspot-95-_jpg.rf.710b9bfd905775e1273c746ad09acb17.jpg,C:\Users\ashis\Desktop\ScanAI\dataset_manager\clean\skin\pyoderma\roboflow__dog-and-cat-skin-disease-identification-2__bacterial_236_jpg.rf.fe996b05466f3ce46b1b1b32a1ed88b5.jpg,0
C:\Users\ashis\Desktop\ScanAI\dataset_manager\clean\skin\hotspot\roboflow__dog-and-cat-skin-disease-identification-2__hotspot-95-_jpg.rf.710b9bfd905775e1273c746ad09acb17.jpg,C:\Users\ashis\Desktop\ScanAI\dataset_manager\clean\skin\ringworm\roboflow__dog-and-cat-skin-disease-identification-2__1000010566_x16_jpg.rf.f766c96ecc135e7ee0bcf012c090a409.jpg,0
C:\Users\ashis\Desktop\ScanAI\dataset_manager\clean\skin\hotspot\roboflow__dog-and-cat-skin-disease-identification-2__hotspot-96-_jpg.rf.503fac79f9d7dc99c8a9d20bf3de97b8.jpg,C:\Users\ashis\Desktop\ScanAI\dataset_manager\clean\skin\pyoderma\roboflow__dog-and-cat-skin-disease-identification-2__bacterial_237_jpg.rf.bf4281a750411060e0ab250d9b813220.jpg,2
C:\Users\ashis\Desktop\ScanAI\dataset_manager\clean\skin\hotspot\roboflow__dog-and-cat-skin-disease-identification-2__hotspot-98-_jpg.rf.3b93b96f1d60980dce840dd1ce884adc.jpg,C:\Users\ashis\Desktop\ScanAI\dataset_manager\clean\skin\pyoderma\roboflow__dog-and-cat-skin-disease-identification-2__bacterial_217_jpg.rf.519e0adbc1631740561c76cb260f5574.jpg,0
C:\Users\ashis\Desktop\ScanAI\dataset_manager\clean\skin\hotspot\roboflow__dog-and-cat-skin-disease-identification-2__Lick_granuloma_1_jpg.rf.e8253ab5f35f0c0df1990e9233e49a0f.jpg,C:\Users\ashis\Desktop\ScanAI\dataset_manager\clean\skin\ringworm\roboflow__dog-and-cat-skin-disease-identification-2__Lick_granuloma_1_jpg.rf.980f0d82644ba7c6ce453cddfe9bee32.jpg,0
C:\Users\ashis\Desktop\ScanAI\dataset_manager\clean\skin\hotspot\roboflow__dog-and-cat-skin-disease-identification-2__May-is-allergy-awareness-month-here-at-The-Shot-Spot_00025_jpg.rf.c659aa64a911146a12af659fa1f2fdef.jpg,C:\Users\ashis\Desktop\ScanAI\dataset_manager\clean\skin\hotspot\roboflow__dog-and-cat-skin-disease-identification-2__May-is-allergy-awareness-month-here-at-The-Shot-Spot_00028_jpg.rf.291834af2abc34d06b6eb10adab9687d.jpg,2
C:\Users\ashis\Desktop\ScanAI\dataset_manager\clean\skin\hotspot\roboflow__dog-and-cat-skin-disease-identification-2__May-is-allergy-awareness-month-here-at-The-Shot-Spot_01552_jpg.rf.4637241668fcf553448c35ad3997c3aa.jpg,C:\Users\ashis\Desktop\ScanAI\dataset_manager\clean\skin\ringworm\roboflow__dog-and-cat-skin-disease-identification-2__May-is-allergy-awareness-month-here-at-The-Shot-Spot_01552_jpg.rf.ec632389d9a339e4481dec4128c46eae.jpg,0
C:\Users\ashis\Desktop\ScanAI\dataset_manager\clean\skin\hotspot\roboflow__dog-and-cat-skin-disease-identification-2__May-is-allergy-awareness-month-here-at-The-Shot-Spot_01654_jpg.rf.cf01f7f140bd95a9a9f2172af2ed6e72.jpg,C:\Users\ashis\Desktop\ScanAI\dataset_manager\clean\skin\hotspot\roboflow__dog-and-cat-skin-disease-identification-2__May-is-allergy-awareness-month-here-at-The-Shot-Spot_01654_jpg.rf.e04f8920f9d736b4bbc5bf60251af22b.jpg,2
C:\Users\ashis\Desktop\ScanAI\dataset_manager\clean\skin\hotspot\roboflow__dog-and-cat-skin-disease-identification-2__May-is-allergy-awareness-month-here-at-The-Shot-Spot_02797_jpg.rf.5782c7c27dd3f109093f92e4588d5eb6.jpg,C:\Users\ashis\Desktop\ScanAI\dataset_manager\clean\skin\ringworm\roboflow__dog-and-cat-skin-disease-identification-2__May-is-allergy-awareness-month-here-at-The-Shot-Spot_02797_jpg.rf.19881a774a9736bfac9704531c5c3d26.jpg,0
C:\Users\ashis\Desktop\ScanAI\dataset_manager\clean\skin\hotspot\roboflow__dog-and-cat-skin-disease-identification-2__OIP-8-_x16_jpg.rf.0ffb9cce876d59ddcf422c387cdd43c6.jpg,C:\Users\ashis\Desktop\ScanAI\dataset_manager\clean\skin\ringworm\roboflow__dog-and-cat-skin-disease-identification-2__OIP-8-_x16_jpg.rf.fc01cd1c8bf96e0bd3ca5880ff6198d0.jpg,0
C:\Users\ashis\Desktop\ScanAI\dataset_manager\clean\skin\hotspot\roboflow__dog-and-cat-skin-disease-identification-2__pic0_jpg.rf.294b0fdfb497384d7b2b37f413ad991a.jpg,C:\Users\ashis\Desktop\ScanAI\dataset_manager\clean\skin\pyoderma\roboflow__dog-and-cat-skin-disease-identification-2__pic0_jpg.rf.7c4e1bd0824b23952422dd59b967f6f3.jpg,2
C:\Users\ashis\Desktop\ScanAI\dataset_manager\clean\skin\hotspot\roboflow__dog-and-cat-skin-disease-identification-2__pic1_jpg.rf.44b21479b394dec7823963242fac2da4.jpg,C:\Users\ashis\Desktop\ScanAI\dataset_manager\clean\skin\pyoderma\roboflow__dog-and-cat-skin-disease-identification-2__pic1_jpg.rf.a6a6c52d226871f3f58f03337ec871b1.jpg,4
C:\Users\ashis\Desktop\ScanAI\dataset_manager\clean\skin\hotspot\roboflow__dog-and-cat-skin-disease-identification-2__pic2_jpg.rf.9cb52d1ace1b07a1cf62e04992ef172e.jpg,C:\Users\ashis\Desktop\ScanAI\dataset_manager\clean\skin\pyoderma\roboflow__dog-and-cat-skin-disease-identification-2__pic2_jpg.rf.a7fe73dbbe3f32ac3a27f53f18c5b239.jpg,2
C:\Users\ashis\Desktop\ScanAI\dataset_manager\clean\skin\hotspot\roboflow__dog-and-cat-skin-disease-identification-2__pic3_jpg.rf.d74a9e8b78934e45a16e18be9e9d413b.jpg,C:\Users\ashis\Desktop\ScanAI\dataset_manager\clean\skin\pyoderma\roboflow__dog-and-cat-skin-disease-identification-2__pic3_jpg.rf.7ee8e8702c4d2ac48dc3e8ec177854b4.jpg,4
C:\Users\ashis\Desktop\ScanAI\dataset_manager\clean\skin\hotspot\roboflow__dog-and-cat-skin-disease-identification-2__pic5_jpg.rf.b019b6d91fa3ea258a846fffcf739f80.jpg,C:\Users\ashis\Desktop\ScanAI\dataset_manager\clean\skin\pyoderma\roboflow__dog-and-cat-skin-disease-identification-2__pic4_jpg.rf.54d2acc7687244c127e098f55aa810e9.jpg,4
C:\Users\ashis\Desktop\ScanAI\dataset_manager\clean\skin\hotspot\roboflow__dog-and-cat-skin-disease-identification-2__pic5_jpg.rf.b019b6d91fa3ea258a846fffcf739f80.jpg,C:\Users\ashis\Desktop\ScanAI\dataset_manager\clean\skin\pyoderma\roboflow__dog-and-cat-skin-disease-identification-2__pic5_jpg.rf.64bdcb1f4dd0ee58403f8770f2219597.jpg,2
C:\Users\ashis\Desktop\ScanAI\dataset_manager\clean\skin\hotspot\roboflow__dog-and-cat-skin-disease-identification-2__pic6_jpg.rf.679ef4faa34d16518d26e344a3dc801f.jpg,C:\Users\ashis\Desktop\ScanAI\dataset_manager\clean\skin\pyoderma\roboflow__dog-and-cat-skin-disease-identification-2__pic6_jpg.rf.041e63c8d3eaa27535ee3f3fb05e2f3e.jpg,4
C:\Users\ashis\Desktop\ScanAI\dataset_manager\clean\skin\hotspot\roboflow__dog-and-cat-skin-disease-identification-2__pic7_jpg.rf.480b028ff626039273da96e213d45688.jpg,C:\Users\ashis\Desktop\ScanAI\dataset_manager\clean\skin\pyoderma\roboflow__dog-and-cat-skin-disease-identification-2__pic7_jpg.rf.fe61c39ef53eff7ab102d99200a54dee.jpg,2
C:\Users\ashis\Desktop\ScanAI\dataset_manager\clean\skin\hotspot\roboflow__dog-and-cat-skin-disease-identification-2__pic8_jpg.rf.e5c289fe5c7736b759c6cc1acbf23afd.jpg,C:\Users\ashis\Desktop\ScanAI\dataset_manager\clean\skin\pyoderma\roboflow__dog-and-cat-skin-disease-identification-2__pic8_jpg.rf.1b3f0eb5c17ebdd3eb926565fa52e3f7.jpg,2
C:\Users\ashis\Desktop\ScanAI\dataset_manager\clean\skin\hotspot\roboflow__dog-and-cat-skin-disease-identification-2__pic9_jpg.rf.0c8d3d873e9c5e5e63712ad08f540dfb.jpg,C:\Users\ashis\Desktop\ScanAI\dataset_manager\clean\skin\pyoderma\roboflow__dog-and-cat-skin-disease-identification-2__pic9_jpg.rf.dbf7b9faeaee38e845d82d9e2319158d.jpg,0
C:\Users\ashis\Desktop\ScanAI\dataset_manager\clean\skin\hotspot\roboflow__dog-and-cat-skin-disease-identification-2__preprocessed_HOTSPOT_002_jpg.rf.59b83ba9137c50b3c03261b93a5e4446.jpg,C:\Users\ashis\Desktop\ScanAI\dataset_manager\clean\skin\ringworm\roboflow__dog-and-cat-skin-disease-identification-2__ringworm-47-_jpg.rf.2b156bd719a6f3f9bc4a200f45a599ac.jpg,4
C:\Users\ashis\Desktop\ScanAI\dataset_manager\clean\skin\hotspot\roboflow__dog-and-cat-skin-disease-identification-2__preprocessed_HOTSPOT_002_jpg.rf.59b83ba9137c50b3c03261b93a5e4446.jpg,C:\Users\ashis\Desktop\ScanAI\dataset_manager\clean\skin\ringworm\roboflow__dog-and-cat-skin-disease-identification-2__ringworm-58-_jpg.rf.27e8c2285700c3e6a9eeb0a666e84ff3.jpg,2
C:\Users\ashis\Desktop\ScanAI\dataset_manager\clean\skin\hotspot\roboflow__dog-and-cat-skin-disease-identification-2__preprocessed_HOTSPOT_003_png_png.rf.1bbc44fc067a2851f7f0f3b5647ef37d.jpg,C:\Users\ashis\Desktop\ScanAI\dataset_manager\clean\skin\pyoderma\roboflow__dog-and-cat-skin-disease-identification-2__bacterial_247_jpg.rf.d16c957a66568a808b6c7ff0b1be480c.jpg,0
C:\Users\ashis\Desktop\ScanAI\dataset_manager\clean\skin\hotspot\roboflow__dog-and-cat-skin-disease-identification-2__preprocessed_HOTSPOT_004_jpg.rf.673f82605ca7367a57c13bd93556a9e7.jpg,C:\Users\ashis\Desktop\ScanAI\dataset_manager\clean\skin\pyoderma\roboflow__dog-and-cat-skin-disease-identification-2__bacterial_248_jpg.rf.dca895b9962cc1d1bd58137bf8ade104.jpg,0
C:\Users\ashis\Desktop\ScanAI\dataset_manager\clean\skin\hotspot\roboflow__dog-and-cat-skin-disease-identification-2__preprocessed_HOTSPOT_005_jpg.rf.e241a90ae111702d64f4d291112ef38d.jpg,C:\Users\ashis\Desktop\ScanAI\dataset_manager\clean\skin\pyoderma\roboflow__dog-and-cat-skin-disease-identification-2__bacterial_250_jpg.rf.8a9cad2ca872eadd13127fb9df5853b3.jpg,0
C:\Users\ashis\Desktop\ScanAI\dataset_manager\clean\skin\hotspot\roboflow__dog-and-cat-skin-disease-identification-2__preprocessed_HOTSPOT_005_jpg.rf.e241a90ae111702d64f4d291112ef38d.jpg,C:\Users\ashis\Desktop\ScanAI\dataset_manager\clean\skin\pyoderma\roboflow__dog-and-cat-skin-disease-identification-2__bacterial_84_jpg.rf.81fdad1509b15d94f738e98bc045a727.jpg,0
C:\Users\ashis\Desktop\ScanAI\dataset_manager\clean\skin\hotspot\roboflow__dog-and-cat-skin-disease-identification-2__preprocessed_HOTSPOT_006_jpg.rf.186c355637a344e6fc65aa28b078fdbb.jpg,C:\Users\ashis\Desktop\ScanAI\dataset_manager\clean\skin\pyoderma\roboflow__dog-and-cat-skin-disease-identification-2__bacterial_252_jpg.rf.db4c629baf858f77661d10912383e720.jpg,0
C:\Users\ashis\Desktop\ScanAI\dataset_manager\clean\skin\hotspot\roboflow__dog-and-cat-skin-disease-identification-2__preprocessed_HOTSPOT_008_jpg.rf.e60ca0ec2b450068c473c4c026efd72d.jpg,C:\Users\ashis\Desktop\ScanAI\dataset_manager\clean\skin\pyoderma\roboflow__dog-and-cat-skin-disease-identification-2__bacterial_255_jpg.rf.a85467a7fd1871861a6daf9c2f36cdd0.jpg,0
C:\Users\ashis\Desktop\ScanAI\dataset_manager\clean\skin\hotspot\roboflow__dog-and-cat-skin-disease-identification-2__preprocessed_HOTSPOT_009_jpg.rf.386c48d46c0c92e82ec33a0f9c8ffa27.jpg,C:\Users\ashis\Desktop\ScanAI\dataset_manager\clean\skin\pyoderma\roboflow__dog-and-cat-skin-disease-identification-2__bacterial_256_jpg.rf.ab4cae95ec697e68dced5aa97963a553.jpg,0
C:\Users\ashis\Desktop\ScanAI\dataset_manager\clean\skin\hotspot\roboflow__dog-and-cat-skin-disease-identification-2__preprocessed_HOTSPOT_009_jpg.rf.386c48d46c0c92e82ec33a0f9c8ffa27.jpg,C:\Users\ashis\Desktop\ScanAI\dataset_manager\clean\skin\pyoderma\roboflow__dog-and-cat-skin-disease-identification-2__bacterial_derm_25_jpg.rf.d1779e69bfed23785e1d36341da1efef.jpg,0
C:\Users\ashis\Desktop\ScanAI\dataset_manager\clean\skin\hotspot\roboflow__dog-and-cat-skin-disease-identification-2__preprocessed_HOTSPOT_010_jpg.rf.11020c3ae482e168fb849dd6d842ed1d.jpg,C:\Users\ashis\Desktop\ScanAI\dataset_manager\clean\skin\pyoderma\roboflow__dog-and-cat-skin-disease-identification-2__bacterial_176_jpg.rf.f5aa7ca0e251ae95bc2e1406564b24df.jpg,2
C:\Users\ashis\Desktop\ScanAI\dataset_manager\clean\skin\hotspot\roboflow__dog-and-cat-skin-disease-identification-2__preprocessed_HOTSPOT_010_jpg.rf.11020c3ae482e168fb849dd6d842ed1d.jpg,C:\Users\ashis\Desktop\ScanAI\dataset_manager\clean\skin\pyoderma\roboflow__dog-and-cat-skin-disease-identification-2__bacterial_261_jpg.rf.812d4e2fe16a5975e7b33924ae367160.jpg,0
C:\Users\ashis\Desktop\ScanAI\dataset_manager\clean\skin\hotspot\roboflow__dog-and-cat-skin-disease-identification-2__preprocessed_HOTSPOT_010_jpg.rf.11020c3ae482e168fb849dd6d842ed1d.jpg,C:\Users\ashis\Desktop\ScanAI\dataset_manager\clean\skin\pyoderma\roboflow__dog-and-cat-skin-disease-identification-2__bacterial_derm_26_jpg.rf.6df360f9c0bd7e2760cb4971bae79609.jpg,2
C:\Users\ashis\Desktop\ScanAI\dataset_manager\clean\skin\hotspot\roboflow__dog-and-cat-skin-disease-identification-2__preprocessed_HOTSPOT_012_jpg.rf.d7cc4d8a51eda95ee09cb83e758ac02d.jpg,C:\Users\ashis\Desktop\ScanAI\dataset_manager\clean\skin\pyoderma\roboflow__dog-and-cat-skin-disease-identification-2__bacterial_262_jpg.rf.bc6e5d3685c193533cd2c41124673c9d.jpg,0
C:\Users\ashis\Desktop\ScanAI\dataset_manager\clean\skin\hotspot\roboflow__dog-and-cat-skin-disease-identification-2__preprocessed_HOTSPOT_012_jpg.rf.d7cc4d8a51eda95ee09cb83e758ac02d.jpg,C:\Users\ashis\Desktop\ScanAI\dataset_manager\clean\skin\pyoderma\roboflow__dog-and-cat-skin-disease-identification-2__bacterial_derm_30_jpg.rf.5884c83b9f00bba048fe803ecf338b9f.jpg,0
C:\Users\ashis\Desktop\ScanAI\dataset_manager\clean\skin\hotspot\roboflow__dog-and-cat-skin-disease-identification-2__preprocessed_HOTSPOT_015_jpg.rf.7d9ea7a3dc56b13e8db8948c5d8339f9.jpg,C:\Users\ashis\Desktop\ScanAI\dataset_manager\clean\skin\pyoderma\roboflow__dog-and-cat-skin-disease-identification-2__bacterial_183_jpg.rf.e2b9d2a0036b2a6b49b992f0c897d54c.jpg,0
C:\Users\ashis\Desktop\ScanAI\dataset_manager\clean\skin\hotspot\roboflow__dog-and-cat-skin-disease-identification-2__preprocessed_HOTSPOT_015_jpg.rf.7d9ea7a3dc56b13e8db8948c5d8339f9.jpg,C:\Users\ashis\Desktop\ScanAI\dataset_manager\clean\skin\pyoderma\roboflow__dog-and-cat-skin-disease-identification-2__bacterial_264_jpg.rf.c03d878e2530aec9ada052f8268a3f65.jpg,0
C:\Users\ashis\Desktop\ScanAI\dataset_manager\clean\skin\hotspot\roboflow__dog-and-cat-skin-disease-identification-2__preprocessed_HOTSPOT_015_jpg.rf.7d9ea7a3dc56b13e8db8948c5d8339f9.jpg,C:\Users\ashis\Desktop\ScanAI\dataset_manager\clean\skin\pyoderma\roboflow__dog-and-cat-skin-disease-identification-2__bacterial_derm_34_jpg.rf.3b10703a9ba597586cab6cd3a1c1f62d.jpg,0
C:\Users\ashis\Desktop\ScanAI\dataset_manager\clean\skin\hotspot\roboflow__dog-and-cat-skin-disease-identification-2__preprocessed_HOTSPOT_016_jpg.rf.14a6e90e3cc426832ef94bd94d7b4431.jpg,C:\Users\ashis\Desktop\ScanAI\dataset_manager\clean\skin\pyoderma\roboflow__dog-and-cat-skin-disease-identification-2__bacterial_266_jpg.rf.084e7987292e41bc972a9c2ba95b6506.jpg,2
C:\Users\ashis\Desktop\ScanAI\dataset_manager\clean\skin\hotspot\roboflow__dog-and-cat-skin-disease-identification-2__preprocessed_HOTSPOT_016_jpg.rf.14a6e90e3cc426832ef94bd94d7b4431.jpg,C:\Users\ashis\Desktop\ScanAI\dataset_manager\clean\skin\pyoderma\roboflow__dog-and-cat-skin-disease-identification-2__bacterial_derm_37_jpg.rf.6d3340a9ea7b5419968fd53ec34c1beb.jpg,0
C:\Users\ashis\Desktop\ScanAI\dataset_manager\clean\skin\hotspot\roboflow__dog-and-cat-skin-disease-identification-2__preprocessed_HOTSPOT_016_jpg.rf.14a6e90e3cc426832ef94bd94d7b4431.jpg,C:\Users\ashis\Desktop\ScanAI\dataset_manager\clean\skin\ringworm\roboflow__dog-and-cat-skin-disease-identification-2__hotspot-30-_jpg.rf.e884703028ce80effa3060aa83ba710d.jpg,2
C:\Users\ashis\Desktop\ScanAI\dataset_manager\clean\skin\hotspot\roboflow__dog-and-cat-skin-disease-identification-2__preprocessed_HOTSPOT_017_jpg.rf.de8013f0c3b7d195d4ebeb39bf41716f.jpg,C:\Users\ashis\Desktop\ScanAI\dataset_manager\clean\skin\pyoderma\roboflow__dog-and-cat-skin-disease-identification-2__bacterial_189_jpg.rf.e112d9b29eaf8f5d90a3d4e4169eddaa.jpg,0
C:\Users\ashis\Desktop\ScanAI\dataset_manager\clean\skin\hotspot\roboflow__dog-and-cat-skin-disease-identification-2__preprocessed_HOTSPOT_019_jpg.rf.e2ea9cb47b78b38030dd9342e126e8bf.jpg,C:\Users\ashis\Desktop\ScanAI\dataset_manager\clean\skin\pyoderma\roboflow__dog-and-cat-skin-disease-identification-2__bacterial_194_jpg.rf.2a3f0ed61d2bd7666275abe302f07ec1.jpg,0
C:\Users\ashis\Desktop\ScanAI\dataset_manager\clean\skin\hotspot\roboflow__dog-and-cat-skin-disease-identification-2__preprocessed_HOTSPOT_021_jpg.rf.0c5e96129979b5fefcecf16f563d1e8f.jpg,C:\Users\ashis\Desktop\ScanAI\dataset_manager\clean\skin\pyoderma\roboflow__dog-and-cat-skin-disease-identification-2__bacterial_195_jpg.rf.07a3022b4d36d954db262d2e89d29f74.jpg,0
C:\Users\ashis\Desktop\ScanAI\dataset_manager\clean\skin\hotspot\roboflow__dog-and-cat-skin-disease-identification-2__preprocessed_HOTSPOT_023_jpg.rf.921adc5a7dd697558c1ab2d0c365dd27.jpg,C:\Users\ashis\Desktop\ScanAI\dataset_manager\clean\skin\pyoderma\roboflow__dog-and-cat-skin-disease-identification-2__bacterial_201_jpg.rf.3686cf8b50c71aa45129e35037e63e24.jpg,0
C:\Users\ashis\Desktop\ScanAI\dataset_manager\clean\skin\hotspot\roboflow__dog-and-cat-skin-disease-identification-2__preprocessed_HOTSPOT_023_jpg.rf.921adc5a7dd697558c1ab2d0c365dd27.jpg,C:\Users\ashis\Desktop\ScanAI\dataset_manager\clean\skin\pyoderma\roboflow__dog-and-cat-skin-disease-identification-2__bacterial_derm_40_jpg.rf.c04deea24736306bb60efc5294cbb470.jpg,2
C:\Users\ashis\Desktop\ScanAI\dataset_manager\clean\skin\hotspot\roboflow__dog-and-cat-skin-disease-identification-2__preprocessed_HOTSPOT_024_jpg.rf.6c5111924c4f56bd2a5d00ec9248b908.jpg,C:\Users\ashis\Desktop\ScanAI\dataset_manager\clean\skin\pyoderma\roboflow__dog-and-cat-skin-disease-identification-2__bacterial_267_jpg.rf.7d045ea0d989f4102623b9bd50e63530.jpg,0
C:\Users\ashis\Desktop\ScanAI\dataset_manager\clean\skin\hotspot\roboflow__dog-and-cat-skin-disease-identification-2__preprocessed_HOTSPOT_024_jpg.rf.6c5111924c4f56bd2a5d00ec9248b908.jpg,C:\Users\ashis\Desktop\ScanAI\dataset_manager\clean\skin\ringworm\roboflow__dog-and-cat-skin-disease-identification-2__hotspot-50-_jpg.rf.d31c1f2f2676a66f238db2c285f973bd.jpg,0
C:\Users\ashis\Desktop\ScanAI\dataset_manager\clean\skin\hotspot\roboflow__dog-and-cat-skin-disease-identification-2__preprocessed_HOTSPOT_026_jpg.rf.31bb8fa833c24d9221cae8051e405299.jpg,C:\Users\ashis\Desktop\ScanAI\dataset_manager\clean\skin\pyoderma\roboflow__dog-and-cat-skin-disease-identification-2__bacterial_270_jpg.rf.790134c1979fefc5ab5a36c8d9ac7ea1.jpg,0
C:\Users\ashis\Desktop\ScanAI\dataset_manager\clean\skin\hotspot\roboflow__dog-and-cat-skin-disease-identification-2__preprocessed_HOTSPOT_026_jpg.rf.31bb8fa833c24d9221cae8051e405299.jpg,C:\Users\ashis\Desktop\ScanAI\dataset_manager\clean\skin\pyoderma\roboflow__dog-and-cat-skin-disease-identification-2__bacterial_derm_42_jpg.rf.c3eba83fb2adde8ac1e071d4dff4f672.jpg,0
C:\Users\ashis\Desktop\ScanAI\dataset_manager\clean\skin\hotspot\roboflow__dog-and-cat-skin-disease-identification-2__preprocessed_HOTSPOT_027_jpg.rf.e7a9e937b9c709111c32298e099dbe9a.jpg,C:\Users\ashis\Desktop\ScanAI\dataset_manager\clean\skin\pyoderma\roboflow__dog-and-cat-skin-disease-identification-2__bacterial_206_jpg.rf.848e852cd22a2169524db2a6f2841699.jpg,0
C:\Users\ashis\Desktop\ScanAI\dataset_manager\clean\skin\hotspot\roboflow__dog-and-cat-skin-disease-identification-2__preprocessed_HOTSPOT_027_jpg.rf.e7a9e937b9c709111c32298e099dbe9a.jpg,C:\Users\ashis\Desktop\ScanAI\dataset_manager\clean\skin\pyoderma\roboflow__dog-and-cat-skin-disease-identification-2__bacterial_272_jpg.rf.ef781fb5b5414c4d9c4abc912c516280.jpg,0
C:\Users\ashis\Desktop\ScanAI\dataset_manager\clean\skin\hotspot\roboflow__dog-and-cat-skin-disease-identification-2__preprocessed_HOTSPOT_027_jpg.rf.e7a9e937b9c709111c32298e099dbe9a.jpg,C:\Users\ashis\Desktop\ScanAI\dataset_manager\clean\skin\pyoderma\roboflow__dog-and-cat-skin-disease-identification-2__bacterial_derm_44_jpg.rf.6bcc1cd071bfb3d73394933489a82932.jpg,0
C:\Users\ashis\Desktop\ScanAI\dataset_manager\clean\skin\hotspot\roboflow__dog-and-cat-skin-disease-identification-2__preprocessed_HOTSPOT_028_jpg.rf.b304571fd6582d6f73b6815b3501d7cc.jpg,C:\Users\ashis\Desktop\ScanAI\dataset_manager\clean\skin\pyoderma\roboflow__dog-and-cat-skin-disease-identification-2__bacterial_208_jpg.rf.53543f5e91de1ca3a2c4338f7b969de8.jpg,2
C:\Users\ashis\Desktop\ScanAI\dataset_manager\clean\skin\hotspot\roboflow__dog-and-cat-skin-disease-identification-2__preprocessed_HOTSPOT_028_jpg.rf.b304571fd6582d6f73b6815b3501d7cc.jpg,C:\Users\ashis\Desktop\ScanAI\dataset_manager\clean\skin\pyoderma\roboflow__dog-and-cat-skin-disease-identification-2__bacterial_274_jpg.rf.3f3c5b0259fef329e5d8e8065153573a.jpg,2
C:\Users\ashis\Desktop\ScanAI\dataset_manager\clean\skin\hotspot\roboflow__dog-and-cat-skin-disease-identification-2__preprocessed_HOTSPOT_028_jpg.rf.b304571fd6582d6f73b6815b3501d7cc.jpg,C:\Users\ashis\Desktop\ScanAI\dataset_manager\clean\skin\ringworm\roboflow__dog-and-cat-skin-disease-identification-2__hotspot-79-_jpg.rf.60cf91b18906d97e02024328c8930323.jpg,2
C:\Users\ashis\Desktop\ScanAI\dataset_manager\clean\skin\hotspot\roboflow__dog-and-cat-skin-disease-identification-2__preprocessed_HOTSPOT_029_jpg.rf.221a5fdbe1e8e82c3ef8f024a893d7b3.jpg,C:\Users\ashis\Desktop\ScanAI\dataset_manager\clean\skin\pyoderma\roboflow__dog-and-cat-skin-disease-identification-2__bacterial_276_jpg.rf.2a30d21721d94e4d6e1d3a81001c21e7.jpg,0
C:\Users\ashis\Desktop\ScanAI\dataset_manager\clean\skin\hotspot\roboflow__dog-and-cat-skin-disease-identification-2__preprocessed_HOTSPOT_030_jpg.rf.243aface392f98696d2faf584e1ed326.jpg,C:\Users\ashis\Desktop\ScanAI\dataset_manager\clean\skin\pyoderma\roboflow__dog-and-cat-skin-disease-identification-2__bacterial_215_jpg.rf.f76c0f33e535704463306ffb7a004042.jpg,0
C:\Users\ashis\Desktop\ScanAI\dataset_manager\clean\skin\hotspot\roboflow__dog-and-cat-skin-disease-identification-2__preprocessed_HOTSPOT_030_jpg.rf.243aface392f98696d2faf584e1ed326.jpg,C:\Users\ashis\Desktop\ScanAI\dataset_manager\clean\skin\pyoderma\roboflow__dog-and-cat-skin-disease-identification-2__bacterial_278_jpg.rf.35a6f6b0d3e4d3841bce06b63535a5da.jpg,0
C:\Users\ashis\Desktop\ScanAI\dataset_manager\clean\skin\hotspot\roboflow__dog-and-cat-skin-disease-identification-2__preprocessed_HOTSPOT_030_jpg.rf.243aface392f98696d2faf584e1ed326.jpg,C:\Users\ashis\Desktop\ScanAI\dataset_manager\clean\skin\pyoderma\roboflow__dog-and-cat-skin-disease-identification-2__bacterial_89_jpg.rf.bb9eeab48917eab6440f041fc345f016.jpg,0
C:\Users\ashis\Desktop\ScanAI\dataset_manager\clean\skin\hotspot\roboflow__dog-and-cat-skin-disease-identification-2__preprocessed_HOTSPOT_032_jpg.rf.07c4e9a4d0a11e4b9a4a74b6bf0a12c7.jpg,C:\Users\ashis\Desktop\ScanAI\dataset_manager\clean\skin\pyoderma\roboflow__dog-and-cat-skin-disease-identification-2__bacterial_91_jpg.rf.92a25d7216c9e2ca40e276fde40f8190.jpg,2
C:\Users\ashis\Desktop\ScanAI\dataset_manager\clean\skin\hotspot\roboflow__dog-and-cat-skin-disease-identification-2__preprocessed_HOTSPOT_033_jpg.rf.16d0849c54f7cd66cf39a328f6f9d936.jpg,C:\Users\ashis\Desktop\ScanAI\dataset_manager\clean\skin\pyoderma\roboflow__dog-and-cat-skin-disease-identification-2__bacterial_92_jpg.rf.629ebe7f6a76905feaef6a4db8661c46.jpg,2
C:\Users\ashis\Desktop\ScanAI\dataset_manager\clean\skin\hotspot\roboflow__dog-and-cat-skin-disease-identification-2__preprocessed_HOTSPOT_034_jpg.rf.a3dbe086b33eec6abeaefd38fc47d9c8.jpg,C:\Users\ashis\Desktop\ScanAI\dataset_manager\clean\skin\pyoderma\roboflow__dog-and-cat-skin-disease-identification-2__bacterial_221_jpg.rf.f901ae30b5a61d369030bfad728e1867.jpg,0
C:\Users\ashis\Desktop\ScanAI\dataset_manager\clean\skin\hotspot\roboflow__dog-and-cat-skin-disease-identification-2__preprocessed_HOTSPOT_034_jpg.rf.a3dbe086b33eec6abeaefd38fc47d9c8.jpg,C:\Users\ashis\Desktop\ScanAI\dataset_manager\clean\skin\pyoderma\roboflow__dog-and-cat-skin-disease-identification-2__bacterial_281_jpg.rf.536616657ebcf1b1568b264868d961ac.jpg,0
C:\Users\ashis\Desktop\ScanAI\dataset_manager\clean\skin\hotspot\roboflow__dog-and-cat-skin-disease-identification-2__preprocessed_HOTSPOT_034_jpg.rf.a3dbe086b33eec6abeaefd38fc47d9c8.jpg,C:\Users\ashis\Desktop\ScanAI\dataset_manager\clean\skin\pyoderma\roboflow__dog-and-cat-skin-disease-identification-2__bacterial_95_jpg.rf.dab6587ab1689a4643efecc89fc6593c.jpg,0
C:\Users\ashis\Desktop\ScanAI\dataset_manager\clean\skin\hotspot\roboflow__dog-and-cat-skin-disease-identification-2__preprocessed_HOTSPOT_035_jpg.rf.6152822333f3e60e35c6e5a0f8048462.jpg,C:\Users\ashis\Desktop\ScanAI\dataset_manager\clean\skin\pyoderma\roboflow__dog-and-cat-skin-disease-identification-2__bacterial_283_jpg.rf.78b4aae2239c2260ee0e96afaca3f7d7.jpg,0
C:\Users\ashis\Desktop\ScanAI\dataset_manager\clean\skin\hotspot\roboflow__dog-and-cat-skin-disease-identification-2__preprocessed_HOTSPOT_035_jpg.rf.6152822333f3e60e35c6e5a0f8048462.jpg,C:\Users\ashis\Desktop\ScanAI\dataset_manager\clean\skin\pyoderma\roboflow__dog-and-cat-skin-disease-identification-2__bacterial_285_jpg.rf.009c1efc0659ea8fe8b212e673ed7f5c.jpg,2
C:\Users\ashis\Desktop\ScanAI\dataset_manager\clean\skin\hotspot\roboflow__dog-and-cat-skin-disease-identification-2__preprocessed_HOTSPOT_036_jpg.rf.13ebf611b0e8eeb3b9d58996c9355b4a.jpg,C:\Users\ashis\Desktop\ScanAI\dataset_manager\clean\skin\pyoderma\roboflow__dog-and-cat-skin-disease-identification-2__bacterial_226_jpg.rf.4a4c9a89ea436f0d1c46b2fe8a1ad011.jpg,0
C:\Users\ashis\Desktop\ScanAI\dataset_manager\clean\skin\hotspot\roboflow__dog-and-cat-skin-disease-identification-2__preprocessed_HOTSPOT_036_jpg.rf.13ebf611b0e8eeb3b9d58996c9355b4a.jpg,C:\Users\ashis\Desktop\ScanAI\dataset_manager\clean\skin\pyoderma\roboflow__dog-and-cat-skin-disease-identification-2__bacterial_286_jpg.rf.6bafc9103db10fac9cb62920dfe747af.jpg,0
C:\Users\ashis\Desktop\ScanAI\dataset_manager\clean\skin\hotspot\roboflow__dog-and-cat-skin-disease-identification-2__preprocessed_HOTSPOT_037_jpg.rf.52c64a1d29d5a5a98f4bcc219f541fe4.jpg,C:\Users\ashis\Desktop\ScanAI\dataset_manager\clean\skin\pyoderma\roboflow__dog-and-cat-skin-disease-identification-2__bacterial_178_jpg.rf.72b117ddc067194cc4326154bcc2088c.jpg,2
C:\Users\ashis\Desktop\ScanAI\dataset_manager\clean\skin\hotspot\roboflow__dog-and-cat-skin-disease-identification-2__preprocessed_HOTSPOT_037_jpg.rf.52c64a1d29d5a5a98f4bcc219f541fe4.jpg,C:\Users\ashis\Desktop\ScanAI\dataset_manager\clean\skin\pyoderma\roboflow__dog-and-cat-skin-disease-identification-2__bacterial_289_jpg.rf.ba7753724c152be4300245d7c9d15ef0.jpg,0
C:\Users\ashis\Desktop\ScanAI\dataset_manager\clean\skin\hotspot\roboflow__dog-and-cat-skin-disease-identification-2__preprocessed_HOTSPOT_039_jpg.rf.08d54d3a9949f4d1d2e77338121d9d54.jpg,C:\Users\ashis\Desktop\ScanAI\dataset_manager\clean\skin\pyoderma\roboflow__dog-and-cat-skin-disease-identification-2__bacterial_229_jpg.rf.8b14d5f03bf55261d4c6dccebb3914e1.jpg,0
C:\Users\ashis\Desktop\ScanAI\dataset_manager\clean\skin\hotspot\roboflow__dog-and-cat-skin-disease-identification-2__preprocessed_HOTSPOT_039_jpg.rf.08d54d3a9949f4d1d2e77338121d9d54.jpg,C:\Users\ashis\Desktop\ScanAI\dataset_manager\clean\skin\pyoderma\roboflow__dog-and-cat-skin-disease-identification-2__bacterial_291_jpg.rf.a69eadc56c1dca9ac1a82c9b15c4532c.jpg,0
C:\Users\ashis\Desktop\ScanAI\dataset_manager\clean\skin\hotspot\roboflow__dog-and-cat-skin-disease-identification-2__preprocessed_HOTSPOT_040_jpg.rf.e1dece50f6d5ceaf080d566ef532e536.jpg,C:\Users\ashis\Desktop\ScanAI\dataset_manager\clean\skin\pyoderma\roboflow__dog-and-cat-skin-disease-identification-2__bacterial_236_jpg.rf.fe996b05466f3ce46b1b1b32a1ed88b5.jpg,0
C:\Users\ashis\Desktop\ScanAI\dataset_manager\clean\skin\hotspot\roboflow__dog-and-cat-skin-disease-identification-2__preprocessed_HOTSPOT_040_jpg.rf.e1dece50f6d5ceaf080d566ef532e536.jpg,C:\Users\ashis\Desktop\ScanAI\dataset_manager\clean\skin\ringworm\roboflow__dog-and-cat-skin-disease-identification-2__1000010566_x16_jpg.rf.f766c96ecc135e7ee0bcf012c090a409.jpg,0
C:\Users\ashis\Desktop\ScanAI\dataset_manager\clean\skin\hotspot\roboflow__dog-and-cat-skin-disease-identification-2__preprocessed_HOTSPOT_041_jpg.rf.b78cb54ee95b7fa78818164eec07dc9c.jpg,C:\Users\ashis\Desktop\ScanAI\dataset_manager\clean\skin\pyoderma\roboflow__dog-and-cat-skin-disease-identification-2__bacterial_293_jpg.rf.baae9714daf0e2ec53da0d30c60d63be.jpg,0
C:\Users\ashis\Desktop\ScanAI\dataset_manager\clean\skin\hotspot\roboflow__dog-and-cat-skin-disease-identification-2__preprocessed_HOTSPOT_042_jpg.rf.a97bec42f39ed1b5ba1c4463b690e5f2.jpg,C:\Users\ashis\Desktop\ScanAI\dataset_manager\clean\skin\pyoderma\roboflow__dog-and-cat-skin-disease-identification-2__bacterial_295_jpg.rf.b19b9fd3497e8e2f68e1976bd100eb43.jpg,0
C:\Users\ashis\Desktop\ScanAI\dataset_manager\clean\skin\hotspot\roboflow__dog-and-cat-skin-disease-identification-2__preprocessed_HOTSPOT_043_jpg.rf.1d2c82f747f20b8a9136927ffe0f2c2a.jpg,C:\Users\ashis\Desktop\ScanAI\dataset_manager\clean\skin\pyoderma\roboflow__dog-and-cat-skin-disease-identification-2__bacterial_300_jpg.rf.9a54da273347e8537ec0c3c3eb66f98c.jpg,0
C:\Users\ashis\Desktop\ScanAI\dataset_manager\clean\skin\hotspot\roboflow__dog-and-cat-skin-disease-identification-2__preprocessed_HOTSPOT_044_jpg.rf.10d77e16fa634cf975f74f9d76c1caf5.jpg,C:\Users\ashis\Desktop\ScanAI\dataset_manager\clean\skin\pyoderma\roboflow__dog-and-cat-skin-disease-identification-2__bacterial_303_jpg.rf.a667d6b538c6e2a95e15f41983a3079d.jpg,0
C:\Users\ashis\Desktop\ScanAI\dataset_manager\clean\skin\hotspot\roboflow__dog-and-cat-skin-disease-identification-2__preprocessed_HOTSPOT_045_jpg.rf.4e08a0fea328757d1d4205af9c488146.jpg,C:\Users\ashis\Desktop\ScanAI\dataset_manager\clean\skin\pyoderma\roboflow__dog-and-cat-skin-disease-identification-2__bacterial_306_jpg.rf.7280c5be620a8ba3e66e6ddead863dc2.jpg,0
C:\Users\ashis\Desktop\ScanAI\dataset_manager\clean\skin\hotspot\roboflow__dog-and-cat-skin-disease-identification-2__preprocessed_HOTSPOT_045_jpg.rf.4e08a0fea328757d1d4205af9c488146.jpg,C:\Users\ashis\Desktop\ScanAI\dataset_manager\clean\skin\pyoderma\roboflow__dog-and-cat-skin-disease-identification-2__bacterial_97_jpg.rf.8dd4ce84c5264431ec20510fdec8ad50.jpg,0
C:\Users\ashis\Desktop\ScanAI\dataset_manager\clean\skin\hotspot\roboflow__dog-and-cat-skin-disease-identification-2__preprocessed_HOTSPOT_045_jpg.rf.4e08a0fea328757d1d4205af9c488146.jpg,C:\Users\ashis\Desktop\ScanAI\dataset_manager\clean\skin\pyoderma\roboflow__dog-and-cat-skin-disease-identification-2__bacterial_derm_6_jpg.rf.81ea9d919ce5f608f3070a879fdd34c1.jpg,0
C:\Users\ashis\Desktop\ScanAI\dataset_manager\clean\skin\hotspot\roboflow__dog-and-cat-skin-disease-identification-2__preprocessed_HOTSPOT_046_jpg.rf.d8042cc4529e1541517e38092c678d94.jpg,C:\Users\ashis\Desktop\ScanAI\dataset_manager\clean\skin\pyoderma\roboflow__dog-and-cat-skin-disease-identification-2__bacterial_307_jpg.rf.cb179901d2e2039eda61ca9b060df728.jpg,0
C:\Users\ashis\Desktop\ScanAI\dataset_manager\clean\skin\hotspot\roboflow__dog-and-cat-skin-disease-identification-2__preprocessed_HOTSPOT_047_jpg.rf.1c1bfc5b1410a47f9bc8afd1aef04141.jpg,C:\Users\ashis\Desktop\ScanAI\dataset_manager\clean\skin\pyoderma\roboflow__dog-and-cat-skin-disease-identification-2__bacterial_308_jpg.rf.12cf9b14483c255669e39d03f097546c.jpg,0
C:\Users\ashis\Desktop\ScanAI\dataset_manager\clean\skin\hotspot\roboflow__dog-and-cat-skin-disease-identification-2__preprocessed_HOTSPOT_050_jpg.rf.e5c34c5830e7d15d9370b75d978bfa4f.jpg,C:\Users\ashis\Desktop\ScanAI\dataset_manager\clean\skin\pyoderma\roboflow__dog-and-cat-skin-disease-identification-2__bacterial_311_jpg.rf.bae22fe804807ccb66f7d974f617754d.jpg,0
C:\Users\ashis\Desktop\ScanAI\dataset_manager\clean\skin\hotspot\roboflow__dog-and-cat-skin-disease-identification-2__preprocessed_HOTSPOT_051_jpg.rf.b9b56894adbbc42862103f8facfddcf3.jpg,C:\Users\ashis\Desktop\ScanAI\dataset_manager\clean\skin\pyoderma\roboflow__dog-and-cat-skin-disease-identification-2__bacterial_315_jpg.rf.63b6f873fd60c5cf0f3f7e493cd2156f.jpg,2
C:\Users\ashis\Desktop\ScanAI\dataset_manager\clean\skin\hotspot\roboflow__dog-and-cat-skin-disease-identification-2__preprocessed_HOTSPOT_052_jpg.rf.8891ab99eb015d606ff49bc3e945b7dc.jpg,C:\Users\ashis\Desktop\ScanAI\dataset_manager\clean\skin\pyoderma\roboflow__dog-and-cat-skin-disease-identification-2__bacterial_316_jpg.rf.77b3c1585837f6ad72232a199a9f328f.jpg,2
C:\Users\ashis\Desktop\ScanAI\dataset_manager\clean\skin\hotspot\roboflow__dog-and-cat-skin-disease-identification-2__preprocessed_HOTSPOT_052_jpg.rf.8891ab99eb015d606ff49bc3e945b7dc.jpg,C:\Users\ashis\Desktop\ScanAI\dataset_manager\clean\skin\pyoderma\roboflow__dog-and-cat-skin-disease-identification-2__bacterial_318_jpg.rf.b09c8d0c90d8aa96d212f5e98a207aca.jpg,0
C:\Users\ashis\Desktop\ScanAI\dataset_manager\clean\skin\hotspot\roboflow__dog-and-cat-skin-disease-identification-2__preprocessed_HOTSPOT_052_jpg.rf.8891ab99eb015d606ff49bc3e945b7dc.jpg,C:\Users\ashis\Desktop\ScanAI\dataset_manager\clean\skin\ringworm\roboflow__dog-and-cat-skin-disease-identification-2__ringworm-22-_jpg.rf.067dff19a182963fb826532c4b3c6ee6.jpg,0
C:\Users\ashis\Desktop\ScanAI\dataset_manager\clean\skin\hotspot\roboflow__dog-and-cat-skin-disease-identification-2__preprocessed_HOTSPOT_052_jpg.rf.8891ab99eb015d606ff49bc3e945b7dc.jpg,C:\Users\ashis\Desktop\ScanAI\dataset_manager\clean\skin\ringworm\roboflow__dog-and-cat-skin-disease-identification-2__ringworm-30-_jpg.rf.b49cb3e022fca08d23649e93f22c3989.jpg,0
C:\Users\ashis\Desktop\ScanAI\dataset_manager\clean\skin\hotspot\roboflow__dog-and-cat-skin-disease-identification-2__preprocessed_HOTSPOT_053_jpg.rf.33c5bc39b05158b9cc0485890fe49115.jpg,C:\Users\ashis\Desktop\ScanAI\dataset_manager\clean\skin\pyoderma\roboflow__dog-and-cat-skin-disease-identification-2__bacterial_324_jpg.rf.73490ad0229606403f75831949c7b2c9.jpg,2
C:\Users\ashis\Desktop\ScanAI\dataset_manager\clean\skin\hotspot\roboflow__dog-and-cat-skin-disease-identification-2__preprocessed_HOTSPOT_053_jpg.rf.33c5bc39b05158b9cc0485890fe49115.jpg,C:\Users\ashis\Desktop\ScanAI\dataset_manager\clean\skin\pyoderma\roboflow__dog-and-cat-skin-disease-identification-2__bacterial_58_jpg.rf.d0b5cb0ad87b6a4ab7b4014ed4f57f94.jpg,0
C:\Users\ashis\Desktop\ScanAI\dataset_manager\clean\skin\hotspot\roboflow__dog-and-cat-skin-disease-identification-2__preprocessed_HOTSPOT_054_jpg.rf.82f36fe6239ddc8f769797e0e50f967a.jpg,C:\Users\ashis\Desktop\ScanAI\dataset_manager\clean\skin\pyoderma\roboflow__dog-and-cat-skin-disease-identification-2__bacterial_107_jpg.rf.4ae7233b686a981a1b54d6cd3443c47b.jpg,0
C:\Users\ashis\Desktop\ScanAI\dataset_manager\clean\skin\hotspot\roboflow__dog-and-cat-skin-disease-identification-2__preprocessed_HOTSPOT_054_jpg.rf.82f36fe6239ddc8f769797e0e50f967a.jpg,C:\Users\ashis\Desktop\ScanAI\dataset_manager\clean\skin\pyoderma\roboflow__dog-and-cat-skin-disease-identification-2__bacterial_319_jpg.rf.e7b42842c690310105f5bb8ebf5b520c.jpg,0
C:\Users\ashis\Desktop\ScanAI\dataset_manager\clean\skin\hotspot\roboflow__dog-and-cat-skin-disease-identification-2__preprocessed_HOTSPOT_055_jpg.rf.8752816656adc3aab69282dd280308e2.jpg,C:\Users\ashis\Desktop\ScanAI\dataset_manager\clean\skin\pyoderma\roboflow__dog-and-cat-skin-disease-identification-2__bacterial4_jpg.rf.96d41db6a53b343fd131ad7b3c40b2a6.jpg,0
C:\Users\ashis\Desktop\ScanAI\dataset_manager\clean\skin\hotspot\roboflow__dog-and-cat-skin-disease-identification-2__preprocessed_HOTSPOT_055_jpg.rf.8752816656adc3aab69282dd280308e2.jpg,C:\Users\ashis\Desktop\ScanAI\dataset_manager\clean\skin\pyoderma\roboflow__dog-and-cat-skin-disease-identification-2__bacterial_83_jpg.rf.64b55aaef1e229608f4bf96e196ba787.jpg,2
C:\Users\ashis\Desktop\ScanAI\dataset_manager\clean\skin\hotspot\roboflow__dog-and-cat-skin-disease-identification-2__red-circle-ri-1mo-450_jpg.rf.cf734a5e2e8ae6f43aa59faf9d6e3ed2.jpg,C:\Users\ashis\Desktop\ScanAI\dataset_manager\clean\skin\pyoderma\roboflow__dog-and-cat-skin-disease-identification-2__red-circle-ri-1mo-450_jpg.rf.28817d7e238dbae8c4f3b2660a7bbee4.jpg,0
C:\Users\ashis\Desktop\ScanAI\dataset_manager\clean\skin\hotspot\roboflow__dog-and-cat-skin-disease-identification-2__Reply-to-don-t-let-your-dog-suffer-in-silence_00001_jpg.rf.44ddc63f790594fad718705a35a54acb.jpg,C:\Users\ashis\Desktop\ScanAI\dataset_manager\clean\skin\hotspot\roboflow__dog-and-cat-skin-disease-identification-2__Reply-to-don-t-let-your-dog-suffer-in-silence_00009_jpg.rf.3383cbd6e4cf4474b3c11d41bf433bdd.jpg,0
C:\Users\ashis\Desktop\ScanAI\dataset_manager\clean\skin\hotspot\roboflow__dog-and-cat-skin-disease-identification-2__Reply-to-don-t-let-your-dog-suffer-in-silence_00001_jpg.rf.44ddc63f790594fad718705a35a54acb.jpg,C:\Users\ashis\Desktop\ScanAI\dataset_manager\clean\skin\hotspot\roboflow__dog-and-cat-skin-disease-identification-2__Reply-to-don-t-let-your-dog-suffer-in-silence_00011_jpg.rf.5eec014f51a6c44c0a38f4da2af98be8.jpg,0
C:\Users\ashis\Desktop\ScanAI\dataset_manager\clean\skin\hotspot\roboflow__dog-and-cat-skin-disease-identification-2__Reply-to-don-t-let-your-dog-suffer-in-silence_00009_jpg.rf.3383cbd6e4cf4474b3c11d41bf433bdd.jpg,C:\Users\ashis\Desktop\ScanAI\dataset_manager\clean\skin\hotspot\roboflow__dog-and-cat-skin-disease-identification-2__Reply-to-don-t-let-your-dog-suffer-in-silence_00011_jpg.rf.5eec014f51a6c44c0a38f4da2af98be8.jpg,0
C:\Users\ashis\Desktop\ScanAI\dataset_manager\clean\skin\hotspot\roboflow__dog-and-cat-skin-disease-identification-2__seborrheic_dermatitis_4935_10_600_webp_jpg.rf.d69890de3dd50ad106162258886bcfdc.jpg,C:\Users\ashis\Desktop\ScanAI\dataset_manager\clean\skin\pyoderma\roboflow__dog-and-cat-skin-disease-identification-2__seborrheic_dermatitis_4935_10_600_webp.rf.1ef4881977fb97787b2174d625d2ec46.jpg,0
C:\Users\ashis\Desktop\ScanAI\dataset_manager\clean\skin\hotspot\roboflow__dog-and-cat-skin-disease-identification-2__Thank-you-all-for-your-support_00001_jpg.rf.61c155b9c168c95e22da1578e582fe1c.jpg,C:\Users\ashis\Desktop\ScanAI\dataset_manager\clean\skin\hotspot\roboflow__dog-and-cat-skin-disease-identification-2__Thank-you-all-for-your-support_00004_jpg.rf.3f81a7f68e1dde9a15281ff2d0f85af0.jpg,2
C:\Users\ashis\Desktop\ScanAI\dataset_manager\clean\skin\hotspot\roboflow__dog-and-cat-skin-disease-identification-2__Thank-you-all-for-your-support_00001_jpg.rf.61c155b9c168c95e22da1578e582fe1c.jpg,C:\Users\ashis\Desktop\ScanAI\dataset_manager\clean\skin\ringworm\roboflow__dog-and-cat-skin-disease-identification-2__Thank-you-all-for-your-support_00004_jpg.rf.064faf685a45038ce92fb8d396757ab2.jpg,2
C:\Users\ashis\Desktop\ScanAI\dataset_manager\clean\skin\hotspot\roboflow__dog-and-cat-skin-disease-identification-2__Thank-you-all-for-your-support_00004_jpg.rf.3f81a7f68e1dde9a15281ff2d0f85af0.jpg,C:\Users\ashis\Desktop\ScanAI\dataset_manager\clean\skin\hotspot\roboflow__dog-and-cat-skin-disease-identification-2__Thank-you-all-for-your-support_00016_jpg.rf.c6d60ca0bc3b314a48f4f6ef2993f74f.jpg,4
C:\Users\ashis\Desktop\ScanAI\dataset_manager\clean\skin\hotspot\roboflow__dog-and-cat-skin-disease-identification-2__Thank-you-all-for-your-support_00004_jpg.rf.3f81a7f68e1dde9a15281ff2d0f85af0.jpg,C:\Users\ashis\Desktop\ScanAI\dataset_manager\clean\skin\ringworm\roboflow__dog-and-cat-skin-disease-identification-2__Thank-you-all-for-your-support_00004_jpg.rf.064faf685a45038ce92fb8d396757ab2.jpg,0
C:\Users\ashis\Desktop\ScanAI\dataset_manager\clean\skin\hotspot\roboflow__dog-and-cat-skin-disease-identification-2__Thank-you-all-for-your-support_00016_jpg.rf.c6d60ca0bc3b314a48f4f6ef2993f74f.jpg,C:\Users\ashis\Desktop\ScanAI\dataset_manager\clean\skin\ringworm\roboflow__dog-and-cat-skin-disease-identification-2__Thank-you-all-for-your-support_00004_jpg.rf.064faf685a45038ce92fb8d396757ab2.jpg,4
C:\Users\ashis\Desktop\ScanAI\dataset_manager\clean\skin\hotspot\roboflow__dog-and-cat-skin-disease-identification-2__Thank-you-all-for-your-support_00064_jpg.rf.ee449de908929099eb4f28f7dc3f3135.jpg,C:\Users\ashis\Desktop\ScanAI\dataset_manager\clean\skin\hotspot\roboflow__dog-and-cat-skin-disease-identification-2__Thank-you-all-for-your-support_00085_jpg.rf.2c8787f367efcf57ba10b7291a2aa806.jpg,2
C:\Users\ashis\Desktop\ScanAI\dataset_manager\clean\skin\lumpy_skin_disease\kaggle__devang03mgr__cattle-diseases-datasets__100_jpg.rf.5126a763111433d3c5366ec9e4840e8d.jpg,C:\Users\ashis\Desktop\ScanAI\dataset_manager\clean\skin\lumpy_skin_disease\roboflow__cattle-diseases__100_jpg.rf.367714eee6a6503f72df72a352a66101.jpg,0
C:\Users\ashis\Desktop\ScanAI\dataset_manager\clean\skin\lumpy_skin_disease\kaggle__devang03mgr__cattle-diseases-datasets__10_jpg.rf.2bea749ed24cafe40b3a67f0c8eb72f4.jpg,C:\Users\ashis\Desktop\ScanAI\dataset_manager\clean\skin\lumpy_skin_disease\roboflow__cattle-diseases__10_jpg.rf.fa0d603c4e10eda5ef077f42be708976.jpg,0
C:\Users\ashis\Desktop\ScanAI\dataset_manager\clean\skin\lumpy_skin_disease\kaggle__devang03mgr__cattle-diseases-datasets__11_jpg.rf.ee5a6c96024d25c5b8de8b875f88b4d5.jpg,C:\Users\ashis\Desktop\ScanAI\dataset_manager\clean\skin\lumpy_skin_disease\roboflow__cattle-diseases__11_jpg.rf.f1efc693719b5f638a481970fa959014.jpg,0
C:\Users\ashis\Desktop\ScanAI\dataset_manager\clean\skin\lumpy_skin_disease\kaggle__devang03mgr__cattle-diseases-datasets__11_jpg.rf.ee5a6c96024d25c5b8de8b875f88b4d5.jpg,C:\Users\ashis\Desktop\ScanAI\dataset_manager\clean\skin\lumpy_skin_disease\roboflow__cattle-diseases__18_jpg.rf.6830a6dc98d17a3f7683e4f0365e79c9.jpg,0
C:\Users\ashis\Desktop\ScanAI\dataset_manager\clean\skin\lumpy_skin_disease\kaggle__devang03mgr__cattle-diseases-datasets__11_jpg.rf.ee5a6c96024d25c5b8de8b875f88b4d5.jpg,C:\Users\ashis\Desktop\ScanAI\dataset_manager\clean\skin\lumpy_skin_disease\roboflow__cattle-diseases__66_jpg.rf.71385eebbddbe4b1c531b158b35b8148.jpg,0
C:\Users\ashis\Desktop\ScanAI\dataset_manager\clean\skin\lumpy_skin_disease\kaggle__devang03mgr__cattle-diseases-datasets__11_jpg.rf.ee5a6c96024d25c5b8de8b875f88b4d5.jpg,C:\Users\ashis\Desktop\ScanAI\dataset_manager\clean\skin\lumpy_skin_disease\roboflow__lumpy-skin-disease-detection__Lumpy_Skin_12_png.rf.523f17828360af286aa070227e830129.jpg,0
C:\Users\ashis\Desktop\ScanAI\dataset_manager\clean\skin\lumpy_skin_disease\kaggle__devang03mgr__cattle-diseases-datasets__11_jpg.rf.ee5a6c96024d25c5b8de8b875f88b4d5.jpg,C:\Users\ashis\Desktop\ScanAI\dataset_manager\clean\skin\lumpy_skin_disease\roboflow__lumpy-skin-disease-detection__Lumpy_Skin_64_png.rf.70d7a488ea6abe9888e42e4f25ae2d58.jpg,0
C:\Users\ashis\Desktop\ScanAI\dataset_manager\clean\skin\lumpy_skin_disease\kaggle__devang03mgr__cattle-diseases-datasets__12_jpg.rf.3438345b03095b2b13038c3012b72837.jpg,C:\Users\ashis\Desktop\ScanAI\dataset_manager\clean\skin\lumpy_skin_disease\roboflow__cattle-diseases__12_jpg.rf.a4398707e3f7923c166d88a7a15ff459.jpg,0
C:\Users\ashis\Desktop\ScanAI\dataset_manager\clean\skin\lumpy_skin_disease\kaggle__devang03mgr__cattle-diseases-datasets__12_jpg.rf.3438345b03095b2b13038c3012b72837.jpg,C:\Users\ashis\Desktop\ScanAI\dataset_manager\clean\skin\lumpy_skin_disease\roboflow__cattle-diseases__54_jpg.rf.339d37fed82a3f1a2b1f7ec7abe0eb60.jpg,2
C:\Users\ashis\Desktop\ScanAI\dataset_manager\clean\skin\lumpy_skin_disease\kaggle__devang03mgr__cattle-diseases-datasets__12_jpg.rf.3438345b03095b2b13038c3012b72837.jpg,C:\Users\ashis\Desktop\ScanAI\dataset_manager\clean\skin\lumpy_skin_disease\roboflow__lumpy-skin-disease-detection__Lumpy_Skin_66_png.rf.e4067da43c81b42e937ebd73dae899f0.jpg,0
C:\Users\ashis\Desktop\ScanAI\dataset_manager\clean\skin\lumpy_skin_disease\kaggle__devang03mgr__cattle-diseases-datasets__1661079691_india-lumpy-disease1660851739-0_jpg.rf.2cb5e70afd694eaf9667ac70eddde5d9.jpg,C:\Users\ashis\Desktop\ScanAI\dataset_manager\clean\skin\lumpy_skin_disease\roboflow__lumpy-skin-disease-detection__Lumpy_Skin_289_png.rf.f52327a0fce680493842d023db8d26f3.jpg,0
C:\Users\ashis\Desktop\ScanAI\dataset_manager\clean\skin\lumpy_skin_disease\kaggle__devang03mgr__cattle-diseases-datasets__1661079691_india-lumpy-disease1660851739-0_jpg.rf.2cb5e70afd694eaf9667ac70eddde5d9.jpg,C:\Users\ashis\Desktop\ScanAI\dataset_manager\clean\skin\lumpy_skin_disease\roboflow__lumpy-skin-disease-detection__Lumpy_Skin_55_png.rf.b4de1b993884f6b1d93a9175aba74491.jpg,0
C:\Users\ashis\Desktop\ScanAI\dataset_manager\clean\skin\lumpy_skin_disease\kaggle__devang03mgr__cattle-diseases-datasets__16_jpg.rf.88d20a57353a26c6690d910386895263.jpg,C:\Users\ashis\Desktop\ScanAI\dataset_manager\clean\skin\lumpy_skin_disease\roboflow__cattle-diseases__16_jpg.rf.cb83010bde75f287fdedbb7052b42b1d.jpg,0
C:\Users\ashis\Desktop\ScanAI\dataset_manager\clean\skin\lumpy_skin_disease\kaggle__devang03mgr__cattle-diseases-datasets__17_jpg.rf.b5b741f01b190e3fb83bd9d73abe1ee8.jpg,C:\Users\ashis\Desktop\ScanAI\dataset_manager\clean\skin\lumpy_skin_disease\roboflow__cattle-diseases__17_jpg.rf.0e438ee41f32dcc184c1c285740f198c.jpg,0
C:\Users\ashis\Desktop\ScanAI\dataset_manager\clean\skin\lumpy_skin_disease\kaggle__devang03mgr__cattle-diseases-datasets__17_jpg.rf.b5b741f01b190e3fb83bd9d73abe1ee8.jpg,C:\Users\ashis\Desktop\ScanAI\dataset_manager\clean\skin\lumpy_skin_disease\roboflow__lumpy-skin-disease-detection__Lumpy_Skin_303_png.rf.5d388e21de5bfdb56228956b53fc00e1.jpg,2
C:\Users\ashis\Desktop\ScanAI\dataset_manager\clean\skin\lumpy_skin_disease\kaggle__devang03mgr__cattle-diseases-datasets__17_jpg.rf.b5b741f01b190e3fb83bd9d73abe1ee8.jpg,C:\Users\ashis\Desktop\ScanAI\dataset_manager\clean\skin\lumpy_skin_disease\roboflow__lumpy-skin-disease-detection__Lumpy_Skin_57_png.rf.450d5c9c709557b270500649d1443408.jpg,0
C:\Users\ashis\Desktop\ScanAI\dataset_manager\clean\skin\lumpy_skin_disease\kaggle__devang03mgr__cattle-diseases-datasets__1_jpg.rf.91676f54ce11d2a2c0c622e069aa54fa.jpg,C:\Users\ashis\Desktop\ScanAI\dataset_manager\clean\skin\lumpy_skin_disease\roboflow__cattle-diseases__1_jpg.rf.00e88f8ef39261e24f8c9bd4412c5209.jpg,0
C:\Users\ashis\Desktop\ScanAI\dataset_manager\clean\skin\lumpy_skin_disease\kaggle__devang03mgr__cattle-diseases-datasets__1_jpg.rf.e476869ac32637579dd94f0a8a631144.jpg,C:\Users\ashis\Desktop\ScanAI\dataset_manager\clean\skin\lumpy_skin_disease\roboflow__cattle-diseases__1_jpg.rf.8f2f68538e8f432ca05aeee4dbed9abe.jpg,0
C:\Users\ashis\Desktop\ScanAI\dataset_manager\clean\skin\lumpy_skin_disease\kaggle__devang03mgr__cattle-diseases-datasets__1_jpg.rf.e476869ac32637579dd94f0a8a631144.jpg,C:\Users\ashis\Desktop\ScanAI\dataset_manager\clean\skin\lumpy_skin_disease\roboflow__lumpy-skin-disease-detection__Lumpy_Skin_295_png.rf.8b003ce8749ee1586141be38639df475.jpg,2
C:\Users\ashis\Desktop\ScanAI\dataset_manager\clean\skin\lumpy_skin_disease\kaggle__devang03mgr__cattle-diseases-datasets__1_jpg.rf.e476869ac32637579dd94f0a8a631144.jpg,C:\Users\ashis\Desktop\ScanAI\dataset_manager\clean\skin\lumpy_skin_disease\roboflow__lumpy-skin-disease-detection__Lumpy_Skin_63_png.rf.704e9ce776207af5c76b2d97a629f77e.jpg,0
C:\Users\ashis\Desktop\ScanAI\dataset_manager\clean\skin\lumpy_skin_disease\kaggle__devang03mgr__cattle-diseases-datasets__20_jpg.rf.1c0d3bff4e2001fe5c2940aac78db65f.jpg,C:\Users\ashis\Desktop\ScanAI\dataset_manager\clean\skin\lumpy_skin_disease\roboflow__cattle-diseases__20_jpg.rf.cb50af054c8cf91c236b9b79ecf72ab9.jpg,0
C:\Users\ashis\Desktop\ScanAI\dataset_manager\clean\skin\lumpy_skin_disease\kaggle__devang03mgr__cattle-diseases-datasets__21_jpg.rf.85a670cd532d565ad27f9bdd383f9aa8.jpg,C:\Users\ashis\Desktop\ScanAI\dataset_manager\clean\skin\lumpy_skin_disease\roboflow__cattle-diseases__21_jpg.rf.7ca2e6ae7a7f0e00c2d361b04617686e.jpg,0
C:\Users\ashis\Desktop\ScanAI\dataset_manager\clean\skin\lumpy_skin_disease\kaggle__devang03mgr__cattle-diseases-datasets__25_jpg.rf.851010f7b4bc1897a82fa37e041da70a.jpg,C:\Users\ashis\Desktop\ScanAI\dataset_manager\clean\skin\lumpy_skin_disease\roboflow__cattle-diseases__25_jpg.rf.6ba5020d715724e01690c9c0331e16a2.jpg,0
C:\Users\ashis\Desktop\ScanAI\dataset_manager\clean\skin\lumpy_skin_disease\kaggle__devang03mgr__cattle-diseases-datasets__28_jpg.rf.d296e47d1e39ec4c1741c9f70449b1ed.jpg,C:\Users\ashis\Desktop\ScanAI\dataset_manager\clean\skin\lumpy_skin_disease\roboflow__cattle-diseases__28_jpg.rf.97ebad37aabd8d670e5051a17577d2ee.jpg,0
C:\Users\ashis\Desktop\ScanAI\dataset_manager\clean\skin\lumpy_skin_disease\kaggle__devang03mgr__cattle-diseases-datasets__29_jpg.rf.852c67d18199dae24a39209a743bac9c.jpg,C:\Users\ashis\Desktop\ScanAI\dataset_manager\clean\skin\lumpy_skin_disease\roboflow__cattle-diseases__29_jpg.rf.02d1a94edf7164555dee975110d57c44.jpg,0
C:\Users\ashis\Desktop\ScanAI\dataset_manager\clean\skin\lumpy_skin_disease\kaggle__devang03mgr__cattle-diseases-datasets__2_jpg.rf.e7ab951ae3a13b231645a9b515ee07f7.jpg,C:\Users\ashis\Desktop\ScanAI\dataset_manager\clean\skin\lumpy_skin_disease\roboflow__cattle-diseases__2_jpg.rf.b656d3b519970246d5ad43f5997037a6.jpg,0
C:\Users\ashis\Desktop\ScanAI\dataset_manager\clean\skin\lumpy_skin_disease\kaggle__devang03mgr__cattle-diseases-datasets__30_jpg.rf.cc99164ab7bd0434a4d662c0a170a64a.jpg,C:\Users\ashis\Desktop\ScanAI\dataset_manager\clean\skin\lumpy_skin_disease\roboflow__cattle-diseases__30_jpg.rf.cde61e8122d881035861c1d42a174b31.jpg,0
C:\Users\ashis\Desktop\ScanAI\dataset_manager\clean\skin\lumpy_skin_disease\kaggle__devang03mgr__cattle-diseases-datasets__30_jpg.rf.cc99164ab7bd0434a4d662c0a170a64a.jpg,C:\Users\ashis\Desktop\ScanAI\dataset_manager\clean\skin\lumpy_skin_disease\roboflow__lumpy-skin-disease-detection__Lumpy_Skin_34_png.rf.75aacdf6b3232b44bb5353314628b854.jpg,0
C:\Users\ashis\Desktop\ScanAI\dataset_manager\clean\skin\lumpy_skin_disease\kaggle__devang03mgr__cattle-diseases-datasets__30_jpg.rf.cc99164ab7bd0434a4d662c0a170a64a.jpg,C:\Users\ashis\Desktop\ScanAI\dataset_manager\clean\skin\lumpy_skin_disease\roboflow__lumpy-skin-disease-detection__Lumpy_Skin_93_png.rf.812bdd20791d7b639c7ac8ba2a317bfe.jpg,0
C:\Users\ashis\Desktop\ScanAI\dataset_manager\clean\skin\lumpy_skin_disease\kaggle__devang03mgr__cattle-diseases-datasets__33_jpg.rf.5a28f8af34ed7c0f9add534361eff52e.jpg,C:\Users\ashis\Desktop\ScanAI\dataset_manager\clean\skin\lumpy_skin_disease\roboflow__cattle-diseases__33_jpg.rf.b0b675a75dc90ace54bbe52d0371d03a.jpg,0
C:\Users\ashis\Desktop\ScanAI\dataset_manager\clean\skin\lumpy_skin_disease\kaggle__devang03mgr__cattle-diseases-datasets__33_jpg.rf.5a28f8af34ed7c0f9add534361eff52e.jpg,C:\Users\ashis\Desktop\ScanAI\dataset_manager\clean\skin\lumpy_skin_disease\roboflow__lumpy-skin-disease-detection__Lumpy_Skin_197_png.rf.8bcc78e22eb57daa0dccdda7a17a62d9.jpg,0
C:\Users\ashis\Desktop\ScanAI\dataset_manager\clean\skin\lumpy_skin_disease\kaggle__devang03mgr__cattle-diseases-datasets__40_jpg.rf.fa8da8a78963ccfd0f9c825a668fc6c6.jpg,C:\Users\ashis\Desktop\ScanAI\dataset_manager\clean\skin\lumpy_skin_disease\roboflow__cattle-diseases__40_jpg.rf.596e90abdb92431e8682b150793d830e.jpg,0
C:\Users\ashis\Desktop\ScanAI\dataset_manager\clean\skin\lumpy_skin_disease\kaggle__devang03mgr__cattle-diseases-datasets__41_jpg.rf.883a1821d15cd7e99fa297b813408f3c.jpg,C:\Users\ashis\Desktop\ScanAI\dataset_manager\clean\skin\lumpy_skin_disease\roboflow__cattle-diseases__41_jpg.rf.12253e3205c8f11f924c463ac0c70f5e.jpg,0
C:\Users\ashis\Desktop\ScanAI\dataset_manager\clean\skin\lumpy_skin_disease\kaggle__devang03mgr__cattle-diseases-datasets__41_jpg.rf.883a1821d15cd7e99fa297b813408f3c.jpg,C:\Users\ashis\Desktop\ScanAI\dataset_manager\clean\skin\lumpy_skin_disease\roboflow__lumpy-skin-disease-detection__Lumpy_Skin_23_png.rf.81916411490e9ce000436cfdd39ca685.jpg,0
C:\Users\ashis\Desktop\ScanAI\dataset_manager\clean\skin\lumpy_skin_disease\kaggle__devang03mgr__cattle-diseases-datasets__41_jpg.rf.883a1821d15cd7e99fa297b813408f3c.jpg,C:\Users\ashis\Desktop\ScanAI\dataset_manager\clean\skin\lumpy_skin_disease\roboflow__lumpy-skin-disease-detection__Lumpy_Skin_54_png.rf.74e602f61989c35cc18aa0ec11a8eb74.jpg,0
C:\Users\ashis\Desktop\ScanAI\dataset_manager\clean\skin\lumpy_skin_disease\kaggle__devang03mgr__cattle-diseases-datasets__44_jpg.rf.08315a1cc1cfb672f025f87719f16fdc.jpg,C:\Users\ashis\Desktop\ScanAI\dataset_manager\clean\skin\lumpy_skin_disease\roboflow__cattle-diseases__44_jpg.rf.b23351ea96059609b19e5d006f102bf5.jpg,0
C:\Users\ashis\Desktop\ScanAI\dataset_manager\clean\skin\lumpy_skin_disease\kaggle__devang03mgr__cattle-diseases-datasets__46_jpg.rf.b8827edae6070882c797dced949cd68a.jpg,C:\Users\ashis\Desktop\ScanAI\dataset_manager\clean\skin\lumpy_skin_disease\roboflow__cattle-diseases__46_jpg.rf.d09b52115224b21c0e4f31d6b2764ac5.jpg,0
C:\Users\ashis\Desktop\ScanAI\dataset_manager\clean\skin\lumpy_skin_disease\kaggle__devang03mgr__cattle-diseases-datasets__47_jpg.rf.34752890cc78a393b2963b4a88c9f6f5.jpg,C:\Users\ashis\Desktop\ScanAI\dataset_manager\clean\skin\lumpy_skin_disease\roboflow__cattle-diseases__47_jpg.rf.4f0c7bd1dd4a9458636ca65038186d1a.jpg,0
C:\Users\ashis\Desktop\ScanAI\dataset_manager\clean\skin\lumpy_skin_disease\kaggle__devang03mgr__cattle-diseases-datasets__47_jpg.rf.34752890cc78a393b2963b4a88c9f6f5.jpg,C:\Users\ashis\Desktop\ScanAI\dataset_manager\clean\skin\lumpy_skin_disease\roboflow__cattle-diseases__71_jpg.rf.f2336e689a9cd79617ff0222e501e30f.jpg,4
C:\Users\ashis\Desktop\ScanAI\dataset_manager\clean\skin\lumpy_skin_disease\kaggle__devang03mgr__cattle-diseases-datasets__47_jpg.rf.34752890cc78a393b2963b4a88c9f6f5.jpg,C:\Users\ashis\Desktop\ScanAI\dataset_manager\clean\skin\lumpy_skin_disease\roboflow__lumpy-skin-disease-detection__Lumpy_Skin_116_png.rf.6f3e6fd829566f755701cb5ba2c13c87.jpg,0
C:\Users\ashis\Desktop\ScanAI\dataset_manager\clean\skin\lumpy_skin_disease\kaggle__devang03mgr__cattle-diseases-datasets__48_jpg.rf.a91a662387d684bfe7fec44c90efbe60.jpg,C:\Users\ashis\Desktop\ScanAI\dataset_manager\clean\skin\lumpy_skin_disease\roboflow__cattle-diseases__48_jpg.rf.04cf75508736037304f9e10825e49282.jpg,0
C:\Users\ashis\Desktop\ScanAI\dataset_manager\clean\skin\lumpy_skin_disease\kaggle__devang03mgr__cattle-diseases-datasets__49_jpg.rf.858db3bb55b72675c2a45c5740a4725a.jpg,C:\Users\ashis\Desktop\ScanAI\dataset_manager\clean\skin\lumpy_skin_disease\roboflow__cattle-diseases__49_jpg.rf.f6838d7f1617507186fcc119b1b692d3.jpg,0
C:\Users\ashis\Desktop\ScanAI\dataset_manager\clean\skin\lumpy_skin_disease\kaggle__devang03mgr__cattle-diseases-datasets__4_jpg.rf.d8f766d27af400b32662a91211830adc.jpg,C:\Users\ashis\Desktop\ScanAI\dataset_manager\clean\skin\lumpy_skin_disease\roboflow__cattle-diseases__4_jpg.rf.ee7a8c6a175e9a6da949e9ebbbc8e853.jpg,0
C:\Users\ashis\Desktop\ScanAI\dataset_manager\clean\skin\lumpy_skin_disease\kaggle__devang03mgr__cattle-diseases-datasets__4_jpg.rf.d8f766d27af400b32662a91211830adc.jpg,C:\Users\ashis\Desktop\ScanAI\dataset_manager\clean\skin\lumpy_skin_disease\roboflow__lumpy-skin-disease-detection__Lumpy_Skin_37_png.rf.285dc390f46bd8595beeec51d2756d73.jpg,0
C:\Users\ashis\Desktop\ScanAI\dataset_manager\clean\skin\lumpy_skin_disease\kaggle__devang03mgr__cattle-diseases-datasets__4_jpg.rf.d8f766d27af400b32662a91211830adc.jpg,C:\Users\ashis\Desktop\ScanAI\dataset_manager\clean\skin\lumpy_skin_disease\roboflow__lumpy-skin-disease-detection__Lumpy_Skin_58_png.rf.730808bd83436ecaeac03610dc74299a.jpg,0
C:\Users\ashis\Desktop\ScanAI\dataset_manager\clean\skin\lumpy_skin_disease\kaggle__devang03mgr__cattle-diseases-datasets__50_jpg.rf.de1714b56834f8c135fda12dcdc1f6b2.jpg,C:\Users\ashis\Desktop\ScanAI\dataset_manager\clean\skin\lumpy_skin_disease\roboflow__cattle-diseases__50_jpg.rf.5641b892eb6494395547b3decca89755.jpg,0
C:\Users\ashis\Desktop\ScanAI\dataset_manager\clean\skin\lumpy_skin_disease\kaggle__devang03mgr__cattle-diseases-datasets__51_jpg.rf.20ef416713948ce8b7f8980e92dfd8cf.jpg,C:\Users\ashis\Desktop\ScanAI\dataset_manager\clean\skin\lumpy_skin_disease\roboflow__cattle-diseases__51_jpg.rf.68133d5b1df28734fa1c88fb55960dbb.jpg,0
C:\Users\ashis\Desktop\ScanAI\dataset_manager\clean\skin\lumpy_skin_disease\kaggle__devang03mgr__cattle-diseases-datasets__51_jpg.rf.20ef416713948ce8b7f8980e92dfd8cf.jpg,C:\Users\ashis\Desktop\ScanAI\dataset_manager\clean\skin\lumpy_skin_disease\roboflow__lumpy-skin-disease-detection__Lumpy_Skin_249_png.rf.e7d8924b5f14090a2c4d9ea8d6f089cf.jpg,2
C:\Users\ashis\Desktop\ScanAI\dataset_manager\clean\skin\lumpy_skin_disease\kaggle__devang03mgr__cattle-diseases-datasets__51_jpg.rf.20ef416713948ce8b7f8980e92dfd8cf.jpg,C:\Users\ashis\Desktop\ScanAI\dataset_manager\clean\skin\lumpy_skin_disease\roboflow__lumpy-skin-disease-detection__Lumpy_Skin_39_png.rf.f6766604482bbac1875a1fb9f277f92e.jpg,2
C:\Users\ashis\Desktop\ScanAI\dataset_manager\clean\skin\lumpy_skin_disease\kaggle__devang03mgr__cattle-diseases-datasets__53_jpg.rf.fda9434d462aa6c50f7492df485d6dc1.jpg,C:\Users\ashis\Desktop\ScanAI\dataset_manager\clean\skin\lumpy_skin_disease\roboflow__cattle-diseases__53_jpg.rf.7ab91fc93455282aa8357a54463228b4.jpg,0
C:\Users\ashis\Desktop\ScanAI\dataset_manager\clean\skin\lumpy_skin_disease\kaggle__devang03mgr__cattle-diseases-datasets__55_jpg.rf.e8da74b4c6a78923bdcdb1b35c623572.jpg,C:\Users\ashis\Desktop\ScanAI\dataset_manager\clean\skin\lumpy_skin_disease\roboflow__cattle-diseases__55_jpg.rf.3a99638bbd65fff5ddd8770b2dec8ab1.jpg,0
C:\Users\ashis\Desktop\ScanAI\dataset_manager\clean\skin\lumpy_skin_disease\kaggle__devang03mgr__cattle-diseases-datasets__55_jpg.rf.e8da74b4c6a78923bdcdb1b35c623572.jpg,C:\Users\ashis\Desktop\ScanAI\dataset_manager\clean\skin\lumpy_skin_disease\roboflow__lumpy-skin-disease-detection__Lumpy_Skin_59_png.rf.d382d5aebb5bf8cdfa743abd141ea797.jpg,0
C:\Users\ashis\Desktop\ScanAI\dataset_manager\clean\skin\lumpy_skin_disease\kaggle__devang03mgr__cattle-diseases-datasets__60_jpg.rf.3043f67d7f42e0405d116f71f73fc250.jpg,C:\Users\ashis\Desktop\ScanAI\dataset_manager\clean\skin\lumpy_skin_disease\roboflow__cattle-diseases__60_jpg.rf.e32455b84e1e5fbecbed2307e39d7446.jpg,0
C:\Users\ashis\Desktop\ScanAI\dataset_manager\clean\skin\lumpy_skin_disease\kaggle__devang03mgr__cattle-diseases-datasets__65_jpg.rf.8bf1d35b2b0b65b4c7545e86350fda69.jpg,C:\Users\ashis\Desktop\ScanAI\dataset_manager\clean\skin\lumpy_skin_disease\roboflow__cattle-diseases__65_jpg.rf.d57077562df9574df6bcad5d4cbd9014.jpg,0
C:\Users\ashis\Desktop\ScanAI\dataset_manager\clean\skin\lumpy_skin_disease\kaggle__devang03mgr__cattle-diseases-datasets__67_jpg.rf.aa63c5ef099c716aa3161d02efec11d6.jpg,C:\Users\ashis\Desktop\ScanAI\dataset_manager\clean\skin\lumpy_skin_disease\roboflow__cattle-diseases__67_jpg.rf.3c33118e0b4c8d0a74454bb3b7b2d1f5.jpg,0
C:\Users\ashis\Desktop\ScanAI\dataset_manager\clean\skin\lumpy_skin_disease\kaggle__devang03mgr__cattle-diseases-datasets__69_jpg.rf.af1b7e62ba1211685805e4c0c08f3e90.jpg,C:\Users\ashis\Desktop\ScanAI\dataset_manager\clean\skin\lumpy_skin_disease\roboflow__cattle-diseases__69_jpg.rf.9ff5b2c7ae402ca325fcf7ff298f68cd.jpg,0
C:\Users\ashis\Desktop\ScanAI\dataset_manager\clean\skin\lumpy_skin_disease\kaggle__devang03mgr__cattle-diseases-datasets__70_jpg.rf.396d4248fcb300302a7358b9343a4e78.jpg,C:\Users\ashis\Desktop\ScanAI\dataset_manager\clean\skin\lumpy_skin_disease\roboflow__cattle-diseases__70_jpg.rf.e8e7a55e533f62029c8b1bb2b851ea63.jpg,0
C:\Users\ashis\Desktop\ScanAI\dataset_manager\clean\skin\lumpy_skin_disease\kaggle__devang03mgr__cattle-diseases-datasets__70_jpg.rf.396d4248fcb300302a7358b9343a4e78.jpg,C:\Users\ashis\Desktop\ScanAI\dataset_manager\clean\skin\lumpy_skin_disease\roboflow__cattle-diseases__84_jpg.rf.5cdb7c4a5d0727777b2ce88ba796b06c.jpg,0
C:\Users\ashis\Desktop\ScanAI\dataset_manager\clean\skin\lumpy_skin_disease\kaggle__devang03mgr__cattle-diseases-datasets__70_jpg.rf.396d4248fcb300302a7358b9343a4e78.jpg,C:\Users\ashis\Desktop\ScanAI\dataset_manager\clean\skin\lumpy_skin_disease\roboflow__cattle-diseases__88_jpg.rf.c8fc19327d4a4679765334094165968c.jpg,2
C:\Users\ashis\Desktop\ScanAI\dataset_manager\clean\skin\lumpy_skin_disease\kaggle__devang03mgr__cattle-diseases-datasets__76_jpg.rf.40e58cea48fc2509632858329c6cb93d.jpg,C:\Users\ashis\Desktop\ScanAI\dataset_manager\clean\skin\lumpy_skin_disease\roboflow__cattle-diseases__76_jpg.rf.90ce63fefcdd7a0aba6cde18ea5ebb55.jpg,0
C:\Users\ashis\Desktop\ScanAI\dataset_manager\clean\skin\lumpy_skin_disease\kaggle__devang03mgr__cattle-diseases-datasets__76_jpg.rf.40e58cea48fc2509632858329c6cb93d.jpg,C:\Users\ashis\Desktop\ScanAI\dataset_manager\clean\skin\lumpy_skin_disease\roboflow__cattle-diseases__83_jpg.rf.c30ec745dda4f42367eb58cc9a2f01ee.jpg,4
C:\Users\ashis\Desktop\ScanAI\dataset_manager\clean\skin\lumpy_skin_disease\kaggle__devang03mgr__cattle-diseases-datasets__76_jpg.rf.40e58cea48fc2509632858329c6cb93d.jpg,C:\Users\ashis\Desktop\ScanAI\dataset_manager\clean\skin\lumpy_skin_disease\roboflow__lumpy-skin-disease-detection__Lumpy_Skin_300_png.rf.a7f7653168472f814621e4afa02736cb.jpg,2
C:\Users\ashis\Desktop\ScanAI\dataset_manager\clean\skin\lumpy_skin_disease\kaggle__devang03mgr__cattle-diseases-datasets__80_jpg.rf.70de4320fb20ecebb55e13ad28c6020f.jpg,C:\Users\ashis\Desktop\ScanAI\dataset_manager\clean\skin\lumpy_skin_disease\roboflow__cattle-diseases__80_jpg.rf.1e7270e14463eac293d9a197b8afb372.jpg,0
C:\Users\ashis\Desktop\ScanAI\dataset_manager\clean\skin\lumpy_skin_disease\kaggle__devang03mgr__cattle-diseases-datasets__81_jpg.rf.f1df622a1710921e8574ff9fb5557cc5.jpg,C:\Users\ashis\Desktop\ScanAI\dataset_manager\clean\skin\lumpy_skin_disease\roboflow__cattle-diseases__81_jpg.rf.f22d846d25ab0a50bb52ecac9c87f0f1.jpg,0
C:\Users\ashis\Desktop\ScanAI\dataset_manager\clean\skin\lumpy_skin_disease\kaggle__devang03mgr__cattle-diseases-datasets__85_jpg.rf.01755c818582f0d60b40cf280f2148ad.jpg,C:\Users\ashis\Desktop\ScanAI\dataset_manager\clean\skin\lumpy_skin_disease\roboflow__cattle-diseases__85_jpg.rf.c7e7871d4d7409a241eb224d54349d63.jpg,0
C:\Users\ashis\Desktop\ScanAI\dataset_manager\clean\skin\lumpy_skin_disease\kaggle__devang03mgr__cattle-diseases-datasets__86_jpg.rf.0ecc945cdd3a9fd89bd51c49dfdea92d.jpg,C:\Users\ashis\Desktop\ScanAI\dataset_manager\clean\skin\lumpy_skin_disease\roboflow__cattle-diseases__86_jpg.rf.cb72f06aad4fb9d5648d5a8ba6caff3a.jpg,0
C:\Users\ashis\Desktop\ScanAI\dataset_manager\clean\skin\lumpy_skin_disease\kaggle__devang03mgr__cattle-diseases-datasets__87_jpg.rf.b94a4d2286d59260a876f119f29ec8eb.jpg,C:\Users\ashis\Desktop\ScanAI\dataset_manager\clean\skin\lumpy_skin_disease\roboflow__cattle-diseases__87_jpg.rf.ea214b2fd3946376a8f7b00df85935d0.jpg,0
C:\Users\ashis\Desktop\ScanAI\dataset_manager\clean\skin\lumpy_skin_disease\kaggle__devang03mgr__cattle-diseases-datasets__93_jpg.rf.6a5cb8fed6a08891e8d260211e67c719.jpg,C:\Users\ashis\Desktop\ScanAI\dataset_manager\clean\skin\lumpy_skin_disease\roboflow__cattle-diseases__93_jpg.rf.80860a6be57f980e95e50c1422df23e1.jpg,0
C:\Users\ashis\Desktop\ScanAI\dataset_manager\clean\skin\lumpy_skin_disease\kaggle__devang03mgr__cattle-diseases-datasets__96_jpg.rf.9b69a6432a2a5c39bbf50019d6bf31f2.jpg,C:\Users\ashis\Desktop\ScanAI\dataset_manager\clean\skin\lumpy_skin_disease\roboflow__cattle-diseases__96_jpg.rf.92d4b459ddd8c58df7f8312398ecc858.jpg,0
C:\Users\ashis\Desktop\ScanAI\dataset_manager\clean\skin\lumpy_skin_disease\kaggle__devang03mgr__cattle-diseases-datasets__A-LSDV-infected-cow_h2_jpg.rf.1505b92e339a0e4428a8acf5fa1b324c.jpg,C:\Users\ashis\Desktop\ScanAI\dataset_manager\clean\skin\lumpy_skin_disease\roboflow__lumpy-skin-disease-detection__Lumpy_Skin_265_png.rf.0fa94ac2a213edeec7ce1d499cc77014.jpg,0
C:\Users\ashis\Desktop\ScanAI\dataset_manager\clean\skin\lumpy_skin_disease\kaggle__devang03mgr__cattle-diseases-datasets__fears-of-lumpy-skin-di_jpg.rf.ae480bec3acf1f0e13d694f4129d536e.jpg,C:\Users\ashis\Desktop\ScanAI\dataset_manager\clean\skin\lumpy_skin_disease\roboflow__lumpy-skin-disease-detection__Lumpy_Skin_153_png.rf.c94d7fb63fbcec573ab316d9b1e43943.jpg,0
C:\Users\ashis\Desktop\ScanAI\dataset_manager\clean\skin\lumpy_skin_disease\kaggle__devang03mgr__cattle-diseases-datasets__fears-of-lumpy-skin-di_jpg.rf.ae480bec3acf1f0e13d694f4129d536e.jpg,C:\Users\ashis\Desktop\ScanAI\dataset_manager\clean\skin\lumpy_skin_disease\roboflow__lumpy-skin-disease-detection__Lumpy_Skin_42_png.rf.621fcbe57fd4b3b935eacc13790ad5c4.jpg,0
C:\Users\ashis\Desktop\ScanAI\dataset_manager\clean\skin\lumpy_skin_disease\kaggle__devang03mgr__cattle-diseases-datasets__Gallery_1661885931901_jpg.rf.30cd119f80da41abaf4d68664955fccd.jpg,C:\Users\ashis\Desktop\ScanAI\dataset_manager\clean\skin\lumpy_skin_disease\roboflow__cattle-diseases__Gallery_1661885931901_jpg.rf.209ed03cf4055403ba02a3357a7a1231.jpg,0
C:\Users\ashis\Desktop\ScanAI\dataset_manager\clean\skin\lumpy_skin_disease\kaggle__devang03mgr__cattle-diseases-datasets__Gallery_1661886020452_jpg.rf.14bbc5ff5472e5811b146a6795e69885.jpg,C:\Users\ashis\Desktop\ScanAI\dataset_manager\clean\skin\lumpy_skin_disease\roboflow__cattle-diseases__Gallery_1661886020452_jpg.rf.14a8336885199f6d87f5389eb1b4b544.jpg,0
C:\Users\ashis\Desktop\ScanAI\dataset_manager\clean\skin\lumpy_skin_disease\kaggle__devang03mgr__cattle-diseases-datasets__images-1-_jpg.rf.15b59d1716b314990397235870859429.jpg,C:\Users\ashis\Desktop\ScanAI\dataset_manager\clean\skin\lumpy_skin_disease\roboflow__cattle-diseases__images-1-_jpg.rf.ef959fb3109d0a157d8192ca6bcabcb2.jpg,0
C:\Users\ashis\Desktop\ScanAI\dataset_manager\clean\skin\lumpy_skin_disease\kaggle__devang03mgr__cattle-diseases-datasets__images-2-_jpg.rf.53e94c4a33e8fa0a231cf8f5db87208a.jpg,C:\Users\ashis\Desktop\ScanAI\dataset_manager\clean\skin\lumpy_skin_disease\roboflow__cattle-diseases__images-2-_jpg.rf.03fc966a1173f27df8c8ad6354368a58.jpg,0
C:\Users\ashis\Desktop\ScanAI\dataset_manager\clean\skin\lumpy_skin_disease\kaggle__devang03mgr__cattle-diseases-datasets__images-2-_jpg.rf.cfbbe1557046fb99ae88ad6a202a5d7f.jpg,C:\Users\ashis\Desktop\ScanAI\dataset_manager\clean\skin\lumpy_skin_disease\roboflow__cattle-diseases__images-2-_jpg.rf.3c00ee8de0451c898f9555419211fc4e.jpg,0
C:\Users\ashis\Desktop\ScanAI\dataset_manager\clean\skin\lumpy_skin_disease\kaggle__devang03mgr__cattle-diseases-datasets__images_jpg.rf.66348cc74a8ff748bf3d5f260eabb63f.jpg,C:\Users\ashis\Desktop\ScanAI\dataset_manager\clean\skin\lumpy_skin_disease\roboflow__cattle-diseases__images_jpg.rf.9bbeb663cd11421cebe9d191689eb336.jpg,0
C:\Users\ashis\Desktop\ScanAI\dataset_manager\clean\skin\lumpy_skin_disease\kaggle__devang03mgr__cattle-diseases-datasets__images_jpg.rf.87ba1ef0dfa6807aa5eaed7bce476693.jpg,C:\Users\ashis\Desktop\ScanAI\dataset_manager\clean\skin\lumpy_skin_disease\roboflow__cattle-diseases__images_jpg.rf.837fefe37173b149878d572b3d113f4b.jpg,0
C:\Users\ashis\Desktop\ScanAI\dataset_manager\clean\skin\lumpy_skin_disease\kaggle__devang03mgr__cattle-diseases-datasets__IMG-20220830-WA0047_jpg.rf.c89d4b27e474a62ed1936b46b4d224ed.jpg,C:\Users\ashis\Desktop\ScanAI\dataset_manager\clean\skin\lumpy_skin_disease\roboflow__cattle-diseases__IMG-20220830-WA0047_jpg.rf.236337ee53da624cbe2badb549922a8a.jpg,0
C:\Users\ashis\Desktop\ScanAI\dataset_manager\clean\skin\lumpy_skin_disease\kaggle__devang03mgr__cattle-diseases-datasets__IMG-20220830-WA0048_jpg.rf.9e35c1a2e7ac0fad19d1d9652bcc809f.jpg,C:\Users\ashis\Desktop\ScanAI\dataset_manager\clean\skin\lumpy_skin_disease\roboflow__cattle-diseases__IMG-20220830-WA0048_jpg.rf.abaa8d3d8e343eb8f3c095f3f708ce55.jpg,0
C:\Users\ashis\Desktop\ScanAI\dataset_manager\clean\skin\lumpy_skin_disease\kaggle__devang03mgr__cattle-diseases-datasets__IMG-20220830-WA0048_jpg.rf.d26d2a20ba3486956eae31282e88f1b9.jpg,C:\Users\ashis\Desktop\ScanAI\dataset_manager\clean\skin\lumpy_skin_disease\roboflow__cattle-diseases__IMG-20220830-WA0048_jpg.rf.3d8646bc406e3a1151545d26e924cb2b.jpg,0
C:\Users\ashis\Desktop\ScanAI\dataset_manager\clean\skin\lumpy_skin_disease\kaggle__devang03mgr__cattle-diseases-datasets__IMG-20220830-WA0050_jpg.rf.98bd8b04608b13978b3b320ae288fcf0.jpg,C:\Users\ashis\Desktop\ScanAI\dataset_manager\clean\skin\lumpy_skin_disease\roboflow__cattle-diseases__IMG-20220830-WA0050_jpg.rf.bf3a929973c2c06ac7c618dea6477785.jpg,0
C:\Users\ashis\Desktop\ScanAI\dataset_manager\clean\skin\lumpy_skin_disease\kaggle__devang03mgr__cattle-diseases-datasets__IMG-20220830-WA0052_jpg.rf.8c865ec677cb8c01465f9a32c6a70d40.jpg,C:\Users\ashis\Desktop\ScanAI\dataset_manager\clean\skin\lumpy_skin_disease\roboflow__lumpy-skin-disease-detection__Lumpy_Skin_121_png.rf.ab284286d980dcea27cd8449edf7e5cd.jpg,0
C:\Users\ashis\Desktop\ScanAI\dataset_manager\clean\skin\lumpy_skin_disease\kaggle__devang03mgr__cattle-diseases-datasets__IMG-20220830-WA0052_jpg.rf.a6b53c8462efa234a17802ef33ddc367.jpg,C:\Users\ashis\Desktop\ScanAI\dataset_manager\clean\skin\lumpy_skin_disease\roboflow__cattle-diseases__IMG-20220830-WA0052_jpg.rf.37cf626ae384a2ed268ffc43fb8fa1b3.jpg,0
C:\Users\ashis\Desktop\ScanAI\dataset_manager\clean\skin\lumpy_skin_disease\kaggle__devang03mgr__cattle-diseases-datasets__IMG-20220830-WA0053_jpg.rf.c3986768845cbdd811527aa62580b0ac.jpg,C:\Users\ashis\Desktop\ScanAI\dataset_manager\clean\skin\lumpy_skin_disease\roboflow__cattle-diseases__IMG-20220830-WA0053_jpg.rf.dc8513e3afac6c8d111ea35c170a186b.jpg,0
C:\Users\ashis\Desktop\ScanAI\dataset_manager\clean\skin\lumpy_skin_disease\kaggle__devang03mgr__cattle-diseases-datasets__IMG-20220830-WA0054_jpg.rf.0f3d85835205d9175b11b10e7ec8451a.jpg,C:\Users\ashis\Desktop\ScanAI\dataset_manager\clean\skin\lumpy_skin_disease\roboflow__cattle-diseases__IMG-20220830-WA0054_jpg.rf.508013505b80df23c2931d2758c6c90d.jpg,0
C:\Users\ashis\Desktop\ScanAI\dataset_manager\clean\skin\lumpy_skin_disease\kaggle__devang03mgr__cattle-diseases-datasets__IMG-20220830-WA0062_jpg.rf.908e9b00cd4aeca624ea7acbe8f421cb.jpg,C:\Users\ashis\Desktop\ScanAI\dataset_manager\clean\skin\lumpy_skin_disease\roboflow__cattle-diseases__IMG-20220830-WA0062_jpg.rf.7c6e74ab6e1774b69c0bda7dd63690fe.jpg,0
C:\Users\ashis\Desktop\ScanAI\dataset_manager\clean\skin\lumpy_skin_disease\kaggle__devang03mgr__cattle-diseases-datasets__IMG-20220830-WA0062_jpg.rf.a2a5695dda7aca0f59345e3dce4398ae.jpg,C:\Users\ashis\Desktop\ScanAI\dataset_manager\clean\skin\lumpy_skin_disease\roboflow__cattle-diseases__IMG-20220830-WA0062_jpg.rf.a4a79e61935817f66a6edb62692c1f91.jpg,0
C:\Users\ashis\Desktop\ScanAI\dataset_manager\clean\skin\lumpy_skin_disease\kaggle__devang03mgr__cattle-diseases-datasets__IMG-20220830-WA0065_jpg.rf.dfccdd5784240ea747c569cdc237fdf0.jpg,C:\Users\ashis\Desktop\ScanAI\dataset_manager\clean\skin\lumpy_skin_disease\roboflow__cattle-diseases__IMG-20220830-WA0065_jpg.rf.3389d094d3d5fdcac152cc21c51d1756.jpg,0
C:\Users\ashis\Desktop\ScanAI\dataset_manager\clean\skin\lumpy_skin_disease\kaggle__devang03mgr__cattle-diseases-datasets__IMG-20220830-WA0070_jpg.rf.5532cda04ae2695e6c615eee291c8d9e.jpg,C:\Users\ashis\Desktop\ScanAI\dataset_manager\clean\skin\lumpy_skin_disease\roboflow__cattle-diseases__IMG-20220830-WA0070_jpg.rf.f158c671c52a16976de6c9b3ac5ee5a2.jpg,0
C:\Users\ashis\Desktop\ScanAI\dataset_manager\clean\skin\lumpy_skin_disease\kaggle__devang03mgr__cattle-diseases-datasets__IMG-20220830-WA0074_jpg.rf.2cf2887914c36ac83349076ea42a1ac7.jpg,C:\Users\ashis\Desktop\ScanAI\dataset_manager\clean\skin\lumpy_skin_disease\roboflow__cattle-diseases__IMG-20220830-WA0074_jpg.rf.c660cbcad542892411d6004d4821258f.jpg,0
C:\Users\ashis\Desktop\ScanAI\dataset_manager\clean\skin\lumpy_skin_disease\kaggle__devang03mgr__cattle-diseases-datasets__IMG-20220830-WA0074_jpg.rf.fdb9c494b3ccc5e814dcccaa2f734521.jpg,C:\Users\ashis\Desktop\ScanAI\dataset_manager\clean\skin\lumpy_skin_disease\roboflow__cattle-diseases__IMG-20220830-WA0074_jpg.rf.132f7b12224afa649466da922725d4dd.jpg,0
C:\Users\ashis\Desktop\ScanAI\dataset_manager\clean\skin\lumpy_skin_disease\kaggle__devang03mgr__cattle-diseases-datasets__IMG-20220830-WA0079_jpg.rf.d7fd8fedad76f68d5546ea266a56c2e4.jpg,C:\Users\ashis\Desktop\ScanAI\dataset_manager\clean\skin\lumpy_skin_disease\roboflow__cattle-diseases__IMG-20220830-WA0079_jpg.rf.fdfe889c62b05f743d734313dc75cb05.jpg,0
C:\Users\ashis\Desktop\ScanAI\dataset_manager\clean\skin\lumpy_skin_disease\kaggle__devang03mgr__cattle-diseases-datasets__IMG-20220830-WA0082_jpg.rf.14334caa41c287084c1119d7181326b1.jpg,C:\Users\ashis\Desktop\ScanAI\dataset_manager\clean\skin\lumpy_skin_disease\roboflow__cattle-diseases__IMG-20220830-WA0082_jpg.rf.f85e5f81188e87f0d4527c73bea1add2.jpg,0
C:\Users\ashis\Desktop\ScanAI\dataset_manager\clean\skin\lumpy_skin_disease\kaggle__devang03mgr__cattle-diseases-datasets__IMG-20220830-WA0084_jpg.rf.2f2a21a67f94c422efa8d6b143b15229.jpg,C:\Users\ashis\Desktop\ScanAI\dataset_manager\clean\skin\lumpy_skin_disease\roboflow__cattle-diseases__IMG-20220830-WA0084_jpg.rf.f9457b6ddf4a2f5d9b7cd00330df6bf9.jpg,0
C:\Users\ashis\Desktop\ScanAI\dataset_manager\clean\skin\lumpy_skin_disease\kaggle__devang03mgr__cattle-diseases-datasets__IMG-20220830-WA0084_jpg.rf.682e573de1c304b3e6c48976cb682f54.jpg,C:\Users\ashis\Desktop\ScanAI\dataset_manager\clean\skin\lumpy_skin_disease\roboflow__cattle-diseases__IMG-20220830-WA0084_jpg.rf.754716192be8b42b21f8235b6133ac33.jpg,0
C:\Users\ashis\Desktop\ScanAI\dataset_manager\clean\skin\lumpy_skin_disease\kaggle__devang03mgr__cattle-diseases-datasets__IMG-20220830-WA0087_jpg.rf.52646fb12281029966c676ca4308ceb2.jpg,C:\Users\ashis\Desktop\ScanAI\dataset_manager\clean\skin\lumpy_skin_disease\roboflow__cattle-diseases__IMG-20220830-WA0087_jpg.rf.a95529d12b0636b56e0683b96ba36649.jpg,0
C:\Users\ashis\Desktop\ScanAI\dataset_manager\clean\skin\lumpy_skin_disease\kaggle__devang03mgr__cattle-diseases-datasets__IMG-20220830-WA0105_jpg.rf.9af71f4b00cd867233cc22d4c1818c20.jpg,C:\Users\ashis\Desktop\ScanAI\dataset_manager\clean\skin\lumpy_skin_disease\roboflow__cattle-diseases__IMG-20220830-WA0105_jpg.rf.5eaac750f94cb86303fc6daa3ef99ff8.jpg,0
C:\Users\ashis\Desktop\ScanAI\dataset_manager\clean\skin\lumpy_skin_disease\kaggle__devang03mgr__cattle-diseases-datasets__IMG-20220830-WA0105_jpg.rf.c622c82e5b38092da442d3d97a224289.jpg,C:\Users\ashis\Desktop\ScanAI\dataset_manager\clean\skin\lumpy_skin_disease\roboflow__cattle-diseases__IMG-20220830-WA0105_jpg.rf.7fe2ae793297c53ad433e51c3d5bc96d.jpg,0
C:\Users\ashis\Desktop\ScanAI\dataset_manager\clean\skin\lumpy_skin_disease\kaggle__devang03mgr__cattle-diseases-datasets__IMG-20220830-WA0107_jpg.rf.10c730d8ec59a17f8bcffe7cf2503583.jpg,C:\Users\ashis\Desktop\ScanAI\dataset_manager\clean\skin\lumpy_skin_disease\roboflow__cattle-diseases__IMG-20220830-WA0107_jpg.rf.c85c4025e7b6a124c2f33497c13c71f8.jpg,0
C:\Users\ashis\Desktop\ScanAI\dataset_manager\clean\skin\lumpy_skin_disease\kaggle__devang03mgr__cattle-diseases-datasets__IMG-20220830-WA0107_jpg.rf.d944898bfc281d80a0a0f38fd8108b01.jpg,C:\Users\ashis\Desktop\ScanAI\dataset_manager\clean\skin\lumpy_skin_disease\roboflow__cattle-diseases__IMG-20220830-WA0107_jpg.rf.3fd10f908bd6ba412d959b4abfc194fe.jpg,0
C:\Users\ashis\Desktop\ScanAI\dataset_manager\clean\skin\lumpy_skin_disease\kaggle__devang03mgr__cattle-diseases-datasets__IMG-20220830-WA0112_jpg.rf.d55fad3a68fe69e7357599c1007b6fb9.jpg,C:\Users\ashis\Desktop\ScanAI\dataset_manager\clean\skin\lumpy_skin_disease\roboflow__cattle-diseases__IMG-20220830-WA0112_jpg.rf.4b36b3496e8bf95ec86d53738023e72d.jpg,0
C:\Users\ashis\Desktop\ScanAI\dataset_manager\clean\skin\lumpy_skin_disease\kaggle__devang03mgr__cattle-diseases-datasets__IMG-20220830-WA0120_jpg.rf.b8d0541072fcc911242612aee2d0cc64.jpg,C:\Users\ashis\Desktop\ScanAI\dataset_manager\clean\skin\lumpy_skin_disease\roboflow__cattle-diseases__IMG-20220830-WA0120_jpg.rf.fdfbef1e563b002cfa8788bf2ec84c9c.jpg,0
C:\Users\ashis\Desktop\ScanAI\dataset_manager\clean\skin\lumpy_skin_disease\kaggle__devang03mgr__cattle-diseases-datasets__IMG-20220830-WA0125_jpg.rf.35ba34ec3b2c923319b78a70803362d2.jpg,C:\Users\ashis\Desktop\ScanAI\dataset_manager\clean\skin\lumpy_skin_disease\roboflow__cattle-diseases__IMG-20220830-WA0125_jpg.rf.22888ec1418e305dded0bab5e187adc8.jpg,0
C:\Users\ashis\Desktop\ScanAI\dataset_manager\clean\skin\lumpy_skin_disease\kaggle__devang03mgr__cattle-diseases-datasets__IMG-20220830-WA0125_jpg.rf.98460aaa07f16f6265476aa80a78971d.jpg,C:\Users\ashis\Desktop\ScanAI\dataset_manager\clean\skin\lumpy_skin_disease\roboflow__cattle-diseases__IMG-20220830-WA0125_jpg.rf.4c368f9338f8d9b21cb68fd41cffaee2.jpg,0
C:\Users\ashis\Desktop\ScanAI\dataset_manager\clean\skin\lumpy_skin_disease\kaggle__devang03mgr__cattle-diseases-datasets__IMG-20220830-WA0125_jpg.rf.dca8c38fdf430ef6719e42a52bc25e7d.jpg,C:\Users\ashis\Desktop\ScanAI\dataset_manager\clean\skin\lumpy_skin_disease\roboflow__cattle-diseases__IMG-20220830-WA0125_jpg.rf.d3d4a65ec50bd826b872359c5b4cea23.jpg,0
C:\Users\ashis\Desktop\ScanAI\dataset_manager\clean\skin\lumpy_skin_disease\kaggle__devang03mgr__cattle-diseases-datasets__IMG-20220830-WA0126_jpg.rf.c10ac4277f18c6cee438cfb8b22e1370.jpg,C:\Users\ashis\Desktop\ScanAI\dataset_manager\clean\skin\lumpy_skin_disease\roboflow__cattle-diseases__IMG-20220830-WA0126_jpg.rf.8d116d630b43933a883b6d91d3494341.jpg,0
C:\Users\ashis\Desktop\ScanAI\dataset_manager\clean\skin\lumpy_skin_disease\kaggle__devang03mgr__cattle-diseases-datasets__IMG-20220830-WA0126_jpg.rf.f8b8d23cff5ad913fbcdfd6aee6b387c.jpg,C:\Users\ashis\Desktop\ScanAI\dataset_manager\clean\skin\lumpy_skin_disease\roboflow__cattle-diseases__IMG-20220830-WA0126_jpg.rf.e9ff96cfb551ece6627dade9cf140345.jpg,0
C:\Users\ashis\Desktop\ScanAI\dataset_manager\clean\skin\lumpy_skin_disease\kaggle__devang03mgr__cattle-diseases-datasets__IMG-20220830-WA0127_jpg.rf.93f4a86399f5c7586a6c642f03b74bb6.jpg,C:\Users\ashis\Desktop\ScanAI\dataset_manager\clean\skin\lumpy_skin_disease\roboflow__cattle-diseases__IMG-20220830-WA0127_jpg.rf.e470b6fe476dc04acea7e57459c2a3dd.jpg,0
C:\Users\ashis\Desktop\ScanAI\dataset_manager\clean\skin\lumpy_skin_disease\kaggle__devang03mgr__cattle-diseases-datasets__IMG-20220830-WA0127_jpg.rf.a9109dcd34649150bdf73af2aac91bdb.jpg,C:\Users\ashis\Desktop\ScanAI\dataset_manager\clean\skin\lumpy_skin_disease\roboflow__cattle-diseases__IMG-20220830-WA0127_jpg.rf.b21497d2b3fcb79abc6edddb84f0ce7d.jpg,0
C:\Users\ashis\Desktop\ScanAI\dataset_manager\clean\skin\lumpy_skin_disease\kaggle__devang03mgr__cattle-diseases-datasets__IMG-20220830-WA0141_jpg.rf.8e54b1c33975fd7946b5b3d48956714d.jpg,C:\Users\ashis\Desktop\ScanAI\dataset_manager\clean\skin\lumpy_skin_disease\roboflow__cattle-diseases__IMG-20220830-WA0141_jpg.rf.e5fbaedc7051f2429616d223ba118e6f.jpg,0
C:\Users\ashis\Desktop\ScanAI\dataset_manager\clean\skin\lumpy_skin_disease\kaggle__devang03mgr__cattle-diseases-datasets__IMG-20220830-WA0141_jpg.rf.b73eea825f0ee38a240b6bf5d9af0dcb.jpg,C:\Users\ashis\Desktop\ScanAI\dataset_manager\clean\skin\lumpy_skin_disease\roboflow__cattle-diseases__IMG-20220830-WA0141_jpg.rf.06d781344e6459c36dfb33a98a34bec1.jpg,0
C:\Users\ashis\Desktop\ScanAI\dataset_manager\clean\skin\lumpy_skin_disease\kaggle__devang03mgr__cattle-diseases-datasets__IMG-20220830-WA0141_jpg.rf.bb66c32f2c4e2d545d39f4082098cfba.jpg,C:\Users\ashis\Desktop\ScanAI\dataset_manager\clean\skin\lumpy_skin_disease\roboflow__cattle-diseases__IMG-20220830-WA0141_jpg.rf.923f347150f6fdc5f5c93e8fd4a5af55.jpg,0
C:\Users\ashis\Desktop\ScanAI\dataset_manager\clean\skin\lumpy_skin_disease\kaggle__devang03mgr__cattle-diseases-datasets__IMG-20220830-WA0151_jpg.rf.4d124185f461957b1b966768c8c019f6.jpg,C:\Users\ashis\Desktop\ScanAI\dataset_manager\clean\skin\lumpy_skin_disease\roboflow__cattle-diseases__IMG-20220830-WA0151_jpg.rf.6e90dcd430a30c446a487cfc3204ea1a.jpg,0
C:\Users\ashis\Desktop\ScanAI\dataset_manager\clean\skin\lumpy_skin_disease\kaggle__devang03mgr__cattle-diseases-datasets__IMG-20220830-WA0151_jpg.rf.88e06ef4cf6c878afe71af79630b4a75.jpg,C:\Users\ashis\Desktop\ScanAI\dataset_manager\clean\skin\lumpy_skin_disease\roboflow__cattle-diseases__IMG-20220830-WA0151_jpg.rf.05966fe7bfee72fb21817f97521ebd27.jpg,0
C:\Users\ashis\Desktop\ScanAI\dataset_manager\clean\skin\lumpy_skin_disease\kaggle__devang03mgr__cattle-diseases-datasets__IMG-20220830-WA0153_jpg.rf.92c2edc627423bf27c7246656711482e.jpg,C:\Users\ashis\Desktop\ScanAI\dataset_manager\clean\skin\lumpy_skin_disease\roboflow__cattle-diseases__IMG-20220830-WA0153_jpg.rf.9dd739cf9d78cb910b31f736960b1445.jpg,0
C:\Users\ashis\Desktop\ScanAI\dataset_manager\clean\skin\lumpy_skin_disease\kaggle__devang03mgr__cattle-diseases-datasets__IMG-20220830-WA0164_jpg.rf.2f49c1f7957f7bc8ee8d1682605e7a38.jpg,C:\Users\ashis\Desktop\ScanAI\dataset_manager\clean\skin\lumpy_skin_disease\roboflow__cattle-diseases__IMG-20220830-WA0164_jpg.rf.82adb1d3cb02e34842d811a5e7d84915.jpg,0
C:\Users\ashis\Desktop\ScanAI\dataset_manager\clean\skin\lumpy_skin_disease\kaggle__devang03mgr__cattle-diseases-datasets__IMG-20220830-WA0164_jpg.rf.e60c0905c163792c6d3773766cd6f9e6.jpg,C:\Users\ashis\Desktop\ScanAI\dataset_manager\clean\skin\lumpy_skin_disease\roboflow__cattle-diseases__IMG-20220830-WA0164_jpg.rf.d31bb63a817a0e39afc43142f8023811.jpg,0
C:\Users\ashis\Desktop\ScanAI\dataset_manager\clean\skin\lumpy_skin_disease\kaggle__devang03mgr__cattle-diseases-datasets__IMG-20220830-WA0166_jpg.rf.3c30587556703e9f5885a275a95628ac.jpg,C:\Users\ashis\Desktop\ScanAI\dataset_manager\clean\skin\lumpy_skin_disease\roboflow__cattle-diseases__IMG-20220830-WA0166_jpg.rf.2fa08c27bac4b2c505f3be8e7d99f961.jpg,0
C:\Users\ashis\Desktop\ScanAI\dataset_manager\clean\skin\lumpy_skin_disease\kaggle__devang03mgr__cattle-diseases-datasets__IMG-20220830-WA0187_jpg.rf.74b5a27b1d262f14bf882656feb19b69.jpg,C:\Users\ashis\Desktop\ScanAI\dataset_manager\clean\skin\lumpy_skin_disease\roboflow__cattle-diseases__IMG-20220830-WA0187_jpg.rf.43b22a22ce14ffd8b7f8a359afae9aea.jpg,0
C:\Users\ashis\Desktop\ScanAI\dataset_manager\clean\skin\lumpy_skin_disease\kaggle__devang03mgr__cattle-diseases-datasets__IMG-20220830-WA0187_jpg.rf.87d8edca3de80b3227aec2db2bea061a.jpg,C:\Users\ashis\Desktop\ScanAI\dataset_manager\clean\skin\lumpy_skin_disease\roboflow__cattle-diseases__IMG-20220830-WA0187_jpg.rf.2f2a37d390f492b5c2054d896484cb72.jpg,0
C:\Users\ashis\Desktop\ScanAI\dataset_manager\clean\skin\lumpy_skin_disease\kaggle__devang03mgr__cattle-diseases-datasets__IMG-20220830-WA0189_jpg.rf.72213f604547d194560d7a49ee609368.jpg,C:\Users\ashis\Desktop\ScanAI\dataset_manager\clean\skin\lumpy_skin_disease\roboflow__cattle-diseases__IMG-20220830-WA0189_jpg.rf.e01c2d0628785a1cbd011f38d4ab738b.jpg,0
C:\Users\ashis\Desktop\ScanAI\dataset_manager\clean\skin\lumpy_skin_disease\kaggle__devang03mgr__cattle-diseases-datasets__IMG-20220830-WA0189_jpg.rf.f4b1f36e76c617dda60bd7cb083a71c2.jpg,C:\Users\ashis\Desktop\ScanAI\dataset_manager\clean\skin\lumpy_skin_disease\roboflow__cattle-diseases__IMG-20220830-WA0189_jpg.rf.3022f9774470ccc6c115a5f96f4ff27a.jpg,0
C:\Users\ashis\Desktop\ScanAI\dataset_manager\clean\skin\lumpy_skin_disease\kaggle__devang03mgr__cattle-diseases-datasets__IMG-20220830-WA0190_jpg.rf.3934c0f0faff44cac87b42a25df66a1a.jpg,C:\Users\ashis\Desktop\ScanAI\dataset_manager\clean\skin\lumpy_skin_disease\roboflow__cattle-diseases__IMG-20220830-WA0190_jpg.rf.79fbe984646bb370826be8e7dcefe8af.jpg,0
C:\Users\ashis\Desktop\ScanAI\dataset_manager\clean\skin\lumpy_skin_disease\kaggle__devang03mgr__cattle-diseases-datasets__IMG-20220830-WA0190_jpg.rf.855aa3bbf8f40ff6982dadc452fd232b.jpg,C:\Users\ashis\Desktop\ScanAI\dataset_manager\clean\skin\lumpy_skin_disease\roboflow__cattle-diseases__IMG-20220830-WA0190_jpg.rf.d73f05306735c34d72ef60d1c7e3985f.jpg,0
C:\Users\ashis\Desktop\ScanAI\dataset_manager\clean\skin\lumpy_skin_disease\kaggle__devang03mgr__cattle-diseases-datasets__IMG-20220830-WA0191_jpg.rf.91635246cdec1d2df732c74f06e5ff7c.jpg,C:\Users\ashis\Desktop\ScanAI\dataset_manager\clean\skin\lumpy_skin_disease\roboflow__cattle-diseases__IMG-20220830-WA0191_jpg.rf.0a8c3cd15d575c8ba2efe2278a20dc03.jpg,0
C:\Users\ashis\Desktop\ScanAI\dataset_manager\clean\skin\lumpy_skin_disease\kaggle__devang03mgr__cattle-diseases-datasets__IMG-20220830-WA0191_jpg.rf.e16f13b0a46bcb69358e4b9f5c43e974.jpg,C:\Users\ashis\Desktop\ScanAI\dataset_manager\clean\skin\lumpy_skin_disease\roboflow__cattle-diseases__IMG-20220830-WA0191_jpg.rf.ce3a97c06a892e35662721a801a5fe49.jpg,0
C:\Users\ashis\Desktop\ScanAI\dataset_manager\clean\skin\lumpy_skin_disease\kaggle__devang03mgr__cattle-diseases-datasets__IMG-20220830-WA0192_jpg.rf.35fce0eee217d48a074aee7fa0a870f4.jpg,C:\Users\ashis\Desktop\ScanAI\dataset_manager\clean\skin\lumpy_skin_disease\roboflow__cattle-diseases__IMG-20220830-WA0192_jpg.rf.96746c7d5b74de40e8baa9e4ef50ea5e.jpg,0
C:\Users\ashis\Desktop\ScanAI\dataset_manager\clean\skin\lumpy_skin_disease\kaggle__devang03mgr__cattle-diseases-datasets__IMG-20220830-WA0192_jpg.rf.6945ea6bb56d08901d4cffc694d3fe61.jpg,C:\Users\ashis\Desktop\ScanAI\dataset_manager\clean\skin\lumpy_skin_disease\roboflow__cattle-diseases__IMG-20220830-WA0192_jpg.rf.fce31166e840a81b5ed52f9394d4d589.jpg,0
C:\Users\ashis\Desktop\ScanAI\dataset_manager\clean\skin\lumpy_skin_disease\kaggle__devang03mgr__cattle-diseases-datasets__IMG-20220830-WA0192_jpg.rf.72089c515eb2d3a85fc8ccfe2e8abce2.jpg,C:\Users\ashis\Desktop\ScanAI\dataset_manager\clean\skin\lumpy_skin_disease\roboflow__cattle-diseases__IMG-20220830-WA0192_jpg.rf.c8d9a467856892811affa16eefbe02be.jpg,0
C:\Users\ashis\Desktop\ScanAI\dataset_manager\clean\skin\lumpy_skin_disease\kaggle__devang03mgr__cattle-diseases-datasets__IMG-20220830-WA0194_jpg.rf.aef26d2c5b15e14b7319b67f6cb0192d.jpg,C:\Users\ashis\Desktop\ScanAI\dataset_manager\clean\skin\lumpy_skin_disease\roboflow__cattle-diseases__IMG-20220830-WA0194_jpg.rf.af3d3ddd31c04e5b1eae24efb4781011.jpg,0
C:\Users\ashis\Desktop\ScanAI\dataset_manager\clean\skin\lumpy_skin_disease\kaggle__devang03mgr__cattle-diseases-datasets__IMG-20220830-WA0194_jpg.rf.de720943c6a00b35677c8f42850cfa52.jpg,C:\Users\ashis\Desktop\ScanAI\dataset_manager\clean\skin\lumpy_skin_disease\roboflow__cattle-diseases__IMG-20220830-WA0194_jpg.rf.94e42e3dabb0e518c4eeff569869ba64.jpg,0
C:\Users\ashis\Desktop\ScanAI\dataset_manager\clean\skin\lumpy_skin_disease\kaggle__devang03mgr__cattle-diseases-datasets__IMG-20220830-WA0195_jpg.rf.d72777ffa737de3d50f736d8f8b42d35.jpg,C:\Users\ashis\Desktop\ScanAI\dataset_manager\clean\skin\lumpy_skin_disease\roboflow__cattle-diseases__IMG-20220830-WA0195_jpg.rf.b2244e7f9691735120cee36d2a68a0ff.jpg,0
C:\Users\ashis\Desktop\ScanAI\dataset_manager\clean\skin\lumpy_skin_disease\kaggle__devang03mgr__cattle-diseases-datasets__IMG-20220830-WA0195_jpg.rf.d993eddaaa1ebf9e51c62395700d41de.jpg,C:\Users\ashis\Desktop\ScanAI\dataset_manager\clean\skin\lumpy_skin_disease\roboflow__cattle-diseases__IMG-20220830-WA0195_jpg.rf.00ae728b9eef51da276a8a45444c31a2.jpg,0
C:\Users\ashis\Desktop\ScanAI\dataset_manager\clean\skin\lumpy_skin_disease\kaggle__devang03mgr__cattle-diseases-datasets__IMG-20220830-WA0197_jpg.rf.42e245cdd43d55f02a3684c1f109f1a3.jpg,C:\Users\ashis\Desktop\ScanAI\dataset_manager\clean\skin\lumpy_skin_disease\roboflow__cattle-diseases__IMG-20220830-WA0197_jpg.rf.90ed0b53f8e49fb168f9f5b87ab8fa21.jpg,0
C:\Users\ashis\Desktop\ScanAI\dataset_manager\clean\skin\lumpy_skin_disease\kaggle__devang03mgr__cattle-diseases-datasets__IMG-20220830-WA0197_jpg.rf.aa72d609bc7a212529c2b6cbe8974a07.jpg,C:\Users\ashis\Desktop\ScanAI\dataset_manager\clean\skin\lumpy_skin_disease\roboflow__cattle-diseases__IMG-20220830-WA0197_jpg.rf.fffcafb499cfb168ab8824afe2aeae39.jpg,0
C:\Users\ashis\Desktop\ScanAI\dataset_manager\clean\skin\lumpy_skin_disease\kaggle__devang03mgr__cattle-diseases-datasets__IMG-20220830-WA0197_jpg.rf.d64c0c04572edf9876d1918dc5db5ca1.jpg,C:\Users\ashis\Desktop\ScanAI\dataset_manager\clean\skin\lumpy_skin_disease\roboflow__cattle-diseases__IMG-20220830-WA0197_jpg.rf.df9999b625d1f6274008c4d971b520ce.jpg,0
C:\Users\ashis\Desktop\ScanAI\dataset_manager\clean\skin\lumpy_skin_disease\kaggle__devang03mgr__cattle-diseases-datasets__IMG-20220830-WA0200_jpg.rf.423a9f96248ab07efb4c166faa64d6f4.jpg,C:\Users\ashis\Desktop\ScanAI\dataset_manager\clean\skin\lumpy_skin_disease\roboflow__cattle-diseases__IMG-20220830-WA0200_jpg.rf.e2b25d565276cddda577a0e44deed626.jpg,0
C:\Users\ashis\Desktop\ScanAI\dataset_manager\clean\skin\lumpy_skin_disease\kaggle__devang03mgr__cattle-diseases-datasets__IMG-20220830-WA0200_jpg.rf.a66113a93a17a7b740b4c58aa8d0736e.jpg,C:\Users\ashis\Desktop\ScanAI\dataset_manager\clean\skin\lumpy_skin_disease\roboflow__cattle-diseases__IMG-20220830-WA0200_jpg.rf.d924c8501acec88b70924b10f648aa51.jpg,0
C:\Users\ashis\Desktop\ScanAI\dataset_manager\clean\skin\lumpy_skin_disease\kaggle__devang03mgr__cattle-diseases-datasets__IMG-20220830-WA0205_jpg.rf.a919c74d5f8718df9d44a23b60c385b2.jpg,C:\Users\ashis\Desktop\ScanAI\dataset_manager\clean\skin\lumpy_skin_disease\roboflow__cattle-diseases__IMG-20220830-WA0205_jpg.rf.f506e8bc1c118350fba039c7c7538163.jpg,0
C:\Users\ashis\Desktop\ScanAI\dataset_manager\clean\skin\lumpy_skin_disease\kaggle__devang03mgr__cattle-diseases-datasets__IMG-20220830-WA0205_jpg.rf.f8bb7adcdc403a369aa872a8403db68b.jpg,C:\Users\ashis\Desktop\ScanAI\dataset_manager\clean\skin\lumpy_skin_disease\roboflow__cattle-diseases__IMG-20220830-WA0205_jpg.rf.1a90b264681d4a0b022899f1f4768e43.jpg,0
C:\Users\ashis\Desktop\ScanAI\dataset_manager\clean\skin\lumpy_skin_disease\kaggle__devang03mgr__cattle-diseases-datasets__IMG-20220830-WA0218_jpg.rf.42a684a5e9e3520569b2b056f0fab6a8.jpg,C:\Users\ashis\Desktop\ScanAI\dataset_manager\clean\skin\lumpy_skin_disease\roboflow__cattle-diseases__IMG-20220830-WA0218_jpg.rf.ed84fee7197ca4e9aba23d58eaf3a593.jpg,0
C:\Users\ashis\Desktop\ScanAI\dataset_manager\clean\skin\lumpy_skin_disease\kaggle__devang03mgr__cattle-diseases-datasets__IMG-20220830-WA0218_jpg.rf.7cc001776d0a125104c33c37283b528e.jpg,C:\Users\ashis\Desktop\ScanAI\dataset_manager\clean\skin\lumpy_skin_disease\roboflow__cattle-diseases__IMG-20220830-WA0218_jpg.rf.4fb3affd9f6e14c9ab3ff84861e214a8.jpg,0
C:\Users\ashis\Desktop\ScanAI\dataset_manager\clean\skin\lumpy_skin_disease\kaggle__devang03mgr__cattle-diseases-datasets__IMG-20220830-WA0237_jpg.rf.67b890331214e23b4b0453143ac884bf.jpg,C:\Users\ashis\Desktop\ScanAI\dataset_manager\clean\skin\lumpy_skin_disease\roboflow__cattle-diseases__IMG-20220830-WA0237_jpg.rf.6792d73c073665e1fe2f4302e520cfd4.jpg,0
C:\Users\ashis\Desktop\ScanAI\dataset_manager\clean\skin\lumpy_skin_disease\kaggle__devang03mgr__cattle-diseases-datasets__IMG-20220830-WA0237_jpg.rf.b31f37400f74544d4c3cbaffdb37a2e2.jpg,C:\Users\ashis\Desktop\ScanAI\dataset_manager\clean\skin\lumpy_skin_disease\roboflow__cattle-diseases__IMG-20220830-WA0237_jpg.rf.ca7e3bc52fb1855f8715aa693b43cac5.jpg,0
C:\Users\ashis\Desktop\ScanAI\dataset_manager\clean\skin\lumpy_skin_disease\kaggle__devang03mgr__cattle-diseases-datasets__IMG-20220830-WA0238_jpg.rf.f3dcde574c76a5342e7a4c23687487e6.jpg,C:\Users\ashis\Desktop\ScanAI\dataset_manager\clean\skin\lumpy_skin_disease\roboflow__cattle-diseases__IMG-20220830-WA0238_jpg.rf.18945eb154b13752357779c52d8154e7.jpg,0
C:\Users\ashis\Desktop\ScanAI\dataset_manager\clean\skin\lumpy_skin_disease\kaggle__devang03mgr__cattle-diseases-datasets__IMG-20220830-WA0238_jpg.rf.f65e2ee8ea44adb4f548d35f9cd548fb.jpg,C:\Users\ashis\Desktop\ScanAI\dataset_manager\clean\skin\lumpy_skin_disease\roboflow__cattle-diseases__IMG-20220830-WA0238_jpg.rf.87ca71e15fced9915d1ab8717c514f19.jpg,0
C:\Users\ashis\Desktop\ScanAI\dataset_manager\clean\skin\lumpy_skin_disease\kaggle__devang03mgr__cattle-diseases-datasets__IMG-20220830-WA0239_jpg.rf.26a519f81017517ea19a1533a8db8db9.jpg,C:\Users\ashis\Desktop\ScanAI\dataset_manager\clean\skin\lumpy_skin_disease\roboflow__cattle-diseases__IMG-20220830-WA0239_jpg.rf.1f7b8ad2bbba734f0085b05dde9d4704.jpg,0
C:\Users\ashis\Desktop\ScanAI\dataset_manager\clean\skin\lumpy_skin_disease\kaggle__devang03mgr__cattle-diseases-datasets__IMG-20220830-WA0252_jpg.rf.07e5a974eae283446450cdfdab9323c2.jpg,C:\Users\ashis\Desktop\ScanAI\dataset_manager\clean\skin\lumpy_skin_disease\roboflow__cattle-diseases__IMG-20220830-WA0252_jpg.rf.f7ceb0bc8d5cb870a4086ea699d809a2.jpg,0
C:\Users\ashis\Desktop\ScanAI\dataset_manager\clean\skin\lumpy_skin_disease\kaggle__devang03mgr__cattle-diseases-datasets__IMG-20220830-WA0252_jpg.rf.b3ad2fc4e38c208b20716138abb24d5f.jpg,C:\Users\ashis\Desktop\ScanAI\dataset_manager\clean\skin\lumpy_skin_disease\roboflow__cattle-diseases__IMG-20220830-WA0252_jpg.rf.d6b55c15fe98c2c86b31ee013aa8003a.jpg,0
C:\Users\ashis\Desktop\ScanAI\dataset_manager\clean\skin\lumpy_skin_disease\kaggle__devang03mgr__cattle-diseases-datasets__IMG-20220830-WA0253_jpg.rf.33855adb4b5f8bddd5de060440ce37d2.jpg,C:\Users\ashis\Desktop\ScanAI\dataset_manager\clean\skin\lumpy_skin_disease\roboflow__cattle-diseases__IMG-20220830-WA0253_jpg.rf.61d431b66ec1b0ef0f2e8bccdcd789b3.jpg,0
C:\Users\ashis\Desktop\ScanAI\dataset_manager\clean\skin\lumpy_skin_disease\kaggle__devang03mgr__cattle-diseases-datasets__IMG-20220831-WA0007_jpg.rf.decb8ba6228aa9214e09c6c08f27139f.jpg,C:\Users\ashis\Desktop\ScanAI\dataset_manager\clean\skin\lumpy_skin_disease\roboflow__cattle-diseases__IMG-20220831-WA0007_jpg.rf.6263d3bcb8e8a725ceb938dd88e9250e.jpg,0
C:\Users\ashis\Desktop\ScanAI\dataset_manager\clean\skin\lumpy_skin_disease\kaggle__devang03mgr__cattle-diseases-datasets__IMG-20220906-WA0003_jpg.rf.6635c62603b6de78ba8db859cf01d884.jpg,C:\Users\ashis\Desktop\ScanAI\dataset_manager\clean\skin\lumpy_skin_disease\roboflow__lumpy-skin-disease-detection__Lumpy_Skin_109_png.rf.6ac6358b96dd1d7a100a6f9004e0c9cc.jpg,0
C:\Users\ashis\Desktop\ScanAI\dataset_manager\clean\skin\lumpy_skin_disease\kaggle__devang03mgr__cattle-diseases-datasets__IMG-20220906-WA0003_jpg.rf.6635c62603b6de78ba8db859cf01d884.jpg,C:\Users\ashis\Desktop\ScanAI\dataset_manager\clean\skin\lumpy_skin_disease\roboflow__lumpy-skin-disease-detection__Lumpy_Skin_27_png.rf.2ad6afe9d763aeac170ff90945fe5cd1.jpg,0
C:\Users\ashis\Desktop\ScanAI\dataset_manager\clean\skin\lumpy_skin_disease\kaggle__devang03mgr__cattle-diseases-datasets__img1002.jpg,C:\Users\ashis\Desktop\ScanAI\dataset_manager\clean\skin\lumpy_skin_disease\roboflow__lumpy-skin-disease-detection__Lumpy_Skin_222_png.rf.6895c011f05f12546465e69bce16d466.jpg,2
C:\Users\ashis\Desktop\ScanAI\dataset_manager\clean\skin\lumpy_skin_disease\kaggle__devang03mgr__cattle-diseases-datasets__img1012.jpg,C:\Users\ashis\Desktop\ScanAI\dataset_manager\clean\skin\lumpy_skin_disease\roboflow__lumpy-skin-disease-detection__Lumpy_Skin_224_png.rf.2e3660b4680d880729e810d0ca90a42a.jpg,4
C:\Users\ashis\Desktop\ScanAI\dataset_manager\clean\skin\lumpy_skin_disease\kaggle__devang03mgr__cattle-diseases-datasets__img1012.jpg,C:\Users\ashis\Desktop\ScanAI\dataset_manager\clean\skin\lumpy_skin_disease\roboflow__lumpy-skin-disease-detection__Lumpy_Skin_299_png.rf.9fc833aeccdd40f8880a75d167549674.jpg,4
C:\Users\ashis\Desktop\ScanAI\dataset_manager\clean\skin\lumpy_skin_disease\kaggle__devang03mgr__cattle-diseases-datasets__img1016.jpg,C:\Users\ashis\Desktop\ScanAI\dataset_manager\clean\skin\lumpy_skin_disease\roboflow__lumpy-skin-disease-detection__Lumpy_Skin_114_png.rf.cc68659043a78ab5a0dc0f2fb680c655.jpg,0
C:\Users\ashis\Desktop\ScanAI\dataset_manager\clean\skin\lumpy_skin_disease\kaggle__devang03mgr__cattle-diseases-datasets__img1016.jpg,C:\Users\ashis\Desktop\ScanAI\dataset_manager\clean\skin\lumpy_skin_disease\roboflow__lumpy-skin-disease-detection__Lumpy_Skin_305_png.rf.c93c58abdef0ec7a7963ee3e04eba723.jpg,0
C:\Users\ashis\Desktop\ScanAI\dataset_manager\clean\skin\lumpy_skin_disease\kaggle__devang03mgr__cattle-diseases-datasets__img1017.jpg,C:\Users\ashis\Desktop\ScanAI\dataset_manager\clean\skin\lumpy_skin_disease\roboflow__lumpy-skin-disease-detection__Lumpy_Skin_110_png.rf.2017de9ee5e9a006124b8a21f0a1a045.jpg,2
C:\Users\ashis\Desktop\ScanAI\dataset_manager\clean\skin\lumpy_skin_disease\kaggle__devang03mgr__cattle-diseases-datasets__img1017.jpg,C:\Users\ashis\Desktop\ScanAI\dataset_manager\clean\skin\lumpy_skin_disease\roboflow__lumpy-skin-disease-detection__Lumpy_Skin_312_png.rf.ab7b06567cacf6234886dbe54f48657b.jpg,2
C:\Users\ashis\Desktop\ScanAI\dataset_manager\clean\skin\lumpy_skin_disease\kaggle__devang03mgr__cattle-diseases-datasets__img1019.jpg,C:\Users\ashis\Desktop\ScanAI\dataset_manager\clean\skin\lumpy_skin_disease\roboflow__lumpy-skin-disease-detection__Lumpy_Skin_112_png.rf.6648f50875d1887da901a327358c1fc6.jpg,0
C:\Users\ashis\Desktop\ScanAI\dataset_manager\clean\skin\lumpy_skin_disease\kaggle__devang03mgr__cattle-diseases-datasets__img1021.jpg,C:\Users\ashis\Desktop\ScanAI\dataset_manager\clean\skin\lumpy_skin_disease\roboflow__lumpy-skin-disease-detection__Lumpy_Skin_243_png.rf.3f128f95700b8e5936080d02636c9201.jpg,0
C:\Users\ashis\Desktop\ScanAI\dataset_manager\clean\skin\lumpy_skin_disease\kaggle__devang03mgr__cattle-diseases-datasets__img1027.jpg,C:\Users\ashis\Desktop\ScanAI\dataset_manager\clean\skin\lumpy_skin_disease\roboflow__lumpy-skin-disease-detection__Lumpy_Skin_187_png.rf.22c09b93378d114221bced5d955ef5d7.jpg,2
C:\Users\ashis\Desktop\ScanAI\dataset_manager\clean\skin\lumpy_skin_disease\kaggle__devang03mgr__cattle-diseases-datasets__img1033.jpg,C:\Users\ashis\Desktop\ScanAI\dataset_manager\clean\skin\lumpy_skin_disease\roboflow__lumpy-skin-disease-detection__Lumpy_Skin_199_png.rf.e6dba42152f040e8d5b7c2b41590c4c6.jpg,0
C:\Users\ashis\Desktop\ScanAI\dataset_manager\clean\skin\lumpy_skin_disease\kaggle__devang03mgr__cattle-diseases-datasets__img1036.jpg,C:\Users\ashis\Desktop\ScanAI\dataset_manager\clean\skin\lumpy_skin_disease\roboflow__lumpy-skin-disease-detection__Lumpy_Skin_281_png.rf.aa6c42aadf40ddd7ab52a66fad0df335.jpg,0
C:\Users\ashis\Desktop\ScanAI\dataset_manager\clean\skin\lumpy_skin_disease\kaggle__devang03mgr__cattle-diseases-datasets__img1042.jpg,C:\Users\ashis\Desktop\ScanAI\dataset_manager\clean\skin\lumpy_skin_disease\roboflow__lumpy-skin-disease-detection__Lumpy_Skin_144_png.rf.32176606e9ee23ba07d97f860455965e.jpg,0
C:\Users\ashis\Desktop\ScanAI\dataset_manager\clean\skin\lumpy_skin_disease\kaggle__devang03mgr__cattle-diseases-datasets__img1042.jpg,C:\Users\ashis\Desktop\ScanAI\dataset_manager\clean\skin\lumpy_skin_disease\roboflow__lumpy-skin-disease-detection__Lumpy_Skin_324_png.rf.dc68da8cbb6fbea876bdd1adbedc57a2.jpg,0
C:\Users\ashis\Desktop\ScanAI\dataset_manager\clean\skin\lumpy_skin_disease\kaggle__devang03mgr__cattle-diseases-datasets__img1042.jpg,C:\Users\ashis\Desktop\ScanAI\dataset_manager\clean\skin\lumpy_skin_disease\roboflow__lumpy-skin-disease-detection__Lumpy_Skin_84_png.rf.c3931eb46b10f20c99b305b36af206df.jpg,0
C:\Users\ashis\Desktop\ScanAI\dataset_manager\clean\skin\lumpy_skin_disease\kaggle__devang03mgr__cattle-diseases-datasets__img1048.jpg,C:\Users\ashis\Desktop\ScanAI\dataset_manager\clean\skin\lumpy_skin_disease\roboflow__lumpy-skin-disease-detection__Lumpy_Skin_231_png.rf.9bf10a734820fd333cdf3a90b0123953.jpg,0
C:\Users\ashis\Desktop\ScanAI\dataset_manager\clean\skin\lumpy_skin_disease\kaggle__devang03mgr__cattle-diseases-datasets__img1057.jpg,C:\Users\ashis\Desktop\ScanAI\dataset_manager\clean\skin\lumpy_skin_disease\roboflow__lumpy-skin-disease-detection__Lumpy_Skin_14_png.rf.d2c529ee49d4f1805ab63d66046c860b.jpg,0
C:\Users\ashis\Desktop\ScanAI\dataset_manager\clean\skin\lumpy_skin_disease\kaggle__devang03mgr__cattle-diseases-datasets__img1063.jpg,C:\Users\ashis\Desktop\ScanAI\dataset_manager\clean\skin\lumpy_skin_disease\roboflow__lumpy-skin-disease-detection__Lumpy_Skin_102_png.rf.382595ba9792b88a87ee665532ab54ad.jpg,0
C:\Users\ashis\Desktop\ScanAI\dataset_manager\clean\skin\lumpy_skin_disease\kaggle__devang03mgr__cattle-diseases-datasets__img1067.jpg,C:\Users\ashis\Desktop\ScanAI\dataset_manager\clean\skin\lumpy_skin_disease\roboflow__lumpy-skin-disease-detection__Lumpy_Skin_61_png.rf.4715b38cf90b65b781abe13a43555f81.jpg,0
C:\Users\ashis\Desktop\ScanAI\dataset_manager\clean\skin\lumpy_skin_disease\kaggle__devang03mgr__cattle-diseases-datasets__img1073.jpg,C:\Users\ashis\Desktop\ScanAI\dataset_manager\clean\skin\lumpy_skin_disease\roboflow__lumpy-skin-disease-detection__Lumpy_Skin_111_png.rf.5e3a55afbdca7a4ebb92457f2bb1fdfb.jpg,0
C:\Users\ashis\Desktop\ScanAI\dataset_manager\clean\skin\lumpy_skin_disease\kaggle__devang03mgr__cattle-diseases-datasets__img1075.jpg,C:\Users\ashis\Desktop\ScanAI\dataset_manager\clean\skin\lumpy_skin_disease\roboflow__lumpy-skin-disease-detection__Lumpy_Skin_247_png.rf.6fab12c7684d9d8ce945b310886f8026.jpg,0
C:\Users\ashis\Desktop\ScanAI\dataset_manager\clean\skin\lumpy_skin_disease\kaggle__devang03mgr__cattle-diseases-datasets__img1075.jpg,C:\Users\ashis\Desktop\ScanAI\dataset_manager\clean\skin\lumpy_skin_disease\roboflow__lumpy-skin-disease-detection__Lumpy_Skin_33_png.rf.a84856529bc1e255286d77f2846ca521.jpg,2
C:\Users\ashis\Desktop\ScanAI\dataset_manager\clean\skin\lumpy_skin_disease\kaggle__devang03mgr__cattle-diseases-datasets__img1079.jpg,C:\Users\ashis\Desktop\ScanAI\dataset_manager\clean\skin\lumpy_skin_disease\roboflow__lumpy-skin-disease-detection__Lumpy_Skin_142_png.rf.d5a1fd47a8210d6b48aa806cf5dd6f07.jpg,0
C:\Users\ashis\Desktop\ScanAI\dataset_manager\clean\skin\lumpy_skin_disease\kaggle__devang03mgr__cattle-diseases-datasets__img1082.jpg,C:\Users\ashis\Desktop\ScanAI\dataset_manager\clean\skin\lumpy_skin_disease\roboflow__lumpy-skin-disease-detection__Lumpy_Skin_175_png.rf.8ebaf07288d175c7aa1b513a04aa33e4.jpg,0
C:\Users\ashis\Desktop\ScanAI\dataset_manager\clean\skin\lumpy_skin_disease\kaggle__devang03mgr__cattle-diseases-datasets__img1082.jpg,C:\Users\ashis\Desktop\ScanAI\dataset_manager\clean\skin\lumpy_skin_disease\roboflow__lumpy-skin-disease-detection__Lumpy_Skin_21_png.rf.6ea49f939d1e412bf39a3c5db139076c.jpg,0
C:\Users\ashis\Desktop\ScanAI\dataset_manager\clean\skin\lumpy_skin_disease\kaggle__devang03mgr__cattle-diseases-datasets__img1083.jpg,C:\Users\ashis\Desktop\ScanAI\dataset_manager\clean\skin\lumpy_skin_disease\roboflow__lumpy-skin-disease-detection__Lumpy_Skin_271_png.rf.0b96f8ca1ddb8198df0e83b5e005df32.jpg,0
C:\Users\ashis\Desktop\ScanAI\dataset_manager\clean\skin\lumpy_skin_disease\kaggle__devang03mgr__cattle-diseases-datasets__img1085.jpg,C:\Users\ashis\Desktop\ScanAI\dataset_manager\clean\skin\lumpy_skin_disease\roboflow__lumpy-skin-disease-detection__Lumpy_Skin_143_png.rf.c91dfe0c44692a950242ab7693ffceba.jpg,0
C:\Users\ashis\Desktop\ScanAI\dataset_manager\clean\skin\lumpy_skin_disease\kaggle__devang03mgr__cattle-diseases-datasets__img1087.jpg,C:\Users\ashis\Desktop\ScanAI\dataset_manager\clean\skin\lumpy_skin_disease\roboflow__lumpy-skin-disease-detection__Lumpy_Skin_94_png.rf.1c0518cf222433fb52c265a3e55c3688.jpg,0
C:\Users\ashis\Desktop\ScanAI\dataset_manager\clean\skin\lumpy_skin_disease\kaggle__devang03mgr__cattle-diseases-datasets__img1090.jpg,C:\Users\ashis\Desktop\ScanAI\dataset_manager\clean\skin\lumpy_skin_disease\roboflow__lumpy-skin-disease-detection__Lumpy_Skin_108_png.rf.b43672e0f695392afe79b01c95ac1c1d.jpg,0
C:\Users\ashis\Desktop\ScanAI\dataset_manager\clean\skin\lumpy_skin_disease\kaggle__devang03mgr__cattle-diseases-datasets__img1103.jpg,C:\Users\ashis\Desktop\ScanAI\dataset_manager\clean\skin\lumpy_skin_disease\roboflow__lumpy-skin-disease-detection__Lumpy_Skin_170_png.rf.6c6f695e5d6c345d933fa0d3b42e2e12.jpg,0
C:\Users\ashis\Desktop\ScanAI\dataset_manager\clean\skin\lumpy_skin_disease\kaggle__devang03mgr__cattle-diseases-datasets__img1104.jpg,C:\Users\ashis\Desktop\ScanAI\dataset_manager\clean\skin\lumpy_skin_disease\roboflow__lumpy-skin-disease-detection__Lumpy_Skin_92_png.rf.5638933fe2fd4c2ae46a709327f20b23.jpg,2
C:\Users\ashis\Desktop\ScanAI\dataset_manager\clean\skin\lumpy_skin_disease\kaggle__devang03mgr__cattle-diseases-datasets__img1108.jpg,C:\Users\ashis\Desktop\ScanAI\dataset_manager\clean\skin\lumpy_skin_disease\roboflow__lumpy-skin-disease-detection__Lumpy_Skin_192_png.rf.76dc6b678438a5fac07e505620a05b4d.jpg,0
C:\Users\ashis\Desktop\ScanAI\dataset_manager\clean\skin\lumpy_skin_disease\kaggle__devang03mgr__cattle-diseases-datasets__img1119.jpg,C:\Users\ashis\Desktop\ScanAI\dataset_manager\clean\skin\lumpy_skin_disease\roboflow__lumpy-skin-disease-detection__Lumpy_Skin_248_png.rf.d1e8187a2ceb253015144b8a6e282cc3.jpg,0
C:\Users\ashis\Desktop\ScanAI\dataset_manager\clean\skin\lumpy_skin_disease\kaggle__devang03mgr__cattle-diseases-datasets__img1119.jpg,C:\Users\ashis\Desktop\ScanAI\dataset_manager\clean\skin\lumpy_skin_disease\roboflow__lumpy-skin-disease-detection__Lumpy_Skin_287_png.rf.3926dbac76e31465624ea0b28d04b18b.jpg,0
C:\Users\ashis\Desktop\ScanAI\dataset_manager\clean\skin\lumpy_skin_disease\kaggle__devang03mgr__cattle-diseases-datasets__img1124.jpg,C:\Users\ashis\Desktop\ScanAI\dataset_manager\clean\skin\lumpy_skin_disease\roboflow__lumpy-skin-disease-detection__Lumpy_Skin_90_png.rf.0c2501adc1266e2ee1100896e2c436d2.jpg,0
C:\Users\ashis\Desktop\ScanAI\dataset_manager\clean\skin\lumpy_skin_disease\kaggle__devang03mgr__cattle-diseases-datasets__img1128.jpg,C:\Users\ashis\Desktop\ScanAI\dataset_manager\clean\skin\lumpy_skin_disease\roboflow__lumpy-skin-disease-detection__Lumpy_Skin_138_png.rf.a57a48399692ea28e835adb450d783fb.jpg,0
C:\Users\ashis\Desktop\ScanAI\dataset_manager\clean\skin\lumpy_skin_disease\kaggle__devang03mgr__cattle-diseases-datasets__img1145.jpg,C:\Users\ashis\Desktop\ScanAI\dataset_manager\clean\skin\lumpy_skin_disease\roboflow__lumpy-skin-disease-detection__Lumpy_Skin_214_png.rf.83bf9d00aa92caadde1add614651ab65.jpg,2
C:\Users\ashis\Desktop\ScanAI\dataset_manager\clean\skin\lumpy_skin_disease\kaggle__devang03mgr__cattle-diseases-datasets__img1145.jpg,C:\Users\ashis\Desktop\ScanAI\dataset_manager\clean\skin\lumpy_skin_disease\roboflow__lumpy-skin-disease-detection__Lumpy_Skin_327_png.rf.6d105ea364d02e6a6d5e19b2ee8f1c81.jpg,0
C:\Users\ashis\Desktop\ScanAI\dataset_manager\clean\skin\lumpy_skin_disease\kaggle__devang03mgr__cattle-diseases-datasets__img1164.jpg,C:\Users\ashis\Desktop\ScanAI\dataset_manager\clean\skin\lumpy_skin_disease\roboflow__lumpy-skin-disease-detection__Lumpy_Skin_19_png.rf.bba4a5cbac92dad1a46e86ec5ba399c9.jpg,0
C:\Users\ashis\Desktop\ScanAI\dataset_manager\clean\skin\lumpy_skin_disease\kaggle__devang03mgr__cattle-diseases-datasets__img1164.jpg,C:\Users\ashis\Desktop\ScanAI\dataset_manager\clean\skin\lumpy_skin_disease\roboflow__lumpy-skin-disease-detection__Lumpy_Skin_53_png.rf.a3a6e5182696295c2ed5ae692f1893ef.jpg,0
C:\Users\ashis\Desktop\ScanAI\dataset_manager\clean\skin\lumpy_skin_disease\kaggle__devang03mgr__cattle-diseases-datasets__img1168.jpg,C:\Users\ashis\Desktop\ScanAI\dataset_manager\clean\skin\lumpy_skin_disease\roboflow__lumpy-skin-disease-detection__Lumpy_Skin_288_png.rf.c297c3d6d4b568d28536e0008e231497.jpg,0
C:\Users\ashis\Desktop\ScanAI\dataset_manager\clean\skin\lumpy_skin_disease\kaggle__devang03mgr__cattle-diseases-datasets__img1181.jpg,C:\Users\ashis\Desktop\ScanAI\dataset_manager\clean\skin\lumpy_skin_disease\roboflow__lumpy-skin-disease-detection__Lumpy_Skin_164_png.rf.d6dfac3293c2a56dd14372946487da0d.jpg,0
C:\Users\ashis\Desktop\ScanAI\dataset_manager\clean\skin\lumpy_skin_disease\kaggle__devang03mgr__cattle-diseases-datasets__img1182.jpg,C:\Users\ashis\Desktop\ScanAI\dataset_manager\clean\skin\lumpy_skin_disease\roboflow__lumpy-skin-disease-detection__Lumpy_Skin_106_png.rf.2dc32cfd720db04b99599b4717124841.jpg,0
C:\Users\ashis\Desktop\ScanAI\dataset_manager\clean\skin\lumpy_skin_disease\kaggle__devang03mgr__cattle-diseases-datasets__img1182.jpg,C:\Users\ashis\Desktop\ScanAI\dataset_manager\clean\skin\lumpy_skin_disease\roboflow__lumpy-skin-disease-detection__Lumpy_Skin_293_png.rf.392b207699c22a95fff7e156c86e134f.jpg,0
C:\Users\ashis\Desktop\ScanAI\dataset_manager\clean\skin\lumpy_skin_disease\kaggle__devang03mgr__cattle-diseases-datasets__img1183.jpg,C:\Users\ashis\Desktop\ScanAI\dataset_manager\clean\skin\lumpy_skin_disease\roboflow__lumpy-skin-disease-detection__Lumpy_Skin_81_png.rf.de32c8fd88c8f003113251b9c6794f58.jpg,0
C:\Users\ashis\Desktop\ScanAI\dataset_manager\clean\skin\lumpy_skin_disease\kaggle__devang03mgr__cattle-diseases-datasets__img1188.jpg,C:\Users\ashis\Desktop\ScanAI\dataset_manager\clean\skin\lumpy_skin_disease\roboflow__lumpy-skin-disease-detection__Lumpy_Skin_125_png.rf.8caccbdde659b73bd8b2635fcfc2306b.jpg,0
C:\Users\ashis\Desktop\ScanAI\dataset_manager\clean\skin\lumpy_skin_disease\kaggle__devang03mgr__cattle-diseases-datasets__img1189.jpg,C:\Users\ashis\Desktop\ScanAI\dataset_manager\clean\skin\lumpy_skin_disease\roboflow__lumpy-skin-disease-detection__Lumpy_Skin_236_png.rf.f658d8fa667433150f52be7e14a7f53a.jpg,0
C:\Users\ashis\Desktop\ScanAI\dataset_manager\clean\skin\lumpy_skin_disease\kaggle__devang03mgr__cattle-diseases-datasets__img1190.jpg,C:\Users\ashis\Desktop\ScanAI\dataset_manager\clean\skin\lumpy_skin_disease\roboflow__lumpy-skin-disease-detection__Lumpy_Skin_255_png.rf.16c493c55e56ee8ce4efa2cfe6e0368c.jpg,0
C:\Users\ashis\Desktop\ScanAI\dataset_manager\clean\skin\lumpy_skin_disease\kaggle__devang03mgr__cattle-diseases-datasets__img1193.jpg,C:\Users\ashis\Desktop\ScanAI\dataset_manager\clean\skin\lumpy_skin_disease\roboflow__lumpy-skin-disease-detection__Lumpy_Skin_124_png.rf.d50e4d6aa42d914727d5e93ff18a9898.jpg,0
C:\Users\ashis\Desktop\ScanAI\dataset_manager\clean\skin\lumpy_skin_disease\kaggle__devang03mgr__cattle-diseases-datasets__img1196.jpg,C:\Users\ashis\Desktop\ScanAI\dataset_manager\clean\skin\lumpy_skin_disease\roboflow__lumpy-skin-disease-detection__Lumpy_Skin_136_png.rf.d4c8f9b414fb9e9a142ce5a09fbba752.jpg,0
C:\Users\ashis\Desktop\ScanAI\dataset_manager\clean\skin\lumpy_skin_disease\kaggle__devang03mgr__cattle-diseases-datasets__img1196.jpg,C:\Users\ashis\Desktop\ScanAI\dataset_manager\clean\skin\lumpy_skin_disease\roboflow__lumpy-skin-disease-detection__Lumpy_Skin_290_png.rf.d4a13aed8b7c3c5be744a451c3bd9a97.jpg,2
C:\Users\ashis\Desktop\ScanAI\dataset_manager\clean\skin\lumpy_skin_disease\kaggle__devang03mgr__cattle-diseases-datasets__img1207.jpg,C:\Users\ashis\Desktop\ScanAI\dataset_manager\clean\skin\lumpy_skin_disease\roboflow__lumpy-skin-disease-detection__Lumpy_Skin_4_png.rf.16dbce8b3fa71e26e3ac6e83331a5fa5.jpg,0
C:\Users\ashis\Desktop\ScanAI\dataset_manager\clean\skin\lumpy_skin_disease\kaggle__devang03mgr__cattle-diseases-datasets__img1210.jpg,C:\Users\ashis\Desktop\ScanAI\dataset_manager\clean\skin\lumpy_skin_disease\roboflow__lumpy-skin-disease-detection__Lumpy_Skin_182_png.rf.212dc56e6860c36719ae32fe33c97971.jpg,0
C:\Users\ashis\Desktop\ScanAI\dataset_manager\clean\skin\lumpy_skin_disease\kaggle__devang03mgr__cattle-diseases-datasets__img1211.jpg,C:\Users\ashis\Desktop\ScanAI\dataset_manager\clean\skin\lumpy_skin_disease\roboflow__lumpy-skin-disease-detection__Lumpy_Skin_98_png.rf.354c26c9fbc46d95bb0cfa0127c41ee8.jpg,0
C:\Users\ashis\Desktop\ScanAI\dataset_manager\clean\skin\lumpy_skin_disease\kaggle__devang03mgr__cattle-diseases-datasets__img1220.jpg,C:\Users\ashis\Desktop\ScanAI\dataset_manager\clean\skin\lumpy_skin_disease\roboflow__lumpy-skin-disease-detection__Lumpy_Skin_135_png.rf.2949c345416577511e16a2ab7c96aae3.jpg,2
C:\Users\ashis\Desktop\ScanAI\dataset_manager\clean\skin\lumpy_skin_disease\kaggle__devang03mgr__cattle-diseases-datasets__img1225.jpg,C:\Users\ashis\Desktop\ScanAI\dataset_manager\clean\skin\lumpy_skin_disease\roboflow__lumpy-skin-disease-detection__Lumpy_Skin_132_png.rf.b639942e56f7f0e2f4e725f17547f893.jpg,0
C:\Users\ashis\Desktop\ScanAI\dataset_manager\clean\skin\lumpy_skin_disease\kaggle__devang03mgr__cattle-diseases-datasets__img1227.jpg,C:\Users\ashis\Desktop\ScanAI\dataset_manager\clean\skin\lumpy_skin_disease\roboflow__lumpy-skin-disease-detection__Lumpy_Skin_91_png.rf.da7d6bb77df277f5a03061b2e5097b8e.jpg,0
C:\Users\ashis\Desktop\ScanAI\dataset_manager\clean\skin\lumpy_skin_disease\kaggle__devang03mgr__cattle-diseases-datasets__img1236.jpg,C:\Users\ashis\Desktop\ScanAI\dataset_manager\clean\skin\lumpy_skin_disease\roboflow__lumpy-skin-disease-detection__Lumpy_Skin_282_png.rf.1393db5c26e4d71907609467e4967a33.jpg,0
C:\Users\ashis\Desktop\ScanAI\dataset_manager\clean\skin\lumpy_skin_disease\kaggle__devang03mgr__cattle-diseases-datasets__img1243.jpg,C:\Users\ashis\Desktop\ScanAI\dataset_manager\clean\skin\lumpy_skin_disease\roboflow__lumpy-skin-disease-detection__Lumpy_Skin_233_png.rf.6cd00c4d8af29bc76c6222e6bd9ee8f3.jpg,0
C:\Users\ashis\Desktop\ScanAI\dataset_manager\clean\skin\lumpy_skin_disease\kaggle__devang03mgr__cattle-diseases-datasets__img1245.jpg,C:\Users\ashis\Desktop\ScanAI\dataset_manager\clean\skin\lumpy_skin_disease\roboflow__lumpy-skin-disease-detection__Lumpy_Skin_276_png.rf.0fb7b5b34028ee7423fd37e4290b0cab.jpg,0
C:\Users\ashis\Desktop\ScanAI\dataset_manager\clean\skin\lumpy_skin_disease\kaggle__devang03mgr__cattle-diseases-datasets__img1248.jpg,C:\Users\ashis\Desktop\ScanAI\dataset_manager\clean\skin\lumpy_skin_disease\roboflow__lumpy-skin-disease-detection__Lumpy_Skin_242_png.rf.bf9e7b43b92e3eb05049eaf732009e23.jpg,0
C:\Users\ashis\Desktop\ScanAI\dataset_manager\clean\skin\lumpy_skin_disease\kaggle__devang03mgr__cattle-diseases-datasets__img1256.jpg,C:\Users\ashis\Desktop\ScanAI\dataset_manager\clean\skin\lumpy_skin_disease\roboflow__lumpy-skin-disease-detection__Lumpy_Skin_195_png.rf.5584236f514fadea3d401b1d31e76151.jpg,2
C:\Users\ashis\Desktop\ScanAI\dataset_manager\clean\skin\lumpy_skin_disease\kaggle__devang03mgr__cattle-diseases-datasets__img1257.jpg,C:\Users\ashis\Desktop\ScanAI\dataset_manager\clean\skin\lumpy_skin_disease\roboflow__lumpy-skin-disease-detection__Lumpy_Skin_134_png.rf.04ca312f9bf0815df1ddecfc4fbe188e.jpg,0
C:\Users\ashis\Desktop\ScanAI\dataset_manager\clean\skin\lumpy_skin_disease\kaggle__devang03mgr__cattle-diseases-datasets__img1263.jpg,C:\Users\ashis\Desktop\ScanAI\dataset_manager\clean\skin\lumpy_skin_disease\roboflow__lumpy-skin-disease-detection__Lumpy_Skin_209_png.rf.28c80ba0c1db12ebf7b251d588a24642.jpg,0
C:\Users\ashis\Desktop\ScanAI\dataset_manager\clean\skin\lumpy_skin_disease\kaggle__devang03mgr__cattle-diseases-datasets__img1264.jpg,C:\Users\ashis\Desktop\ScanAI\dataset_manager\clean\skin\lumpy_skin_disease\roboflow__lumpy-skin-disease-detection__Lumpy_Skin_213_png.rf.d1ba8978a91f8bec73c48bb8fa7b023d.jpg,0
C:\Users\ashis\Desktop\ScanAI\dataset_manager\clean\skin\lumpy_skin_disease\kaggle__devang03mgr__cattle-diseases-datasets__img1269.jpg,C:\Users\ashis\Desktop\ScanAI\dataset_manager\clean\skin\lumpy_skin_disease\roboflow__lumpy-skin-disease-detection__Lumpy_Skin_155_png.rf.cd2c44fc04969a6752071b7b3f43670a.jpg,0
C:\Users\ashis\Desktop\ScanAI\dataset_manager\clean\skin\lumpy_skin_disease\kaggle__devang03mgr__cattle-diseases-datasets__img1281.jpg,C:\Users\ashis\Desktop\ScanAI\dataset_manager\clean\skin\lumpy_skin_disease\roboflow__lumpy-skin-disease-detection__Lumpy_Skin_78_png.rf.103e4e16fbdf4c27d07ad6e72ae33950.jpg,0
C:\Users\ashis\Desktop\ScanAI\dataset_manager\clean\skin\lumpy_skin_disease\kaggle__devang03mgr__cattle-diseases-datasets__img1292(1).jpg,C:\Users\ashis\Desktop\ScanAI\dataset_manager\clean\skin\lumpy_skin_disease\roboflow__lumpy-skin-disease-detection__Lumpy_Skin_174_png.rf.26ad0fd442b721601ff6c82d6c40d3bc.jpg,0
C:\Users\ashis\Desktop\ScanAI\dataset_manager\clean\skin\lumpy_skin_disease\kaggle__devang03mgr__cattle-diseases-datasets__img1298(1).jpg,C:\Users\ashis\Desktop\ScanAI\dataset_manager\clean\skin\lumpy_skin_disease\roboflow__lumpy-skin-disease-detection__Lumpy_Skin_62_png.rf.93e875aeca20afb4d2ef87874230b20c.jpg,0
C:\Users\ashis\Desktop\ScanAI\dataset_manager\clean\skin\lumpy_skin_disease\kaggle__devang03mgr__cattle-diseases-datasets__img1298(1).jpg,C:\Users\ashis\Desktop\ScanAI\dataset_manager\clean\skin\lumpy_skin_disease\roboflow__lumpy-skin-disease-detection__Lumpy_Skin_9_png.rf.3d37c7cdf5cba28cb3849b71bf33ba22.jpg,0
C:\Users\ashis\Desktop\ScanAI\dataset_manager\clean\skin\lumpy_skin_disease\kaggle__devang03mgr__cattle-diseases-datasets__img1299(1).jpg,C:\Users\ashis\Desktop\ScanAI\dataset_manager\clean\skin\lumpy_skin_disease\roboflow__lumpy-skin-disease-detection__Lumpy_Skin_306_png.rf.916137ce9132a58d654973f60bc78d15.jpg,0
C:\Users\ashis\Desktop\ScanAI\dataset_manager\clean\skin\lumpy_skin_disease\kaggle__devang03mgr__cattle-diseases-datasets__img1323.jpg,C:\Users\ashis\Desktop\ScanAI\dataset_manager\clean\skin\lumpy_skin_disease\roboflow__lumpy-skin-disease-detection__Lumpy_Skin_148_png.rf.3ba8a9c60f4bbc468fe28e2161952ea5.jpg,0
C:\Users\ashis\Desktop\ScanAI\dataset_manager\clean\skin\lumpy_skin_disease\kaggle__devang03mgr__cattle-diseases-datasets__img1344.jpg,C:\Users\ashis\Desktop\ScanAI\dataset_manager\clean\skin\lumpy_skin_disease\roboflow__lumpy-skin-disease-detection__Lumpy_Skin_194_png.rf.c86644b65968421fb3b394ab08f6189d.jpg,0
C:\Users\ashis\Desktop\ScanAI\dataset_manager\clean\skin\lumpy_skin_disease\kaggle__devang03mgr__cattle-diseases-datasets__img1347.jpg,C:\Users\ashis\Desktop\ScanAI\dataset_manager\clean\skin\lumpy_skin_disease\roboflow__lumpy-skin-disease-detection__Lumpy_Skin_97_png.rf.2e083506b7872ffcf65e7b2a66275911.jpg,0
C:\Users\ashis\Desktop\ScanAI\dataset_manager\clean\skin\lumpy_skin_disease\kaggle__devang03mgr__cattle-diseases-datasets__img1370.jpg,C:\Users\ashis\Desktop\ScanAI\dataset_manager\clean\skin\lumpy_skin_disease\roboflow__lumpy-skin-disease-detection__Lumpy_Skin_190_png.rf.0c334e1344d8021b0608a952fa9669a7.jpg,2
C:\Users\ashis\Desktop\ScanAI\dataset_manager\clean\skin\lumpy_skin_disease\kaggle__devang03mgr__cattle-diseases-datasets__img1375.jpg,C:\Users\ashis\Desktop\ScanAI\dataset_manager\clean\skin\lumpy_skin_disease\roboflow__lumpy-skin-disease-detection__Lumpy_Skin_181_png.rf.e89cc79e35fe054ab11633ce6937db64.jpg,2
C:\Users\ashis\Desktop\ScanAI\dataset_manager\clean\skin\lumpy_skin_disease\kaggle__devang03mgr__cattle-diseases-datasets__img1375.jpg,C:\Users\ashis\Desktop\ScanAI\dataset_manager\clean\skin\lumpy_skin_disease\roboflow__lumpy-skin-disease-detection__Lumpy_Skin_207_png.rf.011ff5541ad6f050cd610d7cd96f12fe.jpg,0
C:\Users\ashis\Desktop\ScanAI\dataset_manager\clean\skin\lumpy_skin_disease\kaggle__devang03mgr__cattle-diseases-datasets__img1381.jpg,C:\Users\ashis\Desktop\ScanAI\dataset_manager\clean\skin\lumpy_skin_disease\roboflow__cattle-diseases__15_jpg.rf.14abcdbfbe604aa52033a6b58d10f700.jpg,2
C:\Users\ashis\Desktop\ScanAI\dataset_manager\clean\skin\lumpy_skin_disease\kaggle__devang03mgr__cattle-diseases-datasets__img1381.jpg,C:\Users\ashis\Desktop\ScanAI\dataset_manager\clean\skin\lumpy_skin_disease\roboflow__cattle-diseases__19_jpg.rf.7ef32dfb4eb33d6cd6a7cb073b6502a4.jpg,2
C:\Users\ashis\Desktop\ScanAI\dataset_manager\clean\skin\lumpy_skin_disease\kaggle__devang03mgr__cattle-diseases-datasets__img1381.jpg,C:\Users\ashis\Desktop\ScanAI\dataset_manager\clean\skin\lumpy_skin_disease\roboflow__cattle-diseases__3_jpg.rf.557325be38d398f7100e61a7a6f4ae02.jpg,0
C:\Users\ashis\Desktop\ScanAI\dataset_manager\clean\skin\lumpy_skin_disease\kaggle__devang03mgr__cattle-diseases-datasets__img1381.jpg,C:\Users\ashis\Desktop\ScanAI\dataset_manager\clean\skin\lumpy_skin_disease\roboflow__lumpy-skin-disease-detection__Lumpy_Skin_51_png.rf.dca4a9d56474182e94127ceeb064fe37.jpg,0
C:\Users\ashis\Desktop\ScanAI\dataset_manager\clean\skin\lumpy_skin_disease\kaggle__devang03mgr__cattle-diseases-datasets__img1383.jpg,C:\Users\ashis\Desktop\ScanAI\dataset_manager\clean\skin\lumpy_skin_disease\roboflow__lumpy-skin-disease-detection__Lumpy_Skin_72_png.rf.5a23982c5036a909ef9bd80cabced811.jpg,0
C:\Users\ashis\Desktop\ScanAI\dataset_manager\clean\skin\lumpy_skin_disease\kaggle__devang03mgr__cattle-diseases-datasets__img1384.jpg,C:\Users\ashis\Desktop\ScanAI\dataset_manager\clean\skin\lumpy_skin_disease\roboflow__lumpy-skin-disease-detection__Lumpy_Skin_151_png.rf.34b9e8800c6543501197fadb4b887b93.jpg,0
C:\Users\ashis\Desktop\ScanAI\dataset_manager\clean\skin\lumpy_skin_disease\kaggle__devang03mgr__cattle-diseases-datasets__img1386.jpg,C:\Users\ashis\Desktop\ScanAI\dataset_manager\clean\skin\lumpy_skin_disease\roboflow__lumpy-skin-disease-detection__Lumpy_Skin_118_png.rf.69a9f30357dd7356d3b84080650392f3.jpg,0
C:\Users\ashis\Desktop\ScanAI\dataset_manager\clean\skin\lumpy_skin_disease\kaggle__devang03mgr__cattle-diseases-datasets__img1386.jpg,C:\Users\ashis\Desktop\ScanAI\dataset_manager\clean\skin\lumpy_skin_disease\roboflow__lumpy-skin-disease-detection__Lumpy_Skin_313_png.rf.7cb5524a5db9a177fe947679b1dc8850.jpg,2
C:\Users\ashis\Desktop\ScanAI\dataset_manager\clean\skin\lumpy_skin_disease\kaggle__devang03mgr__cattle-diseases-datasets__img1387.jpg,C:\Users\ashis\Desktop\ScanAI\dataset_manager\clean\skin\lumpy_skin_disease\roboflow__lumpy-skin-disease-detection__Lumpy_Skin_291_png.rf.049dc5ae3cf5f6148c68498af3db93f0.jpg,0
C:\Users\ashis\Desktop\ScanAI\dataset_manager\clean\skin\lumpy_skin_disease\kaggle__devang03mgr__cattle-diseases-datasets__img1387.jpg,C:\Users\ashis\Desktop\ScanAI\dataset_manager\clean\skin\lumpy_skin_disease\roboflow__lumpy-skin-disease-detection__Lumpy_Skin_60_png.rf.df0276d807217e8ebeb77477ee6808c3.jpg,0
C:\Users\ashis\Desktop\ScanAI\dataset_manager\clean\skin\lumpy_skin_disease\kaggle__devang03mgr__cattle-diseases-datasets__img1395.jpg,C:\Users\ashis\Desktop\ScanAI\dataset_manager\clean\skin\lumpy_skin_disease\roboflow__lumpy-skin-disease-detection__Lumpy_Skin_3_png.rf.ea094a2f8ab87d0a3a11afb38800d1e6.jpg,0
C:\Users\ashis\Desktop\ScanAI\dataset_manager\clean\skin\lumpy_skin_disease\kaggle__devang03mgr__cattle-diseases-datasets__img1395.jpg,C:\Users\ashis\Desktop\ScanAI\dataset_manager\clean\skin\lumpy_skin_disease\roboflow__lumpy-skin-disease-detection__Lumpy_Skin_88_png.rf.503be3d42c3ee5a1598d7af166b15877.jpg,0
C:\Users\ashis\Desktop\ScanAI\dataset_manager\clean\skin\lumpy_skin_disease\kaggle__devang03mgr__cattle-diseases-datasets__img1396.jpg,C:\Users\ashis\Desktop\ScanAI\dataset_manager\clean\skin\lumpy_skin_disease\roboflow__lumpy-skin-disease-detection__Lumpy_Skin_230_png.rf.73a47c0bc72f28e7423b137c38df84a0.jpg,0
C:\Users\ashis\Desktop\ScanAI\dataset_manager\clean\skin\lumpy_skin_disease\kaggle__devang03mgr__cattle-diseases-datasets__img1401.jpg,C:\Users\ashis\Desktop\ScanAI\dataset_manager\clean\skin\lumpy_skin_disease\roboflow__lumpy-skin-disease-detection__Lumpy_Skin_122_png.rf.f1e608bc4b7f7ce1785a0acfa01909cd.jpg,0
C:\Users\ashis\Desktop\ScanAI\dataset_manager\clean\skin\lumpy_skin_disease\kaggle__devang03mgr__cattle-diseases-datasets__img1401.jpg,C:\Users\ashis\Desktop\ScanAI\dataset_manager\clean\skin\lumpy_skin_disease\roboflow__lumpy-skin-disease-detection__Lumpy_Skin_292_png.rf.a95dcf33c28751a5789218dc5dac69cf.jpg,2
C:\Users\ashis\Desktop\ScanAI\dataset_manager\clean\skin\lumpy_skin_disease\kaggle__devang03mgr__cattle-diseases-datasets__img1403.jpg,C:\Users\ashis\Desktop\ScanAI\dataset_manager\clean\skin\lumpy_skin_disease\roboflow__lumpy-skin-disease-detection__Lumpy_Skin_176_png.rf.c4e34d6b8d6dd0bd4c7aa962cf4b81eb.jpg,0
C:\Users\ashis\Desktop\ScanAI\dataset_manager\clean\skin\lumpy_skin_disease\kaggle__devang03mgr__cattle-diseases-datasets__img1403.jpg,C:\Users\ashis\Desktop\ScanAI\dataset_manager\clean\skin\lumpy_skin_disease\roboflow__lumpy-skin-disease-detection__Lumpy_Skin_8_png.rf.6fbe0477958daa4c16dfbede6d29c1a0.jpg,0
C:\Users\ashis\Desktop\ScanAI\dataset_manager\clean\skin\lumpy_skin_disease\kaggle__devang03mgr__cattle-diseases-datasets__img1404.jpg,C:\Users\ashis\Desktop\ScanAI\dataset_manager\clean\skin\lumpy_skin_disease\roboflow__lumpy-skin-disease-detection__Lumpy_Skin_267_png.rf.87fc9011a7df1c7149873a976681f2aa.jpg,0
C:\Users\ashis\Desktop\ScanAI\dataset_manager\clean\skin\lumpy_skin_disease\kaggle__devang03mgr__cattle-diseases-datasets__img1404.jpg,C:\Users\ashis\Desktop\ScanAI\dataset_manager\clean\skin\lumpy_skin_disease\roboflow__lumpy-skin-disease-detection__Lumpy_Skin_317_png.rf.7c810c93e493a9bc8799e6d8fec23ea6.jpg,2
C:\Users\ashis\Desktop\ScanAI\dataset_manager\clean\skin\lumpy_skin_disease\kaggle__devang03mgr__cattle-diseases-datasets__img1414.jpg,C:\Users\ashis\Desktop\ScanAI\dataset_manager\clean\skin\lumpy_skin_disease\roboflow__lumpy-skin-disease-detection__Lumpy_Skin_145_png.rf.01f8523370d90380be8720263c95d32e.jpg,0
C:\Users\ashis\Desktop\ScanAI\dataset_manager\clean\skin\lumpy_skin_disease\kaggle__devang03mgr__cattle-diseases-datasets__img1417.jpg,C:\Users\ashis\Desktop\ScanAI\dataset_manager\clean\skin\lumpy_skin_disease\roboflow__lumpy-skin-disease-detection__Lumpy_Skin_80_png.rf.de569c2a953e485d87f449d14ab8bc27.jpg,2
C:\Users\ashis\Desktop\ScanAI\dataset_manager\clean\skin\lumpy_skin_disease\kaggle__devang03mgr__cattle-diseases-datasets__img1420.jpg,C:\Users\ashis\Desktop\ScanAI\dataset_manager\clean\skin\lumpy_skin_disease\roboflow__lumpy-skin-disease-detection__Lumpy_Skin_13_png.rf.5bdca24223bcf318b7cc04fc4b8c0ef2.jpg,0
C:\Users\ashis\Desktop\ScanAI\dataset_manager\clean\skin\lumpy_skin_disease\kaggle__devang03mgr__cattle-diseases-datasets__img1420.jpg,C:\Users\ashis\Desktop\ScanAI\dataset_manager\clean\skin\lumpy_skin_disease\roboflow__lumpy-skin-disease-detection__Lumpy_Skin_211_png.rf.f031928c36698cad461fe06f69141b79.jpg,0
C:\Users\ashis\Desktop\ScanAI\dataset_manager\clean\skin\lumpy_skin_disease\kaggle__devang03mgr__cattle-diseases-datasets__IMG_20220829_124417_jpg.rf.0a3e02972f58397688545e68bf03ee47.jpg,C:\Users\ashis\Desktop\ScanAI\dataset_manager\clean\skin\lumpy_skin_disease\roboflow__cattle-diseases__IMG_20220829_124417_jpg.rf.575f6d77317351408ad7f03769069d4f.jpg,0
C:\Users\ashis\Desktop\ScanAI\dataset_manager\clean\skin\lumpy_skin_disease\kaggle__devang03mgr__cattle-diseases-datasets__IMG_20220829_124417_jpg.rf.e80fe24592fec4745e5cc55f88afeb94.jpg,C:\Users\ashis\Desktop\ScanAI\dataset_manager\clean\skin\lumpy_skin_disease\roboflow__cattle-diseases__IMG_20220829_124417_jpg.rf.8a5114cba241c0f56f015222624e865f.jpg,0
C:\Users\ashis\Desktop\ScanAI\dataset_manager\clean\skin\lumpy_skin_disease\kaggle__devang03mgr__cattle-diseases-datasets__IMG_20220830_075746_jpg.rf.546abfc4c0bdccdafbbc06ae3a400006.jpg,C:\Users\ashis\Desktop\ScanAI\dataset_manager\clean\skin\lumpy_skin_disease\roboflow__cattle-diseases__IMG_20220830_075746_jpg.rf.f4e031589543863edffa62247bb1538f.jpg,0
C:\Users\ashis\Desktop\ScanAI\dataset_manager\clean\skin\lumpy_skin_disease\kaggle__devang03mgr__cattle-diseases-datasets__IMG_20220830_075746_jpg.rf.c933977448c2ba014ea2775cd268c6dc.jpg,C:\Users\ashis\Desktop\ScanAI\dataset_manager\clean\skin\lumpy_skin_disease\roboflow__cattle-diseases__IMG_20220830_075746_jpg.rf.fc4c83595b48cd20906bcba46f3413d6.jpg,0
C:\Users\ashis\Desktop\ScanAI\dataset_manager\clean\skin\lumpy_skin_disease\kaggle__devang03mgr__cattle-diseases-datasets__IMG_20220830_075845_jpg.rf.b20f2e623ae7c07517196f735429a332.jpg,C:\Users\ashis\Desktop\ScanAI\dataset_manager\clean\skin\lumpy_skin_disease\roboflow__cattle-diseases__IMG_20220830_075845_jpg.rf.68b3f2c7bdb96ceb3f7872c09c659ee7.jpg,0
C:\Users\ashis\Desktop\ScanAI\dataset_manager\clean\skin\lumpy_skin_disease\kaggle__devang03mgr__cattle-diseases-datasets__IMG_20220830_080456_jpg.rf.b7a944b810489d2b2630cd18ff8e7555.jpg,C:\Users\ashis\Desktop\ScanAI\dataset_manager\clean\skin\lumpy_skin_disease\roboflow__cattle-diseases__IMG_20220830_080456_jpg.rf.39631377709c1afc6c9d55d9b7f71317.jpg,0
C:\Users\ashis\Desktop\ScanAI\dataset_manager\clean\skin\lumpy_skin_disease\kaggle__devang03mgr__cattle-diseases-datasets__IMG_20220830_081329_jpg.rf.7c16c68848d5eaf30fe47b94a73038e7.jpg,C:\Users\ashis\Desktop\ScanAI\dataset_manager\clean\skin\lumpy_skin_disease\roboflow__cattle-diseases__IMG_20220830_081329_jpg.rf.c2c697c63b6a22e49793177e870a4ee5.jpg,0
C:\Users\ashis\Desktop\ScanAI\dataset_manager\clean\skin\lumpy_skin_disease\kaggle__devang03mgr__cattle-diseases-datasets__IMG_20220830_081329_jpg.rf.862d4e01725d171bcdc64d017667f064.jpg,C:\Users\ashis\Desktop\ScanAI\dataset_manager\clean\skin\lumpy_skin_disease\roboflow__cattle-diseases__IMG_20220830_081329_jpg.rf.b69301b370f38bbfc25ffa3c6ee18c31.jpg,0
C:\Users\ashis\Desktop\ScanAI\dataset_manager\clean\skin\lumpy_skin_disease\kaggle__devang03mgr__cattle-diseases-datasets__IMG_20220830_081402_jpg.rf.065d544fc24ba4f590cc696737980946.jpg,C:\Users\ashis\Desktop\ScanAI\dataset_manager\clean\skin\lumpy_skin_disease\roboflow__cattle-diseases__IMG_20220830_081402_jpg.rf.b799140644d26dfaf5acc09c3b800dbe.jpg,0
C:\Users\ashis\Desktop\ScanAI\dataset_manager\clean\skin\lumpy_skin_disease\kaggle__devang03mgr__cattle-diseases-datasets__IMG_20220830_081402_jpg.rf.1444eaad4edc96f230b06d8c58464d53.jpg,C:\Users\ashis\Desktop\ScanAI\dataset_manager\clean\skin\lumpy_skin_disease\roboflow__cattle-diseases__IMG_20220830_081402_jpg.rf.f39bd4c1f4733de6fe46fe8bcc299542.jpg,0
C:\Users\ashis\Desktop\ScanAI\dataset_manager\clean\skin\lumpy_skin_disease\kaggle__devang03mgr__cattle-diseases-datasets__IMG_20220830_081529_jpg.rf.243160334c224714899e9e40b597788c.jpg,C:\Users\ashis\Desktop\ScanAI\dataset_manager\clean\skin\lumpy_skin_disease\roboflow__cattle-diseases__IMG_20220830_081529_jpg.rf.d2611a408aff6d0b1ae76f234c602360.jpg,0
C:\Users\ashis\Desktop\ScanAI\dataset_manager\clean\skin\lumpy_skin_disease\kaggle__devang03mgr__cattle-diseases-datasets__IMG_20220830_081529_jpg.rf.c0835519af3532c9f1d067218d469e6f.jpg,C:\Users\ashis\Desktop\ScanAI\dataset_manager\clean\skin\lumpy_skin_disease\roboflow__cattle-diseases__IMG_20220830_081529_jpg.rf.a4486b4fcb01ffa6dd127e5a5b12efd1.jpg,0
C:\Users\ashis\Desktop\ScanAI\dataset_manager\clean\skin\lumpy_skin_disease\kaggle__devang03mgr__cattle-diseases-datasets__IMG_20220830_081529_jpg.rf.de88277428f667c250c0044986026055.jpg,C:\Users\ashis\Desktop\ScanAI\dataset_manager\clean\skin\lumpy_skin_disease\roboflow__cattle-diseases__IMG_20220830_081529_jpg.rf.34037015c6fc4c4f54052dc99345ffb7.jpg,0
C:\Users\ashis\Desktop\ScanAI\dataset_manager\clean\skin\lumpy_skin_disease\kaggle__devang03mgr__cattle-diseases-datasets__IMG_20220830_081709_jpg.rf.ea313bf8ce78e459fc2feba8163826d1.jpg,C:\Users\ashis\Desktop\ScanAI\dataset_manager\clean\skin\lumpy_skin_disease\roboflow__cattle-diseases__IMG_20220830_081709_jpg.rf.d7d39e233168bc3b7d743f17ec19ac0a.jpg,0
C:\Users\ashis\Desktop\ScanAI\dataset_manager\clean\skin\lumpy_skin_disease\kaggle__devang03mgr__cattle-diseases-datasets__IMG_20220830_081728_jpg.rf.1334428e921268f08553bf9498ac14b1.jpg,C:\Users\ashis\Desktop\ScanAI\dataset_manager\clean\skin\lumpy_skin_disease\roboflow__cattle-diseases__IMG_20220830_081728_jpg.rf.33dc95f1d7f9ea1c8f7d136a07556892.jpg,0
C:\Users\ashis\Desktop\ScanAI\dataset_manager\clean\skin\lumpy_skin_disease\kaggle__devang03mgr__cattle-diseases-datasets__IMG_20220830_081728_jpg.rf.ca982a8bf731b31f36944d00c00d5b78.jpg,C:\Users\ashis\Desktop\ScanAI\dataset_manager\clean\skin\lumpy_skin_disease\roboflow__cattle-diseases__IMG_20220830_081728_jpg.rf.dea0dd6d4130933407c389a92254bb66.jpg,0
C:\Users\ashis\Desktop\ScanAI\dataset_manager\clean\skin\lumpy_skin_disease\kaggle__devang03mgr__cattle-diseases-datasets__IMG_20220830_081728_jpg.rf.e16602e25ee87d8a0113970bf3912a0e.jpg,C:\Users\ashis\Desktop\ScanAI\dataset_manager\clean\skin\lumpy_skin_disease\roboflow__cattle-diseases__IMG_20220830_081728_jpg.rf.74da3fcb07128cf7b361a3bb8a99250b.jpg,0
C:\Users\ashis\Desktop\ScanAI\dataset_manager\clean\skin\lumpy_skin_disease\kaggle__devang03mgr__cattle-diseases-datasets__IMG_20220830_103804_jpg.rf.3f1ad6e5ab7e404f41f12e43c4479314.jpg,C:\Users\ashis\Desktop\ScanAI\dataset_manager\clean\skin\lumpy_skin_disease\roboflow__cattle-diseases__IMG_20220830_103804_jpg.rf.030e57a69b48f5dd954c588ddef04a11.jpg,0
C:\Users\ashis\Desktop\ScanAI\dataset_manager\clean\skin\lumpy_skin_disease\kaggle__devang03mgr__cattle-diseases-datasets__IMG_20220830_104851_jpg.rf.860ea9aa63c3f2c03616f38bce0d14be.jpg,C:\Users\ashis\Desktop\ScanAI\dataset_manager\clean\skin\lumpy_skin_disease\roboflow__cattle-diseases__IMG_20220830_104851_jpg.rf.9886761396f2acc618f6a19b0094ef22.jpg,0
C:\Users\ashis\Desktop\ScanAI\dataset_manager\clean\skin\lumpy_skin_disease\kaggle__devang03mgr__cattle-diseases-datasets__IMG_20220830_105903_jpg.rf.09aca6068e731d99d81e428ac82832c4.jpg,C:\Users\ashis\Desktop\ScanAI\dataset_manager\clean\skin\lumpy_skin_disease\roboflow__cattle-diseases__IMG_20220830_105903_jpg.rf.541e58c9bb83e5b112f2dd54a7b767ae.jpg,0
C:\Users\ashis\Desktop\ScanAI\dataset_manager\clean\skin\lumpy_skin_disease\kaggle__devang03mgr__cattle-diseases-datasets__IMG_20220830_105903_jpg.rf.8c3346a4835ed7a8b9af0e8e665b02ef.jpg,C:\Users\ashis\Desktop\ScanAI\dataset_manager\clean\skin\lumpy_skin_disease\roboflow__cattle-diseases__IMG_20220830_105903_jpg.rf.478122713109f9e6cba178a5c086f4de.jpg,0
C:\Users\ashis\Desktop\ScanAI\dataset_manager\clean\skin\lumpy_skin_disease\kaggle__devang03mgr__cattle-diseases-datasets__IMG_20220830_105903_jpg.rf.d41861ffbdf44613b78e7c8647521bb9.jpg,C:\Users\ashis\Desktop\ScanAI\dataset_manager\clean\skin\lumpy_skin_disease\roboflow__cattle-diseases__IMG_20220830_105903_jpg.rf.fe08fbc36d8487eb9f9d0dd23bc3d9fb.jpg,0
C:\Users\ashis\Desktop\ScanAI\dataset_manager\clean\skin\lumpy_skin_disease\kaggle__devang03mgr__cattle-diseases-datasets__IMG_20220830_110005_jpg.rf.0df1b03aef21cd444eb9b81a490b6ff2.jpg,C:\Users\ashis\Desktop\ScanAI\dataset_manager\clean\skin\lumpy_skin_disease\roboflow__cattle-diseases__IMG_20220830_110005_jpg.rf.16544340085d20c8be259ef9d0709d9f.jpg,0
C:\Users\ashis\Desktop\ScanAI\dataset_manager\clean\skin\lumpy_skin_disease\kaggle__devang03mgr__cattle-diseases-datasets__IMG_20220830_110005_jpg.rf.6614165c19307865766ee9b3d39a9cfa.jpg,C:\Users\ashis\Desktop\ScanAI\dataset_manager\clean\skin\lumpy_skin_disease\roboflow__cattle-diseases__IMG_20220830_110005_jpg.rf.d193e8ba1bb4aae5599d1a0f0f9c55f6.jpg,4
C:\Users\ashis\Desktop\ScanAI\dataset_manager\clean\skin\lumpy_skin_disease\kaggle__devang03mgr__cattle-diseases-datasets__IMG_20220830_110005_jpg.rf.da16616218b887dbc0123d60f9ce6898.jpg,C:\Users\ashis\Desktop\ScanAI\dataset_manager\clean\skin\lumpy_skin_disease\roboflow__cattle-diseases__IMG_20220830_110005_jpg.rf.0fc89b35d81d37dd158109fb808a3ccf.jpg,0
C:\Users\ashis\Desktop\ScanAI\dataset_manager\clean\skin\lumpy_skin_disease\kaggle__devang03mgr__cattle-diseases-datasets__IMG_20220830_110235_jpg.rf.b8799bcbb97e93115f05386edd98f827.jpg,C:\Users\ashis\Desktop\ScanAI\dataset_manager\clean\skin\lumpy_skin_disease\roboflow__cattle-diseases__IMG_20220830_110235_jpg.rf.06e5b543bb417c855bd0bc532ff3bc7f.jpg,0
C:\Users\ashis\Desktop\ScanAI\dataset_manager\clean\skin\lumpy_skin_disease\kaggle__devang03mgr__cattle-diseases-datasets__IMG_20220830_110358_jpg.rf.075e69f1b38cba9c8f2e7e557fab0236.jpg,C:\Users\ashis\Desktop\ScanAI\dataset_manager\clean\skin\lumpy_skin_disease\roboflow__cattle-diseases__IMG_20220830_110358_jpg.rf.22c3287de367a1c351880ff14960c21a.jpg,0
C:\Users\ashis\Desktop\ScanAI\dataset_manager\clean\skin\lumpy_skin_disease\kaggle__devang03mgr__cattle-diseases-datasets__IMG_20220830_111220_jpg.rf.332d3b97f03a3d728df9a00f1b9bddb6.jpg,C:\Users\ashis\Desktop\ScanAI\dataset_manager\clean\skin\lumpy_skin_disease\roboflow__cattle-diseases__IMG_20220830_111220_jpg.rf.6eabef3633271a17d0b5071e0a3d7b6c.jpg,0
C:\Users\ashis\Desktop\ScanAI\dataset_manager\clean\skin\lumpy_skin_disease\kaggle__devang03mgr__cattle-diseases-datasets__IMG_20220830_111220_jpg.rf.6e5a2eb9dbe90e82e5f3fd71cd2f7d57.jpg,C:\Users\ashis\Desktop\ScanAI\dataset_manager\clean\skin\lumpy_skin_disease\roboflow__cattle-diseases__IMG_20220830_111220_jpg.rf.4becd250ae8f415a14a0e75a384fd903.jpg,0
C:\Users\ashis\Desktop\ScanAI\dataset_manager\clean\skin\lumpy_skin_disease\kaggle__devang03mgr__cattle-diseases-datasets__IMG_20220830_113832_jpg.rf.6a9036d3fdd32c090cd82f1725249496.jpg,C:\Users\ashis\Desktop\ScanAI\dataset_manager\clean\skin\lumpy_skin_disease\roboflow__cattle-diseases__IMG_20220830_113832_jpg.rf.bc577b838c74df9884f699e5b7d0676e.jpg,0
C:\Users\ashis\Desktop\ScanAI\dataset_manager\clean\skin\lumpy_skin_disease\kaggle__devang03mgr__cattle-diseases-datasets__IMG_20220830_113832_jpg.rf.8cc1823fd9c9671d19304271baaed027.jpg,C:\Users\ashis\Desktop\ScanAI\dataset_manager\clean\skin\lumpy_skin_disease\roboflow__cattle-diseases__IMG_20220830_113832_jpg.rf.f4d7dbfca15793ec5a316b0cff0303a6.jpg,0
C:\Users\ashis\Desktop\ScanAI\dataset_manager\clean\skin\lumpy_skin_disease\kaggle__devang03mgr__cattle-diseases-datasets__IMG_20220906_172314_jpg.rf.3fab770672dd8e53490ead774d6502cf.jpg,C:\Users\ashis\Desktop\ScanAI\dataset_manager\clean\skin\lumpy_skin_disease\roboflow__cattle-diseases__IMG_20220906_172314_jpg.rf.78e2ca6d69add768680f2d33f3cad3ac.jpg,0
C:\Users\ashis\Desktop\ScanAI\dataset_manager\clean\skin\lumpy_skin_disease\kaggle__devang03mgr__cattle-diseases-datasets__IMG_20220906_172416_jpg.rf.154a1656189d70a92d099248c4c81f6f.jpg,C:\Users\ashis\Desktop\ScanAI\dataset_manager\clean\skin\lumpy_skin_disease\roboflow__cattle-diseases__IMG_20220906_172416_jpg.rf.d1f625a6052cafb914c245d54fe07294.jpg,0
C:\Users\ashis\Desktop\ScanAI\dataset_manager\clean\skin\lumpy_skin_disease\kaggle__devang03mgr__cattle-diseases-datasets__IMG_20220906_172416_jpg.rf.699c16b6e03c7d7e0959950450cb1724.jpg,C:\Users\ashis\Desktop\ScanAI\dataset_manager\clean\skin\lumpy_skin_disease\roboflow__cattle-diseases__IMG_20220906_172416_jpg.rf.ad9634ae35712597bff69bd6e2427336.jpg,0
C:\Users\ashis\Desktop\ScanAI\dataset_manager\clean\skin\lumpy_skin_disease\kaggle__devang03mgr__cattle-diseases-datasets__IMG_20220906_174444_jpg.rf.37da75769c06a5207a9cee82381a8f06.jpg,C:\Users\ashis\Desktop\ScanAI\dataset_manager\clean\skin\lumpy_skin_disease\roboflow__cattle-diseases__IMG_20220906_174444_jpg.rf.fe8a7c39b5357fc6e9462d92cd1793ba.jpg,0
C:\Users\ashis\Desktop\ScanAI\dataset_manager\clean\skin\lumpy_skin_disease\kaggle__devang03mgr__cattle-diseases-datasets__IMG_20220906_174657_jpg.rf.559587c41173eea6b13073c166b2b4e1.jpg,C:\Users\ashis\Desktop\ScanAI\dataset_manager\clean\skin\lumpy_skin_disease\roboflow__cattle-diseases__IMG_20220906_174657_jpg.rf.a478ae1ae19e614298167e40d81c4fc1.jpg,0
C:\Users\ashis\Desktop\ScanAI\dataset_manager\clean\skin\lumpy_skin_disease\kaggle__devang03mgr__cattle-diseases-datasets__IMG_20220906_174657_jpg.rf.b457df5bb8e6ac2bbc28f28efd5424c4.jpg,C:\Users\ashis\Desktop\ScanAI\dataset_manager\clean\skin\lumpy_skin_disease\roboflow__cattle-diseases__IMG_20220906_174657_jpg.rf.cfa85a501993fc75fba73688ca872cda.jpg,0
C:\Users\ashis\Desktop\ScanAI\dataset_manager\clean\skin\lumpy_skin_disease\kaggle__devang03mgr__cattle-diseases-datasets__IMG_20220907_184051_jpg.rf.1172ed6a2b8d8c032d5041bed86ba517.jpg,C:\Users\ashis\Desktop\ScanAI\dataset_manager\clean\skin\lumpy_skin_disease\roboflow__cattle-diseases__IMG_20220907_184051_jpg.rf.3742d25cbaaa9f7bd17214f3847076e5.jpg,0
C:\Users\ashis\Desktop\ScanAI\dataset_manager\clean\skin\lumpy_skin_disease\kaggle__devang03mgr__cattle-diseases-datasets__IMG_20220907_184051_jpg.rf.290759e54764206d171cd3a0dc22fbb0.jpg,C:\Users\ashis\Desktop\ScanAI\dataset_manager\clean\skin\lumpy_skin_disease\roboflow__cattle-diseases__IMG_20220907_184051_jpg.rf.fc68896c04425ccb95ad365395959179.jpg,0
C:\Users\ashis\Desktop\ScanAI\dataset_manager\clean\skin\lumpy_skin_disease\kaggle__devang03mgr__cattle-diseases-datasets__IMG_Lumpy_skin_disease_i_2_1_MAA9R3GQ_jpg.rf.c5a06cbc4336d8bdc29d50c8ead8fddc.jpg,C:\Users\ashis\Desktop\ScanAI\dataset_manager\clean\skin\lumpy_skin_disease\roboflow__cattle-diseases__IMG_Lumpy_skin_disease_i_2_1_MAA9R3GQ_jpg.rf.ea138ada9bb5de968b7ea244edd0315c.jpg,0
C:\Users\ashis\Desktop\ScanAI\dataset_manager\clean\skin\lumpy_skin_disease\kaggle__devang03mgr__cattle-diseases-datasets__LS-22_jpg.rf.43ff98de5b100331ec2e8c381e78dfae.jpg,C:\Users\ashis\Desktop\ScanAI\dataset_manager\clean\skin\lumpy_skin_disease\roboflow__lumpy-skin-disease-detection__Lumpy_Skin_310_png.rf.e1a20e6d5047eb024c8fe8e07092203e.jpg,4
C:\Users\ashis\Desktop\ScanAI\dataset_manager\clean\skin\lumpy_skin_disease\kaggle__devang03mgr__cattle-diseases-datasets__LSD-107-_png_jpg.rf.55bd5d7bfa50b0104e232a610f5dd7e5.jpg,C:\Users\ashis\Desktop\ScanAI\dataset_manager\clean\skin\lumpy_skin_disease\roboflow__lumpy-skin-disease-detection__Lumpy_Skin_113_png.rf.a5bf3614cc7d4ef2a9ef084e6e2ff390.jpg,0
C:\Users\ashis\Desktop\ScanAI\dataset_manager\clean\skin\lumpy_skin_disease\kaggle__devang03mgr__cattle-diseases-datasets__LSD-111-_png_jpg.rf.cb79015c9ad05dfee2a3997951caad0f.jpg,C:\Users\ashis\Desktop\ScanAI\dataset_manager\clean\skin\lumpy_skin_disease\roboflow__lumpy-skin-disease-detection__Lumpy_Skin_117_png.rf.71b9856cb6c74e67a1c915687092fdaa.jpg,0
C:\Users\ashis\Desktop\ScanAI\dataset_manager\clean\skin\lumpy_skin_disease\kaggle__devang03mgr__cattle-diseases-datasets__LSD-114-_png_jpg.rf.88ae277bc7a4766dd38c6bebff6b0f59.jpg,C:\Users\ashis\Desktop\ScanAI\dataset_manager\clean\skin\lumpy_skin_disease\roboflow__lumpy-skin-disease-detection__Lumpy_Skin_120_png.rf.a6ad5db6f22161990b2c1c928ccb4ac1.jpg,0
C:\Users\ashis\Desktop\ScanAI\dataset_manager\clean\skin\lumpy_skin_disease\kaggle__devang03mgr__cattle-diseases-datasets__LSD-117-_png_jpg.rf.b120ae7a2ca4cc7522e5b4f921142f66.jpg,C:\Users\ashis\Desktop\ScanAI\dataset_manager\clean\skin\lumpy_skin_disease\roboflow__lumpy-skin-disease-detection__Lumpy_Skin_123_png.rf.3129fa39d1b6c2fe6f3a5110644e2786.jpg,0
C:\Users\ashis\Desktop\ScanAI\dataset_manager\clean\skin\lumpy_skin_disease\kaggle__devang03mgr__cattle-diseases-datasets__LSD-122-_png_jpg.rf.0d1bfc1bb90a9a91c60e46e3b38eabf5.jpg,C:\Users\ashis\Desktop\ScanAI\dataset_manager\clean\skin\lumpy_skin_disease\roboflow__lumpy-skin-disease-detection__Lumpy_Skin_128_png.rf.da512a3c2c67fe605de7aaffbc3bef05.jpg,0
C:\Users\ashis\Desktop\ScanAI\dataset_manager\clean\skin\lumpy_skin_disease\kaggle__devang03mgr__cattle-diseases-datasets__LSD-124-_png_jpg.rf.7ccb52a7f27860d17c31bb539636cf34.jpg,C:\Users\ashis\Desktop\ScanAI\dataset_manager\clean\skin\lumpy_skin_disease\roboflow__lumpy-skin-disease-detection__Lumpy_Skin_130_png.rf.e9e850e94de1e80ba2ae6e1018db5987.jpg,0
C:\Users\ashis\Desktop\ScanAI\dataset_manager\clean\skin\lumpy_skin_disease\kaggle__devang03mgr__cattle-diseases-datasets__LSD-125-_png_jpg.rf.de24f4ce40d5c164b651dcf5fa21f91c.jpg,C:\Users\ashis\Desktop\ScanAI\dataset_manager\clean\skin\lumpy_skin_disease\roboflow__lumpy-skin-disease-detection__Lumpy_Skin_131_png.rf.88807c2ee2367c1d88b236ffbf9f9232.jpg,0
C:\Users\ashis\Desktop\ScanAI\dataset_manager\clean\skin\lumpy_skin_disease\kaggle__devang03mgr__cattle-diseases-datasets__LSD-140-_png_jpg.rf.86c730612df945caf81466fd03e6730d.jpg,C:\Users\ashis\Desktop\ScanAI\dataset_manager\clean\skin\lumpy_skin_disease\roboflow__lumpy-skin-disease-detection__Lumpy_Skin_146_png.rf.0198e2c6ef0ace82780c3463ad59f9a2.jpg,2
C:\Users\ashis\Desktop\ScanAI\dataset_manager\clean\skin\lumpy_skin_disease\kaggle__devang03mgr__cattle-diseases-datasets__LSD-140-_png_jpg.rf.86c730612df945caf81466fd03e6730d.jpg,C:\Users\ashis\Desktop\ScanAI\dataset_manager\clean\skin\lumpy_skin_disease\roboflow__lumpy-skin-disease-detection__Lumpy_Skin_302_png.rf.0d109a0f17ea0f8b56fa4add3977349e.jpg,0
C:\Users\ashis\Desktop\ScanAI\dataset_manager\clean\skin\lumpy_skin_disease\kaggle__devang03mgr__cattle-diseases-datasets__LSD-141-_png_jpg.rf.e032d789f475e6a05fbc375687c92444.jpg,C:\Users\ashis\Desktop\ScanAI\dataset_manager\clean\skin\lumpy_skin_disease\roboflow__lumpy-skin-disease-detection__Lumpy_Skin_147_png.rf.106f329fe2db9934403254bc67af6bc0.jpg,0
C:\Users\ashis\Desktop\ScanAI\dataset_manager\clean\skin\lumpy_skin_disease\kaggle__devang03mgr__cattle-diseases-datasets__LSD-141-_png_jpg.rf.e032d789f475e6a05fbc375687c92444.jpg,C:\Users\ashis\Desktop\ScanAI\dataset_manager\clean\skin\lumpy_skin_disease\roboflow__lumpy-skin-disease-detection__Lumpy_Skin_266_png.rf.61790c085cd75344816e38d223a1c14f.jpg,2
C:\Users\ashis\Desktop\ScanAI\dataset_manager\clean\skin\lumpy_skin_disease\kaggle__devang03mgr__cattle-diseases-datasets__LSD-144-_png_jpg.rf.2249acaca35b4d56f469ccfacdb562eb.jpg,C:\Users\ashis\Desktop\ScanAI\dataset_manager\clean\skin\lumpy_skin_disease\roboflow__lumpy-skin-disease-detection__Lumpy_Skin_152_png.rf.7afa6afdb318f61ca5cd1efaa19feb79.jpg,0
C:\Users\ashis\Desktop\ScanAI\dataset_manager\clean\skin\lumpy_skin_disease\kaggle__devang03mgr__cattle-diseases-datasets__LSD-146-_png_jpg.rf.b3e02f5f6e912a5937b7ef6bea20b349.jpg,C:\Users\ashis\Desktop\ScanAI\dataset_manager\clean\skin\lumpy_skin_disease\roboflow__lumpy-skin-disease-detection__Lumpy_Skin_15_png.rf.927d1b4c648a4d8afe181c761adb35d3.jpg,0
C:\Users\ashis\Desktop\ScanAI\dataset_manager\clean\skin\lumpy_skin_disease\kaggle__devang03mgr__cattle-diseases-datasets__LSD-149-_png_jpg.rf.1f607014f38ec31e8ebb48a417852321.jpg,C:\Users\ashis\Desktop\ScanAI\dataset_manager\clean\skin\lumpy_skin_disease\roboflow__lumpy-skin-disease-detection__Lumpy_Skin_158_png.rf.7fee2f5383bf4b6cbc09ea2a7a21b7c4.jpg,0
C:\Users\ashis\Desktop\ScanAI\dataset_manager\clean\skin\lumpy_skin_disease\kaggle__devang03mgr__cattle-diseases-datasets__LSD-150-_png_jpg.rf.8c379d2398ee4ee8891b2a65d880decd.jpg,C:\Users\ashis\Desktop\ScanAI\dataset_manager\clean\skin\lumpy_skin_disease\roboflow__lumpy-skin-disease-detection__Lumpy_Skin_159_png.rf.5c142f3a97084ab00fccf5b9947f93c7.jpg,0
C:\Users\ashis\Desktop\ScanAI\dataset_manager\clean\skin\lumpy_skin_disease\kaggle__devang03mgr__cattle-diseases-datasets__LSD-150-_png_jpg.rf.8c379d2398ee4ee8891b2a65d880decd.jpg,C:\Users\ashis\Desktop\ScanAI\dataset_manager\clean\skin\lumpy_skin_disease\roboflow__lumpy-skin-disease-detection__Lumpy_Skin_5_png.rf.d252327fc563595bdd46b33317dd0a49.jpg,2
C:\Users\ashis\Desktop\ScanAI\dataset_manager\clean\skin\lumpy_skin_disease\kaggle__devang03mgr__cattle-diseases-datasets__LSD-154-_png_jpg.rf.06e91508dea6bfd57f3ccb7ef89bca5f.jpg,C:\Users\ashis\Desktop\ScanAI\dataset_manager\clean\skin\lumpy_skin_disease\roboflow__lumpy-skin-disease-detection__Lumpy_Skin_163_png.rf.ee6d95c11f92c8efcb3934032a4a3ed7.jpg,2
C:\Users\ashis\Desktop\ScanAI\dataset_manager\clean\skin\lumpy_skin_disease\kaggle__devang03mgr__cattle-diseases-datasets__LSD-156-_png_jpg.rf.8d37e915e1c2afe5061d61c300f5c040.jpg,C:\Users\ashis\Desktop\ScanAI\dataset_manager\clean\skin\lumpy_skin_disease\roboflow__lumpy-skin-disease-detection__Lumpy_Skin_166_png.rf.cbae7f798235be5f5e194d774f7d9bdd.jpg,0
C:\Users\ashis\Desktop\ScanAI\dataset_manager\clean\skin\lumpy_skin_disease\kaggle__devang03mgr__cattle-diseases-datasets__LSD-157-_png_jpg.rf.65fa3a507be7e9f65a6e7eb68a0ba8c5.jpg,C:\Users\ashis\Desktop\ScanAI\dataset_manager\clean\skin\lumpy_skin_disease\roboflow__lumpy-skin-disease-detection__Lumpy_Skin_167_png.rf.33d3513e2cac7535fc5874d463e8d4dd.jpg,0
C:\Users\ashis\Desktop\ScanAI\dataset_manager\clean\skin\lumpy_skin_disease\kaggle__devang03mgr__cattle-diseases-datasets__LSD-159-_png_jpg.rf.97827b4b620c3494c341fa0c3eb252f3.jpg,C:\Users\ashis\Desktop\ScanAI\dataset_manager\clean\skin\lumpy_skin_disease\roboflow__lumpy-skin-disease-detection__Lumpy_Skin_169_png.rf.ba96b3e729e30940edcdcbf7fa2ffdef.jpg,0
C:\Users\ashis\Desktop\ScanAI\dataset_manager\clean\skin\lumpy_skin_disease\kaggle__devang03mgr__cattle-diseases-datasets__LSD-16-_png_jpg.rf.594b92eaf14398adacb35f22f88609e6.jpg,C:\Users\ashis\Desktop\ScanAI\dataset_manager\clean\skin\lumpy_skin_disease\roboflow__lumpy-skin-disease-detection__Lumpy_Skin_16_png.rf.2dfb5e257025aef7f26c716ca41d58ae.jpg,0
C:\Users\ashis\Desktop\ScanAI\dataset_manager\clean\skin\lumpy_skin_disease\kaggle__devang03mgr__cattle-diseases-datasets__LSD-161-_png_jpg.rf.c9357c315f3ebd2d8395c0f77a7ae4ad.jpg,C:\Users\ashis\Desktop\ScanAI\dataset_manager\clean\skin\lumpy_skin_disease\roboflow__lumpy-skin-disease-detection__Lumpy_Skin_171_png.rf.a37604ce79f22f3df895cf121b0a69e4.jpg,0
C:\Users\ashis\Desktop\ScanAI\dataset_manager\clean\skin\lumpy_skin_disease\kaggle__devang03mgr__cattle-diseases-datasets__LSD-167-_png_jpg.rf.48ff96c7157b5a139b2cecb00276062a.jpg,C:\Users\ashis\Desktop\ScanAI\dataset_manager\clean\skin\lumpy_skin_disease\roboflow__lumpy-skin-disease-detection__Lumpy_Skin_178_png.rf.33227c63203c250f89b28c536c48dd6f.jpg,2
C:\Users\ashis\Desktop\ScanAI\dataset_manager\clean\skin\lumpy_skin_disease\kaggle__devang03mgr__cattle-diseases-datasets__LSD-168-_png_jpg.rf.820a35ca2d3b0faf16f3cb68863ec50c.jpg,C:\Users\ashis\Desktop\ScanAI\dataset_manager\clean\skin\lumpy_skin_disease\roboflow__lumpy-skin-disease-detection__Lumpy_Skin_179_png.rf.fc575c5b075563de14b4feaa61088ab2.jpg,0
C:\Users\ashis\Desktop\ScanAI\dataset_manager\clean\skin\lumpy_skin_disease\kaggle__devang03mgr__cattle-diseases-datasets__LSD-171-_png_jpg.rf.43c1be44153da01959c61fd10b138046.jpg,C:\Users\ashis\Desktop\ScanAI\dataset_manager\clean\skin\lumpy_skin_disease\roboflow__lumpy-skin-disease-detection__Lumpy_Skin_183_png.rf.5d77b5d358e8a36e6a41bf4bdddc3cc7.jpg,2
C:\Users\ashis\Desktop\ScanAI\dataset_manager\clean\skin\lumpy_skin_disease\kaggle__devang03mgr__cattle-diseases-datasets__LSD-173-_png_jpg.rf.40773a4e94815b5a4ad917a23fafb4ea.jpg,C:\Users\ashis\Desktop\ScanAI\dataset_manager\clean\skin\lumpy_skin_disease\roboflow__lumpy-skin-disease-detection__Lumpy_Skin_185_png.rf.eb09a1bf08f904a6dc6d58db1d0c568f.jpg,0
C:\Users\ashis\Desktop\ScanAI\dataset_manager\clean\skin\lumpy_skin_disease\kaggle__devang03mgr__cattle-diseases-datasets__LSD-178-_png_jpg.rf.57f7674f88dee7c5a55bb2daa74dc444.jpg,C:\Users\ashis\Desktop\ScanAI\dataset_manager\clean\skin\lumpy_skin_disease\roboflow__lumpy-skin-disease-detection__Lumpy_Skin_191_png.rf.ee8ca127411771b1a218225228332a1e.jpg,2
C:\Users\ashis\Desktop\ScanAI\dataset_manager\clean\skin\lumpy_skin_disease\kaggle__devang03mgr__cattle-diseases-datasets__LSD-18-_png_jpg.rf.e3a91216550d6a5994692bc92ba0b2d3.jpg,C:\Users\ashis\Desktop\ScanAI\dataset_manager\clean\skin\lumpy_skin_disease\roboflow__lumpy-skin-disease-detection__Lumpy_Skin_126_png.rf.81c211074c06a98726817d0d24e91993.jpg,0
C:\Users\ashis\Desktop\ScanAI\dataset_manager\clean\skin\lumpy_skin_disease\kaggle__devang03mgr__cattle-diseases-datasets__LSD-18-_png_jpg.rf.e3a91216550d6a5994692bc92ba0b2d3.jpg,C:\Users\ashis\Desktop\ScanAI\dataset_manager\clean\skin\lumpy_skin_disease\roboflow__lumpy-skin-disease-detection__Lumpy_Skin_18_png.rf.7fc94f5e07e416e2964ed25a2d02f32c.jpg,0
C:\Users\ashis\Desktop\ScanAI\dataset_manager\clean\skin\lumpy_skin_disease\kaggle__devang03mgr__cattle-diseases-datasets__LSD-180-_png_jpg.rf.a703354579e51964feb9f7ce310c7a93.jpg,C:\Users\ashis\Desktop\ScanAI\dataset_manager\clean\skin\lumpy_skin_disease\roboflow__lumpy-skin-disease-detection__Lumpy_Skin_193_png.rf.59080627a39bdde575e702141ca57346.jpg,0
C:\Users\ashis\Desktop\ScanAI\dataset_manager\clean\skin\lumpy_skin_disease\kaggle__devang03mgr__cattle-diseases-datasets__LSD-183-_png_jpg.rf.af59bb7f7ab247026e9d1a5cb6ad3b2c.jpg,C:\Users\ashis\Desktop\ScanAI\dataset_manager\clean\skin\lumpy_skin_disease\roboflow__lumpy-skin-disease-detection__Lumpy_Skin_196_png.rf.9e7d64e8816c9d6c570301d4debe0936.jpg,2
C:\Users\ashis\Desktop\ScanAI\dataset_manager\clean\skin\lumpy_skin_disease\kaggle__devang03mgr__cattle-diseases-datasets__LSD-185-_png_jpg.rf.e91c8c3dc3fb9b9c75d4dc7ae82cc452.jpg,C:\Users\ashis\Desktop\ScanAI\dataset_manager\clean\skin\lumpy_skin_disease\roboflow__lumpy-skin-disease-detection__Lumpy_Skin_198_png.rf.a2c14e68db7b06beec69ab2b934151c2.jpg,0
C:\Users\ashis\Desktop\ScanAI\dataset_manager\clean\skin\lumpy_skin_disease\kaggle__devang03mgr__cattle-diseases-datasets__LSD-188-_png_jpg.rf.09c89ca9fda2cf51f661e0dbd1f04d86.jpg,C:\Users\ashis\Desktop\ScanAI\dataset_manager\clean\skin\lumpy_skin_disease\roboflow__lumpy-skin-disease-detection__Lumpy_Skin_201_png.rf.215685c429f9a46566cafa304a282ec1.jpg,0
C:\Users\ashis\Desktop\ScanAI\dataset_manager\clean\skin\lumpy_skin_disease\kaggle__devang03mgr__cattle-diseases-datasets__LSD-189-_png_jpg.rf.d75aaf23c5e306ccc2ad870e55df645a.jpg,C:\Users\ashis\Desktop\ScanAI\dataset_manager\clean\skin\lumpy_skin_disease\roboflow__lumpy-skin-disease-detection__Lumpy_Skin_202_png.rf.f931f663648caa06adae21fd2deafde8.jpg,0
C:\Users\ashis\Desktop\ScanAI\dataset_manager\clean\skin\lumpy_skin_disease\kaggle__devang03mgr__cattle-diseases-datasets__LSD-192-_png_jpg.rf.80de28fcf03623b8498d7ed125251c8f.jpg,C:\Users\ashis\Desktop\ScanAI\dataset_manager\clean\skin\lumpy_skin_disease\roboflow__lumpy-skin-disease-detection__Lumpy_Skin_205_png.rf.d766f64a66d0a9417f62393c1c66024f.jpg,0
C:\Users\ashis\Desktop\ScanAI\dataset_manager\clean\skin\lumpy_skin_disease\kaggle__devang03mgr__cattle-diseases-datasets__LSD-195-_png_jpg.rf.52c1a44847ea00f774cc7128ed5a5c14.jpg,C:\Users\ashis\Desktop\ScanAI\dataset_manager\clean\skin\lumpy_skin_disease\roboflow__lumpy-skin-disease-detection__Lumpy_Skin_208_png.rf.9810ab4c9f23e3ba54fd5cbe932c87d0.jpg,0
C:\Users\ashis\Desktop\ScanAI\dataset_manager\clean\skin\lumpy_skin_disease\kaggle__devang03mgr__cattle-diseases-datasets__LSD-2-_png_jpg.rf.79d40358f6db906819afc56b1cd7cb98.jpg,C:\Users\ashis\Desktop\ScanAI\dataset_manager\clean\skin\lumpy_skin_disease\roboflow__lumpy-skin-disease-detection__Lumpy_Skin_2_png.rf.7fa6e818afe35cf7e6cb11578bfe2ce4.jpg,0
C:\Users\ashis\Desktop\ScanAI\dataset_manager\clean\skin\lumpy_skin_disease\kaggle__devang03mgr__cattle-diseases-datasets__LSD-20-_png_jpg.rf.2fc72f5e7b42cdde7529e9847e93d8b7.jpg,C:\Users\ashis\Desktop\ScanAI\dataset_manager\clean\skin\lumpy_skin_disease\roboflow__lumpy-skin-disease-detection__Lumpy_Skin_20_png.rf.87f97de002eb61b8cccbc581d7400b10.jpg,0
C:\Users\ashis\Desktop\ScanAI\dataset_manager\clean\skin\lumpy_skin_disease\kaggle__devang03mgr__cattle-diseases-datasets__LSD-201-_jpg.rf.11646df4759dbafc30d7e41f5a75232d.jpg,C:\Users\ashis\Desktop\ScanAI\dataset_manager\clean\skin\lumpy_skin_disease\roboflow__lumpy-skin-disease-detection__Lumpy_Skin_215_png.rf.6568d554709b9cf2fbd9f9cf20c761f5.jpg,4
C:\Users\ashis\Desktop\ScanAI\dataset_manager\clean\skin\lumpy_skin_disease\kaggle__devang03mgr__cattle-diseases-datasets__LSD-202-_png_jpg.rf.4c0dd4bf51f1187b18d590ee46861c95.jpg,C:\Users\ashis\Desktop\ScanAI\dataset_manager\clean\skin\lumpy_skin_disease\roboflow__lumpy-skin-disease-detection__Lumpy_Skin_216_png.rf.fc9acedfea8e8c5fe5b74c01beb8742b.jpg,0
C:\Users\ashis\Desktop\ScanAI\dataset_manager\clean\skin\lumpy_skin_disease\kaggle__devang03mgr__cattle-diseases-datasets__LSD-204-_png_jpg.rf.fefa7bbd31bfe3ef84ce391382beb590.jpg,C:\Users\ashis\Desktop\ScanAI\dataset_manager\clean\skin\lumpy_skin_disease\roboflow__lumpy-skin-disease-detection__Lumpy_Skin_218_png.rf.f6da20861a176e7051d615bedea78173.jpg,0
C:\Users\ashis\Desktop\ScanAI\dataset_manager\clean\skin\lumpy_skin_disease\kaggle__devang03mgr__cattle-diseases-datasets__LSD-208-_png_jpg.rf.e86a45bebb8fda8becfd368d8fc1d6cb.jpg,C:\Users\ashis\Desktop\ScanAI\dataset_manager\clean\skin\lumpy_skin_disease\roboflow__lumpy-skin-disease-detection__Lumpy_Skin_223_png.rf.55194eaec29d39bf729349b7a0120f1c.jpg,0
C:\Users\ashis\Desktop\ScanAI\dataset_manager\clean\skin\lumpy_skin_disease\kaggle__devang03mgr__cattle-diseases-datasets__LSD-208-_png_jpg.rf.e86a45bebb8fda8becfd368d8fc1d6cb.jpg,C:\Users\ashis\Desktop\ScanAI\dataset_manager\clean\skin\lumpy_skin_disease\roboflow__lumpy-skin-disease-detection__Lumpy_Skin_309_png.rf.fd7bbcf6bbc0b2db2ecb6d20d1232611.jpg,0
C:\Users\ashis\Desktop\ScanAI\dataset_manager\clean\skin\lumpy_skin_disease\kaggle__devang03mgr__cattle-diseases-datasets__LSD-217-_png_jpg.rf.2c7a0bf93b340f83be82d2393a366414.jpg,C:\Users\ashis\Desktop\ScanAI\dataset_manager\clean\skin\lumpy_skin_disease\roboflow__lumpy-skin-disease-detection__Lumpy_Skin_235_png.rf.cd561291bb0554f7a7c27df312104427.jpg,0
C:\Users\ashis\Desktop\ScanAI\dataset_manager\clean\skin\lumpy_skin_disease\kaggle__devang03mgr__cattle-diseases-datasets__LSD-217-_png_jpg.rf.2c7a0bf93b340f83be82d2393a366414.jpg,C:\Users\ashis\Desktop\ScanAI\dataset_manager\clean\skin\lumpy_skin_disease\roboflow__lumpy-skin-disease-detection__Lumpy_Skin_316_png.rf.c50521ca66224fed82869a388c3546c1.jpg,0
C:\Users\ashis\Desktop\ScanAI\dataset_manager\clean\skin\lumpy_skin_disease\kaggle__devang03mgr__cattle-diseases-datasets__LSD-223-_png_jpg.rf.dfe285a223273b4b3f92f0c68b204d7b.jpg,C:\Users\ashis\Desktop\ScanAI\dataset_manager\clean\skin\lumpy_skin_disease\roboflow__lumpy-skin-disease-detection__Lumpy_Skin_254_png.rf.3d9bdd206de98c5d34eeb59bf33b47cc.jpg,0
C:\Users\ashis\Desktop\ScanAI\dataset_manager\clean\skin\lumpy_skin_disease\kaggle__devang03mgr__cattle-diseases-datasets__LSD-226-_png_jpg.rf.caff30c0cb5df9dfb171abd716833286.jpg,C:\Users\ashis\Desktop\ScanAI\dataset_manager\clean\skin\lumpy_skin_disease\roboflow__lumpy-skin-disease-detection__Lumpy_Skin_24_png.rf.179d514d6a1ba2cb2b9679eafdd9232f.jpg,0
C:\Users\ashis\Desktop\ScanAI\dataset_manager\clean\skin\lumpy_skin_disease\kaggle__devang03mgr__cattle-diseases-datasets__LSD-226-_png_jpg.rf.caff30c0cb5df9dfb171abd716833286.jpg,C:\Users\ashis\Desktop\ScanAI\dataset_manager\clean\skin\lumpy_skin_disease\roboflow__lumpy-skin-disease-detection__Lumpy_Skin_257_png.rf.dee3a319790989f37cdcb1b6074ddb55.jpg,0
C:\Users\ashis\Desktop\ScanAI\dataset_manager\clean\skin\lumpy_skin_disease\kaggle__devang03mgr__cattle-diseases-datasets__LSD-228-_png_jpg.rf.9d312accbc4525b3bfd977b9ac9b3b0f.jpg,C:\Users\ashis\Desktop\ScanAI\dataset_manager\clean\skin\lumpy_skin_disease\roboflow__lumpy-skin-disease-detection__Lumpy_Skin_261_png.rf.f1d54671bf7996893a5a8a618cbd03ff.jpg,0
C:\Users\ashis\Desktop\ScanAI\dataset_manager\clean\skin\lumpy_skin_disease\kaggle__devang03mgr__cattle-diseases-datasets__LSD-237-_png_jpg.rf.3773e1cb7148a99d3486401ff219f8a2.jpg,C:\Users\ashis\Desktop\ScanAI\dataset_manager\clean\skin\lumpy_skin_disease\roboflow__lumpy-skin-disease-detection__Lumpy_Skin_277_png.rf.1af42565e44ca5d91366e95cac3e608e.jpg,0
C:\Users\ashis\Desktop\ScanAI\dataset_manager\clean\skin\lumpy_skin_disease\kaggle__devang03mgr__cattle-diseases-datasets__LSD-239-_png_jpg.rf.751c92c71dc4905495d33b8156b7dbd7.jpg,C:\Users\ashis\Desktop\ScanAI\dataset_manager\clean\skin\lumpy_skin_disease\roboflow__lumpy-skin-disease-detection__Lumpy_Skin_279_png.rf.e98d2e21a7b8a2a60367604b1ee45c5d.jpg,0
C:\Users\ashis\Desktop\ScanAI\dataset_manager\clean\skin\lumpy_skin_disease\kaggle__devang03mgr__cattle-diseases-datasets__LSD-241-_png_jpg.rf.932b92ebb5ec28bbd59987e6e1ab6486.jpg,C:\Users\ashis\Desktop\ScanAI\dataset_manager\clean\skin\lumpy_skin_disease\roboflow__lumpy-skin-disease-detection__Lumpy_Skin_283_png.rf.47eb964d92838a3f1c25f1957c94bf49.jpg,2
C:\Users\ashis\Desktop\ScanAI\dataset_manager\clean\skin\lumpy_skin_disease\kaggle__devang03mgr__cattle-diseases-datasets__LSD-242-_png_jpg.rf.33ba8c7f64d1b9b360ebb4dcdd21692e.jpg,C:\Users\ashis\Desktop\ScanAI\dataset_manager\clean\skin\lumpy_skin_disease\roboflow__lumpy-skin-disease-detection__Lumpy_Skin_286_png.rf.39b8118bda062b7742ff6367a90964fe.jpg,0
C:\Users\ashis\Desktop\ScanAI\dataset_manager\clean\skin\lumpy_skin_disease\kaggle__devang03mgr__cattle-diseases-datasets__LSD-25-_png_jpg.rf.6673011b60971e9159f115f81f206413.jpg,C:\Users\ashis\Desktop\ScanAI\dataset_manager\clean\skin\lumpy_skin_disease\roboflow__lumpy-skin-disease-detection__Lumpy_Skin_26_png.rf.a3bb566cd0b74ae82b45b551cd7390ea.jpg,0
C:\Users\ashis\Desktop\ScanAI\dataset_manager\clean\skin\lumpy_skin_disease\kaggle__devang03mgr__cattle-diseases-datasets__LSD-25-_png_jpg.rf.6673011b60971e9159f115f81f206413.jpg,C:\Users\ashis\Desktop\ScanAI\dataset_manager\clean\skin\lumpy_skin_disease\roboflow__lumpy-skin-disease-detection__Lumpy_Skin_87_png.rf.f862ead7ab0d7cbab1e31c0e375bfda7.jpg,0
C:\Users\ashis\Desktop\ScanAI\dataset_manager\clean\skin\lumpy_skin_disease\kaggle__devang03mgr__cattle-diseases-datasets__LSD-253-_png_jpg.rf.13cc6a05ca35ca660240f4a594c4ac50.jpg,C:\Users\ashis\Desktop\ScanAI\dataset_manager\clean\skin\lumpy_skin_disease\roboflow__lumpy-skin-disease-detection__Lumpy_Skin_273_png.rf.2c5c44e87bb29494d5d8c7a4342bbeb3.jpg,2
C:\Users\ashis\Desktop\ScanAI\dataset_manager\clean\skin\lumpy_skin_disease\kaggle__devang03mgr__cattle-diseases-datasets__LSD-253-_png_jpg.rf.13cc6a05ca35ca660240f4a594c4ac50.jpg,C:\Users\ashis\Desktop\ScanAI\dataset_manager\clean\skin\lumpy_skin_disease\roboflow__lumpy-skin-disease-detection__Lumpy_Skin_297_png.rf.77d028eed4b32a9b7d22aa39638d4f17.jpg,0
C:\Users\ashis\Desktop\ScanAI\dataset_manager\clean\skin\lumpy_skin_disease\kaggle__devang03mgr__cattle-diseases-datasets__LSD-256-_png_jpg.rf.b628c46afda5f237c236b29df1786f48.jpg,C:\Users\ashis\Desktop\ScanAI\dataset_manager\clean\skin\lumpy_skin_disease\roboflow__lumpy-skin-disease-detection__Lumpy_Skin_105_png.rf.ab8733b0d0058c34cda1f2e0f449b293.jpg,2
C:\Users\ashis\Desktop\ScanAI\dataset_manager\clean\skin\lumpy_skin_disease\kaggle__devang03mgr__cattle-diseases-datasets__LSD-256-_png_jpg.rf.b628c46afda5f237c236b29df1786f48.jpg,C:\Users\ashis\Desktop\ScanAI\dataset_manager\clean\skin\lumpy_skin_disease\roboflow__lumpy-skin-disease-detection__Lumpy_Skin_301_png.rf.bf5b633c91454e0f173b389bb50fb0b7.jpg,0
C:\Users\ashis\Desktop\ScanAI\dataset_manager\clean\skin\lumpy_skin_disease\kaggle__devang03mgr__cattle-diseases-datasets__LSD-27-_png_jpg.rf.e56c0fa7cf8080466312f9e0e48b4af7.jpg,C:\Users\ashis\Desktop\ScanAI\dataset_manager\clean\skin\lumpy_skin_disease\roboflow__lumpy-skin-disease-detection__Lumpy_Skin_29_png.rf.bd3b84293d44f2164d3241eb99e66f43.jpg,0
C:\Users\ashis\Desktop\ScanAI\dataset_manager\clean\skin\lumpy_skin_disease\kaggle__devang03mgr__cattle-diseases-datasets__LSD-271-_png_jpg.rf.fd7222eaf875bd76d2cc9514562b5962.jpg,C:\Users\ashis\Desktop\ScanAI\dataset_manager\clean\skin\lumpy_skin_disease\roboflow__lumpy-skin-disease-detection__Lumpy_Skin_319_png.rf.11e6d651e9f5349f2b6403362da37e47.jpg,0
C:\Users\ashis\Desktop\ScanAI\dataset_manager\clean\skin\lumpy_skin_disease\kaggle__devang03mgr__cattle-diseases-datasets__LSD-272-_jpg.rf.ff24dcf3c1a5acc503891fa06dc3ea38.jpg,C:\Users\ashis\Desktop\ScanAI\dataset_manager\clean\skin\lumpy_skin_disease\roboflow__lumpy-skin-disease-detection__Lumpy_Skin_321_png.rf.5a9a6b75029aaa28e311294e68e288d7.jpg,0
C:\Users\ashis\Desktop\ScanAI\dataset_manager\clean\skin\lumpy_skin_disease\kaggle__devang03mgr__cattle-diseases-datasets__LSD-28-_png_jpg.rf.775a68a806414fa6829943753b6465ad.jpg,C:\Users\ashis\Desktop\ScanAI\dataset_manager\clean\skin\lumpy_skin_disease\roboflow__lumpy-skin-disease-detection__Lumpy_Skin_30_png.rf.aff094c6cc299dd371619bcaaa9aa2fd.jpg,0
C:\Users\ashis\Desktop\ScanAI\dataset_manager\clean\skin\lumpy_skin_disease\kaggle__devang03mgr__cattle-diseases-datasets__LSD-29-_png_jpg.rf.2602962613d7c719ad5ebf260d782f87.jpg,C:\Users\ashis\Desktop\ScanAI\dataset_manager\clean\skin\lumpy_skin_disease\roboflow__lumpy-skin-disease-detection__Lumpy_Skin_31_png.rf.3215cf93f64f9778f365d0b4b491b1dd.jpg,0
C:\Users\ashis\Desktop\ScanAI\dataset_manager\clean\skin\lumpy_skin_disease\kaggle__devang03mgr__cattle-diseases-datasets__LSD-33-_png_jpg.rf.60d89448e86c447faf9a00afbb2766e7.jpg,C:\Users\ashis\Desktop\ScanAI\dataset_manager\clean\skin\lumpy_skin_disease\roboflow__lumpy-skin-disease-detection__Lumpy_Skin_36_png.rf.35881345b32a50cdcdce115b9222c33b.jpg,0
C:\Users\ashis\Desktop\ScanAI\dataset_manager\clean\skin\lumpy_skin_disease\kaggle__devang03mgr__cattle-diseases-datasets__LSD-38-_png_jpg.rf.941ea7941486495955db39b68888ece4.jpg,C:\Users\ashis\Desktop\ScanAI\dataset_manager\clean\skin\lumpy_skin_disease\roboflow__lumpy-skin-disease-detection__Lumpy_Skin_41_png.rf.7d3246728a6f97740d8152ed21376462.jpg,0
C:\Users\ashis\Desktop\ScanAI\dataset_manager\clean\skin\lumpy_skin_disease\kaggle__devang03mgr__cattle-diseases-datasets__LSD-44-_png_jpg.rf.99e3718b9de525d4b6efce054b2a510f.jpg,C:\Users\ashis\Desktop\ScanAI\dataset_manager\clean\skin\lumpy_skin_disease\roboflow__lumpy-skin-disease-detection__Lumpy_Skin_47_png.rf.c2ea5b8416f3454deb8b038d876f92b5.jpg,0
C:\Users\ashis\Desktop\ScanAI\dataset_manager\clean\skin\lumpy_skin_disease\kaggle__devang03mgr__cattle-diseases-datasets__LSD-45-_png_jpg.rf.3c288ef557554b41a1c3f497a6d20d62.jpg,C:\Users\ashis\Desktop\ScanAI\dataset_manager\clean\skin\lumpy_skin_disease\roboflow__lumpy-skin-disease-detection__Lumpy_Skin_48_png.rf.2377a0f424a34f6189ecf5031d472882.jpg,0
C:\Users\ashis\Desktop\ScanAI\dataset_manager\clean\skin\lumpy_skin_disease\kaggle__devang03mgr__cattle-diseases-datasets__LSD-53-_png_jpg.rf.28db61465aab5fdcb6fbbebb5a879684.jpg,C:\Users\ashis\Desktop\ScanAI\dataset_manager\clean\skin\lumpy_skin_disease\roboflow__lumpy-skin-disease-detection__Lumpy_Skin_56_png.rf.0dbb8557ae3512763e70865df432b0da.jpg,2
C:\Users\ashis\Desktop\ScanAI\dataset_manager\clean\skin\lumpy_skin_disease\kaggle__devang03mgr__cattle-diseases-datasets__LSD-71-_png_jpg.rf.58f5a26499b6692cb5e9d02ee7d3bca5.jpg,C:\Users\ashis\Desktop\ScanAI\dataset_manager\clean\skin\lumpy_skin_disease\roboflow__lumpy-skin-disease-detection__Lumpy_Skin_76_png.rf.2f2f6e918fa8a9aff8f580458c7b93ec.jpg,2
C:\Users\ashis\Desktop\ScanAI\dataset_manager\clean\skin\lumpy_skin_disease\kaggle__devang03mgr__cattle-diseases-datasets__LSD-76-_png_jpg.rf.3c9d55620f57ffc420b6d3271d401050.jpg,C:\Users\ashis\Desktop\ScanAI\dataset_manager\clean\skin\lumpy_skin_disease\roboflow__lumpy-skin-disease-detection__Lumpy_Skin_82_png.rf.4c3f7a8ebbe7b3e64f770759ec836f1b.jpg,0
C:\Users\ashis\Desktop\ScanAI\dataset_manager\clean\skin\lumpy_skin_disease\kaggle__devang03mgr__cattle-diseases-datasets__LSD-77-_png_jpg.rf.e6ad2deb50df92d59a88a19f6613b396.jpg,C:\Users\ashis\Desktop\ScanAI\dataset_manager\clean\skin\lumpy_skin_disease\roboflow__lumpy-skin-disease-detection__Lumpy_Skin_83_png.rf.6a0bee572fe5dea6cf9b7761e24bda67.jpg,0
C:\Users\ashis\Desktop\ScanAI\dataset_manager\clean\skin\lumpy_skin_disease\kaggle__devang03mgr__cattle-diseases-datasets__LSD-83-_png_jpg.rf.ff3da07149b6e07e2a9bf67b960b5f6d.jpg,C:\Users\ashis\Desktop\ScanAI\dataset_manager\clean\skin\lumpy_skin_disease\roboflow__lumpy-skin-disease-detection__Lumpy_Skin_89_png.rf.c090aee0e426c6848cb21a88c0074979.jpg,0
C:\Users\ashis\Desktop\ScanAI\dataset_manager\clean\skin\lumpy_skin_disease\kaggle__devang03mgr__cattle-diseases-datasets__LSD-89-_jpg.rf.d0aad20ea21843af108922ec2cbbd741.jpg,C:\Users\ashis\Desktop\ScanAI\dataset_manager\clean\skin\lumpy_skin_disease\roboflow__lumpy-skin-disease-detection__Lumpy_Skin_95_png.rf.ec30e1ac1bd373710d62c712e4729362.jpg,2
C:\Users\ashis\Desktop\ScanAI\dataset_manager\clean\skin\lumpy_skin_disease\kaggle__devang03mgr__cattle-diseases-datasets__LSD-90-_png_jpg.rf.ac2538a01fb64bb4fa933961648a4ca3.jpg,C:\Users\ashis\Desktop\ScanAI\dataset_manager\clean\skin\lumpy_skin_disease\roboflow__lumpy-skin-disease-detection__Lumpy_Skin_96_png.rf.7a36a5cb4007b14ae69052cfd895b469.jpg,0
C:\Users\ashis\Desktop\ScanAI\dataset_manager\clean\skin\lumpy_skin_disease\kaggle__devang03mgr__cattle-diseases-datasets__LSD-94-_png_jpg.rf.a8ccf61050d75cbc7580bafac786779b.jpg,C:\Users\ashis\Desktop\ScanAI\dataset_manager\clean\skin\lumpy_skin_disease\roboflow__lumpy-skin-disease-detection__Lumpy_Skin_100_png.rf.5b13aa8c293e25939c7e4262c17009b3.jpg,0
C:\Users\ashis\Desktop\ScanAI\dataset_manager\clean\skin\lumpy_skin_disease\kaggle__devang03mgr__cattle-diseases-datasets__Lumpy_Skin-resized.jpg,C:\Users\ashis\Desktop\ScanAI\dataset_manager\clean\skin\lumpy_skin_disease\roboflow__lumpy-skin-disease-detection__Lumpy_Skin_png.rf.2ed4b8b88837de46f89f10cba6b17848.jpg,0
C:\Users\ashis\Desktop\ScanAI\dataset_manager\clean\skin\lumpy_skin_disease\kaggle__devang03mgr__cattle-diseases-datasets__Lumpy_Skin_10-resized.jpg,C:\Users\ashis\Desktop\ScanAI\dataset_manager\clean\skin\lumpy_skin_disease\roboflow__lumpy-skin-disease-detection__Lumpy_Skin_10_png.rf.e68daba369909be1ee5b871cc95a12b1.jpg,0
C:\Users\ashis\Desktop\ScanAI\dataset_manager\clean\skin\lumpy_skin_disease\kaggle__devang03mgr__cattle-diseases-datasets__Lumpy_Skin_103-resized.jpg,C:\Users\ashis\Desktop\ScanAI\dataset_manager\clean\skin\lumpy_skin_disease\roboflow__lumpy-skin-disease-detection__Lumpy_Skin_103_png.rf.c76ddf66b06576f6f2aa848d41d6be84.jpg,0
C:\Users\ashis\Desktop\ScanAI\dataset_manager\clean\skin\lumpy_skin_disease\kaggle__devang03mgr__cattle-diseases-datasets__Lumpy_Skin_107-resized.jpg,C:\Users\ashis\Desktop\ScanAI\dataset_manager\clean\skin\lumpy_skin_disease\roboflow__lumpy-skin-disease-detection__Lumpy_Skin_107_png.rf.75ac144c0997c5e986164d92f37cabb9.jpg,0
C:\Users\ashis\Desktop\ScanAI\dataset_manager\clean\skin\lumpy_skin_disease\kaggle__devang03mgr__cattle-diseases-datasets__Lumpy_Skin_11-resized.jpg,C:\Users\ashis\Desktop\ScanAI\dataset_manager\clean\skin\lumpy_skin_disease\roboflow__lumpy-skin-disease-detection__Lumpy_Skin_11_png.rf.05a1766bc41c2992171df1b5fc0867ae.jpg,0
C:\Users\ashis\Desktop\ScanAI\dataset_manager\clean\skin\lumpy_skin_disease\kaggle__devang03mgr__cattle-diseases-datasets__Lumpy_Skin_119-resized.jpg,C:\Users\ashis\Desktop\ScanAI\dataset_manager\clean\skin\lumpy_skin_disease\roboflow__lumpy-skin-disease-detection__Lumpy_Skin_119_png.rf.23d8f1e2e2759b1659839692902d68be.jpg,0
C:\Users\ashis\Desktop\ScanAI\dataset_manager\clean\skin\lumpy_skin_disease\kaggle__devang03mgr__cattle-diseases-datasets__Lumpy_Skin_137-resized.jpg,C:\Users\ashis\Desktop\ScanAI\dataset_manager\clean\skin\lumpy_skin_disease\roboflow__lumpy-skin-disease-detection__Lumpy_Skin_137_png.rf.1f6f508a995d418cb600f09bab098243.jpg,0
C:\Users\ashis\Desktop\ScanAI\dataset_manager\clean\skin\lumpy_skin_disease\kaggle__devang03mgr__cattle-diseases-datasets__Lumpy_Skin_140-resized.jpg,C:\Users\ashis\Desktop\ScanAI\dataset_manager\clean\skin\lumpy_skin_disease\roboflow__lumpy-skin-disease-detection__Lumpy_Skin_140_png.rf.fdb03eac06951ad90c083df67cd40068.jpg,0
C:\Users\ashis\Desktop\ScanAI\dataset_manager\clean\skin\lumpy_skin_disease\kaggle__devang03mgr__cattle-diseases-datasets__Lumpy_Skin_149-resized.jpg,C:\Users\ashis\Desktop\ScanAI\dataset_manager\clean\skin\lumpy_skin_disease\roboflow__lumpy-skin-disease-detection__Lumpy_Skin_149_png.rf.43ee0d18b0363370352031eea1fc9a83.jpg,0
C:\Users\ashis\Desktop\ScanAI\dataset_manager\clean\skin\lumpy_skin_disease\kaggle__devang03mgr__cattle-diseases-datasets__Lumpy_Skin_150_png.rf.02bb954c82600a04f91097c5444873d8.jpg,C:\Users\ashis\Desktop\ScanAI\dataset_manager\clean\skin\lumpy_skin_disease\roboflow__lumpy-skin-disease-detection__Lumpy_Skin_150_png.rf.784ffdc523e866ac15edb55d28666db8.jpg,0
C:\Users\ashis\Desktop\ScanAI\dataset_manager\clean\skin\lumpy_skin_disease\kaggle__devang03mgr__cattle-diseases-datasets__Lumpy_Skin_157_png.rf.36484ce6e38c7a777d40276ff4843315.jpg,C:\Users\ashis\Desktop\ScanAI\dataset_manager\clean\skin\lumpy_skin_disease\roboflow__lumpy-skin-disease-detection__Lumpy_Skin_157_png.rf.bf1feb72f11119e514863f1d29f8d5ad.jpg,0
C:\Users\ashis\Desktop\ScanAI\dataset_manager\clean\skin\lumpy_skin_disease\kaggle__devang03mgr__cattle-diseases-datasets__Lumpy_Skin_160_png.rf.6b92af3d17b044270b37d331256f3b6b.jpg,C:\Users\ashis\Desktop\ScanAI\dataset_manager\clean\skin\lumpy_skin_disease\roboflow__lumpy-skin-disease-detection__Lumpy_Skin_160_png.rf.ad6057c6be662f9e0df6a00a08e1906b.jpg,0
C:\Users\ashis\Desktop\ScanAI\dataset_manager\clean\skin\lumpy_skin_disease\kaggle__devang03mgr__cattle-diseases-datasets__Lumpy_Skin_161_png.rf.0d16825031cf5103d3d629c3be1b0d90.jpg,C:\Users\ashis\Desktop\ScanAI\dataset_manager\clean\skin\lumpy_skin_disease\roboflow__lumpy-skin-disease-detection__Lumpy_Skin_161_png.rf.0d4041da4c78b0d9fb5343ca59bc502c.jpg,0
C:\Users\ashis\Desktop\ScanAI\dataset_manager\clean\skin\lumpy_skin_disease\kaggle__devang03mgr__cattle-diseases-datasets__Lumpy_Skin_168-resized.jpg,C:\Users\ashis\Desktop\ScanAI\dataset_manager\clean\skin\lumpy_skin_disease\roboflow__lumpy-skin-disease-detection__Lumpy_Skin_168_png.rf.c7dee56385031f8a3a1c5b80ab8eb5e3.jpg,0
C:\Users\ashis\Desktop\ScanAI\dataset_manager\clean\skin\lumpy_skin_disease\kaggle__devang03mgr__cattle-diseases-datasets__Lumpy_Skin_168-resized.jpg,C:\Users\ashis\Desktop\ScanAI\dataset_manager\clean\skin\lumpy_skin_disease\roboflow__lumpy-skin-disease-detection__Lumpy_Skin_294_png.rf.b0c997052dad6d1421b29617f5b05607.jpg,0
C:\Users\ashis\Desktop\ScanAI\dataset_manager\clean\skin\lumpy_skin_disease\kaggle__devang03mgr__cattle-diseases-datasets__Lumpy_Skin_172_png.rf.cf3382fec918e2a00c5dcad52bcf8afa.jpg,C:\Users\ashis\Desktop\ScanAI\dataset_manager\clean\skin\lumpy_skin_disease\roboflow__lumpy-skin-disease-detection__Lumpy_Skin_172_png.rf.4f8468b828e4ca7e69b670c023084905.jpg,0
C:\Users\ashis\Desktop\ScanAI\dataset_manager\clean\skin\lumpy_skin_disease\kaggle__devang03mgr__cattle-diseases-datasets__Lumpy_Skin_173_png.rf.d07a72e6b3c8f3e1e298d986ddb22009.jpg,C:\Users\ashis\Desktop\ScanAI\dataset_manager\clean\skin\lumpy_skin_disease\roboflow__lumpy-skin-disease-detection__Lumpy_Skin_173_png.rf.373f6c387527357900be9bafbe26f1f9.jpg,0
C:\Users\ashis\Desktop\ScanAI\dataset_manager\clean\skin\lumpy_skin_disease\kaggle__devang03mgr__cattle-diseases-datasets__Lumpy_Skin_17_png.rf.824d377415d38cd498b824ae91597830.jpg,C:\Users\ashis\Desktop\ScanAI\dataset_manager\clean\skin\lumpy_skin_disease\roboflow__lumpy-skin-disease-detection__Lumpy_Skin_17_png.rf.bb962a86756bd434580cdd95298becd3.jpg,0
C:\Users\ashis\Desktop\ScanAI\dataset_manager\clean\skin\lumpy_skin_disease\kaggle__devang03mgr__cattle-diseases-datasets__Lumpy_Skin_189_png.rf.39bd38be1aa7dde81f23c78cde0fe5a7.jpg,C:\Users\ashis\Desktop\ScanAI\dataset_manager\clean\skin\lumpy_skin_disease\roboflow__lumpy-skin-disease-detection__Lumpy_Skin_189_png.rf.620e8cf1f5d060b32cdfe0d820a8c29b.jpg,0
C:\Users\ashis\Desktop\ScanAI\dataset_manager\clean\skin\lumpy_skin_disease\kaggle__devang03mgr__cattle-diseases-datasets__Lumpy_Skin_200_png.rf.39ff89fe09c476f7915fd98568076e7b.jpg,C:\Users\ashis\Desktop\ScanAI\dataset_manager\clean\skin\lumpy_skin_disease\roboflow__lumpy-skin-disease-detection__Lumpy_Skin_110_png.rf.2017de9ee5e9a006124b8a21f0a1a045.jpg,4
C:\Users\ashis\Desktop\ScanAI\dataset_manager\clean\skin\lumpy_skin_disease\kaggle__devang03mgr__cattle-diseases-datasets__Lumpy_Skin_200_png.rf.39ff89fe09c476f7915fd98568076e7b.jpg,C:\Users\ashis\Desktop\ScanAI\dataset_manager\clean\skin\lumpy_skin_disease\roboflow__lumpy-skin-disease-detection__Lumpy_Skin_200_png.rf.2a9e19fc0e0b3716b7fee87d5e759ceb.jpg,0
C:\Users\ashis\Desktop\ScanAI\dataset_manager\clean\skin\lumpy_skin_disease\kaggle__devang03mgr__cattle-diseases-datasets__Lumpy_Skin_203_png.rf.08073ab490271a2bad3c17ad412b20b8.jpg,C:\Users\ashis\Desktop\ScanAI\dataset_manager\clean\skin\lumpy_skin_disease\roboflow__lumpy-skin-disease-detection__Lumpy_Skin_203_png.rf.802da74485406b4d9ae41f9021f19d56.jpg,0
C:\Users\ashis\Desktop\ScanAI\dataset_manager\clean\skin\lumpy_skin_disease\kaggle__devang03mgr__cattle-diseases-datasets__Lumpy_Skin_204_png.rf.3a2d031280c69a05dad9cb1f4554e505.jpg,C:\Users\ashis\Desktop\ScanAI\dataset_manager\clean\skin\lumpy_skin_disease\roboflow__lumpy-skin-disease-detection__Lumpy_Skin_204_png.rf.198b89431ff5ed79a3393c1b616b9de6.jpg,0
C:\Users\ashis\Desktop\ScanAI\dataset_manager\clean\skin\lumpy_skin_disease\kaggle__devang03mgr__cattle-diseases-datasets__Lumpy_Skin_220_png.rf.860edc7ef88c12d0c3071b49543850ae.jpg,C:\Users\ashis\Desktop\ScanAI\dataset_manager\clean\skin\lumpy_skin_disease\roboflow__lumpy-skin-disease-detection__Lumpy_Skin_220_png.rf.a5099497f50a6a363440479fcdb87758.jpg,0
C:\Users\ashis\Desktop\ScanAI\dataset_manager\clean\skin\lumpy_skin_disease\kaggle__devang03mgr__cattle-diseases-datasets__Lumpy_Skin_224_png.rf.4d1bd721d53245d687d9ebbbbae39403.jpg,C:\Users\ashis\Desktop\ScanAI\dataset_manager\clean\skin\lumpy_skin_disease\roboflow__lumpy-skin-disease-detection__Lumpy_Skin_224_png.rf.2e3660b4680d880729e810d0ca90a42a.jpg,4
C:\Users\ashis\Desktop\ScanAI\dataset_manager\clean\skin\lumpy_skin_disease\kaggle__devang03mgr__cattle-diseases-datasets__Lumpy_Skin_232_png.rf.275485854dc17f6b41749f1490a2f9df.jpg,C:\Users\ashis\Desktop\ScanAI\dataset_manager\clean\skin\lumpy_skin_disease\roboflow__lumpy-skin-disease-detection__Lumpy_Skin_232_png.rf.69bbb558de0cbf5b6dae11b30f6509c5.jpg,0
C:\Users\ashis\Desktop\ScanAI\dataset_manager\clean\skin\lumpy_skin_disease\kaggle__devang03mgr__cattle-diseases-datasets__Lumpy_Skin_234_png.rf.00fffa06ca2d01f26fc4acb0e5f49b31.jpg,C:\Users\ashis\Desktop\ScanAI\dataset_manager\clean\skin\lumpy_skin_disease\roboflow__lumpy-skin-disease-detection__Lumpy_Skin_234_png.rf.08f1ed142e35678ce45474ba9861af1b.jpg,0
C:\Users\ashis\Desktop\ScanAI\dataset_manager\clean\skin\lumpy_skin_disease\kaggle__devang03mgr__cattle-diseases-datasets__Lumpy_Skin_252_png.rf.109de9b2b5a0826b1c15bb0d5f9f176b.jpg,C:\Users\ashis\Desktop\ScanAI\dataset_manager\clean\skin\lumpy_skin_disease\roboflow__lumpy-skin-disease-detection__Lumpy_Skin_252_png.rf.ffa0f8be5be137a09d5547cc719f0c58.jpg,0
C:\Users\ashis\Desktop\ScanAI\dataset_manager\clean\skin\lumpy_skin_disease\kaggle__devang03mgr__cattle-diseases-datasets__Lumpy_Skin_260_png.rf.16982e7b634f334361bedaf6d80a4e8c.jpg,C:\Users\ashis\Desktop\ScanAI\dataset_manager\clean\skin\lumpy_skin_disease\roboflow__lumpy-skin-disease-detection__Lumpy_Skin_260_png.rf.1a1cf35b496bc34566cb782b4b2b0fcf.jpg,0
C:\Users\ashis\Desktop\ScanAI\dataset_manager\clean\skin\lumpy_skin_disease\kaggle__devang03mgr__cattle-diseases-datasets__Lumpy_Skin_263_png.rf.599ef824e25c2d6ec5406681ae08c469.jpg,C:\Users\ashis\Desktop\ScanAI\dataset_manager\clean\skin\lumpy_skin_disease\roboflow__lumpy-skin-disease-detection__Lumpy_Skin_263_png.rf.88bdf86d1e083515db5b5e379188dcc5.jpg,0
C:\Users\ashis\Desktop\ScanAI\dataset_manager\clean\skin\lumpy_skin_disease\kaggle__devang03mgr__cattle-diseases-datasets__Lumpy_Skin_263_png.rf.599ef824e25c2d6ec5406681ae08c469.jpg,C:\Users\ashis\Desktop\ScanAI\dataset_manager\clean\skin\lumpy_skin_disease\roboflow__lumpy-skin-disease-detection__Lumpy_Skin_43_png.rf.1f0fb427de5efd2a190fac60f8f95e32.jpg,2
C:\Users\ashis\Desktop\ScanAI\dataset_manager\clean\skin\lumpy_skin_disease\kaggle__devang03mgr__cattle-diseases-datasets__Lumpy_Skin_264_png.rf.268ca172774afc24a3b1978102f89c11.jpg,C:\Users\ashis\Desktop\ScanAI\dataset_manager\clean\skin\lumpy_skin_disease\roboflow__lumpy-skin-disease-detection__Lumpy_Skin_264_png.rf.b225a14d6cd88a8e40692fe7a9f766b6.jpg,0
C:\Users\ashis\Desktop\ScanAI\dataset_manager\clean\skin\lumpy_skin_disease\kaggle__devang03mgr__cattle-diseases-datasets__Lumpy_Skin_264_png.rf.268ca172774afc24a3b1978102f89c11.jpg,C:\Users\ashis\Desktop\ScanAI\dataset_manager\clean\skin\lumpy_skin_disease\roboflow__lumpy-skin-disease-detection__Lumpy_Skin_304_png.rf.f5960b1c4cf6a8d3b84e2b2afd50d1e8.jpg,0
C:\Users\ashis\Desktop\ScanAI\dataset_manager\clean\skin\lumpy_skin_disease\kaggle__devang03mgr__cattle-diseases-datasets__Lumpy_Skin_268_png.rf.0a2baec1bb240fffcbff728e1657c008.jpg,C:\Users\ashis\Desktop\ScanAI\dataset_manager\clean\skin\lumpy_skin_disease\roboflow__lumpy-skin-disease-detection__Lumpy_Skin_268_png.rf.18057a551cdcc3058c72739bb2368442.jpg,0
C:\Users\ashis\Desktop\ScanAI\dataset_manager\clean\skin\lumpy_skin_disease\kaggle__devang03mgr__cattle-diseases-datasets__Lumpy_Skin_278-resized.jpg,C:\Users\ashis\Desktop\ScanAI\dataset_manager\clean\skin\lumpy_skin_disease\roboflow__lumpy-skin-disease-detection__Lumpy_Skin_278_png.rf.1575e0489de6ba6a3ec1ac700fc1d45a.jpg,2
C:\Users\ashis\Desktop\ScanAI\dataset_manager\clean\skin\lumpy_skin_disease\kaggle__devang03mgr__cattle-diseases-datasets__Lumpy_Skin_308-resized.jpg,C:\Users\ashis\Desktop\ScanAI\dataset_manager\clean\skin\lumpy_skin_disease\roboflow__lumpy-skin-disease-detection__Lumpy_Skin_308_png.rf.b6fba51900f18d9270d255a12094c1d4.jpg,0
C:\Users\ashis\Desktop\ScanAI\dataset_manager\clean\skin\lumpy_skin_disease\kaggle__devang03mgr__cattle-diseases-datasets__Lumpy_Skin_314-resized.jpg,C:\Users\ashis\Desktop\ScanAI\dataset_manager\clean\skin\lumpy_skin_disease\roboflow__lumpy-skin-disease-detection__Lumpy_Skin_314_png.rf.65a4e6f9359454c4355dcfedd06c9172.jpg,0
C:\Users\ashis\Desktop\ScanAI\dataset_manager\clean\skin\lumpy_skin_disease\kaggle__devang03mgr__cattle-diseases-datasets__Lumpy_Skin_32-resized.jpg,C:\Users\ashis\Desktop\ScanAI\dataset_manager\clean\skin\lumpy_skin_disease\roboflow__lumpy-skin-disease-detection__Lumpy_Skin_32_png.rf.71b23d0acfae19f9b0c5412cac0b7a4a.jpg,0
C:\Users\ashis\Desktop\ScanAI\dataset_manager\clean\skin\lumpy_skin_disease\kaggle__devang03mgr__cattle-diseases-datasets__Lumpy_Skin_322-resized.jpg,C:\Users\ashis\Desktop\ScanAI\dataset_manager\clean\skin\lumpy_skin_disease\roboflow__lumpy-skin-disease-detection__Lumpy_Skin_322_png.rf.a7e690766060d85c412ade4c4402bfdc.jpg,0
C:\Users\ashis\Desktop\ScanAI\dataset_manager\clean\skin\lumpy_skin_disease\kaggle__devang03mgr__cattle-diseases-datasets__Lumpy_Skin_323-resized.jpg,C:\Users\ashis\Desktop\ScanAI\dataset_manager\clean\skin\lumpy_skin_disease\roboflow__lumpy-skin-disease-detection__Lumpy_Skin_323_png.rf.e4d74fb6111448df6e7bc7d278fd7bed.jpg,0
C:\Users\ashis\Desktop\ScanAI\dataset_manager\clean\skin\lumpy_skin_disease\kaggle__devang03mgr__cattle-diseases-datasets__Lumpy_Skin_329-resized.jpg,C:\Users\ashis\Desktop\ScanAI\dataset_manager\clean\skin\lumpy_skin_disease\roboflow__lumpy-skin-disease-detection__Lumpy_Skin_329_png.rf.d520dc6db50d8ec395830683f4145052.jpg,2
C:\Users\ashis\Desktop\ScanAI\dataset_manager\clean\skin\lumpy_skin_disease\kaggle__devang03mgr__cattle-diseases-datasets__Lumpy_Skin_35-resized.jpg,C:\Users\ashis\Desktop\ScanAI\dataset_manager\clean\skin\lumpy_skin_disease\roboflow__lumpy-skin-disease-detection__Lumpy_Skin_35_png.rf.e991b97ca59e606a4efc9e0aa5f8ff18.jpg,0
C:\Users\ashis\Desktop\ScanAI\dataset_manager\clean\skin\lumpy_skin_disease\kaggle__devang03mgr__cattle-diseases-datasets__Lumpy_Skin_38-resized.jpg,C:\Users\ashis\Desktop\ScanAI\dataset_manager\clean\skin\lumpy_skin_disease\roboflow__lumpy-skin-disease-detection__Lumpy_Skin_38_png.rf.90017455f40fcebc773f23a40b8bc380.jpg,0
C:\Users\ashis\Desktop\ScanAI\dataset_manager\clean\skin\lumpy_skin_disease\kaggle__devang03mgr__cattle-diseases-datasets__Lumpy_Skin_45-resized.jpg,C:\Users\ashis\Desktop\ScanAI\dataset_manager\clean\skin\lumpy_skin_disease\roboflow__lumpy-skin-disease-detection__Lumpy_Skin_45_png.rf.b0163e07016b8f46d943dfef34065f09.jpg,0
C:\Users\ashis\Desktop\ScanAI\dataset_manager\clean\skin\lumpy_skin_disease\kaggle__devang03mgr__cattle-diseases-datasets__Lumpy_Skin_46-resized.jpg,C:\Users\ashis\Desktop\ScanAI\dataset_manager\clean\skin\lumpy_skin_disease\roboflow__lumpy-skin-disease-detection__Lumpy_Skin_46_png.rf.33eeb02d5c4e37df643826e91f683401.jpg,0
C:\Users\ashis\Desktop\ScanAI\dataset_manager\clean\skin\lumpy_skin_disease\kaggle__devang03mgr__cattle-diseases-datasets__Lumpy_Skin_49-resized.jpg,C:\Users\ashis\Desktop\ScanAI\dataset_manager\clean\skin\lumpy_skin_disease\roboflow__lumpy-skin-disease-detection__Lumpy_Skin_49_png.rf.acc8686f7ae9222bbca96e0cd3e69355.jpg,0
C:\Users\ashis\Desktop\ScanAI\dataset_manager\clean\skin\lumpy_skin_disease\kaggle__devang03mgr__cattle-diseases-datasets__Lumpy_Skin_73-resized.jpg,C:\Users\ashis\Desktop\ScanAI\dataset_manager\clean\skin\lumpy_skin_disease\roboflow__lumpy-skin-disease-detection__Lumpy_Skin_73_png.rf.90bf55fca9239cbe6665d3e24236f287.jpg,0
C:\Users\ashis\Desktop\ScanAI\dataset_manager\clean\skin\lumpy_skin_disease\kaggle__devang03mgr__cattle-diseases-datasets__Lumpy_Skin_74-resized.jpg,C:\Users\ashis\Desktop\ScanAI\dataset_manager\clean\skin\lumpy_skin_disease\roboflow__lumpy-skin-disease-detection__Lumpy_Skin_74_png.rf.76896ff5a4a48f56e32369af38f10a9f.jpg,0
C:\Users\ashis\Desktop\ScanAI\dataset_manager\clean\skin\lumpy_skin_disease\kaggle__devang03mgr__cattle-diseases-datasets__Lumpy_Skin_75-resized.jpg,C:\Users\ashis\Desktop\ScanAI\dataset_manager\clean\skin\lumpy_skin_disease\roboflow__lumpy-skin-disease-detection__Lumpy_Skin_75_png.rf.5f83173b9aa67716df3bcbf9f079c8e7.jpg,0
C:\Users\ashis\Desktop\ScanAI\dataset_manager\clean\skin\lumpy_skin_disease\kaggle__devang03mgr__cattle-diseases-datasets__Lumpy_Skin_99-resized.jpg,C:\Users\ashis\Desktop\ScanAI\dataset_manager\clean\skin\lumpy_skin_disease\roboflow__lumpy-skin-disease-detection__Lumpy_Skin_99_png.rf.03d9d7ed8d87ef97bc67302449a6c8ac.jpg,0
C:\Users\ashis\Desktop\ScanAI\dataset_manager\clean\skin\lumpy_skin_disease\roboflow__cattle-diseases__11_jpg.rf.f1efc693719b5f638a481970fa959014.jpg,C:\Users\ashis\Desktop\ScanAI\dataset_manager\clean\skin\lumpy_skin_disease\roboflow__cattle-diseases__18_jpg.rf.6830a6dc98d17a3f7683e4f0365e79c9.jpg,0
C:\Users\ashis\Desktop\ScanAI\dataset_manager\clean\skin\lumpy_skin_disease\roboflow__cattle-diseases__11_jpg.rf.f1efc693719b5f638a481970fa959014.jpg,C:\Users\ashis\Desktop\ScanAI\dataset_manager\clean\skin\lumpy_skin_disease\roboflow__cattle-diseases__66_jpg.rf.71385eebbddbe4b1c531b158b35b8148.jpg,0
C:\Users\ashis\Desktop\ScanAI\dataset_manager\clean\skin\lumpy_skin_disease\roboflow__cattle-diseases__11_jpg.rf.f1efc693719b5f638a481970fa959014.jpg,C:\Users\ashis\Desktop\ScanAI\dataset_manager\clean\skin\lumpy_skin_disease\roboflow__lumpy-skin-disease-detection__Lumpy_Skin_12_png.rf.523f17828360af286aa070227e830129.jpg,0
C:\Users\ashis\Desktop\ScanAI\dataset_manager\clean\skin\lumpy_skin_disease\roboflow__cattle-diseases__11_jpg.rf.f1efc693719b5f638a481970fa959014.jpg,C:\Users\ashis\Desktop\ScanAI\dataset_manager\clean\skin\lumpy_skin_disease\roboflow__lumpy-skin-disease-detection__Lumpy_Skin_64_png.rf.70d7a488ea6abe9888e42e4f25ae2d58.jpg,0
C:\Users\ashis\Desktop\ScanAI\dataset_manager\clean\skin\lumpy_skin_disease\roboflow__cattle-diseases__12_jpg.rf.a4398707e3f7923c166d88a7a15ff459.jpg,C:\Users\ashis\Desktop\ScanAI\dataset_manager\clean\skin\lumpy_skin_disease\roboflow__cattle-diseases__54_jpg.rf.339d37fed82a3f1a2b1f7ec7abe0eb60.jpg,2
C:\Users\ashis\Desktop\ScanAI\dataset_manager\clean\skin\lumpy_skin_disease\roboflow__cattle-diseases__12_jpg.rf.a4398707e3f7923c166d88a7a15ff459.jpg,C:\Users\ashis\Desktop\ScanAI\dataset_manager\clean\skin\lumpy_skin_disease\roboflow__lumpy-skin-disease-detection__Lumpy_Skin_66_png.rf.e4067da43c81b42e937ebd73dae899f0.jpg,0
C:\Users\ashis\Desktop\ScanAI\dataset_manager\clean\skin\lumpy_skin_disease\roboflow__cattle-diseases__13_jpg.rf.c03c9bf7701e97ec20393f4322d37703.jpg,C:\Users\ashis\Desktop\ScanAI\dataset_manager\clean\skin\lumpy_skin_disease\roboflow__lumpy-skin-disease-detection__Lumpy_Skin_52_png.rf.0f2fabb49f1a1a9f13ef8d852b3b9af4.jpg,2
C:\Users\ashis\Desktop\ScanAI\dataset_manager\clean\skin\lumpy_skin_disease\roboflow__cattle-diseases__15_jpg.rf.14abcdbfbe604aa52033a6b58d10f700.jpg,C:\Users\ashis\Desktop\ScanAI\dataset_manager\clean\skin\lumpy_skin_disease\roboflow__cattle-diseases__19_jpg.rf.7ef32dfb4eb33d6cd6a7cb073b6502a4.jpg,0
C:\Users\ashis\Desktop\ScanAI\dataset_manager\clean\skin\lumpy_skin_disease\roboflow__cattle-diseases__15_jpg.rf.14abcdbfbe604aa52033a6b58d10f700.jpg,C:\Users\ashis\Desktop\ScanAI\dataset_manager\clean\skin\lumpy_skin_disease\roboflow__cattle-diseases__3_jpg.rf.557325be38d398f7100e61a7a6f4ae02.jpg,2
C:\Users\ashis\Desktop\ScanAI\dataset_manager\clean\skin\lumpy_skin_disease\roboflow__cattle-diseases__15_jpg.rf.14abcdbfbe604aa52033a6b58d10f700.jpg,C:\Users\ashis\Desktop\ScanAI\dataset_manager\clean\skin\lumpy_skin_disease\roboflow__lumpy-skin-disease-detection__Lumpy_Skin_51_png.rf.dca4a9d56474182e94127ceeb064fe37.jpg,2
C:\Users\ashis\Desktop\ScanAI\dataset_manager\clean\skin\lumpy_skin_disease\roboflow__cattle-diseases__17_jpg.rf.0e438ee41f32dcc184c1c285740f198c.jpg,C:\Users\ashis\Desktop\ScanAI\dataset_manager\clean\skin\lumpy_skin_disease\roboflow__lumpy-skin-disease-detection__Lumpy_Skin_303_png.rf.5d388e21de5bfdb56228956b53fc00e1.jpg,2
C:\Users\ashis\Desktop\ScanAI\dataset_manager\clean\skin\lumpy_skin_disease\roboflow__cattle-diseases__17_jpg.rf.0e438ee41f32dcc184c1c285740f198c.jpg,C:\Users\ashis\Desktop\ScanAI\dataset_manager\clean\skin\lumpy_skin_disease\roboflow__lumpy-skin-disease-detection__Lumpy_Skin_57_png.rf.450d5c9c709557b270500649d1443408.jpg,0
C:\Users\ashis\Desktop\ScanAI\dataset_manager\clean\skin\lumpy_skin_disease\roboflow__cattle-diseases__18_jpg.rf.6830a6dc98d17a3f7683e4f0365e79c9.jpg,C:\Users\ashis\Desktop\ScanAI\dataset_manager\clean\skin\lumpy_skin_disease\roboflow__cattle-diseases__66_jpg.rf.71385eebbddbe4b1c531b158b35b8148.jpg,0
C:\Users\ashis\Desktop\ScanAI\dataset_manager\clean\skin\lumpy_skin_disease\roboflow__cattle-diseases__18_jpg.rf.6830a6dc98d17a3f7683e4f0365e79c9.jpg,C:\Users\ashis\Desktop\ScanAI\dataset_manager\clean\skin\lumpy_skin_disease\roboflow__lumpy-skin-disease-detection__Lumpy_Skin_12_png.rf.523f17828360af286aa070227e830129.jpg,0
C:\Users\ashis\Desktop\ScanAI\dataset_manager\clean\skin\lumpy_skin_disease\roboflow__cattle-diseases__18_jpg.rf.6830a6dc98d17a3f7683e4f0365e79c9.jpg,C:\Users\ashis\Desktop\ScanAI\dataset_manager\clean\skin\lumpy_skin_disease\roboflow__lumpy-skin-disease-detection__Lumpy_Skin_64_png.rf.70d7a488ea6abe9888e42e4f25ae2d58.jpg,0
C:\Users\ashis\Desktop\ScanAI\dataset_manager\clean\skin\lumpy_skin_disease\roboflow__cattle-diseases__19_jpg.rf.7ef32dfb4eb33d6cd6a7cb073b6502a4.jpg,C:\Users\ashis\Desktop\ScanAI\dataset_manager\clean\skin\lumpy_skin_disease\roboflow__cattle-diseases__3_jpg.rf.557325be38d398f7100e61a7a6f4ae02.jpg,2
C:\Users\ashis\Desktop\ScanAI\dataset_manager\clean\skin\lumpy_skin_disease\roboflow__cattle-diseases__19_jpg.rf.7ef32dfb4eb33d6cd6a7cb073b6502a4.jpg,C:\Users\ashis\Desktop\ScanAI\dataset_manager\clean\skin\lumpy_skin_disease\roboflow__lumpy-skin-disease-detection__Lumpy_Skin_51_png.rf.dca4a9d56474182e94127ceeb064fe37.jpg,2
C:\Users\ashis\Desktop\ScanAI\dataset_manager\clean\skin\lumpy_skin_disease\roboflow__cattle-diseases__1_jpg.rf.8f2f68538e8f432ca05aeee4dbed9abe.jpg,C:\Users\ashis\Desktop\ScanAI\dataset_manager\clean\skin\lumpy_skin_disease\roboflow__lumpy-skin-disease-detection__Lumpy_Skin_295_png.rf.8b003ce8749ee1586141be38639df475.jpg,2
C:\Users\ashis\Desktop\ScanAI\dataset_manager\clean\skin\lumpy_skin_disease\roboflow__cattle-diseases__1_jpg.rf.8f2f68538e8f432ca05aeee4dbed9abe.jpg,C:\Users\ashis\Desktop\ScanAI\dataset_manager\clean\skin\lumpy_skin_disease\roboflow__lumpy-skin-disease-detection__Lumpy_Skin_63_png.rf.704e9ce776207af5c76b2d97a629f77e.jpg,0
C:\Users\ashis\Desktop\ScanAI\dataset_manager\clean\skin\lumpy_skin_disease\roboflow__cattle-diseases__23_jpg.rf.7d041c2be673bc61bf1774265e91a33d.jpg,C:\Users\ashis\Desktop\ScanAI\dataset_manager\clean\skin\lumpy_skin_disease\roboflow__lumpy-skin-disease-detection__Lumpy_Skin_296_png.rf.1b93260ef22efb9bfcc05fdcc969e8e9.jpg,0
C:\Users\ashis\Desktop\ScanAI\dataset_manager\clean\skin\lumpy_skin_disease\roboflow__cattle-diseases__23_jpg.rf.7d041c2be673bc61bf1774265e91a33d.jpg,C:\Users\ashis\Desktop\ScanAI\dataset_manager\clean\skin\lumpy_skin_disease\roboflow__lumpy-skin-disease-detection__Lumpy_Skin_65_png.rf.6b8188946d18bb60ce079836adfa44c0.jpg,2
C:\Users\ashis\Desktop\ScanAI\dataset_manager\clean\skin\lumpy_skin_disease\roboflow__cattle-diseases__30_jpg.rf.cde61e8122d881035861c1d42a174b31.jpg,C:\Users\ashis\Desktop\ScanAI\dataset_manager\clean\skin\lumpy_skin_disease\roboflow__lumpy-skin-disease-detection__Lumpy_Skin_34_png.rf.75aacdf6b3232b44bb5353314628b854.jpg,0
C:\Users\ashis\Desktop\ScanAI\dataset_manager\clean\skin\lumpy_skin_disease\roboflow__cattle-diseases__30_jpg.rf.cde61e8122d881035861c1d42a174b31.jpg,C:\Users\ashis\Desktop\ScanAI\dataset_manager\clean\skin\lumpy_skin_disease\roboflow__lumpy-skin-disease-detection__Lumpy_Skin_93_png.rf.812bdd20791d7b639c7ac8ba2a317bfe.jpg,0
C:\Users\ashis\Desktop\ScanAI\dataset_manager\clean\skin\lumpy_skin_disease\roboflow__cattle-diseases__33_jpg.rf.b0b675a75dc90ace54bbe52d0371d03a.jpg,C:\Users\ashis\Desktop\ScanAI\dataset_manager\clean\skin\lumpy_skin_disease\roboflow__lumpy-skin-disease-detection__Lumpy_Skin_197_png.rf.8bcc78e22eb57daa0dccdda7a17a62d9.jpg,0
C:\Users\ashis\Desktop\ScanAI\dataset_manager\clean\skin\lumpy_skin_disease\roboflow__cattle-diseases__3_jpg.rf.557325be38d398f7100e61a7a6f4ae02.jpg,C:\Users\ashis\Desktop\ScanAI\dataset_manager\clean\skin\lumpy_skin_disease\roboflow__lumpy-skin-disease-detection__Lumpy_Skin_51_png.rf.dca4a9d56474182e94127ceeb064fe37.jpg,0
C:\Users\ashis\Desktop\ScanAI\dataset_manager\clean\skin\lumpy_skin_disease\roboflow__cattle-diseases__41_jpg.rf.12253e3205c8f11f924c463ac0c70f5e.jpg,C:\Users\ashis\Desktop\ScanAI\dataset_manager\clean\skin\lumpy_skin_disease\roboflow__lumpy-skin-disease-detection__Lumpy_Skin_23_png.rf.81916411490e9ce000436cfdd39ca685.jpg,0
C:\Users\ashis\Desktop\ScanAI\dataset_manager\clean\skin\lumpy_skin_disease\roboflow__cattle-diseases__41_jpg.rf.12253e3205c8f11f924c463ac0c70f5e.jpg,C:\Users\ashis\Desktop\ScanAI\dataset_manager\clean\skin\lumpy_skin_disease\roboflow__lumpy-skin-disease-detection__Lumpy_Skin_54_png.rf.74e602f61989c35cc18aa0ec11a8eb74.jpg,0
C:\Users\ashis\Desktop\ScanAI\dataset_manager\clean\skin\lumpy_skin_disease\roboflow__cattle-diseases__47_jpg.rf.4f0c7bd1dd4a9458636ca65038186d1a.jpg,C:\Users\ashis\Desktop\ScanAI\dataset_manager\clean\skin\lumpy_skin_disease\roboflow__cattle-diseases__71_jpg.rf.f2336e689a9cd79617ff0222e501e30f.jpg,4
C:\Users\ashis\Desktop\ScanAI\dataset_manager\clean\skin\lumpy_skin_disease\roboflow__cattle-diseases__47_jpg.rf.4f0c7bd1dd4a9458636ca65038186d1a.jpg,C:\Users\ashis\Desktop\ScanAI\dataset_manager\clean\skin\lumpy_skin_disease\roboflow__lumpy-skin-disease-detection__Lumpy_Skin_116_png.rf.6f3e6fd829566f755701cb5ba2c13c87.jpg,0
C:\Users\ashis\Desktop\ScanAI\dataset_manager\clean\skin\lumpy_skin_disease\roboflow__cattle-diseases__4_jpg.rf.ee7a8c6a175e9a6da949e9ebbbc8e853.jpg,C:\Users\ashis\Desktop\ScanAI\dataset_manager\clean\skin\lumpy_skin_disease\roboflow__lumpy-skin-disease-detection__Lumpy_Skin_37_png.rf.285dc390f46bd8595beeec51d2756d73.jpg,0
C:\Users\ashis\Desktop\ScanAI\dataset_manager\clean\skin\lumpy_skin_disease\roboflow__cattle-diseases__4_jpg.rf.ee7a8c6a175e9a6da949e9ebbbc8e853.jpg,C:\Users\ashis\Desktop\ScanAI\dataset_manager\clean\skin\lumpy_skin_disease\roboflow__lumpy-skin-disease-detection__Lumpy_Skin_58_png.rf.730808bd83436ecaeac03610dc74299a.jpg,0
C:\Users\ashis\Desktop\ScanAI\dataset_manager\clean\skin\lumpy_skin_disease\roboflow__cattle-diseases__51_jpg.rf.68133d5b1df28734fa1c88fb55960dbb.jpg,C:\Users\ashis\Desktop\ScanAI\dataset_manager\clean\skin\lumpy_skin_disease\roboflow__lumpy-skin-disease-detection__Lumpy_Skin_249_png.rf.e7d8924b5f14090a2c4d9ea8d6f089cf.jpg,2
C:\Users\ashis\Desktop\ScanAI\dataset_manager\clean\skin\lumpy_skin_disease\roboflow__cattle-diseases__51_jpg.rf.68133d5b1df28734fa1c88fb55960dbb.jpg,C:\Users\ashis\Desktop\ScanAI\dataset_manager\clean\skin\lumpy_skin_disease\roboflow__lumpy-skin-disease-detection__Lumpy_Skin_39_png.rf.f6766604482bbac1875a1fb9f277f92e.jpg,2
C:\Users\ashis\Desktop\ScanAI\dataset_manager\clean\skin\lumpy_skin_disease\roboflow__cattle-diseases__54_jpg.rf.339d37fed82a3f1a2b1f7ec7abe0eb60.jpg,C:\Users\ashis\Desktop\ScanAI\dataset_manager\clean\skin\lumpy_skin_disease\roboflow__lumpy-skin-disease-detection__Lumpy_Skin_66_png.rf.e4067da43c81b42e937ebd73dae899f0.jpg,2
C:\Users\ashis\Desktop\ScanAI\dataset_manager\clean\skin\lumpy_skin_disease\roboflow__cattle-diseases__55_jpg.rf.3a99638bbd65fff5ddd8770b2dec8ab1.jpg,C:\Users\ashis\Desktop\ScanAI\dataset_manager\clean\skin\lumpy_skin_disease\roboflow__lumpy-skin-disease-detection__Lumpy_Skin_59_png.rf.d382d5aebb5bf8cdfa743abd141ea797.jpg,0
C:\Users\ashis\Desktop\ScanAI\dataset_manager\clean\skin\lumpy_skin_disease\roboflow__cattle-diseases__66_jpg.rf.71385eebbddbe4b1c531b158b35b8148.jpg,C:\Users\ashis\Desktop\ScanAI\dataset_manager\clean\skin\lumpy_skin_disease\roboflow__lumpy-skin-disease-detection__Lumpy_Skin_12_png.rf.523f17828360af286aa070227e830129.jpg,0
C:\Users\ashis\Desktop\ScanAI\dataset_manager\clean\skin\lumpy_skin_disease\roboflow__cattle-diseases__66_jpg.rf.71385eebbddbe4b1c531b158b35b8148.jpg,C:\Users\ashis\Desktop\ScanAI\dataset_manager\clean\skin\lumpy_skin_disease\roboflow__lumpy-skin-disease-detection__Lumpy_Skin_64_png.rf.70d7a488ea6abe9888e42e4f25ae2d58.jpg,0
C:\Users\ashis\Desktop\ScanAI\dataset_manager\clean\skin\lumpy_skin_disease\roboflow__cattle-diseases__70_jpg.rf.e8e7a55e533f62029c8b1bb2b851ea63.jpg,C:\Users\ashis\Desktop\ScanAI\dataset_manager\clean\skin\lumpy_skin_disease\roboflow__cattle-diseases__84_jpg.rf.5cdb7c4a5d0727777b2ce88ba796b06c.jpg,0
C:\Users\ashis\Desktop\ScanAI\dataset_manager\clean\skin\lumpy_skin_disease\roboflow__cattle-diseases__70_jpg.rf.e8e7a55e533f62029c8b1bb2b851ea63.jpg,C:\Users\ashis\Desktop\ScanAI\dataset_manager\clean\skin\lumpy_skin_disease\roboflow__cattle-diseases__88_jpg.rf.c8fc19327d4a4679765334094165968c.jpg,2
C:\Users\ashis\Desktop\ScanAI\dataset_manager\clean\skin\lumpy_skin_disease\roboflow__cattle-diseases__71_jpg.rf.f2336e689a9cd79617ff0222e501e30f.jpg,C:\Users\ashis\Desktop\ScanAI\dataset_manager\clean\skin\lumpy_skin_disease\roboflow__lumpy-skin-disease-detection__Lumpy_Skin_116_png.rf.6f3e6fd829566f755701cb5ba2c13c87.jpg,4
C:\Users\ashis\Desktop\ScanAI\dataset_manager\clean\skin\lumpy_skin_disease\roboflow__cattle-diseases__74_jpg.rf.354f86fc864cc3d7461a33b977423847.jpg,C:\Users\ashis\Desktop\ScanAI\dataset_manager\clean\skin\lumpy_skin_disease\roboflow__lumpy-skin-disease-detection__Lumpy_Skin_71_png.rf.d26caae9fc13f1f9c2c4802c8dbe41bc.jpg,0
C:\Users\ashis\Desktop\ScanAI\dataset_manager\clean\skin\lumpy_skin_disease\roboflow__cattle-diseases__76_jpg.rf.90ce63fefcdd7a0aba6cde18ea5ebb55.jpg,C:\Users\ashis\Desktop\ScanAI\dataset_manager\clean\skin\lumpy_skin_disease\roboflow__cattle-diseases__83_jpg.rf.c30ec745dda4f42367eb58cc9a2f01ee.jpg,4
C:\Users\ashis\Desktop\ScanAI\dataset_manager\clean\skin\lumpy_skin_disease\roboflow__cattle-diseases__76_jpg.rf.90ce63fefcdd7a0aba6cde18ea5ebb55.jpg,C:\Users\ashis\Desktop\ScanAI\dataset_manager\clean\skin\lumpy_skin_disease\roboflow__lumpy-skin-disease-detection__Lumpy_Skin_300_png.rf.a7f7653168472f814621e4afa02736cb.jpg,2
C:\Users\ashis\Desktop\ScanAI\dataset_manager\clean\skin\lumpy_skin_disease\roboflow__cattle-diseases__84_jpg.rf.5cdb7c4a5d0727777b2ce88ba796b06c.jpg,C:\Users\ashis\Desktop\ScanAI\dataset_manager\clean\skin\lumpy_skin_disease\roboflow__cattle-diseases__88_jpg.rf.c8fc19327d4a4679765334094165968c.jpg,2
C:\Users\ashis\Desktop\ScanAI\dataset_manager\clean\skin\lumpy_skin_disease\roboflow__lumpy-skin-disease-detection__Lumpy_Skin_105_png.rf.ab8733b0d0058c34cda1f2e0f449b293.jpg,C:\Users\ashis\Desktop\ScanAI\dataset_manager\clean\skin\lumpy_skin_disease\roboflow__lumpy-skin-disease-detection__Lumpy_Skin_301_png.rf.bf5b633c91454e0f173b389bb50fb0b7.jpg,2
C:\Users\ashis\Desktop\ScanAI\dataset_manager\clean\skin\lumpy_skin_disease\roboflow__lumpy-skin-disease-detection__Lumpy_Skin_106_png.rf.2dc32cfd720db04b99599b4717124841.jpg,C:\Users\ashis\Desktop\ScanAI\dataset_manager\clean\skin\lumpy_skin_disease\roboflow__lumpy-skin-disease-detection__Lumpy_Skin_293_png.rf.392b207699c22a95fff7e156c86e134f.jpg,0
C:\Users\ashis\Desktop\ScanAI\dataset_manager\clean\skin\lumpy_skin_disease\roboflow__lumpy-skin-disease-detection__Lumpy_Skin_109_png.rf.6ac6358b96dd1d7a100a6f9004e0c9cc.jpg,C:\Users\ashis\Desktop\ScanAI\dataset_manager\clean\skin\lumpy_skin_disease\roboflow__lumpy-skin-disease-detection__Lumpy_Skin_27_png.rf.2ad6afe9d763aeac170ff90945fe5cd1.jpg,0
C:\Users\ashis\Desktop\ScanAI\dataset_manager\clean\skin\lumpy_skin_disease\roboflow__lumpy-skin-disease-detection__Lumpy_Skin_110_png.rf.2017de9ee5e9a006124b8a21f0a1a045.jpg,C:\Users\ashis\Desktop\ScanAI\dataset_manager\clean\skin\lumpy_skin_disease\roboflow__lumpy-skin-disease-detection__Lumpy_Skin_200_png.rf.2a9e19fc0e0b3716b7fee87d5e759ceb.jpg,4
C:\Users\ashis\Desktop\ScanAI\dataset_manager\clean\skin\lumpy_skin_disease\roboflow__lumpy-skin-disease-detection__Lumpy_Skin_110_png.rf.2017de9ee5e9a006124b8a21f0a1a045.jpg,C:\Users\ashis\Desktop\ScanAI\dataset_manager\clean\skin\lumpy_skin_disease\roboflow__lumpy-skin-disease-detection__Lumpy_Skin_312_png.rf.ab7b06567cacf6234886dbe54f48657b.jpg,2
C:\Users\ashis\Desktop\ScanAI\dataset_manager\clean\skin\lumpy_skin_disease\roboflow__lumpy-skin-disease-detection__Lumpy_Skin_114_png.rf.cc68659043a78ab5a0dc0f2fb680c655.jpg,C:\Users\ashis\Desktop\ScanAI\dataset_manager\clean\skin\lumpy_skin_disease\roboflow__lumpy-skin-disease-detection__Lumpy_Skin_305_png.rf.c93c58abdef0ec7a7963ee3e04eba723.jpg,0
C:\Users\ashis\Desktop\ScanAI\dataset_manager\clean\skin\lumpy_skin_disease\roboflow__lumpy-skin-disease-detection__Lumpy_Skin_118_png.rf.69a9f30357dd7356d3b84080650392f3.jpg,C:\Users\ashis\Desktop\ScanAI\dataset_manager\clean\skin\lumpy_skin_disease\roboflow__lumpy-skin-disease-detection__Lumpy_Skin_313_png.rf.7cb5524a5db9a177fe947679b1dc8850.jpg,2
C:\Users\ashis\Desktop\ScanAI\dataset_manager\clean\skin\lumpy_skin_disease\roboflow__lumpy-skin-disease-detection__Lumpy_Skin_122_png.rf.f1e608bc4b7f7ce1785a0acfa01909cd.jpg,C:\Users\ashis\Desktop\ScanAI\dataset_manager\clean\skin\lumpy_skin_disease\roboflow__lumpy-skin-disease-detection__Lumpy_Skin_292_png.rf.a95dcf33c28751a5789218dc5dac69cf.jpg,2
C:\Users\ashis\Desktop\ScanAI\dataset_manager\clean\skin\lumpy_skin_disease\roboflow__lumpy-skin-disease-detection__Lumpy_Skin_126_png.rf.81c211074c06a98726817d0d24e91993.jpg,C:\Users\ashis\Desktop\ScanAI\dataset_manager\clean\skin\lumpy_skin_disease\roboflow__lumpy-skin-disease-detection__Lumpy_Skin_18_png.rf.7fc94f5e07e416e2964ed25a2d02f32c.jpg,0
C:\Users\ashis\Desktop\ScanAI\dataset_manager\clean\skin\lumpy_skin_disease\roboflow__lumpy-skin-disease-detection__Lumpy_Skin_12_png.rf.523f17828360af286aa070227e830129.jpg,C:\Users\ashis\Desktop\ScanAI\dataset_manager\clean\skin\lumpy_skin_disease\roboflow__lumpy-skin-disease-detection__Lumpy_Skin_64_png.rf.70d7a488ea6abe9888e42e4f25ae2d58.jpg,0
C:\Users\ashis\Desktop\ScanAI\dataset_manager\clean\skin\lumpy_skin_disease\roboflow__lumpy-skin-disease-detection__Lumpy_Skin_136_png.rf.d4c8f9b414fb9e9a142ce5a09fbba752.jpg,C:\Users\ashis\Desktop\ScanAI\dataset_manager\clean\skin\lumpy_skin_disease\roboflow__lumpy-skin-disease-detection__Lumpy_Skin_290_png.rf.d4a13aed8b7c3c5be744a451c3bd9a97.jpg,2
C:\Users\ashis\Desktop\ScanAI\dataset_manager\clean\skin\lumpy_skin_disease\roboflow__lumpy-skin-disease-detection__Lumpy_Skin_13_png.rf.5bdca24223bcf318b7cc04fc4b8c0ef2.jpg,C:\Users\ashis\Desktop\ScanAI\dataset_manager\clean\skin\lumpy_skin_disease\roboflow__lumpy-skin-disease-detection__Lumpy_Skin_211_png.rf.f031928c36698cad461fe06f69141b79.jpg,0
C:\Users\ashis\Desktop\ScanAI\dataset_manager\clean\skin\lumpy_skin_disease\roboflow__lumpy-skin-disease-detection__Lumpy_Skin_141_png.rf.8f9250456e2b0c50b0c845c331853164.jpg,C:\Users\ashis\Desktop\ScanAI\dataset_manager\clean\skin\lumpy_skin_disease\roboflow__lumpy-skin-disease-detection__Lumpy_Skin_40_png.rf.9b20a313ea636050f6f269bf27e8c285.jpg,0
C:\Users\ashis\Desktop\ScanAI\dataset_manager\clean\skin\lumpy_skin_disease\roboflow__lumpy-skin-disease-detection__Lumpy_Skin_144_png.rf.32176606e9ee23ba07d97f860455965e.jpg,C:\Users\ashis\Desktop\ScanAI\dataset_manager\clean\skin\lumpy_skin_disease\roboflow__lumpy-skin-disease-detection__Lumpy_Skin_324_png.rf.dc68da8cbb6fbea876bdd1adbedc57a2.jpg,0
C:\Users\ashis\Desktop\ScanAI\dataset_manager\clean\skin\lumpy_skin_disease\roboflow__lumpy-skin-disease-detection__Lumpy_Skin_144_png.rf.32176606e9ee23ba07d97f860455965e.jpg,C:\Users\ashis\Desktop\ScanAI\dataset_manager\clean\skin\lumpy_skin_disease\roboflow__lumpy-skin-disease-detection__Lumpy_Skin_84_png.rf.c3931eb46b10f20c99b305b36af206df.jpg,0
C:\Users\ashis\Desktop\ScanAI\dataset_manager\clean\skin\lumpy_skin_disease\roboflow__lumpy-skin-disease-detection__Lumpy_Skin_146_png.rf.0198e2c6ef0ace82780c3463ad59f9a2.jpg,C:\Users\ashis\Desktop\ScanAI\dataset_manager\clean\skin\lumpy_skin_disease\roboflow__lumpy-skin-disease-detection__Lumpy_Skin_302_png.rf.0d109a0f17ea0f8b56fa4add3977349e.jpg,2
C:\Users\ashis\Desktop\ScanAI\dataset_manager\clean\skin\lumpy_skin_disease\roboflow__lumpy-skin-disease-detection__Lumpy_Skin_147_png.rf.106f329fe2db9934403254bc67af6bc0.jpg,C:\Users\ashis\Desktop\ScanAI\dataset_manager\clean\skin\lumpy_skin_disease\roboflow__lumpy-skin-disease-detection__Lumpy_Skin_266_png.rf.61790c085cd75344816e38d223a1c14f.jpg,2
C:\Users\ashis\Desktop\ScanAI\dataset_manager\clean\skin\lumpy_skin_disease\roboflow__lumpy-skin-disease-detection__Lumpy_Skin_153_png.rf.c94d7fb63fbcec573ab316d9b1e43943.jpg,C:\Users\ashis\Desktop\ScanAI\dataset_manager\clean\skin\lumpy_skin_disease\roboflow__lumpy-skin-disease-detection__Lumpy_Skin_42_png.rf.621fcbe57fd4b3b935eacc13790ad5c4.jpg,0
C:\Users\ashis\Desktop\ScanAI\dataset_manager\clean\skin\lumpy_skin_disease\roboflow__lumpy-skin-disease-detection__Lumpy_Skin_159_png.rf.5c142f3a97084ab00fccf5b9947f93c7.jpg,C:\Users\ashis\Desktop\ScanAI\dataset_manager\clean\skin\lumpy_skin_disease\roboflow__lumpy-skin-disease-detection__Lumpy_Skin_5_png.rf.d252327fc563595bdd46b33317dd0a49.jpg,2
C:\Users\ashis\Desktop\ScanAI\dataset_manager\clean\skin\lumpy_skin_disease\roboflow__lumpy-skin-disease-detection__Lumpy_Skin_168_png.rf.c7dee56385031f8a3a1c5b80ab8eb5e3.jpg,C:\Users\ashis\Desktop\ScanAI\dataset_manager\clean\skin\lumpy_skin_disease\roboflow__lumpy-skin-disease-detection__Lumpy_Skin_294_png.rf.b0c997052dad6d1421b29617f5b05607.jpg,0
C:\Users\ashis\Desktop\ScanAI\dataset_manager\clean\skin\lumpy_skin_disease\roboflow__lumpy-skin-disease-detection__Lumpy_Skin_175_png.rf.8ebaf07288d175c7aa1b513a04aa33e4.jpg,C:\Users\ashis\Desktop\ScanAI\dataset_manager\clean\skin\lumpy_skin_disease\roboflow__lumpy-skin-disease-detection__Lumpy_Skin_21_png.rf.6ea49f939d1e412bf39a3c5db139076c.jpg,0
C:\Users\ashis\Desktop\ScanAI\dataset_manager\clean\skin\lumpy_skin_disease\roboflow__lumpy-skin-disease-detection__Lumpy_Skin_176_png.rf.c4e34d6b8d6dd0bd4c7aa962cf4b81eb.jpg,C:\Users\ashis\Desktop\ScanAI\dataset_manager\clean\skin\lumpy_skin_disease\roboflow__lumpy-skin-disease-detection__Lumpy_Skin_8_png.rf.6fbe0477958daa4c16dfbede6d29c1a0.jpg,0
C:\Users\ashis\Desktop\ScanAI\dataset_manager\clean\skin\lumpy_skin_disease\roboflow__lumpy-skin-disease-detection__Lumpy_Skin_181_png.rf.e89cc79e35fe054ab11633ce6937db64.jpg,C:\Users\ashis\Desktop\ScanAI\dataset_manager\clean\skin\lumpy_skin_disease\roboflow__lumpy-skin-disease-detection__Lumpy_Skin_207_png.rf.011ff5541ad6f050cd610d7cd96f12fe.jpg,2
C:\Users\ashis\Desktop\ScanAI\dataset_manager\clean\skin\lumpy_skin_disease\roboflow__lumpy-skin-disease-detection__Lumpy_Skin_19_png.rf.bba4a5cbac92dad1a46e86ec5ba399c9.jpg,C:\Users\ashis\Desktop\ScanAI\dataset_manager\clean\skin\lumpy_skin_disease\roboflow__lumpy-skin-disease-detection__Lumpy_Skin_53_png.rf.a3a6e5182696295c2ed5ae692f1893ef.jpg,0
C:\Users\ashis\Desktop\ScanAI\dataset_manager\clean\skin\lumpy_skin_disease\roboflow__lumpy-skin-disease-detection__Lumpy_Skin_214_png.rf.83bf9d00aa92caadde1add614651ab65.jpg,C:\Users\ashis\Desktop\ScanAI\dataset_manager\clean\skin\lumpy_skin_disease\roboflow__lumpy-skin-disease-detection__Lumpy_Skin_327_png.rf.6d105ea364d02e6a6d5e19b2ee8f1c81.jpg,2
C:\Users\ashis\Desktop\ScanAI\dataset_manager\clean\skin\lumpy_skin_disease\roboflow__lumpy-skin-disease-detection__Lumpy_Skin_223_png.rf.55194eaec29d39bf729349b7a0120f1c.jpg,C:\Users\ashis\Desktop\ScanAI\dataset_manager\clean\skin\lumpy_skin_disease\roboflow__lumpy-skin-disease-detection__Lumpy_Skin_309_png.rf.fd7bbcf6bbc0b2db2ecb6d20d1232611.jpg,0
C:\Users\ashis\Desktop\ScanAI\dataset_manager\clean\skin\lumpy_skin_disease\roboflow__lumpy-skin-disease-detection__Lumpy_Skin_224_png.rf.2e3660b4680d880729e810d0ca90a42a.jpg,C:\Users\ashis\Desktop\ScanAI\dataset_manager\clean\skin\lumpy_skin_disease\roboflow__lumpy-skin-disease-detection__Lumpy_Skin_299_png.rf.9fc833aeccdd40f8880a75d167549674.jpg,2
C:\Users\ashis\Desktop\ScanAI\dataset_manager\clean\skin\lumpy_skin_disease\roboflow__lumpy-skin-disease-detection__Lumpy_Skin_235_png.rf.cd561291bb0554f7a7c27df312104427.jpg,C:\Users\ashis\Desktop\ScanAI\dataset_manager\clean\skin\lumpy_skin_disease\roboflow__lumpy-skin-disease-detection__Lumpy_Skin_316_png.rf.c50521ca66224fed82869a388c3546c1.jpg,0
C:\Users\ashis\Desktop\ScanAI\dataset_manager\clean\skin\lumpy_skin_disease\roboflow__lumpy-skin-disease-detection__Lumpy_Skin_23_png.rf.81916411490e9ce000436cfdd39ca685.jpg,C:\Users\ashis\Desktop\ScanAI\dataset_manager\clean\skin\lumpy_skin_disease\roboflow__lumpy-skin-disease-detection__Lumpy_Skin_54_png.rf.74e602f61989c35cc18aa0ec11a8eb74.jpg,0
C:\Users\ashis\Desktop\ScanAI\dataset_manager\clean\skin\lumpy_skin_disease\roboflow__lumpy-skin-disease-detection__Lumpy_Skin_247_png.rf.6fab12c7684d9d8ce945b310886f8026.jpg,C:\Users\ashis\Desktop\ScanAI\dataset_manager\clean\skin\lumpy_skin_disease\roboflow__lumpy-skin-disease-detection__Lumpy_Skin_33_png.rf.a84856529bc1e255286d77f2846ca521.jpg,2
C:\Users\ashis\Desktop\ScanAI\dataset_manager\clean\skin\lumpy_skin_disease\roboflow__lumpy-skin-disease-detection__Lumpy_Skin_248_png.rf.d1e8187a2ceb253015144b8a6e282cc3.jpg,C:\Users\ashis\Desktop\ScanAI\dataset_manager\clean\skin\lumpy_skin_disease\roboflow__lumpy-skin-disease-detection__Lumpy_Skin_287_png.rf.3926dbac76e31465624ea0b28d04b18b.jpg,0
C:\Users\ashis\Desktop\ScanAI\dataset_manager\clean\skin\lumpy_skin_disease\roboflow__lumpy-skin-disease-detection__Lumpy_Skin_249_png.rf.e7d8924b5f14090a2c4d9ea8d6f089cf.jpg,C:\Users\ashis\Desktop\ScanAI\dataset_manager\clean\skin\lumpy_skin_disease\roboflow__lumpy-skin-disease-detection__Lumpy_Skin_39_png.rf.f6766604482bbac1875a1fb9f277f92e.jpg,2
C:\Users\ashis\Desktop\ScanAI\dataset_manager\clean\skin\lumpy_skin_disease\roboflow__lumpy-skin-disease-detection__Lumpy_Skin_24_png.rf.179d514d6a1ba2cb2b9679eafdd9232f.jpg,C:\Users\ashis\Desktop\ScanAI\dataset_manager\clean\skin\lumpy_skin_disease\roboflow__lumpy-skin-disease-detection__Lumpy_Skin_257_png.rf.dee3a319790989f37cdcb1b6074ddb55.jpg,0
C:\Users\ashis\Desktop\ScanAI\dataset_manager\clean\skin\lumpy_skin_disease\roboflow__lumpy-skin-disease-detection__Lumpy_Skin_259_png.rf.753410f2da0a2d0bdbc7ac1890500668.jpg,C:\Users\ashis\Desktop\ScanAI\dataset_manager\clean\skin\lumpy_skin_disease\roboflow__lumpy-skin-disease-detection__Lumpy_Skin_320_png.rf.f9a149ae672b269e5e1ce856074298d9.jpg,0
C:\Users\ashis\Desktop\ScanAI\dataset_manager\clean\skin\lumpy_skin_disease\roboflow__lumpy-skin-disease-detection__Lumpy_Skin_263_png.rf.88bdf86d1e083515db5b5e379188dcc5.jpg,C:\Users\ashis\Desktop\ScanAI\dataset_manager\clean\skin\lumpy_skin_disease\roboflow__lumpy-skin-disease-detection__Lumpy_Skin_43_png.rf.1f0fb427de5efd2a190fac60f8f95e32.jpg,2
C:\Users\ashis\Desktop\ScanAI\dataset_manager\clean\skin\lumpy_skin_disease\roboflow__lumpy-skin-disease-detection__Lumpy_Skin_264_png.rf.b225a14d6cd88a8e40692fe7a9f766b6.jpg,C:\Users\ashis\Desktop\ScanAI\dataset_manager\clean\skin\lumpy_skin_disease\roboflow__lumpy-skin-disease-detection__Lumpy_Skin_304_png.rf.f5960b1c4cf6a8d3b84e2b2afd50d1e8.jpg,0
C:\Users\ashis\Desktop\ScanAI\dataset_manager\clean\skin\lumpy_skin_disease\roboflow__lumpy-skin-disease-detection__Lumpy_Skin_267_png.rf.87fc9011a7df1c7149873a976681f2aa.jpg,C:\Users\ashis\Desktop\ScanAI\dataset_manager\clean\skin\lumpy_skin_disease\roboflow__lumpy-skin-disease-detection__Lumpy_Skin_317_png.rf.7c810c93e493a9bc8799e6d8fec23ea6.jpg,2
C:\Users\ashis\Desktop\ScanAI\dataset_manager\clean\skin\lumpy_skin_disease\roboflow__lumpy-skin-disease-detection__Lumpy_Skin_26_png.rf.a3bb566cd0b74ae82b45b551cd7390ea.jpg,C:\Users\ashis\Desktop\ScanAI\dataset_manager\clean\skin\lumpy_skin_disease\roboflow__lumpy-skin-disease-detection__Lumpy_Skin_87_png.rf.f862ead7ab0d7cbab1e31c0e375bfda7.jpg,0
C:\Users\ashis\Desktop\ScanAI\dataset_manager\clean\skin\lumpy_skin_disease\roboflow__lumpy-skin-disease-detection__Lumpy_Skin_273_png.rf.2c5c44e87bb29494d5d8c7a4342bbeb3.jpg,C:\Users\ashis\Desktop\ScanAI\dataset_manager\clean\skin\lumpy_skin_disease\roboflow__lumpy-skin-disease-detection__Lumpy_Skin_297_png.rf.77d028eed4b32a9b7d22aa39638d4f17.jpg,2
C:\Users\ashis\Desktop\ScanAI\dataset_manager\clean\skin\lumpy_skin_disease\roboflow__lumpy-skin-disease-detection__Lumpy_Skin_289_png.rf.f52327a0fce680493842d023db8d26f3.jpg,C:\Users\ashis\Desktop\ScanAI\dataset_manager\clean\skin\lumpy_skin_disease\roboflow__lumpy-skin-disease-detection__Lumpy_Skin_55_png.rf.b4de1b993884f6b1d93a9175aba74491.jpg,0
C:\Users\ashis\Desktop\ScanAI\dataset_manager\clean\skin\lumpy_skin_disease\roboflow__lumpy-skin-disease-detection__Lumpy_Skin_291_png.rf.049dc5ae3cf5f6148c68498af3db93f0.jpg,C:\Users\ashis\Desktop\ScanAI\dataset_manager\clean\skin\lumpy_skin_disease\roboflow__lumpy-skin-disease-detection__Lumpy_Skin_60_png.rf.df0276d807217e8ebeb77477ee6808c3.jpg,0
C:\Users\ashis\Desktop\ScanAI\dataset_manager\clean\skin\lumpy_skin_disease\roboflow__lumpy-skin-disease-detection__Lumpy_Skin_295_png.rf.8b003ce8749ee1586141be38639df475.jpg,C:\Users\ashis\Desktop\ScanAI\dataset_manager\clean\skin\lumpy_skin_disease\roboflow__lumpy-skin-disease-detection__Lumpy_Skin_63_png.rf.704e9ce776207af5c76b2d97a629f77e.jpg,2
C:\Users\ashis\Desktop\ScanAI\dataset_manager\clean\skin\lumpy_skin_disease\roboflow__lumpy-skin-disease-detection__Lumpy_Skin_296_png.rf.1b93260ef22efb9bfcc05fdcc969e8e9.jpg,C:\Users\ashis\Desktop\ScanAI\dataset_manager\clean\skin\lumpy_skin_disease\roboflow__lumpy-skin-disease-detection__Lumpy_Skin_65_png.rf.6b8188946d18bb60ce079836adfa44c0.jpg,2
C:\Users\ashis\Desktop\ScanAI\dataset_manager\clean\skin\lumpy_skin_disease\roboflow__lumpy-skin-disease-detection__Lumpy_Skin_303_png.rf.5d388e21de5bfdb56228956b53fc00e1.jpg,C:\Users\ashis\Desktop\ScanAI\dataset_manager\clean\skin\lumpy_skin_disease\roboflow__lumpy-skin-disease-detection__Lumpy_Skin_57_png.rf.450d5c9c709557b270500649d1443408.jpg,2
C:\Users\ashis\Desktop\ScanAI\dataset_manager\clean\skin\lumpy_skin_disease\roboflow__lumpy-skin-disease-detection__Lumpy_Skin_324_png.rf.dc68da8cbb6fbea876bdd1adbedc57a2.jpg,C:\Users\ashis\Desktop\ScanAI\dataset_manager\clean\skin\lumpy_skin_disease\roboflow__lumpy-skin-disease-detection__Lumpy_Skin_84_png.rf.c3931eb46b10f20c99b305b36af206df.jpg,0
C:\Users\ashis\Desktop\ScanAI\dataset_manager\clean\skin\lumpy_skin_disease\roboflow__lumpy-skin-disease-detection__Lumpy_Skin_34_png.rf.75aacdf6b3232b44bb5353314628b854.jpg,C:\Users\ashis\Desktop\ScanAI\dataset_manager\clean\skin\lumpy_skin_disease\roboflow__lumpy-skin-disease-detection__Lumpy_Skin_93_png.rf.812bdd20791d7b639c7ac8ba2a317bfe.jpg,0
C:\Users\ashis\Desktop\ScanAI\dataset_manager\clean\skin\lumpy_skin_disease\roboflow__lumpy-skin-disease-detection__Lumpy_Skin_37_png.rf.285dc390f46bd8595beeec51d2756d73.jpg,C:\Users\ashis\Desktop\ScanAI\dataset_manager\clean\skin\lumpy_skin_disease\roboflow__lumpy-skin-disease-detection__Lumpy_Skin_58_png.rf.730808bd83436ecaeac03610dc74299a.jpg,0
C:\Users\ashis\Desktop\ScanAI\dataset_manager\clean\skin\lumpy_skin_disease\roboflow__lumpy-skin-disease-detection__Lumpy_Skin_3_png.rf.ea094a2f8ab87d0a3a11afb38800d1e6.jpg,C:\Users\ashis\Desktop\ScanAI\dataset_manager\clean\skin\lumpy_skin_disease\roboflow__lumpy-skin-disease-detection__Lumpy_Skin_88_png.rf.503be3d42c3ee5a1598d7af166b15877.jpg,0
C:\Users\ashis\Desktop\ScanAI\dataset_manager\clean\skin\lumpy_skin_disease\roboflow__lumpy-skin-disease-detection__Lumpy_Skin_62_png.rf.93e875aeca20afb4d2ef87874230b20c.jpg,C:\Users\ashis\Desktop\ScanAI\dataset_manager\clean\skin\lumpy_skin_disease\roboflow__lumpy-skin-disease-detection__Lumpy_Skin_9_png.rf.3d37c7cdf5cba28cb3849b71bf33ba22.jpg,0
C:\Users\ashis\Desktop\ScanAI\dataset_manager\clean\skin\mange\kaggle__smadive__pet-disease-images__Image_1.jpg,C:\Users\ashis\Desktop\ScanAI\dataset_manager\clean\skin\mange\roboflow__dog-and-cat-skin-disease-identification-2__Image_1_jpg.rf.dea20ab86a47dd8c5f7265eed3c6f7f5.jpg,0
C:\Users\ashis\Desktop\ScanAI\dataset_manager\clean\skin\mange\kaggle__smadive__pet-disease-images__Image_10.jpg,C:\Users\ashis\Desktop\ScanAI\dataset_manager\clean\skin\mange\roboflow__dog-and-cat-skin-disease-identification-2__Image_10_jpg.rf.6973c72c1820da65c3d9ad4a025744d6.jpg,0
C:\Users\ashis\Desktop\ScanAI\dataset_manager\clean\skin\mange\kaggle__smadive__pet-disease-images__Image_13.jpg,C:\Users\ashis\Desktop\ScanAI\dataset_manager\clean\skin\mange\kaggle__smadive__pet-disease-images__Image_88.jpg,0
C:\Users\ashis\Desktop\ScanAI\dataset_manager\clean\skin\mange\kaggle__smadive__pet-disease-images__Image_2.jpg,C:\Users\ashis\Desktop\ScanAI\dataset_manager\clean\skin\mange\kaggle__smadive__pet-disease-images__Image_35.jpg,0
C:\Users\ashis\Desktop\ScanAI\dataset_manager\clean\skin\mange\kaggle__smadive__pet-disease-images__Image_2.jpg,C:\Users\ashis\Desktop\ScanAI\dataset_manager\clean\skin\mange\kaggle__smadive__pet-disease-images__Image_43.jpg,2
C:\Users\ashis\Desktop\ScanAI\dataset_manager\clean\skin\mange\kaggle__smadive__pet-disease-images__Image_22.jpg,C:\Users\ashis\Desktop\ScanAI\dataset_manager\clean\skin\mange\kaggle__smadive__pet-disease-images__Image_33.jpg,0
C:\Users\ashis\Desktop\ScanAI\dataset_manager\clean\skin\mange\kaggle__smadive__pet-disease-images__Image_24.jpg,C:\Users\ashis\Desktop\ScanAI\dataset_manager\clean\skin\mange\kaggle__smadive__pet-disease-images__Image_65.jpg,2
C:\Users\ashis\Desktop\ScanAI\dataset_manager\clean\skin\mange\kaggle__smadive__pet-disease-images__Image_26.jpg,C:\Users\ashis\Desktop\ScanAI\dataset_manager\clean\skin\mange\roboflow__dog-and-cat-skin-disease-identification-2__Image_26_jpg.rf.2ea275d69babfda0e34e58bd49d1db15.jpg,0
C:\Users\ashis\Desktop\ScanAI\dataset_manager\clean\skin\mange\kaggle__smadive__pet-disease-images__Image_3.jpg,C:\Users\ashis\Desktop\ScanAI\dataset_manager\clean\skin\mange\roboflow__dog-and-cat-skin-disease-identification-2__Image_3_jpg.rf.0e2f978f58fae7962cf0f7f75f114f5d.jpg,0
C:\Users\ashis\Desktop\ScanAI\dataset_manager\clean\skin\mange\kaggle__smadive__pet-disease-images__Image_3.jpg,C:\Users\ashis\Desktop\ScanAI\dataset_manager\clean\skin\scabies\kaggle__smadive__pet-disease-images__Image_99.jpg,0
C:\Users\ashis\Desktop\ScanAI\dataset_manager\clean\skin\mange\kaggle__smadive__pet-disease-images__Image_31.jpg,C:\Users\ashis\Desktop\ScanAI\dataset_manager\clean\skin\mange\roboflow__dog-and-cat-skin-disease-identification-2__Image_31_jpg.rf.5c2196ba3f8d8f02e13297bfb79996dd.jpg,0
C:\Users\ashis\Desktop\ScanAI\dataset_manager\clean\skin\mange\kaggle__smadive__pet-disease-images__Image_35.jpg,C:\Users\ashis\Desktop\ScanAI\dataset_manager\clean\skin\mange\kaggle__smadive__pet-disease-images__Image_43.jpg,2
C:\Users\ashis\Desktop\ScanAI\dataset_manager\clean\skin\mange\kaggle__smadive__pet-disease-images__Image_37.jpg,C:\Users\ashis\Desktop\ScanAI\dataset_manager\clean\skin\mange\roboflow__dog-and-cat-skin-disease-identification-2__Image_37_jpg.rf.6c7756e75909efe8eeb844f383a56aad.jpg,0
C:\Users\ashis\Desktop\ScanAI\dataset_manager\clean\skin\mange\kaggle__smadive__pet-disease-images__Image_38.jpg,C:\Users\ashis\Desktop\ScanAI\dataset_manager\clean\skin\mange\kaggle__smadive__pet-disease-images__Image_4.jpg,0
C:\Users\ashis\Desktop\ScanAI\dataset_manager\clean\skin\mange\kaggle__smadive__pet-disease-images__Image_39.jpg,C:\Users\ashis\Desktop\ScanAI\dataset_manager\clean\skin\mange\kaggle__smadive__pet-disease-images__Image_41.jpg,0
C:\Users\ashis\Desktop\ScanAI\dataset_manager\clean\skin\mange\kaggle__smadive__pet-disease-images__Image_39.png,C:\Users\ashis\Desktop\ScanAI\dataset_manager\clean\skin\mange\kaggle__smadive__pet-disease-images__Image_41.png,0
C:\Users\ashis\Desktop\ScanAI\dataset_manager\clean\skin\mange\kaggle__smadive__pet-disease-images__Image_39.png,C:\Users\ashis\Desktop\ScanAI\dataset_manager\clean\skin\mange\roboflow__dog-and-cat-skin-disease-identification-2__Image_39_png_jpg.rf.2fb29ad15e29228535f9710e34148218.jpg,0
C:\Users\ashis\Desktop\ScanAI\dataset_manager\clean\skin\mange\kaggle__smadive__pet-disease-images__Image_41.png,C:\Users\ashis\Desktop\ScanAI\dataset_manager\clean\skin\mange\roboflow__dog-and-cat-skin-disease-identification-2__Image_39_png_jpg.rf.2fb29ad15e29228535f9710e34148218.jpg,0
C:\Users\ashis\Desktop\ScanAI\dataset_manager\clean\skin\mange\kaggle__smadive__pet-disease-images__Image_5.jpg,C:\Users\ashis\Desktop\ScanAI\dataset_manager\clean\skin\mange\roboflow__dog-and-cat-skin-disease-identification-2__Image_5_jpg.rf.5ac2aded354cca795f5842951efc1e28.jpg,0
C:\Users\ashis\Desktop\ScanAI\dataset_manager\clean\skin\mange\kaggle__smadive__pet-disease-images__Image_64.jpg,C:\Users\ashis\Desktop\ScanAI\dataset_manager\clean\skin\mange\roboflow__dog-and-cat-skin-disease-identification-2__Image_64_jpg.rf.7eb32d37091328562d9be2044951914a.jpg,2
C:\Users\ashis\Desktop\ScanAI\dataset_manager\clean\skin\mange\roboflow__dog-and-cat-skin-disease-identification-2__1-1-_jpg.rf.37cbde1c39346acc8f4b986c35743276.jpg,C:\Users\ashis\Desktop\ScanAI\dataset_manager\clean\skin\mange\roboflow__dog-and-cat-skin-disease-identification-2__1-1-_jpg.rf.d2dacce95deea61c52e674e99bf4c4a3.jpg,0
C:\Users\ashis\Desktop\ScanAI\dataset_manager\clean\skin\mange\roboflow__dog-and-cat-skin-disease-identification-2__1-10-_jpg.rf.5109c5202caf7b6e12da2734a8462f9f.jpg,C:\Users\ashis\Desktop\ScanAI\dataset_manager\clean\skin\mange\roboflow__dog-and-cat-skin-disease-identification-2__1-10-_jpg.rf.9b0c6c8f342ee3ae0774e70b7a7c2e44.jpg,0
C:\Users\ashis\Desktop\ScanAI\dataset_manager\clean\skin\mange\roboflow__dog-and-cat-skin-disease-identification-2__1-11-_jpg.rf.b9b6c89183c8613a36ef539b80a4bae3.jpg,C:\Users\ashis\Desktop\ScanAI\dataset_manager\clean\skin\mange\roboflow__dog-and-cat-skin-disease-identification-2__1-11-_jpg.rf.e4a2b259cfd24e1b9fdff5f6e4038f92.jpg,0
C:\Users\ashis\Desktop\ScanAI\dataset_manager\clean\skin\mange\roboflow__dog-and-cat-skin-disease-identification-2__1-12-_jpg.rf.66ad0d71d804335c2005eb068a1c8e67.jpg,C:\Users\ashis\Desktop\ScanAI\dataset_manager\clean\skin\mange\roboflow__dog-and-cat-skin-disease-identification-2__1-12-_jpg.rf.d14dfafd5261b50e19da600d887e1e0a.jpg,0
C:\Users\ashis\Desktop\ScanAI\dataset_manager\clean\skin\mange\roboflow__dog-and-cat-skin-disease-identification-2__1-14-_png_jpg.rf.3226996494cc7159a4ea9790a7404219.jpg,C:\Users\ashis\Desktop\ScanAI\dataset_manager\clean\skin\mange\roboflow__dog-and-cat-skin-disease-identification-2__1-14-_png_jpg.rf.5cef3b063848b0dd72680b7d96ec24e2.jpg,0
C:\Users\ashis\Desktop\ScanAI\dataset_manager\clean\skin\mange\roboflow__dog-and-cat-skin-disease-identification-2__1-23-_png_jpg.rf.7ef579e36e75507d2322b0ba237f91b5.jpg,C:\Users\ashis\Desktop\ScanAI\dataset_manager\clean\skin\mange\roboflow__dog-and-cat-skin-disease-identification-2__1-23-_png_jpg.rf.964350f0173bcdc801722e378621c17c.jpg,0
C:\Users\ashis\Desktop\ScanAI\dataset_manager\clean\skin\mange\roboflow__dog-and-cat-skin-disease-identification-2__1-26-_png_jpg.rf.0e2442ee39a03766b09c7f2965b828dd.jpg,C:\Users\ashis\Desktop\ScanAI\dataset_manager\clean\skin\mange\roboflow__dog-and-cat-skin-disease-identification-2__1-26-_png_jpg.rf.e0a3ffa50d43e545d42184d07452ce75.jpg,0
C:\Users\ashis\Desktop\ScanAI\dataset_manager\clean\skin\mange\roboflow__dog-and-cat-skin-disease-identification-2__1-27-_png_jpg.rf.41c7b6fca3355940d3c4928fa52b9a62.jpg,C:\Users\ashis\Desktop\ScanAI\dataset_manager\clean\skin\mange\roboflow__dog-and-cat-skin-disease-identification-2__1-27-_png_jpg.rf.ddda5f57380a1b07d7201871d8059dca.jpg,0
C:\Users\ashis\Desktop\ScanAI\dataset_manager\clean\skin\mange\roboflow__dog-and-cat-skin-disease-identification-2__1-27-_png_jpg.rf.86d38f53117dca99d41fdea0d634de36.jpg,C:\Users\ashis\Desktop\ScanAI\dataset_manager\clean\skin\mange\roboflow__dog-and-cat-skin-disease-identification-2__1-27-_png_jpg.rf.e9c2dae38c47abe15ca6c02be884fbb5.jpg,0
C:\Users\ashis\Desktop\ScanAI\dataset_manager\clean\skin\mange\roboflow__dog-and-cat-skin-disease-identification-2__1-3-_jpg.rf.a1a276523ba47cb8b6a57ac670636bd6.jpg,C:\Users\ashis\Desktop\ScanAI\dataset_manager\clean\skin\mange\roboflow__dog-and-cat-skin-disease-identification-2__1-3-_jpg.rf.e890311782be05b1865e09446d24771d.jpg,0
C:\Users\ashis\Desktop\ScanAI\dataset_manager\clean\skin\mange\roboflow__dog-and-cat-skin-disease-identification-2__1-33-_png_jpg.rf.3325bcf96b39bbd182efc0e8c19e5268.jpg,C:\Users\ashis\Desktop\ScanAI\dataset_manager\clean\skin\mange\roboflow__dog-and-cat-skin-disease-identification-2__1-33-_png_jpg.rf.56816dc93070b977e8a72d748ca5ef45.jpg,0
C:\Users\ashis\Desktop\ScanAI\dataset_manager\clean\skin\mange\roboflow__dog-and-cat-skin-disease-identification-2__1-36-_png_jpg.rf.03c1c76565387b05c979f9582e4ae68b.jpg,C:\Users\ashis\Desktop\ScanAI\dataset_manager\clean\skin\mange\roboflow__dog-and-cat-skin-disease-identification-2__1-36-_png_jpg.rf.d69b12c1ca50354d4cce1894f1ea2e71.jpg,0
C:\Users\ashis\Desktop\ScanAI\dataset_manager\clean\skin\mange\roboflow__dog-and-cat-skin-disease-identification-2__1-38-_png_jpg.rf.0b2bcf19bba8b56ceeff56a85532b9c4.jpg,C:\Users\ashis\Desktop\ScanAI\dataset_manager\clean\skin\mange\roboflow__dog-and-cat-skin-disease-identification-2__1-38-_png_jpg.rf.5a3b34266e6bc397387222d50292dcb5.jpg,0
C:\Users\ashis\Desktop\ScanAI\dataset_manager\clean\skin\mange\roboflow__dog-and-cat-skin-disease-identification-2__1-43-_png_jpg.rf.2cb01344ee4d349e5c00795d93f3e42b.jpg,C:\Users\ashis\Desktop\ScanAI\dataset_manager\clean\skin\mange\roboflow__dog-and-cat-skin-disease-identification-2__1-43-_png_jpg.rf.6c96521351fecefd663ba99ee54f5016.jpg,0
C:\Users\ashis\Desktop\ScanAI\dataset_manager\clean\skin\mange\roboflow__dog-and-cat-skin-disease-identification-2__1-46-_png_jpg.rf.6af0387328a478da02df0f54994c7df7.jpg,C:\Users\ashis\Desktop\ScanAI\dataset_manager\clean\skin\mange\roboflow__dog-and-cat-skin-disease-identification-2__1-46-_png_jpg.rf.8529305f4169fec32cd6f7fed9812c72.jpg,0
C:\Users\ashis\Desktop\ScanAI\dataset_manager\clean\skin\mange\roboflow__dog-and-cat-skin-disease-identification-2__1-5-_jpg.rf.16fa9cc771702101326f9fda1693c1a6.jpg,C:\Users\ashis\Desktop\ScanAI\dataset_manager\clean\skin\mange\roboflow__dog-and-cat-skin-disease-identification-2__1-5-_jpg.rf.58627e1dbb9f4f795a842bc6799ed6cd.jpg,0
C:\Users\ashis\Desktop\ScanAI\dataset_manager\clean\skin\mange\roboflow__dog-and-cat-skin-disease-identification-2__1-51-_png_jpg.rf.6b84614c36052e34affd2cb2a2f05b46.jpg,C:\Users\ashis\Desktop\ScanAI\dataset_manager\clean\skin\mange\roboflow__dog-and-cat-skin-disease-identification-2__1-51-_png_jpg.rf.92fca6e68b31910bf46da6205e153316.jpg,0
C:\Users\ashis\Desktop\ScanAI\dataset_manager\clean\skin\mange\roboflow__dog-and-cat-skin-disease-identification-2__1-53-_png_jpg.rf.2f866a0a308717ea3ee202e72aacdecb.jpg,C:\Users\ashis\Desktop\ScanAI\dataset_manager\clean\skin\mange\roboflow__dog-and-cat-skin-disease-identification-2__1-53-_png_jpg.rf.32c923a435b2b77e3563f1e235db231c.jpg,0
C:\Users\ashis\Desktop\ScanAI\dataset_manager\clean\skin\mange\roboflow__dog-and-cat-skin-disease-identification-2__1-58-_png_jpg.rf.72469f6e343451d031cf4aaae975bf28.jpg,C:\Users\ashis\Desktop\ScanAI\dataset_manager\clean\skin\mange\roboflow__dog-and-cat-skin-disease-identification-2__1-58-_png_jpg.rf.cf8ecd360e5b25d3335b36cd11071078.jpg,0
C:\Users\ashis\Desktop\ScanAI\dataset_manager\clean\skin\mange\roboflow__dog-and-cat-skin-disease-identification-2__1-62-_png_jpg.rf.4e3bffb7221c2c44676022bbca927f0d.jpg,C:\Users\ashis\Desktop\ScanAI\dataset_manager\clean\skin\mange\roboflow__dog-and-cat-skin-disease-identification-2__1-62-_png_jpg.rf.f15eebe8b7f65ec13536729bc09bdb18.jpg,0
C:\Users\ashis\Desktop\ScanAI\dataset_manager\clean\skin\mange\roboflow__dog-and-cat-skin-disease-identification-2__1-63-_png_jpg.rf.1cd2dfcdad985477878a06fcd9870ee2.jpg,C:\Users\ashis\Desktop\ScanAI\dataset_manager\clean\skin\mange\roboflow__dog-and-cat-skin-disease-identification-2__1-63-_png_jpg.rf.58a5d4257ac527c29358dff9a2b7856f.jpg,0
C:\Users\ashis\Desktop\ScanAI\dataset_manager\clean\skin\mange\roboflow__dog-and-cat-skin-disease-identification-2__1-65-_png_jpg.rf.200c7d863bd69bd9edf703cf98c9dd57.jpg,C:\Users\ashis\Desktop\ScanAI\dataset_manager\clean\skin\mange\roboflow__dog-and-cat-skin-disease-identification-2__1-65-_png_jpg.rf.aff39caeb0a0d2ea258d4d67b4b4d149.jpg,0
C:\Users\ashis\Desktop\ScanAI\dataset_manager\clean\skin\mange\roboflow__dog-and-cat-skin-disease-identification-2__1-67-_png_jpg.rf.4f4392b527c5b74f3de2a721af64dd08.jpg,C:\Users\ashis\Desktop\ScanAI\dataset_manager\clean\skin\mange\roboflow__dog-and-cat-skin-disease-identification-2__1-67-_png_jpg.rf.b1e0b0f90c9a2414f548f6470a24cf69.jpg,0
C:\Users\ashis\Desktop\ScanAI\dataset_manager\clean\skin\mange\roboflow__dog-and-cat-skin-disease-identification-2__1-69-_png_jpg.rf.13bd608ff467ee6db7cde63b78b213b6.jpg,C:\Users\ashis\Desktop\ScanAI\dataset_manager\clean\skin\mange\roboflow__dog-and-cat-skin-disease-identification-2__1-69-_png_jpg.rf.1665fad762541bfae52a95552ff969af.jpg,0
C:\Users\ashis\Desktop\ScanAI\dataset_manager\clean\skin\mange\roboflow__dog-and-cat-skin-disease-identification-2__1-8-_png_jpg.rf.44428f07ddc77874909c141c6ed2473c.jpg,C:\Users\ashis\Desktop\ScanAI\dataset_manager\clean\skin\mange\roboflow__dog-and-cat-skin-disease-identification-2__1-8-_png_jpg.rf.6d32e696662b57f590e7a9821be8ecb8.jpg,0
C:\Users\ashis\Desktop\ScanAI\dataset_manager\clean\skin\mange\roboflow__dog-and-cat-skin-disease-identification-2__2024-05-13-133205_2_jpg.rf.6c8bf746c42300a88e7309610b03a57b.jpg,C:\Users\ashis\Desktop\ScanAI\dataset_manager\clean\skin\mange\roboflow__dog-and-cat-skin-disease-identification-2__2024-05-13-133205_2_jpg.rf.e84762d8e0469d4cf66b303e6291e397.jpg,0
C:\Users\ashis\Desktop\ScanAI\dataset_manager\clean\skin\mange\roboflow__dog-and-cat-skin-disease-identification-2__2024-05-13-133458_4_jpg.rf.376240a612d0ebba839efde0da76a189.jpg,C:\Users\ashis\Desktop\ScanAI\dataset_manager\clean\skin\mange\roboflow__dog-and-cat-skin-disease-identification-2__2024-05-13-133458_4_jpg.rf.b83f6d0c8e3810dab113eda56a908577.jpg,0
C:\Users\ashis\Desktop\ScanAI\dataset_manager\clean\skin\mange\roboflow__dog-and-cat-skin-disease-identification-2__2024-05-13-133920_2_jpg.rf.76c4ca61bb636e60ef0b1db68dbeff3c.jpg,C:\Users\ashis\Desktop\ScanAI\dataset_manager\clean\skin\mange\roboflow__dog-and-cat-skin-disease-identification-2__2024-05-13-133920_2_jpg.rf.9ed1198a82018fb45a48cacb321a4bcd.jpg,0
C:\Users\ashis\Desktop\ScanAI\dataset_manager\clean\skin\mange\roboflow__dog-and-cat-skin-disease-identification-2__2024-05-13-134023_1_jpg.rf.30109cd6af86a4bfd6c183018bd427b9.jpg,C:\Users\ashis\Desktop\ScanAI\dataset_manager\clean\skin\mange\roboflow__dog-and-cat-skin-disease-identification-2__2024-05-13-134023_1_jpg.rf.6e104da3832926167afeb9ffd2fabea7.jpg,0
C:\Users\ashis\Desktop\ScanAI\dataset_manager\clean\skin\mange\roboflow__dog-and-cat-skin-disease-identification-2__2024-05-13-134023_1_jpg.rf.bbb2e8ceb53919363541446a09b802ef.jpg,C:\Users\ashis\Desktop\ScanAI\dataset_manager\clean\skin\mange\roboflow__dog-and-cat-skin-disease-identification-2__2024-05-13-134023_1_jpg.rf.bc4b76985dc77aafb8f59aa9d61ca560.jpg,0
C:\Users\ashis\Desktop\ScanAI\dataset_manager\clean\skin\mange\roboflow__dog-and-cat-skin-disease-identification-2__2024-05-13-134023_4_jpg.rf.2e081d13929c8ffc2fb4b741ddcd37fa.jpg,C:\Users\ashis\Desktop\ScanAI\dataset_manager\clean\skin\mange\roboflow__dog-and-cat-skin-disease-identification-2__2024-05-13-134023_4_jpg.rf.c0422bd91b94afe62e3ed898ce1e05c2.jpg,0
C:\Users\ashis\Desktop\ScanAI\dataset_manager\clean\skin\mange\roboflow__dog-and-cat-skin-disease-identification-2__2024-05-13-134023_4_jpg.rf.56a2d9d7c5c64c80ae6484a22db5fe65.jpg,C:\Users\ashis\Desktop\ScanAI\dataset_manager\clean\skin\mange\roboflow__dog-and-cat-skin-disease-identification-2__2024-05-13-134023_4_jpg.rf.dddd5a4c5afaded77df58dfa93b48fec.jpg,0
C:\Users\ashis\Desktop\ScanAI\dataset_manager\clean\skin\mange\roboflow__dog-and-cat-skin-disease-identification-2__2024-05-13-134130_4_jpg.rf.8f7455997382fd15dc0be21fcf51695c.jpg,C:\Users\ashis\Desktop\ScanAI\dataset_manager\clean\skin\mange\roboflow__dog-and-cat-skin-disease-identification-2__2024-05-13-134130_4_jpg.rf.b461ed82edcf1f8dba72fe33c1b1fbcb.jpg,0
C:\Users\ashis\Desktop\ScanAI\dataset_manager\clean\skin\mange\roboflow__dog-and-cat-skin-disease-identification-2__2024-05-13-134258_3_jpg.rf.43350b2ca2560b27c33cf478ae59bf48.jpg,C:\Users\ashis\Desktop\ScanAI\dataset_manager\clean\skin\mange\roboflow__dog-and-cat-skin-disease-identification-2__2024-05-13-134258_3_jpg.rf.4fc1092170537ba1a52cb91d60f0634c.jpg,0
C:\Users\ashis\Desktop\ScanAI\dataset_manager\clean\skin\mange\roboflow__dog-and-cat-skin-disease-identification-2__2024-05-13-134258_3_jpg.rf.82bf98da53c5e0b910480e69233fd088.jpg,C:\Users\ashis\Desktop\ScanAI\dataset_manager\clean\skin\mange\roboflow__dog-and-cat-skin-disease-identification-2__2024-05-13-134258_3_jpg.rf.9762614dde36302083a218f97e12a104.jpg,0
C:\Users\ashis\Desktop\ScanAI\dataset_manager\clean\skin\mange\roboflow__dog-and-cat-skin-disease-identification-2__2024-05-13-134316_4_jpg.rf.56ba08698f6631c67dd943118a137f2d.jpg,C:\Users\ashis\Desktop\ScanAI\dataset_manager\clean\skin\mange\roboflow__dog-and-cat-skin-disease-identification-2__2024-05-13-134316_4_jpg.rf.7d1301a2104b9a926086665e33a9c669.jpg,0
C:\Users\ashis\Desktop\ScanAI\dataset_manager\clean\skin\mange\roboflow__dog-and-cat-skin-disease-identification-2__2024-05-13-161913_jpg.rf.8676b79d3132886c4307e371c934de55.jpg,C:\Users\ashis\Desktop\ScanAI\dataset_manager\clean\skin\mange\roboflow__dog-and-cat-skin-disease-identification-2__2024-05-13-161913_jpg.rf.d2bdbf92773b9e8c159bce74a0d43ece.jpg,0
C:\Users\ashis\Desktop\ScanAI\dataset_manager\clean\skin\mange\roboflow__dog-and-cat-skin-disease-identification-2__2024-05-13-162242_jpg.rf.5b8ddf8df19763e672837c63ba198c8c.jpg,C:\Users\ashis\Desktop\ScanAI\dataset_manager\clean\skin\mange\roboflow__dog-and-cat-skin-disease-identification-2__2024-05-13-162242_jpg.rf.f4e8aa3170ad34aae63033996c6667a1.jpg,0
C:\Users\ashis\Desktop\ScanAI\dataset_manager\clean\skin\mange\roboflow__dog-and-cat-skin-disease-identification-2__2024-05-13-162254_jpg.rf.19209bcfbc45241633943a9f7da6c610.jpg,C:\Users\ashis\Desktop\ScanAI\dataset_manager\clean\skin\mange\roboflow__dog-and-cat-skin-disease-identification-2__2024-05-13-162254_jpg.rf.4421e5342f432d20a0a00b51e2211664.jpg,0
C:\Users\ashis\Desktop\ScanAI\dataset_manager\clean\skin\mange\roboflow__dog-and-cat-skin-disease-identification-2__2024-05-13-162359_jpg.rf.454596d5add5f890a98cdb849a828605.jpg,C:\Users\ashis\Desktop\ScanAI\dataset_manager\clean\skin\mange\roboflow__dog-and-cat-skin-disease-identification-2__2024-05-13-162429_jpg.rf.9a2d13e31761efb2dfcbbc2bb5bfdd95.jpg,0
C:\Users\ashis\Desktop\ScanAI\dataset_manager\clean\skin\mange\roboflow__dog-and-cat-skin-disease-identification-2__2024-05-13-162700_jpg.rf.a65ba4ecc8afb9045be1c191c079c4b4.jpg,C:\Users\ashis\Desktop\ScanAI\dataset_manager\clean\skin\mange\roboflow__dog-and-cat-skin-disease-identification-2__2024-05-13-162700_jpg.rf.c2da2112d4ce661ca09e8d167d759e8b.jpg,0
C:\Users\ashis\Desktop\ScanAI\dataset_manager\clean\skin\mange\roboflow__dog-and-cat-skin-disease-identification-2__2024-05-13-162811_jpg.rf.0b6b59fd6e7df64ddd0bc723aa43d8b7.jpg,C:\Users\ashis\Desktop\ScanAI\dataset_manager\clean\skin\mange\roboflow__dog-and-cat-skin-disease-identification-2__2024-05-13-162811_jpg.rf.7918df25b19505778a9dbe303416f398.jpg,0
C:\Users\ashis\Desktop\ScanAI\dataset_manager\clean\skin\mange\roboflow__dog-and-cat-skin-disease-identification-2__2024-05-13-162923_jpg.rf.3914c98edcfd6a61c92f27281aa2a728.jpg,C:\Users\ashis\Desktop\ScanAI\dataset_manager\clean\skin\mange\roboflow__dog-and-cat-skin-disease-identification-2__2024-05-13-162923_jpg.rf.d799c9ff2aa81fc60d56bb452a083ac8.jpg,0
C:\Users\ashis\Desktop\ScanAI\dataset_manager\clean\skin\mange\roboflow__dog-and-cat-skin-disease-identification-2__2024-05-13-163800_jpg.rf.9559b1b6776054189c84613b3dfefb74.jpg,C:\Users\ashis\Desktop\ScanAI\dataset_manager\clean\skin\mange\roboflow__dog-and-cat-skin-disease-identification-2__2024-05-13-163800_jpg.rf.dd05165a3aa993c7e8bda8d41456c898.jpg,0
C:\Users\ashis\Desktop\ScanAI\dataset_manager\clean\skin\mange\roboflow__dog-and-cat-skin-disease-identification-2__2024-05-13-164000_jpg.rf.9ddca4c5466f91bf658f56834e15169d.jpg,C:\Users\ashis\Desktop\ScanAI\dataset_manager\clean\skin\mange\roboflow__dog-and-cat-skin-disease-identification-2__2024-05-13-164000_jpg.rf.c4a96acb68f81244804eb4b1ab0c0e75.jpg,0
C:\Users\ashis\Desktop\ScanAI\dataset_manager\clean\skin\mange\roboflow__dog-and-cat-skin-disease-identification-2__2024-05-13-164224_4_jpg.rf.248e0113c65d4e90c718b75e6128718e.jpg,C:\Users\ashis\Desktop\ScanAI\dataset_manager\clean\skin\mange\roboflow__dog-and-cat-skin-disease-identification-2__2024-05-13-164224_4_jpg.rf.2691f42740be0bfb325beada2f1ff0d3.jpg,0
C:\Users\ashis\Desktop\ScanAI\dataset_manager\clean\skin\mange\roboflow__dog-and-cat-skin-disease-identification-2__2024-05-13-164224_4_jpg.rf.6f3621945c84839fb2827fd2bcbc2e24.jpg,C:\Users\ashis\Desktop\ScanAI\dataset_manager\clean\skin\mange\roboflow__dog-and-cat-skin-disease-identification-2__2024-05-13-164224_4_jpg.rf.ed0c8c0da4c0155d59d89a35edb527d6.jpg,0
C:\Users\ashis\Desktop\ScanAI\dataset_manager\clean\skin\mange\roboflow__dog-and-cat-skin-disease-identification-2__2024-05-13-164256_1_jpg.rf.08c82bbe80377803fd434ebfa1d4008a.jpg,C:\Users\ashis\Desktop\ScanAI\dataset_manager\clean\skin\mange\roboflow__dog-and-cat-skin-disease-identification-2__2024-05-13-164256_1_jpg.rf.19a44a12b2372ea88b75772047b47698.jpg,0
C:\Users\ashis\Desktop\ScanAI\dataset_manager\clean\skin\mange\roboflow__dog-and-cat-skin-disease-identification-2__2024-05-13-164256_2_jpg.rf.883a80bc9195eaa51301fe4b96156ce1.jpg,C:\Users\ashis\Desktop\ScanAI\dataset_manager\clean\skin\mange\roboflow__dog-and-cat-skin-disease-identification-2__2024-05-13-164256_2_jpg.rf.975cb3af8372aff8b48230f0761ff101.jpg,0
C:\Users\ashis\Desktop\ScanAI\dataset_manager\clean\skin\mange\roboflow__dog-and-cat-skin-disease-identification-2__2024-05-13-164325_3_jpg.rf.2c3e6cca8683d826651b1b6ce09abab0.jpg,C:\Users\ashis\Desktop\ScanAI\dataset_manager\clean\skin\mange\roboflow__dog-and-cat-skin-disease-identification-2__2024-05-13-164325_3_jpg.rf.c45ba46b087b51cc9fc7d98c75556aee.jpg,0
C:\Users\ashis\Desktop\ScanAI\dataset_manager\clean\skin\mange\roboflow__dog-and-cat-skin-disease-identification-2__2024-05-13-165218_jpg.rf.bbbddca3a1cb616e0fa26d6ee8739ad9.jpg,C:\Users\ashis\Desktop\ScanAI\dataset_manager\clean\skin\mange\roboflow__dog-and-cat-skin-disease-identification-2__2024-05-13-165218_jpg.rf.ccc6dbffad38d62db6d494a8b1f77e0a.jpg,0
C:\Users\ashis\Desktop\ScanAI\dataset_manager\clean\skin\mange\roboflow__dog-and-cat-skin-disease-identification-2__2024-05-13-165246_jpg.rf.5343cde9c3ba8e9732cea5a61e699124.jpg,C:\Users\ashis\Desktop\ScanAI\dataset_manager\clean\skin\mange\roboflow__dog-and-cat-skin-disease-identification-2__2024-05-13-165246_jpg.rf.53d40038f8656eb0becd489258066036.jpg,0
C:\Users\ashis\Desktop\ScanAI\dataset_manager\clean\skin\mange\roboflow__dog-and-cat-skin-disease-identification-2__2024-05-13-165441_jpg.rf.29a253e20f51bfc49bf2e2e1600be5ae.jpg,C:\Users\ashis\Desktop\ScanAI\dataset_manager\clean\skin\mange\roboflow__dog-and-cat-skin-disease-identification-2__2024-05-13-165441_jpg.rf.8326bdbab960cd09becf6fb70ab303ea.jpg,0
C:\Users\ashis\Desktop\ScanAI\dataset_manager\clean\skin\mange\roboflow__dog-and-cat-skin-disease-identification-2__D105_png_jpg.rf.633b0ec5b7e1e356634c48e9c46b614a.jpg,C:\Users\ashis\Desktop\ScanAI\dataset_manager\clean\skin\mange\roboflow__dog-and-cat-skin-disease-identification-2__D105_png_jpg.rf.c58dba840c7f552dc5913f7c5c68c38c.jpg,0
C:\Users\ashis\Desktop\ScanAI\dataset_manager\clean\skin\mange\roboflow__dog-and-cat-skin-disease-identification-2__D108_png_jpg.rf.26103687afa2ad9e7b46e6dc4bca1abe.jpg,C:\Users\ashis\Desktop\ScanAI\dataset_manager\clean\skin\mange\roboflow__dog-and-cat-skin-disease-identification-2__D108_png_jpg.rf.c8481bc312b3c668d6eb0c816913f27e.jpg,0
C:\Users\ashis\Desktop\ScanAI\dataset_manager\clean\skin\mange\roboflow__dog-and-cat-skin-disease-identification-2__D115_png_jpg.rf.d7d08c2f5e5bbbcc63b1ccf8ce7e3a67.jpg,C:\Users\ashis\Desktop\ScanAI\dataset_manager\clean\skin\mange\roboflow__dog-and-cat-skin-disease-identification-2__D115_png_jpg.rf.efaa803ac5b1c9d6ae6fa0e9a4e9b852.jpg,0
C:\Users\ashis\Desktop\ScanAI\dataset_manager\clean\skin\mange\roboflow__dog-and-cat-skin-disease-identification-2__D116_png_jpg.rf.05f8aed8d5d5271edfbeca0ea17abc77.jpg,C:\Users\ashis\Desktop\ScanAI\dataset_manager\clean\skin\mange\roboflow__dog-and-cat-skin-disease-identification-2__D116_png_jpg.rf.ba3e011cbd26c5d3ac8e915630b8f897.jpg,0
C:\Users\ashis\Desktop\ScanAI\dataset_manager\clean\skin\mange\roboflow__dog-and-cat-skin-disease-identification-2__D116_png_jpg.rf.2a2c4f98db28892259d7c3aeb9a0dbff.jpg,C:\Users\ashis\Desktop\ScanAI\dataset_manager\clean\skin\ringworm\roboflow__dog-and-cat-skin-disease-identification-2__436701099_994061025387216_3841232665235162802_n_jpg.rf.a910b659a96367a8cb9086aab1af455f.jpg,2
C:\Users\ashis\Desktop\ScanAI\dataset_manager\clean\skin\mange\roboflow__dog-and-cat-skin-disease-identification-2__D120_png_jpg.rf.0c1dc8db77b109e19da27c80ef45abec.jpg,C:\Users\ashis\Desktop\ScanAI\dataset_manager\clean\skin\mange\roboflow__dog-and-cat-skin-disease-identification-2__D120_png_jpg.rf.95197b79f4094edd325174a0a576a340.jpg,0
C:\Users\ashis\Desktop\ScanAI\dataset_manager\clean\skin\mange\roboflow__dog-and-cat-skin-disease-identification-2__D120_png_jpg.rf.2379cd3ccd76b2863e4830db27089da6.jpg,C:\Users\ashis\Desktop\ScanAI\dataset_manager\clean\skin\mange\roboflow__dog-and-cat-skin-disease-identification-2__D120_png_jpg.rf.6215451c8024b49a506863c330748131.jpg,0
C:\Users\ashis\Desktop\ScanAI\dataset_manager\clean\skin\mange\roboflow__dog-and-cat-skin-disease-identification-2__D123_png_jpg.rf.2be54e02a0e210ebf31bff48f932e887.jpg,C:\Users\ashis\Desktop\ScanAI\dataset_manager\clean\skin\mange\roboflow__dog-and-cat-skin-disease-identification-2__D123_png_jpg.rf.344350ebb22465affd17b5afae578600.jpg,0
C:\Users\ashis\Desktop\ScanAI\dataset_manager\clean\skin\mange\roboflow__dog-and-cat-skin-disease-identification-2__D123_png_jpg.rf.2be54e02a0e210ebf31bff48f932e887.jpg,C:\Users\ashis\Desktop\ScanAI\dataset_manager\clean\skin\mange\roboflow__dog-and-cat-skin-disease-identification-2__IMG_5264_jpeg_jpg.rf.e24c8738cf13b0ceb34859ee85ffcff5.jpg,4
C:\Users\ashis\Desktop\ScanAI\dataset_manager\clean\skin\mange\roboflow__dog-and-cat-skin-disease-identification-2__D123_png_jpg.rf.344350ebb22465affd17b5afae578600.jpg,C:\Users\ashis\Desktop\ScanAI\dataset_manager\clean\skin\mange\roboflow__dog-and-cat-skin-disease-identification-2__IMG_5264_jpeg_jpg.rf.e24c8738cf13b0ceb34859ee85ffcff5.jpg,4
C:\Users\ashis\Desktop\ScanAI\dataset_manager\clean\skin\mange\roboflow__dog-and-cat-skin-disease-identification-2__D124_png_jpg.rf.c9b60a198342a32bd465cdc91aa295b8.jpg,C:\Users\ashis\Desktop\ScanAI\dataset_manager\clean\skin\mange\roboflow__dog-and-cat-skin-disease-identification-2__D124_png_jpg.rf.ce0d0e0feaff85e05d83a946d854b958.jpg,0
C:\Users\ashis\Desktop\ScanAI\dataset_manager\clean\skin\mange\roboflow__dog-and-cat-skin-disease-identification-2__D126_png_jpg.rf.51d076ff79b6edede6dab82308111bff.jpg,C:\Users\ashis\Desktop\ScanAI\dataset_manager\clean\skin\mange\roboflow__dog-and-cat-skin-disease-identification-2__D126_png_jpg.rf.dfcb39f9f3a53d5b25c4ad5ede449db5.jpg,0
C:\Users\ashis\Desktop\ScanAI\dataset_manager\clean\skin\mange\roboflow__dog-and-cat-skin-disease-identification-2__D126_png_jpg.rf.deaefb8fefc498ed82f95455e1af7a10.jpg,C:\Users\ashis\Desktop\ScanAI\dataset_manager\clean\skin\mange\roboflow__dog-and-cat-skin-disease-identification-2__D126_png_jpg.rf.f2c7a72d9408fd53b8e63f22657cbd79.jpg,0
C:\Users\ashis\Desktop\ScanAI\dataset_manager\clean\skin\mange\roboflow__dog-and-cat-skin-disease-identification-2__D130_png_jpg.rf.1003b8de3304b82a8ec8984dd3b68eef.jpg,C:\Users\ashis\Desktop\ScanAI\dataset_manager\clean\skin\mange\roboflow__dog-and-cat-skin-disease-identification-2__D130_png_jpg.rf.8ccf9ac2be0678fd3addba508aa92bc0.jpg,0
C:\Users\ashis\Desktop\ScanAI\dataset_manager\clean\skin\mange\roboflow__dog-and-cat-skin-disease-identification-2__D133_png_jpg.rf.2bff0d90b3efe51ece051efa577b2b79.jpg,C:\Users\ashis\Desktop\ScanAI\dataset_manager\clean\skin\mange\roboflow__dog-and-cat-skin-disease-identification-2__D133_png_jpg.rf.ab185bfb911e721ec111a8bfea91f55c.jpg,0
C:\Users\ashis\Desktop\ScanAI\dataset_manager\clean\skin\mange\roboflow__dog-and-cat-skin-disease-identification-2__D134_png_jpg.rf.2c049a7b3112af063c3ae64aaca2d743.jpg,C:\Users\ashis\Desktop\ScanAI\dataset_manager\clean\skin\mange\roboflow__dog-and-cat-skin-disease-identification-2__D134_png_jpg.rf.76d367ff85a37e15fc939c8d6c0b3967.jpg,0
C:\Users\ashis\Desktop\ScanAI\dataset_manager\clean\skin\mange\roboflow__dog-and-cat-skin-disease-identification-2__Image_3_jpg.rf.0e2f978f58fae7962cf0f7f75f114f5d.jpg,C:\Users\ashis\Desktop\ScanAI\dataset_manager\clean\skin\scabies\kaggle__smadive__pet-disease-images__Image_99.jpg,0
C:\Users\ashis\Desktop\ScanAI\dataset_manager\clean\skin\mange\roboflow__dog-and-cat-skin-disease-identification-2__IMG_5147_jpeg_jpg.rf.0b83075d40eedea06e09af00d3b6748a.jpg,C:\Users\ashis\Desktop\ScanAI\dataset_manager\clean\skin\mange\roboflow__dog-and-cat-skin-disease-identification-2__IMG_5147_jpeg_jpg.rf.d7d9dab383594f97531fdf2d38f33c9d.jpg,0
C:\Users\ashis\Desktop\ScanAI\dataset_manager\clean\skin\mange\roboflow__dog-and-cat-skin-disease-identification-2__IMG_5147_jpeg_jpg.rf.711db0a7ed4d1a3bf23eae90f0f43290.jpg,C:\Users\ashis\Desktop\ScanAI\dataset_manager\clean\skin\mange\roboflow__dog-and-cat-skin-disease-identification-2__IMG_5147_jpeg_jpg.rf.f0f304406a4088cead06cffe5ef426ae.jpg,0
C:\Users\ashis\Desktop\ScanAI\dataset_manager\clean\skin\mange\roboflow__dog-and-cat-skin-disease-identification-2__IMG_5150_jpeg_jpg.rf.8e49bb231dc013d9e2bd34f06195dc46.jpg,C:\Users\ashis\Desktop\ScanAI\dataset_manager\clean\skin\mange\roboflow__dog-and-cat-skin-disease-identification-2__IMG_5150_jpeg_jpg.rf.afc1f8bb85431a42aa89af13c3879c3b.jpg,0
C:\Users\ashis\Desktop\ScanAI\dataset_manager\clean\skin\mange\roboflow__dog-and-cat-skin-disease-identification-2__IMG_5158_jpeg_jpg.rf.f319c773259006324b02a5214cd7b7d0.jpg,C:\Users\ashis\Desktop\ScanAI\dataset_manager\clean\skin\mange\roboflow__dog-and-cat-skin-disease-identification-2__IMG_5160_jpeg_jpg.rf.a7f214b9c8c70c011a0db9a0a0605904.jpg,4
C:\Users\ashis\Desktop\ScanAI\dataset_manager\clean\skin\mange\roboflow__dog-and-cat-skin-disease-identification-2__IMG_5161_jpeg_jpg.rf.31dbcce06e67fce2ddc135fab4a0ffbb.jpg,C:\Users\ashis\Desktop\ScanAI\dataset_manager\clean\skin\mange\roboflow__dog-and-cat-skin-disease-identification-2__IMG_5161_jpeg_jpg.rf.e620fe68c616c0aa549a9ecf3776f9d3.jpg,0
C:\Users\ashis\Desktop\ScanAI\dataset_manager\clean\skin\mange\roboflow__dog-and-cat-skin-disease-identification-2__IMG_5164_jpeg_jpg.rf.3993e47fe005b9c94480949709ead4a8.jpg,C:\Users\ashis\Desktop\ScanAI\dataset_manager\clean\skin\mange\roboflow__dog-and-cat-skin-disease-identification-2__IMG_5164_jpeg_jpg.rf.c603433f203a886ccba04dae0ee58ded.jpg,0
C:\Users\ashis\Desktop\ScanAI\dataset_manager\clean\skin\mange\roboflow__dog-and-cat-skin-disease-identification-2__IMG_5168_jpeg_jpg.rf.b9bd7737f61951314c0d23582045ca83.jpg,C:\Users\ashis\Desktop\ScanAI\dataset_manager\clean\skin\mange\roboflow__dog-and-cat-skin-disease-identification-2__IMG_5168_jpeg_jpg.rf.ecc2eb5100e03ab90fa8b789ad1c35c7.jpg,0
C:\Users\ashis\Desktop\ScanAI\dataset_manager\clean\skin\mange\roboflow__dog-and-cat-skin-disease-identification-2__IMG_5184_jpeg_jpg.rf.05d1aac05c59ac9fd4729a9e2cdeb7ae.jpg,C:\Users\ashis\Desktop\ScanAI\dataset_manager\clean\skin\mange\roboflow__dog-and-cat-skin-disease-identification-2__IMG_5184_jpeg_jpg.rf.4f25abe143e7a5b2b085e5b4ba48402a.jpg,0
C:\Users\ashis\Desktop\ScanAI\dataset_manager\clean\skin\mange\roboflow__dog-and-cat-skin-disease-identification-2__IMG_5188_jpeg_jpg.rf.38b7fabe813b78552ca41b11dc684fda.jpg,C:\Users\ashis\Desktop\ScanAI\dataset_manager\clean\skin\mange\roboflow__dog-and-cat-skin-disease-identification-2__IMG_5188_jpeg_jpg.rf.61267a1e332686d620cf0e61333d1c3b.jpg,0
C:\Users\ashis\Desktop\ScanAI\dataset_manager\clean\skin\mange\roboflow__dog-and-cat-skin-disease-identification-2__IMG_5214_jpeg_jpg.rf.37c19963500b78af08143290b5ab9e68.jpg,C:\Users\ashis\Desktop\ScanAI\dataset_manager\clean\skin\mange\roboflow__dog-and-cat-skin-disease-identification-2__IMG_5214_jpeg_jpg.rf.c058131738560c7e6b5862d0139cbb84.jpg,0
C:\Users\ashis\Desktop\ScanAI\dataset_manager\clean\skin\mange\roboflow__dog-and-cat-skin-disease-identification-2__IMG_5219_jpeg_jpg.rf.43f181eed8777a165717d2f27e99783f.jpg,C:\Users\ashis\Desktop\ScanAI\dataset_manager\clean\skin\mange\roboflow__dog-and-cat-skin-disease-identification-2__IMG_5219_jpeg_jpg.rf.a4f6767159cb36e93b971e1425a9dd1c.jpg,0
C:\Users\ashis\Desktop\ScanAI\dataset_manager\clean\skin\mange\roboflow__dog-and-cat-skin-disease-identification-2__IMG_5257_jpeg_jpg.rf.40df09c2ecc2a19d09e1da68c3952f8e.jpg,C:\Users\ashis\Desktop\ScanAI\dataset_manager\clean\skin\mange\roboflow__dog-and-cat-skin-disease-identification-2__IMG_5265_jpeg_jpg.rf.3fb7fb53070c66c21fcb4f982d185dcd.jpg,4
C:\Users\ashis\Desktop\ScanAI\dataset_manager\clean\skin\mange\roboflow__dog-and-cat-skin-disease-identification-2__IMG_5278_jpeg_jpg.rf.0778a05c8df76f37c91590e34ecf13ca.jpg,C:\Users\ashis\Desktop\ScanAI\dataset_manager\clean\skin\mange\roboflow__dog-and-cat-skin-disease-identification-2__IMG_5278_jpeg_jpg.rf.40d4717bbd2e3915e2af5ab99739fe3a.jpg,0
C:\Users\ashis\Desktop\ScanAI\dataset_manager\clean\skin\mange\roboflow__dog-and-cat-skin-disease-identification-2__IMG_5291_jpeg_jpg.rf.2ee551f62dd8261653a8a7b2def1d872.jpg,C:\Users\ashis\Desktop\ScanAI\dataset_manager\clean\skin\mange\roboflow__dog-and-cat-skin-disease-identification-2__IMG_5291_jpeg_jpg.rf.ab06ad4ef6d3fdc968fa7d63e34ae1a1.jpg,0
C:\Users\ashis\Desktop\ScanAI\dataset_manager\clean\skin\mange\roboflow__dog-and-cat-skin-disease-identification-2__IMG_5298_jpeg_jpg.rf.535baf5e540077cf4513cedaf8522954.jpg,C:\Users\ashis\Desktop\ScanAI\dataset_manager\clean\skin\mange\roboflow__dog-and-cat-skin-disease-identification-2__IMG_5298_jpeg_jpg.rf.dfb1529667757cf49e68c5a58940daa4.jpg,0
C:\Users\ashis\Desktop\ScanAI\dataset_manager\clean\skin\mange\roboflow__dog-and-cat-skin-disease-identification-2__IMG_5302_jpeg_jpg.rf.320a2f4a7e88331985c67d4f2e5a2c80.jpg,C:\Users\ashis\Desktop\ScanAI\dataset_manager\clean\skin\mange\roboflow__dog-and-cat-skin-disease-identification-2__IMG_5302_jpeg_jpg.rf.bde7f59642b2872e2c57e93694c141ab.jpg,0
C:\Users\ashis\Desktop\ScanAI\dataset_manager\clean\skin\mange\roboflow__dog-and-cat-skin-disease-identification-2__IMG_5309_jpeg_jpg.rf.558dce35cc6782ced5ce5bd349e76b96.jpg,C:\Users\ashis\Desktop\ScanAI\dataset_manager\clean\skin\ringworm\roboflow__dog-and-cat-skin-disease-identification-2__R3_png_jpg.rf.a87e9604f30808346cbd85c75b2d4b84.jpg,2
C:\Users\ashis\Desktop\ScanAI\dataset_manager\clean\skin\mange\roboflow__dog-and-cat-skin-disease-identification-2__mange-11-_jpg.rf.1feb1eda3267a05a4e546962e1915c6c.jpg,C:\Users\ashis\Desktop\ScanAI\dataset_manager\clean\skin\mange\roboflow__dog-and-cat-skin-disease-identification-2__mange-11-_jpg.rf.578a9b9213801bbd41ed5bf93f7837f3.jpg,0
C:\Users\ashis\Desktop\ScanAI\dataset_manager\clean\skin\mange\roboflow__dog-and-cat-skin-disease-identification-2__mange-13-_jpg.rf.5080f00b1b9349266524b1224e305327.jpg,C:\Users\ashis\Desktop\ScanAI\dataset_manager\clean\skin\mange\roboflow__dog-and-cat-skin-disease-identification-2__mange-13-_jpg.rf.a76265254089dce838c3b2c7f88014d0.jpg,4
C:\Users\ashis\Desktop\ScanAI\dataset_manager\clean\skin\mange\roboflow__dog-and-cat-skin-disease-identification-2__mange-31-_jpg.rf.3bfb6edefcf45c1d9a10519275f6f42b.jpg,C:\Users\ashis\Desktop\ScanAI\dataset_manager\clean\skin\mange\roboflow__dog-and-cat-skin-disease-identification-2__mange-31-_jpg.rf.812debbd85be098ce93b0f462aed62cd.jpg,0
C:\Users\ashis\Desktop\ScanAI\dataset_manager\clean\skin\mange\roboflow__dog-and-cat-skin-disease-identification-2__mange-37-_jpg.rf.1bcb549e4a0a4a206debaf2b0f95ccef.jpg,C:\Users\ashis\Desktop\ScanAI\dataset_manager\clean\skin\mange\roboflow__dog-and-cat-skin-disease-identification-2__mange-37-_jpg.rf.9b8fb65b01c592d52a8e3c63ed0fabd6.jpg,0
C:\Users\ashis\Desktop\ScanAI\dataset_manager\clean\skin\mange\roboflow__dog-and-cat-skin-disease-identification-2__mange-41-_jpg.rf.3167e059315964d1a52093341c04f185.jpg,C:\Users\ashis\Desktop\ScanAI\dataset_manager\clean\skin\mange\roboflow__dog-and-cat-skin-disease-identification-2__mange-41-_jpg.rf.d94fb1a6b6b3d3f04c854643609bbbea.jpg,2
C:\Users\ashis\Desktop\ScanAI\dataset_manager\clean\skin\mange\roboflow__dog-and-cat-skin-disease-identification-2__mange-44-_jpg.rf.10b579435603d88f93ca3e5b49c9ee50.jpg,C:\Users\ashis\Desktop\ScanAI\dataset_manager\clean\skin\mange\roboflow__dog-and-cat-skin-disease-identification-2__mange-44-_jpg.rf.fdf39b66ea34640f6a4d138356708330.jpg,0
C:\Users\ashis\Desktop\ScanAI\dataset_manager\clean\skin\mange\roboflow__dog-and-cat-skin-disease-identification-2__mange-58-_jpg.rf.92bc12fc12c5a8d4b0001225d848975a.jpg,C:\Users\ashis\Desktop\ScanAI\dataset_manager\clean\skin\mange\roboflow__dog-and-cat-skin-disease-identification-2__mange-58-_jpg.rf.e46c6c275d76b500dc31cc86064bfef7.jpg,0
C:\Users\ashis\Desktop\ScanAI\dataset_manager\clean\skin\mange\roboflow__dog-and-cat-skin-disease-identification-2__mange-60-_jpg.rf.5eaddc52e0606ccec6370049e8f25a2c.jpg,C:\Users\ashis\Desktop\ScanAI\dataset_manager\clean\skin\mange\roboflow__dog-and-cat-skin-disease-identification-2__mange-60-_jpg.rf.de2776980742df59a612de503eb96e7f.jpg,0
C:\Users\ashis\Desktop\ScanAI\dataset_manager\clean\skin\mange\roboflow__dog-and-cat-skin-disease-identification-2__P24_png_jpg.rf.7b8da8484d51f25b21a12a0fc18c06af.jpg,C:\Users\ashis\Desktop\ScanAI\dataset_manager\clean\skin\mange\roboflow__dog-and-cat-skin-disease-identification-2__P24_png_jpg.rf.e2213a524f61d4c22589807608973499.jpg,0
C:\Users\ashis\Desktop\ScanAI\dataset_manager\clean\skin\mange\roboflow__dog-and-cat-skin-disease-identification-2__P27_png_jpg.rf.c57ab4dd1fae5fadf8e5d0e6fb75a7b7.jpg,C:\Users\ashis\Desktop\ScanAI\dataset_manager\clean\skin\mange\roboflow__dog-and-cat-skin-disease-identification-2__P27_png_jpg.rf.e3908c28785782e50a0c2f87f5f2812d.jpg,2
C:\Users\ashis\Desktop\ScanAI\dataset_manager\clean\skin\mange\roboflow__dog-and-cat-skin-disease-identification-2__P30_png_jpg.rf.6337466ff25f0c3f679bf63b02a50611.jpg,C:\Users\ashis\Desktop\ScanAI\dataset_manager\clean\skin\mange\roboflow__dog-and-cat-skin-disease-identification-2__P30_png_jpg.rf.8d47391b59bb0573812dfe006088b272.jpg,0
C:\Users\ashis\Desktop\ScanAI\dataset_manager\clean\skin\mange\roboflow__dog-and-cat-skin-disease-identification-2__P33_png_jpg.rf.58d34167a9894b4311ddcd5ea1e2368b.jpg,C:\Users\ashis\Desktop\ScanAI\dataset_manager\clean\skin\mange\roboflow__dog-and-cat-skin-disease-identification-2__P33_png_jpg.rf.f2aaf6097f1da45e54416072a3c9d53e.jpg,0
C:\Users\ashis\Desktop\ScanAI\dataset_manager\clean\skin\mange\roboflow__dog-and-cat-skin-disease-identification-2__P47_jpg.rf.328ba4c0081eff6089e4ae2d1e7f54ff.jpg,C:\Users\ashis\Desktop\ScanAI\dataset_manager\clean\skin\mange\roboflow__dog-and-cat-skin-disease-identification-2__P47_jpg.rf.8fd6f27a642ec063ef2dd14013498cfe.jpg,0
C:\Users\ashis\Desktop\ScanAI\dataset_manager\clean\skin\mange\roboflow__dog-and-cat-skin-disease-identification-2__P52_jpg.rf.75b94361b65737278cd7e0b3e495384f.jpg,C:\Users\ashis\Desktop\ScanAI\dataset_manager\clean\skin\mange\roboflow__dog-and-cat-skin-disease-identification-2__P52_jpg.rf.cf636f9dfc9029912c2a990c400fdad0.jpg,0
C:\Users\ashis\Desktop\ScanAI\dataset_manager\clean\skin\mange\roboflow__dog-and-cat-skin-disease-identification-2__scabies_111_png_jpg.rf.1365ec0004c4650e06334522d259eb0c.jpg,C:\Users\ashis\Desktop\ScanAI\dataset_manager\clean\skin\mange\roboflow__dog-and-cat-skin-disease-identification-2__scabies_111_png_jpg.rf.413e0e11a71cc220b38fcc176c334772.jpg,0
C:\Users\ashis\Desktop\ScanAI\dataset_manager\clean\skin\mange\roboflow__dog-and-cat-skin-disease-identification-2__scabies_115_png_jpg.rf.249e4cc583f4c83bf9ef1a5459640297.jpg,C:\Users\ashis\Desktop\ScanAI\dataset_manager\clean\skin\mange\roboflow__dog-and-cat-skin-disease-identification-2__scabies_115_png_jpg.rf.573a22d248e081e0186dbc3a6dabec21.jpg,0
C:\Users\ashis\Desktop\ScanAI\dataset_manager\clean\skin\mange\roboflow__dog-and-cat-skin-disease-identification-2__scabies_89_png_jpg.rf.443355369768c004cc2ebdfd2f8f5e9e.jpg,C:\Users\ashis\Desktop\ScanAI\dataset_manager\clean\skin\mange\roboflow__dog-and-cat-skin-disease-identification-2__scabies_89_png_jpg.rf.b53542a1301f890cd9010f9844e91db4.jpg,0
C:\Users\ashis\Desktop\ScanAI\dataset_manager\clean\skin\mange\roboflow__dog-and-cat-skin-disease-identification-2__scabies_90_png_jpg.rf.a6130dda428c29c0ea58bd4d07ebf9ca.jpg,C:\Users\ashis\Desktop\ScanAI\dataset_manager\clean\skin\mange\roboflow__dog-and-cat-skin-disease-identification-2__scabies_90_png_jpg.rf.b78128baa3b8de68dacb5fa50b0d90aa.jpg,0
C:\Users\ashis\Desktop\ScanAI\dataset_manager\clean\skin\pyoderma\roboflow__dog-and-cat-skin-disease-identification-2__acute_moist_dermatitis_4935_8_600_jpg.rf.90d082da16fa902e33bfa6d96b6e9fe0.jpg,C:\Users\ashis\Desktop\ScanAI\dataset_manager\clean\skin\ringworm\roboflow__dog-and-cat-skin-disease-identification-2__1000010667_x16_jpg.rf.9195271765c116d6221eece5e8197f4e.jpg,2
C:\Users\ashis\Desktop\ScanAI\dataset_manager\clean\skin\pyoderma\roboflow__dog-and-cat-skin-disease-identification-2__acute_moist_dermatitis_4935_8_600_jpg.rf.90d082da16fa902e33bfa6d96b6e9fe0.jpg,C:\Users\ashis\Desktop\ScanAI\dataset_manager\clean\skin\ringworm\roboflow__dog-and-cat-skin-disease-identification-2__1000010667_x16_jpg.rf.b1012d066f1a3e5b4e66c05a7aec6fa4.jpg,4
C:\Users\ashis\Desktop\ScanAI\dataset_manager\clean\skin\pyoderma\roboflow__dog-and-cat-skin-disease-identification-2__bac1_jpg.rf.208afe03c087af590f671def13d90fb0.jpg,C:\Users\ashis\Desktop\ScanAI\dataset_manager\clean\skin\pyoderma\roboflow__dog-and-cat-skin-disease-identification-2__bacterial_derm_15_jpg.rf.c1aca1d150a04dfb770b7f2bc779e10f.jpg,0
C:\Users\ashis\Desktop\ScanAI\dataset_manager\clean\skin\pyoderma\roboflow__dog-and-cat-skin-disease-identification-2__bac1_jpg.rf.575e298978d038c771ceef1a932448d0.jpg,C:\Users\ashis\Desktop\ScanAI\dataset_manager\clean\skin\pyoderma\roboflow__dog-and-cat-skin-disease-identification-2__bacterial_derm_14_jpg.rf.ff6c1dbf0724288f86ee28154b103863.jpg,0
C:\Users\ashis\Desktop\ScanAI\dataset_manager\clean\skin\pyoderma\roboflow__dog-and-cat-skin-disease-identification-2__bac1_jpg.rf.682c38274481cc529911f794e9e7d42e.jpg,C:\Users\ashis\Desktop\ScanAI\dataset_manager\clean\skin\pyoderma\roboflow__dog-and-cat-skin-disease-identification-2__bacterial_derm_13_jpg.rf.9bef477fb000eaadfa93b79c62ca9c34.jpg,0
C:\Users\ashis\Desktop\ScanAI\dataset_manager\clean\skin\pyoderma\roboflow__dog-and-cat-skin-disease-identification-2__bac2_jpg.rf.763911499477c944a41c091333585423.jpg,C:\Users\ashis\Desktop\ScanAI\dataset_manager\clean\skin\pyoderma\roboflow__dog-and-cat-skin-disease-identification-2__bacterial_derm_18_jpg.rf.390fbf3680d9489af30ec25b22965b5a.jpg,0
C:\Users\ashis\Desktop\ScanAI\dataset_manager\clean\skin\pyoderma\roboflow__dog-and-cat-skin-disease-identification-2__bac2_jpg.rf.b725ca7e7a7901ad23a83c22c1e7c131.jpg,C:\Users\ashis\Desktop\ScanAI\dataset_manager\clean\skin\pyoderma\roboflow__dog-and-cat-skin-disease-identification-2__bacterial_derm_16_jpg.rf.c3341e9ab3e9617ca7b0a29caf84308f.jpg,0
C:\Users\ashis\Desktop\ScanAI\dataset_manager\clean\skin\pyoderma\roboflow__dog-and-cat-skin-disease-identification-2__bac2_jpg.rf.c37aacd1d964b02ca5f4b60860fd89f0.jpg,C:\Users\ashis\Desktop\ScanAI\dataset_manager\clean\skin\pyoderma\roboflow__dog-and-cat-skin-disease-identification-2__bacterial_derm_17_jpg.rf.0dd3319c5a2e063fd49241e80d013af4.jpg,0
C:\Users\ashis\Desktop\ScanAI\dataset_manager\clean\skin\pyoderma\roboflow__dog-and-cat-skin-disease-identification-2__bac3_jpg.rf.67842878bef3f6e6c5e220cd1d808e88.jpg,C:\Users\ashis\Desktop\ScanAI\dataset_manager\clean\skin\pyoderma\roboflow__dog-and-cat-skin-disease-identification-2__bacterial_derm_20_jpg.rf.67870a08d3715c8bc92218860ca92c08.jpg,0
C:\Users\ashis\Desktop\ScanAI\dataset_manager\clean\skin\pyoderma\roboflow__dog-and-cat-skin-disease-identification-2__bac3_jpg.rf.8d93f661310f858b8fad87152cb71af7.jpg,C:\Users\ashis\Desktop\ScanAI\dataset_manager\clean\skin\pyoderma\roboflow__dog-and-cat-skin-disease-identification-2__bacterial16_jpg.rf.e790121c5119c7477685ae50f3fd1a71.jpg,0
C:\Users\ashis\Desktop\ScanAI\dataset_manager\clean\skin\pyoderma\roboflow__dog-and-cat-skin-disease-identification-2__bac3_jpg.rf.8d93f661310f858b8fad87152cb71af7.jpg,C:\Users\ashis\Desktop\ScanAI\dataset_manager\clean\skin\pyoderma\roboflow__dog-and-cat-skin-disease-identification-2__bacterial_30_jpg.rf.eee94e958e8ce3e9bd14f36134b586f4.jpg,0
C:\Users\ashis\Desktop\ScanAI\dataset_manager\clean\skin\pyoderma\roboflow__dog-and-cat-skin-disease-identification-2__bac3_jpg.rf.8d93f661310f858b8fad87152cb71af7.jpg,C:\Users\ashis\Desktop\ScanAI\dataset_manager\clean\skin\pyoderma\roboflow__dog-and-cat-skin-disease-identification-2__bacterial_49_jpg.rf.16ebc2d160ea7194d5439b537c04c9bf.jpg,2
C:\Users\ashis\Desktop\ScanAI\dataset_manager\clean\skin\pyoderma\roboflow__dog-and-cat-skin-disease-identification-2__bac3_jpg.rf.8d93f661310f858b8fad87152cb71af7.jpg,C:\Users\ashis\Desktop\ScanAI\dataset_manager\clean\skin\pyoderma\roboflow__dog-and-cat-skin-disease-identification-2__bacterial_derm_21_jpg.rf.420b9b120b2ffd42ee76697fd5351ea4.jpg,0
C:\Users\ashis\Desktop\ScanAI\dataset_manager\clean\skin\pyoderma\roboflow__dog-and-cat-skin-disease-identification-2__bac3_jpg.rf.8d93f661310f858b8fad87152cb71af7.jpg,C:\Users\ashis\Desktop\ScanAI\dataset_manager\clean\skin\pyoderma\roboflow__dog-and-cat-skin-disease-identification-2__bacterial_Image_3_jpg.rf.e6e24751d4a2ffaaaf1fc292a8ed4aed.jpg,0
C:\Users\ashis\Desktop\ScanAI\dataset_manager\clean\skin\pyoderma\roboflow__dog-and-cat-skin-disease-identification-2__bac3_jpg.rf.98438d4924a2658e52817fe4d16c2821.jpg,C:\Users\ashis\Desktop\ScanAI\dataset_manager\clean\skin\pyoderma\roboflow__dog-and-cat-skin-disease-identification-2__bacterial_derm_19_jpg.rf.0c24c6ea845a40bcc4826e009cfdb652.jpg,0
C:\Users\ashis\Desktop\ScanAI\dataset_manager\clean\skin\pyoderma\roboflow__dog-and-cat-skin-disease-identification-2__bac4_png_jpg.rf.18662b04a8cd036bf89f4d5fb116bbe8.jpg,C:\Users\ashis\Desktop\ScanAI\dataset_manager\clean\skin\pyoderma\roboflow__dog-and-cat-skin-disease-identification-2__bacterial_derm_22_jpg.rf.93a81a3db658e0cfe2a69aacc7b01806.jpg,0
C:\Users\ashis\Desktop\ScanAI\dataset_manager\clean\skin\pyoderma\roboflow__dog-and-cat-skin-disease-identification-2__bac4_png_jpg.rf.9eac1b0e1502d7695ce02f2f3ae4d719.jpg,C:\Users\ashis\Desktop\ScanAI\dataset_manager\clean\skin\pyoderma\roboflow__dog-and-cat-skin-disease-identification-2__bacterial_1_jpg.rf.fe208a35a62108ad8e794f9cf82b23e4.jpg,0
C:\Users\ashis\Desktop\ScanAI\dataset_manager\clean\skin\pyoderma\roboflow__dog-and-cat-skin-disease-identification-2__bac4_png_jpg.rf.ed7b9683636f365b2107c4507e991106.jpg,C:\Users\ashis\Desktop\ScanAI\dataset_manager\clean\skin\pyoderma\roboflow__dog-and-cat-skin-disease-identification-2__bacterial_2_jpg.rf.f506256534f47d32417c49a0c94c266e.jpg,0
C:\Users\ashis\Desktop\ScanAI\dataset_manager\clean\skin\pyoderma\roboflow__dog-and-cat-skin-disease-identification-2__bacc1_jpg.rf.36c1ea616f5ac161ceb162c73be4cc3f.jpg,C:\Users\ashis\Desktop\ScanAI\dataset_manager\clean\skin\pyoderma\roboflow__dog-and-cat-skin-disease-identification-2__bacterial_5_jpg.rf.0c2ca6a814aeaf1394e05b35132fb6e2.jpg,0
C:\Users\ashis\Desktop\ScanAI\dataset_manager\clean\skin\pyoderma\roboflow__dog-and-cat-skin-disease-identification-2__bacc1_jpg.rf.b53621a21dc4ce928d3fdcba5c55ca0c.jpg,C:\Users\ashis\Desktop\ScanAI\dataset_manager\clean\skin\pyoderma\roboflow__dog-and-cat-skin-disease-identification-2__bacterial_4_jpg.rf.3ab35b447b66d9fe1c0d68414b2e48f4.jpg,0
C:\Users\ashis\Desktop\ScanAI\dataset_manager\clean\skin\pyoderma\roboflow__dog-and-cat-skin-disease-identification-2__bacc1_jpg.rf.f3a49daca425dc8311d25fdf33804407.jpg,C:\Users\ashis\Desktop\ScanAI\dataset_manager\clean\skin\pyoderma\roboflow__dog-and-cat-skin-disease-identification-2__bacterial_105_jpg.rf.d2ab1a238ff662b11d9c1fb5a5cbd6ab.jpg,0
C:\Users\ashis\Desktop\ScanAI\dataset_manager\clean\skin\pyoderma\roboflow__dog-and-cat-skin-disease-identification-2__bacc1_jpg.rf.f3a49daca425dc8311d25fdf33804407.jpg,C:\Users\ashis\Desktop\ScanAI\dataset_manager\clean\skin\pyoderma\roboflow__dog-and-cat-skin-disease-identification-2__bacterial_3_jpg.rf.0a83046b860c444e5bb2290b021d8313.jpg,0
C:\Users\ashis\Desktop\ScanAI\dataset_manager\clean\skin\pyoderma\roboflow__dog-and-cat-skin-disease-identification-2__bacc1_jpg.rf.f3a49daca425dc8311d25fdf33804407.jpg,C:\Users\ashis\Desktop\ScanAI\dataset_manager\clean\skin\pyoderma\roboflow__dog-and-cat-skin-disease-identification-2__bacterial_408_jpg.rf.0f54c5d50533f89822020ad4b47cce13.jpg,0
C:\Users\ashis\Desktop\ScanAI\dataset_manager\clean\skin\pyoderma\roboflow__dog-and-cat-skin-disease-identification-2__bacc2_jpg.rf.64e84193f6d9ebad3f6ab80926e1a7f2.jpg,C:\Users\ashis\Desktop\ScanAI\dataset_manager\clean\skin\pyoderma\roboflow__dog-and-cat-skin-disease-identification-2__bacterial_8_jpg.rf.977adf3954893aa76cef86f6c69d3341.jpg,0
C:\Users\ashis\Desktop\ScanAI\dataset_manager\clean\skin\pyoderma\roboflow__dog-and-cat-skin-disease-identification-2__bacc2_jpg.rf.741dc02ffadb898f6040f0ddbd6142da.jpg,C:\Users\ashis\Desktop\ScanAI\dataset_manager\clean\skin\pyoderma\roboflow__dog-and-cat-skin-disease-identification-2__bacterial_7_jpg.rf.3a9fa8c518e7fa75cc3649f7b27d9109.jpg,0
C:\Users\ashis\Desktop\ScanAI\dataset_manager\clean\skin\pyoderma\roboflow__dog-and-cat-skin-disease-identification-2__bacc2_jpg.rf.751654c9e057fe3c8d5a9396a13bd4e4.jpg,C:\Users\ashis\Desktop\ScanAI\dataset_manager\clean\skin\pyoderma\roboflow__dog-and-cat-skin-disease-identification-2__bacterial11_jpg.rf.6548a45d5fbbe749d1925692077f2382.jpg,0
C:\Users\ashis\Desktop\ScanAI\dataset_manager\clean\skin\pyoderma\roboflow__dog-and-cat-skin-disease-identification-2__bacc2_jpg.rf.751654c9e057fe3c8d5a9396a13bd4e4.jpg,C:\Users\ashis\Desktop\ScanAI\dataset_manager\clean\skin\pyoderma\roboflow__dog-and-cat-skin-disease-identification-2__bacterial_44_jpg.rf.9a5beb8175907827562a1367ec828bb1.jpg,2
C:\Users\ashis\Desktop\ScanAI\dataset_manager\clean\skin\pyoderma\roboflow__dog-and-cat-skin-disease-identification-2__bacc2_jpg.rf.751654c9e057fe3c8d5a9396a13bd4e4.jpg,C:\Users\ashis\Desktop\ScanAI\dataset_manager\clean\skin\pyoderma\roboflow__dog-and-cat-skin-disease-identification-2__bacterial_6_jpg.rf.d3084d4d8ee8883e30968c5dbd7a9915.jpg,0
C:\Users\ashis\Desktop\ScanAI\dataset_manager\clean\skin\pyoderma\roboflow__dog-and-cat-skin-disease-identification-2__bacc2_jpg.rf.751654c9e057fe3c8d5a9396a13bd4e4.jpg,C:\Users\ashis\Desktop\ScanAI\dataset_manager\clean\skin\ringworm\roboflow__dog-and-cat-skin-disease-identification-2__80b5eb_799a7e6d4c1444318ee3e4280_jpg.rf.fdade8af7ff88b25c6bdf63d906c9c69.jpg,0
C:\Users\ashis\Desktop\ScanAI\dataset_manager\clean\skin\pyoderma\roboflow__dog-and-cat-skin-disease-identification-2__bacc3_jpg.rf.15d72d897c9233ce936ce8735184188a.jpg,C:\Users\ashis\Desktop\ScanAI\dataset_manager\clean\skin\pyoderma\roboflow__dog-and-cat-skin-disease-identification-2__bacterial_11_jpg.rf.546495d3f73f9fd08c5cc3fe13706e9e.jpg,0
C:\Users\ashis\Desktop\ScanAI\dataset_manager\clean\skin\pyoderma\roboflow__dog-and-cat-skin-disease-identification-2__bacc3_jpg.rf.8f121a60cee86cc23fa4058ec3a53f65.jpg,C:\Users\ashis\Desktop\ScanAI\dataset_manager\clean\skin\pyoderma\roboflow__dog-and-cat-skin-disease-identification-2__bacterial_10_jpg.rf.d600b50de3d2781783f35e271ba293db.jpg,0
C:\Users\ashis\Desktop\ScanAI\dataset_manager\clean\skin\pyoderma\roboflow__dog-and-cat-skin-disease-identification-2__bacc3_jpg.rf.f9b7933de6834573dce6396e4925e4b7.jpg,C:\Users\ashis\Desktop\ScanAI\dataset_manager\clean\skin\pyoderma\roboflow__dog-and-cat-skin-disease-identification-2__bacterial19_jpg.rf.ed2f906112a415a4bb6bf956652c3db2.jpg,2
C:\Users\ashis\Desktop\ScanAI\dataset_manager\clean\skin\pyoderma\roboflow__dog-and-cat-skin-disease-identification-2__bacc3_jpg.rf.f9b7933de6834573dce6396e4925e4b7.jpg,C:\Users\ashis\Desktop\ScanAI\dataset_manager\clean\skin\pyoderma\roboflow__dog-and-cat-skin-disease-identification-2__bacterial_406_jpg.rf.58b25a9e04fd65217f8fd0fd369f53fe.jpg,0
C:\Users\ashis\Desktop\ScanAI\dataset_manager\clean\skin\pyoderma\roboflow__dog-and-cat-skin-disease-identification-2__bacc3_jpg.rf.f9b7933de6834573dce6396e4925e4b7.jpg,C:\Users\ashis\Desktop\ScanAI\dataset_manager\clean\skin\pyoderma\roboflow__dog-and-cat-skin-disease-identification-2__bacterial_52_jpg.rf.5a8920326604c4870ff89c4c7c407377.jpg,2
C:\Users\ashis\Desktop\ScanAI\dataset_manager\clean\skin\pyoderma\roboflow__dog-and-cat-skin-disease-identification-2__bacc3_jpg.rf.f9b7933de6834573dce6396e4925e4b7.jpg,C:\Users\ashis\Desktop\ScanAI\dataset_manager\clean\skin\pyoderma\roboflow__dog-and-cat-skin-disease-identification-2__bacterial_9_jpg.rf.fcc403c328a03d47831395dc7a6cac0b.jpg,0
C:\Users\ashis\Desktop\ScanAI\dataset_manager\clean\skin\pyoderma\roboflow__dog-and-cat-skin-disease-identification-2__Bacteria3_png_jpg.rf.0b3ab449f0d283b985c1a0ec45e099b1.jpg,C:\Users\ashis\Desktop\ScanAI\dataset_manager\clean\skin\pyoderma\roboflow__dog-and-cat-skin-disease-identification-2__bacterial_13_jpg.rf.554e729003650578e42e32d84ecab18b.jpg,0
C:\Users\ashis\Desktop\ScanAI\dataset_manager\clean\skin\pyoderma\roboflow__dog-and-cat-skin-disease-identification-2__Bacteria3_png_jpg.rf.ba4ca1890f8a734b9f8c5ef6fc811908.jpg,C:\Users\ashis\Desktop\ScanAI\dataset_manager\clean\skin\pyoderma\roboflow__dog-and-cat-skin-disease-identification-2__bacterial_14_jpg.rf.9886e5ea87ed4a20eb7fe6367c378309.jpg,0
C:\Users\ashis\Desktop\ScanAI\dataset_manager\clean\skin\pyoderma\roboflow__dog-and-cat-skin-disease-identification-2__Bacteria3_png_jpg.rf.bfac712ef3f7d30f9207a8986c133087.jpg,C:\Users\ashis\Desktop\ScanAI\dataset_manager\clean\skin\pyoderma\roboflow__dog-and-cat-skin-disease-identification-2__bacterial_12_jpg.rf.b5d5c1e658e1aae44669aadde067722c.jpg,0
C:\Users\ashis\Desktop\ScanAI\dataset_manager\clean\skin\pyoderma\roboflow__dog-and-cat-skin-disease-identification-2__Bacteria4_png_jpg.rf.438d35b6bd3e0cb55bd25988a4d03427.jpg,C:\Users\ashis\Desktop\ScanAI\dataset_manager\clean\skin\pyoderma\roboflow__dog-and-cat-skin-disease-identification-2__bacterial_17_jpg.rf.56f6ed5146a20dc5893db6301a7fbf96.jpg,0
C:\Users\ashis\Desktop\ScanAI\dataset_manager\clean\skin\pyoderma\roboflow__dog-and-cat-skin-disease-identification-2__Bacteria4_png_jpg.rf.48c0f7497cae861aa069decfbdcd1d7b.jpg,C:\Users\ashis\Desktop\ScanAI\dataset_manager\clean\skin\pyoderma\roboflow__dog-and-cat-skin-disease-identification-2__bacterial_15_jpg.rf.faf2449ba1a62acd3ac4e26487a21554.jpg,0
C:\Users\ashis\Desktop\ScanAI\dataset_manager\clean\skin\pyoderma\roboflow__dog-and-cat-skin-disease-identification-2__Bacteria4_png_jpg.rf.e55cf915cd15ec718e747855d2a93e19.jpg,C:\Users\ashis\Desktop\ScanAI\dataset_manager\clean\skin\pyoderma\roboflow__dog-and-cat-skin-disease-identification-2__bacterial_16_jpg.rf.97bc67b2fbbb0155c327e768ab28c919.jpg,0
C:\Users\ashis\Desktop\ScanAI\dataset_manager\clean\skin\pyoderma\roboflow__dog-and-cat-skin-disease-identification-2__bacterial-infection-pustules-ri-livinga-2-300x300_jpg.rf.a26d9452832d1275a0fa3506adc70ecd.jpg,C:\Users\ashis\Desktop\ScanAI\dataset_manager\clean\skin\pyoderma\roboflow__dog-and-cat-skin-disease-identification-2__bacterial_110_jpg.rf.65756fbb091cdf99a07e7597e283266a.jpg,0
C:\Users\ashis\Desktop\ScanAI\dataset_manager\clean\skin\pyoderma\roboflow__dog-and-cat-skin-disease-identification-2__bacterial-skin-infection-s_720250150_jpg.rf.a095ef576e6bdbedb7ecbcd15b9bccfc.jpg,C:\Users\ashis\Desktop\ScanAI\dataset_manager\clean\skin\pyoderma\roboflow__dog-and-cat-skin-disease-identification-2__bacterial_111_jpg.rf.6a2fbfd935c4db21d7cdef2d2afb8656.jpg,0
C:\Users\ashis\Desktop\ScanAI\dataset_manager\clean\skin\pyoderma\roboflow__dog-and-cat-skin-disease-identification-2__bacterial11_jpg.rf.6548a45d5fbbe749d1925692077f2382.jpg,C:\Users\ashis\Desktop\ScanAI\dataset_manager\clean\skin\pyoderma\roboflow__dog-and-cat-skin-disease-identification-2__bacterial_44_jpg.rf.9a5beb8175907827562a1367ec828bb1.jpg,2
C:\Users\ashis\Desktop\ScanAI\dataset_manager\clean\skin\pyoderma\roboflow__dog-and-cat-skin-disease-identification-2__bacterial11_jpg.rf.6548a45d5fbbe749d1925692077f2382.jpg,C:\Users\ashis\Desktop\ScanAI\dataset_manager\clean\skin\pyoderma\roboflow__dog-and-cat-skin-disease-identification-2__bacterial_6_jpg.rf.d3084d4d8ee8883e30968c5dbd7a9915.jpg,0
C:\Users\ashis\Desktop\ScanAI\dataset_manager\clean\skin\pyoderma\roboflow__dog-and-cat-skin-disease-identification-2__bacterial11_jpg.rf.6548a45d5fbbe749d1925692077f2382.jpg,C:\Users\ashis\Desktop\ScanAI\dataset_manager\clean\skin\ringworm\roboflow__dog-and-cat-skin-disease-identification-2__80b5eb_799a7e6d4c1444318ee3e4280_jpg.rf.fdade8af7ff88b25c6bdf63d906c9c69.jpg,0
C:\Users\ashis\Desktop\ScanAI\dataset_manager\clean\skin\pyoderma\roboflow__dog-and-cat-skin-disease-identification-2__bacterial13_jpg.rf.6f660af6e58d65d3895dc5263cbf9399.jpg,C:\Users\ashis\Desktop\ScanAI\dataset_manager\clean\skin\pyoderma\roboflow__dog-and-cat-skin-disease-identification-2__bacterial_45_jpg.rf.370ca7bbd214912cfd28fee24d53498d.jpg,0
C:\Users\ashis\Desktop\ScanAI\dataset_manager\clean\skin\pyoderma\roboflow__dog-and-cat-skin-disease-identification-2__bacterial16_jpg.rf.e790121c5119c7477685ae50f3fd1a71.jpg,C:\Users\ashis\Desktop\ScanAI\dataset_manager\clean\skin\pyoderma\roboflow__dog-and-cat-skin-disease-identification-2__bacterial_30_jpg.rf.eee94e958e8ce3e9bd14f36134b586f4.jpg,0
C:\Users\ashis\Desktop\ScanAI\dataset_manager\clean\skin\pyoderma\roboflow__dog-and-cat-skin-disease-identification-2__bacterial16_jpg.rf.e790121c5119c7477685ae50f3fd1a71.jpg,C:\Users\ashis\Desktop\ScanAI\dataset_manager\clean\skin\pyoderma\roboflow__dog-and-cat-skin-disease-identification-2__bacterial_49_jpg.rf.16ebc2d160ea7194d5439b537c04c9bf.jpg,2
C:\Users\ashis\Desktop\ScanAI\dataset_manager\clean\skin\pyoderma\roboflow__dog-and-cat-skin-disease-identification-2__bacterial16_jpg.rf.e790121c5119c7477685ae50f3fd1a71.jpg,C:\Users\ashis\Desktop\ScanAI\dataset_manager\clean\skin\pyoderma\roboflow__dog-and-cat-skin-disease-identification-2__bacterial_derm_21_jpg.rf.420b9b120b2ffd42ee76697fd5351ea4.jpg,0
C:\Users\ashis\Desktop\ScanAI\dataset_manager\clean\skin\pyoderma\roboflow__dog-and-cat-skin-disease-identification-2__bacterial16_jpg.rf.e790121c5119c7477685ae50f3fd1a71.jpg,C:\Users\ashis\Desktop\ScanAI\dataset_manager\clean\skin\pyoderma\roboflow__dog-and-cat-skin-disease-identification-2__bacterial_Image_3_jpg.rf.e6e24751d4a2ffaaaf1fc292a8ed4aed.jpg,0
C:\Users\ashis\Desktop\ScanAI\dataset_manager\clean\skin\pyoderma\roboflow__dog-and-cat-skin-disease-identification-2__bacterial19_jpg.rf.ed2f906112a415a4bb6bf956652c3db2.jpg,C:\Users\ashis\Desktop\ScanAI\dataset_manager\clean\skin\pyoderma\roboflow__dog-and-cat-skin-disease-identification-2__bacterial_406_jpg.rf.58b25a9e04fd65217f8fd0fd369f53fe.jpg,2
C:\Users\ashis\Desktop\ScanAI\dataset_manager\clean\skin\pyoderma\roboflow__dog-and-cat-skin-disease-identification-2__bacterial19_jpg.rf.ed2f906112a415a4bb6bf956652c3db2.jpg,C:\Users\ashis\Desktop\ScanAI\dataset_manager\clean\skin\pyoderma\roboflow__dog-and-cat-skin-disease-identification-2__bacterial_52_jpg.rf.5a8920326604c4870ff89c4c7c407377.jpg,0
C:\Users\ashis\Desktop\ScanAI\dataset_manager\clean\skin\pyoderma\roboflow__dog-and-cat-skin-disease-identification-2__bacterial19_jpg.rf.ed2f906112a415a4bb6bf956652c3db2.jpg,C:\Users\ashis\Desktop\ScanAI\dataset_manager\clean\skin\pyoderma\roboflow__dog-and-cat-skin-disease-identification-2__bacterial_9_jpg.rf.fcc403c328a03d47831395dc7a6cac0b.jpg,2
C:\Users\ashis\Desktop\ScanAI\dataset_manager\clean\skin\pyoderma\roboflow__dog-and-cat-skin-disease-identification-2__Bacterial1_png_jpg.rf.16f6c21f0119f53beb91e27bbcd4415f.jpg,C:\Users\ashis\Desktop\ScanAI\dataset_manager\clean\skin\pyoderma\roboflow__dog-and-cat-skin-disease-identification-2__bacterial_114_jpg.rf.70f6fee4b1e6f7bb86e3cddaa4dfd2f6.jpg,0
C:\Users\ashis\Desktop\ScanAI\dataset_manager\clean\skin\pyoderma\roboflow__dog-and-cat-skin-disease-identification-2__Bacterial1_png_jpg.rf.40c3ed8ca848f280aa0335959b453eb2.jpg,C:\Users\ashis\Desktop\ScanAI\dataset_manager\clean\skin\pyoderma\roboflow__dog-and-cat-skin-disease-identification-2__bacterial_112_jpg.rf.fb3f35e9344efae79036641189aacade.jpg,0
C:\Users\ashis\Desktop\ScanAI\dataset_manager\clean\skin\pyoderma\roboflow__dog-and-cat-skin-disease-identification-2__Bacterial1_png_jpg.rf.b13fc7b1c4914680ad8be670eaf9d565.jpg,C:\Users\ashis\Desktop\ScanAI\dataset_manager\clean\skin\pyoderma\roboflow__dog-and-cat-skin-disease-identification-2__bacterial_113_jpg.rf.d79642afe5de14991ceaefc1bf946995.jpg,0
C:\Users\ashis\Desktop\ScanAI\dataset_manager\clean\skin\pyoderma\roboflow__dog-and-cat-skin-disease-identification-2__bacterial22_jpg.rf.489f06b4098f9a99647113b878fe2d2e.jpg,C:\Users\ashis\Desktop\ScanAI\dataset_manager\clean\skin\pyoderma\roboflow__dog-and-cat-skin-disease-identification-2__bacterial_320_jpg.rf.67fb76bd58f1bec8fa4e64fd7fd9d72b.jpg,2
C:\Users\ashis\Desktop\ScanAI\dataset_manager\clean\skin\pyoderma\roboflow__dog-and-cat-skin-disease-identification-2__bacterial3_jpg.rf.52b08967aa7d85e2c64d2a0d95fe7e69.jpg,C:\Users\ashis\Desktop\ScanAI\dataset_manager\clean\skin\pyoderma\roboflow__dog-and-cat-skin-disease-identification-2__bacterial_109_jpg.rf.a04599e1d9385f6637e5c4ea4a3a670d.jpg,4
C:\Users\ashis\Desktop\ScanAI\dataset_manager\clean\skin\pyoderma\roboflow__dog-and-cat-skin-disease-identification-2__bacterial4_jpg.rf.96d41db6a53b343fd131ad7b3c40b2a6.jpg,C:\Users\ashis\Desktop\ScanAI\dataset_manager\clean\skin\pyoderma\roboflow__dog-and-cat-skin-disease-identification-2__bacterial_83_jpg.rf.64b55aaef1e229608f4bf96e196ba787.jpg,2
C:\Users\ashis\Desktop\ScanAI\dataset_manager\clean\skin\pyoderma\roboflow__dog-and-cat-skin-disease-identification-2__bacterial5_jpg.rf.e52c2c4605d124ffa6d8848dd2e32357.jpg,C:\Users\ashis\Desktop\ScanAI\dataset_manager\clean\skin\pyoderma\roboflow__dog-and-cat-skin-disease-identification-2__bacterial_27_jpg.rf.b916afc2897574a6c79af44f0bf96ee1.jpg,0
C:\Users\ashis\Desktop\ScanAI\dataset_manager\clean\skin\pyoderma\roboflow__dog-and-cat-skin-disease-identification-2__bacterial5_jpg.rf.e52c2c4605d124ffa6d8848dd2e32357.jpg,C:\Users\ashis\Desktop\ScanAI\dataset_manager\clean\skin\pyoderma\roboflow__dog-and-cat-skin-disease-identification-2__bacterial_36_jpg.rf.da8a492d7cee177a964e7c7e37fbb93f.jpg,2
C:\Users\ashis\Desktop\ScanAI\dataset_manager\clean\skin\pyoderma\roboflow__dog-and-cat-skin-disease-identification-2__bacterial5_jpg.rf.e52c2c4605d124ffa6d8848dd2e32357.jpg,C:\Users\ashis\Desktop\ScanAI\dataset_manager\clean\skin\pyoderma\roboflow__dog-and-cat-skin-disease-identification-2__Bacterial_Image_2_jpg.rf.a3d5762b162de352c1f386ef303f0a6f.jpg,0
C:\Users\ashis\Desktop\ScanAI\dataset_manager\clean\skin\pyoderma\roboflow__dog-and-cat-skin-disease-identification-2__bacterial9_jpg.rf.36056d5092ebce67d691e851ef5d58ed.jpg,C:\Users\ashis\Desktop\ScanAI\dataset_manager\clean\skin\pyoderma\roboflow__dog-and-cat-skin-disease-identification-2__bacterial_39_jpg.rf.0898d0849035a48c9272df77a7a6c5d8.jpg,0
C:\Users\ashis\Desktop\ScanAI\dataset_manager\clean\skin\pyoderma\roboflow__dog-and-cat-skin-disease-identification-2__bacterial_101_jpg.rf.9e7c1cf44033f490877a90b2f4278fe0.jpg,C:\Users\ashis\Desktop\ScanAI\dataset_manager\clean\skin\pyoderma\roboflow__dog-and-cat-skin-disease-identification-2__bacterial_403_jpg.rf.be5c115cc3e35d2759ddbbf3dec37dec.jpg,0
C:\Users\ashis\Desktop\ScanAI\dataset_manager\clean\skin\pyoderma\roboflow__dog-and-cat-skin-disease-identification-2__bacterial_105_jpg.rf.d2ab1a238ff662b11d9c1fb5a5cbd6ab.jpg,C:\Users\ashis\Desktop\ScanAI\dataset_manager\clean\skin\pyoderma\roboflow__dog-and-cat-skin-disease-identification-2__bacterial_3_jpg.rf.0a83046b860c444e5bb2290b021d8313.jpg,0
C:\Users\ashis\Desktop\ScanAI\dataset_manager\clean\skin\pyoderma\roboflow__dog-and-cat-skin-disease-identification-2__bacterial_105_jpg.rf.d2ab1a238ff662b11d9c1fb5a5cbd6ab.jpg,C:\Users\ashis\Desktop\ScanAI\dataset_manager\clean\skin\pyoderma\roboflow__dog-and-cat-skin-disease-identification-2__bacterial_408_jpg.rf.0f54c5d50533f89822020ad4b47cce13.jpg,0
C:\Users\ashis\Desktop\ScanAI\dataset_manager\clean\skin\pyoderma\roboflow__dog-and-cat-skin-disease-identification-2__bacterial_107_jpg.rf.4ae7233b686a981a1b54d6cd3443c47b.jpg,C:\Users\ashis\Desktop\ScanAI\dataset_manager\clean\skin\pyoderma\roboflow__dog-and-cat-skin-disease-identification-2__bacterial_319_jpg.rf.e7b42842c690310105f5bb8ebf5b520c.jpg,0
C:\Users\ashis\Desktop\ScanAI\dataset_manager\clean\skin\pyoderma\roboflow__dog-and-cat-skin-disease-identification-2__bacterial_115_jpg.rf.5ce7437e29d0674ba361099009980c64.jpg,C:\Users\ashis\Desktop\ScanAI\dataset_manager\clean\skin\pyoderma\roboflow__dog-and-cat-skin-disease-identification-2__folliculitis-two-spiegel_jpg.rf.98e51ee64543f4bf39e92c2d799ef82a.jpg,0
C:\Users\ashis\Desktop\ScanAI\dataset_manager\clean\skin\pyoderma\roboflow__dog-and-cat-skin-disease-identification-2__bacterial_116_jpg.rf.25b9723ffae0c6855e4821362c313032.jpg,C:\Users\ashis\Desktop\ScanAI\dataset_manager\clean\skin\pyoderma\roboflow__dog-and-cat-skin-disease-identification-2__hot-spot-dog-paw-sh_1862261590_jpg.rf.8f6b88385a86ad8b24892bc4b0a24da1.jpg,0
C:\Users\ashis\Desktop\ScanAI\dataset_manager\clean\skin\pyoderma\roboflow__dog-and-cat-skin-disease-identification-2__bacterial_118_jpg.rf.b97a30bda61dc84bcc93cc432b4a8094.jpg,C:\Users\ashis\Desktop\ScanAI\dataset_manager\clean\skin\ringworm\roboflow__dog-and-cat-skin-disease-identification-2__HOT-SPOT-IN-DOG-HOW-vet-treated-symptom-prevention_-flea-bite-moist-eczema_dog-itching-000148_png_jpg.rf.d4a7742e7d24301c5ef3117261574b68.jpg,0
C:\Users\ashis\Desktop\ScanAI\dataset_manager\clean\skin\pyoderma\roboflow__dog-and-cat-skin-disease-identification-2__bacterial_128_jpg.rf.992a6588d2d66f0a4fcd5ce248ee20bf.jpg,C:\Users\ashis\Desktop\ScanAI\dataset_manager\clean\skin\pyoderma\roboflow__dog-and-cat-skin-disease-identification-2__bacterial_134_jpg.rf.b22cf1b709c0852b64704c0b1e907c8f.jpg,4
C:\Users\ashis\Desktop\ScanAI\dataset_manager\clean\skin\pyoderma\roboflow__dog-and-cat-skin-disease-identification-2__bacterial_131_jpg.rf.99f614e7e189ea73a49b70f9732e699c.jpg,C:\Users\ashis\Desktop\ScanAI\dataset_manager\clean\skin\pyoderma\roboflow__dog-and-cat-skin-disease-identification-2__bacterial_135_jpg.rf.72c37a0bba990b46a8fe0612fb0b2fb1.jpg,4
C:\Users\ashis\Desktop\ScanAI\dataset_manager\clean\skin\pyoderma\roboflow__dog-and-cat-skin-disease-identification-2__bacterial_131_jpg.rf.99f614e7e189ea73a49b70f9732e699c.jpg,C:\Users\ashis\Desktop\ScanAI\dataset_manager\clean\skin\pyoderma\roboflow__dog-and-cat-skin-disease-identification-2__bacterial_137_jpg.rf.81306bf80bec6424930a377c66e460a1.jpg,4
C:\Users\ashis\Desktop\ScanAI\dataset_manager\clean\skin\pyoderma\roboflow__dog-and-cat-skin-disease-identification-2__bacterial_135_jpg.rf.72c37a0bba990b46a8fe0612fb0b2fb1.jpg,C:\Users\ashis\Desktop\ScanAI\dataset_manager\clean\skin\pyoderma\roboflow__dog-and-cat-skin-disease-identification-2__bacterial_137_jpg.rf.81306bf80bec6424930a377c66e460a1.jpg,2
C:\Users\ashis\Desktop\ScanAI\dataset_manager\clean\skin\pyoderma\roboflow__dog-and-cat-skin-disease-identification-2__bacterial_144_jpg.rf.a64b45207f206c3044401ec696cd7b07.jpg,C:\Users\ashis\Desktop\ScanAI\dataset_manager\clean\skin\pyoderma\roboflow__dog-and-cat-skin-disease-identification-2__bacterial_145_jpg.rf.a029d04608a3ee0af2cca303543c0f8a.jpg,4
C:\Users\ashis\Desktop\ScanAI\dataset_manager\clean\skin\pyoderma\roboflow__dog-and-cat-skin-disease-identification-2__bacterial_148_jpg.rf.a705847addcde0006f69a944e0969a4f.jpg,C:\Users\ashis\Desktop\ScanAI\dataset_manager\clean\skin\pyoderma\roboflow__dog-and-cat-skin-disease-identification-2__bacterial_152_jpg.rf.b4f6879f6325bd722296d75fc75886f9.jpg,4
C:\Users\ashis\Desktop\ScanAI\dataset_manager\clean\skin\pyoderma\roboflow__dog-and-cat-skin-disease-identification-2__bacterial_153_jpg.rf.cf429e464b99b9b9a2ffa2f51f33a6ce.jpg,C:\Users\ashis\Desktop\ScanAI\dataset_manager\clean\skin\pyoderma\roboflow__dog-and-cat-skin-disease-identification-2__bacterial_154_jpg.rf.3dd0b40c8fd97aface4b6efe7638a518.jpg,4
C:\Users\ashis\Desktop\ScanAI\dataset_manager\clean\skin\pyoderma\roboflow__dog-and-cat-skin-disease-identification-2__bacterial_153_jpg.rf.cf429e464b99b9b9a2ffa2f51f33a6ce.jpg,C:\Users\ashis\Desktop\ScanAI\dataset_manager\clean\skin\pyoderma\roboflow__dog-and-cat-skin-disease-identification-2__bacterial_156_jpg.rf.c04d445f64ee98958b1f42a80442fcdc.jpg,2
C:\Users\ashis\Desktop\ScanAI\dataset_manager\clean\skin\pyoderma\roboflow__dog-and-cat-skin-disease-identification-2__bacterial_159_jpg.rf.13a534d6ccfaef998bda0d15f5ef5714.jpg,C:\Users\ashis\Desktop\ScanAI\dataset_manager\clean\skin\pyoderma\roboflow__dog-and-cat-skin-disease-identification-2__bacterial_164_jpg.rf.6fd4e34861c2b964ef9ae7d931ac79b4.jpg,4
C:\Users\ashis\Desktop\ScanAI\dataset_manager\clean\skin\pyoderma\roboflow__dog-and-cat-skin-disease-identification-2__bacterial_159_jpg.rf.13a534d6ccfaef998bda0d15f5ef5714.jpg,C:\Users\ashis\Desktop\ScanAI\dataset_manager\clean\skin\pyoderma\roboflow__dog-and-cat-skin-disease-identification-2__bacterial_165_jpg.rf.fa661907536757251c00699b80f0be0f.jpg,4
C:\Users\ashis\Desktop\ScanAI\dataset_manager\clean\skin\pyoderma\roboflow__dog-and-cat-skin-disease-identification-2__bacterial_159_jpg.rf.13a534d6ccfaef998bda0d15f5ef5714.jpg,C:\Users\ashis\Desktop\ScanAI\dataset_manager\clean\skin\pyoderma\roboflow__dog-and-cat-skin-disease-identification-2__bacterial_168_jpg.rf.1d84d33b1f13c3071c0bc7fe6dc39606.jpg,4
C:\Users\ashis\Desktop\ScanAI\dataset_manager\clean\skin\pyoderma\roboflow__dog-and-cat-skin-disease-identification-2__bacterial_163_jpg.rf.9301e1233b31c49cb06fa0907e067f5d.jpg,C:\Users\ashis\Desktop\ScanAI\dataset_manager\clean\skin\pyoderma\roboflow__dog-and-cat-skin-disease-identification-2__bacterial_166_jpg.rf.00a3d44edd2a92ea18624ea2a04bcf32.jpg,0
C:\Users\ashis\Desktop\ScanAI\dataset_manager\clean\skin\pyoderma\roboflow__dog-and-cat-skin-disease-identification-2__bacterial_164_jpg.rf.6fd4e34861c2b964ef9ae7d931ac79b4.jpg,C:\Users\ashis\Desktop\ScanAI\dataset_manager\clean\skin\pyoderma\roboflow__dog-and-cat-skin-disease-identification-2__bacterial_165_jpg.rf.fa661907536757251c00699b80f0be0f.jpg,2
C:\Users\ashis\Desktop\ScanAI\dataset_manager\clean\skin\pyoderma\roboflow__dog-and-cat-skin-disease-identification-2__bacterial_164_jpg.rf.6fd4e34861c2b964ef9ae7d931ac79b4.jpg,C:\Users\ashis\Desktop\ScanAI\dataset_manager\clean\skin\pyoderma\roboflow__dog-and-cat-skin-disease-identification-2__bacterial_168_jpg.rf.1d84d33b1f13c3071c0bc7fe6dc39606.jpg,4
C:\Users\ashis\Desktop\ScanAI\dataset_manager\clean\skin\pyoderma\roboflow__dog-and-cat-skin-disease-identification-2__bacterial_165_jpg.rf.fa661907536757251c00699b80f0be0f.jpg,C:\Users\ashis\Desktop\ScanAI\dataset_manager\clean\skin\pyoderma\roboflow__dog-and-cat-skin-disease-identification-2__bacterial_168_jpg.rf.1d84d33b1f13c3071c0bc7fe6dc39606.jpg,4
C:\Users\ashis\Desktop\ScanAI\dataset_manager\clean\skin\pyoderma\roboflow__dog-and-cat-skin-disease-identification-2__bacterial_171_jpg.rf.d27d9b38a5bbe71412376403b5143d20.jpg,C:\Users\ashis\Desktop\ScanAI\dataset_manager\clean\skin\pyoderma\roboflow__dog-and-cat-skin-disease-identification-2__hot-spot-sh_jpg.rf.d6f0a63cc4939d508893a01418cd9da3.jpg,0
C:\Users\ashis\Desktop\ScanAI\dataset_manager\clean\skin\pyoderma\roboflow__dog-and-cat-skin-disease-identification-2__bacterial_172_jpg.rf.1ac6406bcff067d0fd6d2baba212e8ac.jpg,C:\Users\ashis\Desktop\ScanAI\dataset_manager\clean\skin\pyoderma\roboflow__dog-and-cat-skin-disease-identification-2__hot-spot-tail-sh_1072961252-300x300_jpg.rf.fca2b1d7acc2aee528e7d8bc46e8bf10.jpg,0
C:\Users\ashis\Desktop\ScanAI\dataset_manager\clean\skin\pyoderma\roboflow__dog-and-cat-skin-disease-identification-2__bacterial_176_jpg.rf.f5aa7ca0e251ae95bc2e1406564b24df.jpg,C:\Users\ashis\Desktop\ScanAI\dataset_manager\clean\skin\pyoderma\roboflow__dog-and-cat-skin-disease-identification-2__bacterial_261_jpg.rf.812d4e2fe16a5975e7b33924ae367160.jpg,2
C:\Users\ashis\Desktop\ScanAI\dataset_manager\clean\skin\pyoderma\roboflow__dog-and-cat-skin-disease-identification-2__bacterial_176_jpg.rf.f5aa7ca0e251ae95bc2e1406564b24df.jpg,C:\Users\ashis\Desktop\ScanAI\dataset_manager\clean\skin\pyoderma\roboflow__dog-and-cat-skin-disease-identification-2__bacterial_derm_26_jpg.rf.6df360f9c0bd7e2760cb4971bae79609.jpg,0
C:\Users\ashis\Desktop\ScanAI\dataset_manager\clean\skin\pyoderma\roboflow__dog-and-cat-skin-disease-identification-2__bacterial_178_jpg.rf.72b117ddc067194cc4326154bcc2088c.jpg,C:\Users\ashis\Desktop\ScanAI\dataset_manager\clean\skin\pyoderma\roboflow__dog-and-cat-skin-disease-identification-2__bacterial_289_jpg.rf.ba7753724c152be4300245d7c9d15ef0.jpg,2
C:\Users\ashis\Desktop\ScanAI\dataset_manager\clean\skin\pyoderma\roboflow__dog-and-cat-skin-disease-identification-2__bacterial_183_jpg.rf.e2b9d2a0036b2a6b49b992f0c897d54c.jpg,C:\Users\ashis\Desktop\ScanAI\dataset_manager\clean\skin\pyoderma\roboflow__dog-and-cat-skin-disease-identification-2__bacterial_264_jpg.rf.c03d878e2530aec9ada052f8268a3f65.jpg,0
C:\Users\ashis\Desktop\ScanAI\dataset_manager\clean\skin\pyoderma\roboflow__dog-and-cat-skin-disease-identification-2__bacterial_183_jpg.rf.e2b9d2a0036b2a6b49b992f0c897d54c.jpg,C:\Users\ashis\Desktop\ScanAI\dataset_manager\clean\skin\pyoderma\roboflow__dog-and-cat-skin-disease-identification-2__bacterial_derm_34_jpg.rf.3b10703a9ba597586cab6cd3a1c1f62d.jpg,0
C:\Users\ashis\Desktop\ScanAI\dataset_manager\clean\skin\pyoderma\roboflow__dog-and-cat-skin-disease-identification-2__bacterial_18_jpg.rf.2930a827100b522f4e470f2745f2a79f.jpg,C:\Users\ashis\Desktop\ScanAI\dataset_manager\clean\skin\pyoderma\roboflow__dog-and-cat-skin-disease-identification-2__Bacterial_1_png_jpg.rf.ac970d5a21c7e7c3251fbc93ad00e784.jpg,0
C:\Users\ashis\Desktop\ScanAI\dataset_manager\clean\skin\pyoderma\roboflow__dog-and-cat-skin-disease-identification-2__bacterial_19_jpg.rf.cc856d538df9ae586c202eea2e23605d.jpg,C:\Users\ashis\Desktop\ScanAI\dataset_manager\clean\skin\pyoderma\roboflow__dog-and-cat-skin-disease-identification-2__Bacterial_1_png_jpg.rf.7641b72684a216dc7dd96bbca5e0214d.jpg,0
C:\Users\ashis\Desktop\ScanAI\dataset_manager\clean\skin\pyoderma\roboflow__dog-and-cat-skin-disease-identification-2__Bacterial_1_png_jpg.rf.390122fa393264b3e064db6ff71bf1ec.jpg,C:\Users\ashis\Desktop\ScanAI\dataset_manager\clean\skin\pyoderma\roboflow__dog-and-cat-skin-disease-identification-2__bacterial_20_jpg.rf.129a7e38995a62dcea11f7784ec2261f.jpg,0
C:\Users\ashis\Desktop\ScanAI\dataset_manager\clean\skin\pyoderma\roboflow__dog-and-cat-skin-disease-identification-2__bacterial_201_jpg.rf.3686cf8b50c71aa45129e35037e63e24.jpg,C:\Users\ashis\Desktop\ScanAI\dataset_manager\clean\skin\pyoderma\roboflow__dog-and-cat-skin-disease-identification-2__bacterial_derm_40_jpg.rf.c04deea24736306bb60efc5294cbb470.jpg,2
C:\Users\ashis\Desktop\ScanAI\dataset_manager\clean\skin\pyoderma\roboflow__dog-and-cat-skin-disease-identification-2__bacterial_202_jpg.rf.5983292aca7f45f1c4043d5169021a38.jpg,C:\Users\ashis\Desktop\ScanAI\dataset_manager\clean\skin\ringworm\roboflow__dog-and-cat-skin-disease-identification-2__hotspot-63-_jpg.rf.fe35b23f9b4c7db8897009c751b83bb8.jpg,0
C:\Users\ashis\Desktop\ScanAI\dataset_manager\clean\skin\pyoderma\roboflow__dog-and-cat-skin-disease-identification-2__bacterial_206_jpg.rf.848e852cd22a2169524db2a6f2841699.jpg,C:\Users\ashis\Desktop\ScanAI\dataset_manager\clean\skin\pyoderma\roboflow__dog-and-cat-skin-disease-identification-2__bacterial_272_jpg.rf.ef781fb5b5414c4d9c4abc912c516280.jpg,0
C:\Users\ashis\Desktop\ScanAI\dataset_manager\clean\skin\pyoderma\roboflow__dog-and-cat-skin-disease-identification-2__bacterial_206_jpg.rf.848e852cd22a2169524db2a6f2841699.jpg,C:\Users\ashis\Desktop\ScanAI\dataset_manager\clean\skin\pyoderma\roboflow__dog-and-cat-skin-disease-identification-2__bacterial_derm_44_jpg.rf.6bcc1cd071bfb3d73394933489a82932.jpg,0
C:\Users\ashis\Desktop\ScanAI\dataset_manager\clean\skin\pyoderma\roboflow__dog-and-cat-skin-disease-identification-2__bacterial_208_jpg.rf.53543f5e91de1ca3a2c4338f7b969de8.jpg,C:\Users\ashis\Desktop\ScanAI\dataset_manager\clean\skin\pyoderma\roboflow__dog-and-cat-skin-disease-identification-2__bacterial_274_jpg.rf.3f3c5b0259fef329e5d8e8065153573a.jpg,0
C:\Users\ashis\Desktop\ScanAI\dataset_manager\clean\skin\pyoderma\roboflow__dog-and-cat-skin-disease-identification-2__bacterial_208_jpg.rf.53543f5e91de1ca3a2c4338f7b969de8.jpg,C:\Users\ashis\Desktop\ScanAI\dataset_manager\clean\skin\ringworm\roboflow__dog-and-cat-skin-disease-identification-2__hotspot-79-_jpg.rf.60cf91b18906d97e02024328c8930323.jpg,0
C:\Users\ashis\Desktop\ScanAI\dataset_manager\clean\skin\pyoderma\roboflow__dog-and-cat-skin-disease-identification-2__bacterial_215_jpg.rf.f76c0f33e535704463306ffb7a004042.jpg,C:\Users\ashis\Desktop\ScanAI\dataset_manager\clean\skin\pyoderma\roboflow__dog-and-cat-skin-disease-identification-2__bacterial_278_jpg.rf.35a6f6b0d3e4d3841bce06b63535a5da.jpg,0
C:\Users\ashis\Desktop\ScanAI\dataset_manager\clean\skin\pyoderma\roboflow__dog-and-cat-skin-disease-identification-2__bacterial_215_jpg.rf.f76c0f33e535704463306ffb7a004042.jpg,C:\Users\ashis\Desktop\ScanAI\dataset_manager\clean\skin\pyoderma\roboflow__dog-and-cat-skin-disease-identification-2__bacterial_89_jpg.rf.bb9eeab48917eab6440f041fc345f016.jpg,0
C:\Users\ashis\Desktop\ScanAI\dataset_manager\clean\skin\pyoderma\roboflow__dog-and-cat-skin-disease-identification-2__bacterial_21_jpg.rf.23f6059fd5a508cb4f89884a7e54ebe2.jpg,C:\Users\ashis\Desktop\ScanAI\dataset_manager\clean\skin\pyoderma\roboflow__dog-and-cat-skin-disease-identification-2__Bacterial_2_jpg.rf.d15dc496c7b0bd4819c40f356380c205.jpg,0
C:\Users\ashis\Desktop\ScanAI\dataset_manager\clean\skin\pyoderma\roboflow__dog-and-cat-skin-disease-identification-2__bacterial_221_jpg.rf.f901ae30b5a61d369030bfad728e1867.jpg,C:\Users\ashis\Desktop\ScanAI\dataset_manager\clean\skin\pyoderma\roboflow__dog-and-cat-skin-disease-identification-2__bacterial_281_jpg.rf.536616657ebcf1b1568b264868d961ac.jpg,0
C:\Users\ashis\Desktop\ScanAI\dataset_manager\clean\skin\pyoderma\roboflow__dog-and-cat-skin-disease-identification-2__bacterial_221_jpg.rf.f901ae30b5a61d369030bfad728e1867.jpg,C:\Users\ashis\Desktop\ScanAI\dataset_manager\clean\skin\pyoderma\roboflow__dog-and-cat-skin-disease-identification-2__bacterial_95_jpg.rf.dab6587ab1689a4643efecc89fc6593c.jpg,0
C:\Users\ashis\Desktop\ScanAI\dataset_manager\clean\skin\pyoderma\roboflow__dog-and-cat-skin-disease-identification-2__bacterial_226_jpg.rf.4a4c9a89ea436f0d1c46b2fe8a1ad011.jpg,C:\Users\ashis\Desktop\ScanAI\dataset_manager\clean\skin\pyoderma\roboflow__dog-and-cat-skin-disease-identification-2__bacterial_286_jpg.rf.6bafc9103db10fac9cb62920dfe747af.jpg,0
C:\Users\ashis\Desktop\ScanAI\dataset_manager\clean\skin\pyoderma\roboflow__dog-and-cat-skin-disease-identification-2__bacterial_229_jpg.rf.8b14d5f03bf55261d4c6dccebb3914e1.jpg,C:\Users\ashis\Desktop\ScanAI\dataset_manager\clean\skin\pyoderma\roboflow__dog-and-cat-skin-disease-identification-2__bacterial_291_jpg.rf.a69eadc56c1dca9ac1a82c9b15c4532c.jpg,0
C:\Users\ashis\Desktop\ScanAI\dataset_manager\clean\skin\pyoderma\roboflow__dog-and-cat-skin-disease-identification-2__bacterial_22_jpg.rf.54de1c2356264e47b3cf03b86e4ba434.jpg,C:\Users\ashis\Desktop\ScanAI\dataset_manager\clean\skin\pyoderma\roboflow__dog-and-cat-skin-disease-identification-2__Bacterial_2_jpg.rf.815aae40bd47c422fd37b72c3ead3335.jpg,0
C:\Users\ashis\Desktop\ScanAI\dataset_manager\clean\skin\pyoderma\roboflow__dog-and-cat-skin-disease-identification-2__bacterial_236_jpg.rf.fe996b05466f3ce46b1b1b32a1ed88b5.jpg,C:\Users\ashis\Desktop\ScanAI\dataset_manager\clean\skin\ringworm\roboflow__dog-and-cat-skin-disease-identification-2__1000010566_x16_jpg.rf.f766c96ecc135e7ee0bcf012c090a409.jpg,0
C:\Users\ashis\Desktop\ScanAI\dataset_manager\clean\skin\pyoderma\roboflow__dog-and-cat-skin-disease-identification-2__bacterial_23_jpg.rf.b35fee8e6d286917eaf7a4ae4fd8f29e.jpg,C:\Users\ashis\Desktop\ScanAI\dataset_manager\clean\skin\pyoderma\roboflow__dog-and-cat-skin-disease-identification-2__Bacterial_2_jpg.rf.1faac992b72876f98e89d2cb1e845507.jpg,0
C:\Users\ashis\Desktop\ScanAI\dataset_manager\clean\skin\pyoderma\roboflow__dog-and-cat-skin-disease-identification-2__bacterial_250_jpg.rf.8a9cad2ca872eadd13127fb9df5853b3.jpg,C:\Users\ashis\Desktop\ScanAI\dataset_manager\clean\skin\pyoderma\roboflow__dog-and-cat-skin-disease-identification-2__bacterial_84_jpg.rf.81fdad1509b15d94f738e98bc045a727.jpg,0
C:\Users\ashis\Desktop\ScanAI\dataset_manager\clean\skin\pyoderma\roboflow__dog-and-cat-skin-disease-identification-2__bacterial_256_jpg.rf.ab4cae95ec697e68dced5aa97963a553.jpg,C:\Users\ashis\Desktop\ScanAI\dataset_manager\clean\skin\pyoderma\roboflow__dog-and-cat-skin-disease-identification-2__bacterial_derm_25_jpg.rf.d1779e69bfed23785e1d36341da1efef.jpg,0
C:\Users\ashis\Desktop\ScanAI\dataset_manager\clean\skin\pyoderma\roboflow__dog-and-cat-skin-disease-identification-2__bacterial_25_jpg.rf.ef25ff827c4d1394d713e16b6b203fb2.jpg,C:\Users\ashis\Desktop\ScanAI\dataset_manager\clean\skin\pyoderma\roboflow__dog-and-cat-skin-disease-identification-2__bacterial_Image_1_jpg.rf.b52f09d31295a1995c894b0e47c5143a.jpg,0
C:\Users\ashis\Desktop\ScanAI\dataset_manager\clean\skin\pyoderma\roboflow__dog-and-cat-skin-disease-identification-2__bacterial_261_jpg.rf.812d4e2fe16a5975e7b33924ae367160.jpg,C:\Users\ashis\Desktop\ScanAI\dataset_manager\clean\skin\pyoderma\roboflow__dog-and-cat-skin-disease-identification-2__bacterial_derm_26_jpg.rf.6df360f9c0bd7e2760cb4971bae79609.jpg,2
C:\Users\ashis\Desktop\ScanAI\dataset_manager\clean\skin\pyoderma\roboflow__dog-and-cat-skin-disease-identification-2__bacterial_262_jpg.rf.bc6e5d3685c193533cd2c41124673c9d.jpg,C:\Users\ashis\Desktop\ScanAI\dataset_manager\clean\skin\pyoderma\roboflow__dog-and-cat-skin-disease-identification-2__bacterial_derm_30_jpg.rf.5884c83b9f00bba048fe803ecf338b9f.jpg,0
C:\Users\ashis\Desktop\ScanAI\dataset_manager\clean\skin\pyoderma\roboflow__dog-and-cat-skin-disease-identification-2__bacterial_264_jpg.rf.c03d878e2530aec9ada052f8268a3f65.jpg,C:\Users\ashis\Desktop\ScanAI\dataset_manager\clean\skin\pyoderma\roboflow__dog-and-cat-skin-disease-identification-2__bacterial_derm_34_jpg.rf.3b10703a9ba597586cab6cd3a1c1f62d.jpg,0
C:\Users\ashis\Desktop\ScanAI\dataset_manager\clean\skin\pyoderma\roboflow__dog-and-cat-skin-disease-identification-2__bacterial_266_jpg.rf.084e7987292e41bc972a9c2ba95b6506.jpg,C:\Users\ashis\Desktop\ScanAI\dataset_manager\clean\skin\pyoderma\roboflow__dog-and-cat-skin-disease-identification-2__bacterial_derm_37_jpg.rf.6d3340a9ea7b5419968fd53ec34c1beb.jpg,2
C:\Users\ashis\Desktop\ScanAI\dataset_manager\clean\skin\pyoderma\roboflow__dog-and-cat-skin-disease-identification-2__bacterial_266_jpg.rf.084e7987292e41bc972a9c2ba95b6506.jpg,C:\Users\ashis\Desktop\ScanAI\dataset_manager\clean\skin\ringworm\roboflow__dog-and-cat-skin-disease-identification-2__hotspot-30-_jpg.rf.e884703028ce80effa3060aa83ba710d.jpg,2
C:\Users\ashis\Desktop\ScanAI\dataset_manager\clean\skin\pyoderma\roboflow__dog-and-cat-skin-disease-identification-2__bacterial_267_jpg.rf.7d045ea0d989f4102623b9bd50e63530.jpg,C:\Users\ashis\Desktop\ScanAI\dataset_manager\clean\skin\ringworm\roboflow__dog-and-cat-skin-disease-identification-2__hotspot-50-_jpg.rf.d31c1f2f2676a66f238db2c285f973bd.jpg,0
C:\Users\ashis\Desktop\ScanAI\dataset_manager\clean\skin\pyoderma\roboflow__dog-and-cat-skin-disease-identification-2__bacterial_26_jpg.rf.9a4a782c32f0383f130d82c63cdd4a0a.jpg,C:\Users\ashis\Desktop\ScanAI\dataset_manager\clean\skin\pyoderma\roboflow__dog-and-cat-skin-disease-identification-2__bacterial_Image_1_jpg.rf.8b067932794dae36d1803658064ac198.jpg,0
C:\Users\ashis\Desktop\ScanAI\dataset_manager\clean\skin\pyoderma\roboflow__dog-and-cat-skin-disease-identification-2__bacterial_270_jpg.rf.790134c1979fefc5ab5a36c8d9ac7ea1.jpg,C:\Users\ashis\Desktop\ScanAI\dataset_manager\clean\skin\pyoderma\roboflow__dog-and-cat-skin-disease-identification-2__bacterial_derm_42_jpg.rf.c3eba83fb2adde8ac1e071d4dff4f672.jpg,0
C:\Users\ashis\Desktop\ScanAI\dataset_manager\clean\skin\pyoderma\roboflow__dog-and-cat-skin-disease-identification-2__bacterial_272_jpg.rf.ef781fb5b5414c4d9c4abc912c516280.jpg,C:\Users\ashis\Desktop\ScanAI\dataset_manager\clean\skin\pyoderma\roboflow__dog-and-cat-skin-disease-identification-2__bacterial_derm_44_jpg.rf.6bcc1cd071bfb3d73394933489a82932.jpg,0
C:\Users\ashis\Desktop\ScanAI\dataset_manager\clean\skin\pyoderma\roboflow__dog-and-cat-skin-disease-identification-2__bacterial_274_jpg.rf.3f3c5b0259fef329e5d8e8065153573a.jpg,C:\Users\ashis\Desktop\ScanAI\dataset_manager\clean\skin\ringworm\roboflow__dog-and-cat-skin-disease-identification-2__hotspot-79-_jpg.rf.60cf91b18906d97e02024328c8930323.jpg,0
C:\Users\ashis\Desktop\ScanAI\dataset_manager\clean\skin\pyoderma\roboflow__dog-and-cat-skin-disease-identification-2__bacterial_277_jpg.rf.28f041c7cfe177fa2ab0c06c450d55c2.jpg,C:\Users\ashis\Desktop\ScanAI\dataset_manager\clean\skin\pyoderma\roboflow__dog-and-cat-skin-disease-identification-2__bacterial_279_jpg.rf.32eee95140b3ac8eae77f09a51e787e5.jpg,2
C:\Users\ashis\Desktop\ScanAI\dataset_manager\clean\skin\pyoderma\roboflow__dog-and-cat-skin-disease-identification-2__bacterial_278_jpg.rf.35a6f6b0d3e4d3841bce06b63535a5da.jpg,C:\Users\ashis\Desktop\ScanAI\dataset_manager\clean\skin\pyoderma\roboflow__dog-and-cat-skin-disease-identification-2__bacterial_89_jpg.rf.bb9eeab48917eab6440f041fc345f016.jpg,0
C:\Users\ashis\Desktop\ScanAI\dataset_manager\clean\skin\pyoderma\roboflow__dog-and-cat-skin-disease-identification-2__bacterial_27_jpg.rf.b916afc2897574a6c79af44f0bf96ee1.jpg,C:\Users\ashis\Desktop\ScanAI\dataset_manager\clean\skin\pyoderma\roboflow__dog-and-cat-skin-disease-identification-2__bacterial_36_jpg.rf.da8a492d7cee177a964e7c7e37fbb93f.jpg,2
C:\Users\ashis\Desktop\ScanAI\dataset_manager\clean\skin\pyoderma\roboflow__dog-and-cat-skin-disease-identification-2__bacterial_27_jpg.rf.b916afc2897574a6c79af44f0bf96ee1.jpg,C:\Users\ashis\Desktop\ScanAI\dataset_manager\clean\skin\pyoderma\roboflow__dog-and-cat-skin-disease-identification-2__Bacterial_Image_2_jpg.rf.a3d5762b162de352c1f386ef303f0a6f.jpg,0
C:\Users\ashis\Desktop\ScanAI\dataset_manager\clean\skin\pyoderma\roboflow__dog-and-cat-skin-disease-identification-2__bacterial_281_jpg.rf.536616657ebcf1b1568b264868d961ac.jpg,C:\Users\ashis\Desktop\ScanAI\dataset_manager\clean\skin\pyoderma\roboflow__dog-and-cat-skin-disease-identification-2__bacterial_95_jpg.rf.dab6587ab1689a4643efecc89fc6593c.jpg,0
C:\Users\ashis\Desktop\ScanAI\dataset_manager\clean\skin\pyoderma\roboflow__dog-and-cat-skin-disease-identification-2__bacterial_283_jpg.rf.78b4aae2239c2260ee0e96afaca3f7d7.jpg,C:\Users\ashis\Desktop\ScanAI\dataset_manager\clean\skin\pyoderma\roboflow__dog-and-cat-skin-disease-identification-2__bacterial_285_jpg.rf.009c1efc0659ea8fe8b212e673ed7f5c.jpg,2
C:\Users\ashis\Desktop\ScanAI\dataset_manager\clean\skin\pyoderma\roboflow__dog-and-cat-skin-disease-identification-2__bacterial_28_jpg.rf.592d4766fcb5bb959fdad8c01418e956.jpg,C:\Users\ashis\Desktop\ScanAI\dataset_manager\clean\skin\pyoderma\roboflow__dog-and-cat-skin-disease-identification-2__Bacterial_Image_2_jpg.rf.02b0c4ab9451a804b974f5b165619400.jpg,0
C:\Users\ashis\Desktop\ScanAI\dataset_manager\clean\skin\pyoderma\roboflow__dog-and-cat-skin-disease-identification-2__bacterial_292_jpg.rf.3bf690024ccb6622068dfb2124478a6f.jpg,C:\Users\ashis\Desktop\ScanAI\dataset_manager\clean\skin\pyoderma\roboflow__dog-and-cat-skin-disease-identification-2__bacterial_294_jpg.rf.95d2c7fa55324917b403883a5ae5ea4c.jpg,2
C:\Users\ashis\Desktop\ScanAI\dataset_manager\clean\skin\pyoderma\roboflow__dog-and-cat-skin-disease-identification-2__bacterial_29_jpg.rf.aa86dee9300aed6677ffc28902caed10.jpg,C:\Users\ashis\Desktop\ScanAI\dataset_manager\clean\skin\pyoderma\roboflow__dog-and-cat-skin-disease-identification-2__Bacterial_Image_2_jpg.rf.ec3c6a844d1128d42a8f4a9d005b9c04.jpg,0
C:\Users\ashis\Desktop\ScanAI\dataset_manager\clean\skin\pyoderma\roboflow__dog-and-cat-skin-disease-identification-2__bacterial_306_jpg.rf.7280c5be620a8ba3e66e6ddead863dc2.jpg,C:\Users\ashis\Desktop\ScanAI\dataset_manager\clean\skin\pyoderma\roboflow__dog-and-cat-skin-disease-identification-2__bacterial_97_jpg.rf.8dd4ce84c5264431ec20510fdec8ad50.jpg,0
C:\Users\ashis\Desktop\ScanAI\dataset_manager\clean\skin\pyoderma\roboflow__dog-and-cat-skin-disease-identification-2__bacterial_306_jpg.rf.7280c5be620a8ba3e66e6ddead863dc2.jpg,C:\Users\ashis\Desktop\ScanAI\dataset_manager\clean\skin\pyoderma\roboflow__dog-and-cat-skin-disease-identification-2__bacterial_derm_6_jpg.rf.81ea9d919ce5f608f3070a879fdd34c1.jpg,0
C:\Users\ashis\Desktop\ScanAI\dataset_manager\clean\skin\pyoderma\roboflow__dog-and-cat-skin-disease-identification-2__bacterial_30_jpg.rf.eee94e958e8ce3e9bd14f36134b586f4.jpg,C:\Users\ashis\Desktop\ScanAI\dataset_manager\clean\skin\pyoderma\roboflow__dog-and-cat-skin-disease-identification-2__bacterial_49_jpg.rf.16ebc2d160ea7194d5439b537c04c9bf.jpg,2
C:\Users\ashis\Desktop\ScanAI\dataset_manager\clean\skin\pyoderma\roboflow__dog-and-cat-skin-disease-identification-2__bacterial_30_jpg.rf.eee94e958e8ce3e9bd14f36134b586f4.jpg,C:\Users\ashis\Desktop\ScanAI\dataset_manager\clean\skin\pyoderma\roboflow__dog-and-cat-skin-disease-identification-2__bacterial_derm_21_jpg.rf.420b9b120b2ffd42ee76697fd5351ea4.jpg,0
C:\Users\ashis\Desktop\ScanAI\dataset_manager\clean\skin\pyoderma\roboflow__dog-and-cat-skin-disease-identification-2__bacterial_30_jpg.rf.eee94e958e8ce3e9bd14f36134b586f4.jpg,C:\Users\ashis\Desktop\ScanAI\dataset_manager\clean\skin\pyoderma\roboflow__dog-and-cat-skin-disease-identification-2__bacterial_Image_3_jpg.rf.e6e24751d4a2ffaaaf1fc292a8ed4aed.jpg,0
C:\Users\ashis\Desktop\ScanAI\dataset_manager\clean\skin\pyoderma\roboflow__dog-and-cat-skin-disease-identification-2__bacterial_316_jpg.rf.77b3c1585837f6ad72232a199a9f328f.jpg,C:\Users\ashis\Desktop\ScanAI\dataset_manager\clean\skin\pyoderma\roboflow__dog-and-cat-skin-disease-identification-2__bacterial_318_jpg.rf.b09c8d0c90d8aa96d212f5e98a207aca.jpg,2
C:\Users\ashis\Desktop\ScanAI\dataset_manager\clean\skin\pyoderma\roboflow__dog-and-cat-skin-disease-identification-2__bacterial_316_jpg.rf.77b3c1585837f6ad72232a199a9f328f.jpg,C:\Users\ashis\Desktop\ScanAI\dataset_manager\clean\skin\ringworm\roboflow__dog-and-cat-skin-disease-identification-2__ringworm-22-_jpg.rf.067dff19a182963fb826532c4b3c6ee6.jpg,2
C:\Users\ashis\Desktop\ScanAI\dataset_manager\clean\skin\pyoderma\roboflow__dog-and-cat-skin-disease-identification-2__bacterial_316_jpg.rf.77b3c1585837f6ad72232a199a9f328f.jpg,C:\Users\ashis\Desktop\ScanAI\dataset_manager\clean\skin\ringworm\roboflow__dog-and-cat-skin-disease-identification-2__ringworm-30-_jpg.rf.b49cb3e022fca08d23649e93f22c3989.jpg,2
C:\Users\ashis\Desktop\ScanAI\dataset_manager\clean\skin\pyoderma\roboflow__dog-and-cat-skin-disease-identification-2__bacterial_318_jpg.rf.b09c8d0c90d8aa96d212f5e98a207aca.jpg,C:\Users\ashis\Desktop\ScanAI\dataset_manager\clean\skin\ringworm\roboflow__dog-and-cat-skin-disease-identification-2__ringworm-22-_jpg.rf.067dff19a182963fb826532c4b3c6ee6.jpg,0
C:\Users\ashis\Desktop\ScanAI\dataset_manager\clean\skin\pyoderma\roboflow__dog-and-cat-skin-disease-identification-2__bacterial_318_jpg.rf.b09c8d0c90d8aa96d212f5e98a207aca.jpg,C:\Users\ashis\Desktop\ScanAI\dataset_manager\clean\skin\ringworm\roboflow__dog-and-cat-skin-disease-identification-2__ringworm-30-_jpg.rf.b49cb3e022fca08d23649e93f22c3989.jpg,0
C:\Users\ashis\Desktop\ScanAI\dataset_manager\clean\skin\pyoderma\roboflow__dog-and-cat-skin-disease-identification-2__bacterial_31_jpg.rf.5fbc5324a4bed617f91cbfc14b42e692.jpg,C:\Users\ashis\Desktop\ScanAI\dataset_manager\clean\skin\pyoderma\roboflow__dog-and-cat-skin-disease-identification-2__bacterial_Image_3_jpg.rf.5688dfbec3d295955ece6b5f050bd67a.jpg,0
C:\Users\ashis\Desktop\ScanAI\dataset_manager\clean\skin\pyoderma\roboflow__dog-and-cat-skin-disease-identification-2__bacterial_322_jpg.rf.b2597f3737230a1be7f79388d2c09781.jpg,C:\Users\ashis\Desktop\ScanAI\dataset_manager\clean\skin\pyoderma\roboflow__dog-and-cat-skin-disease-identification-2__bacterial_53_jpg.rf.33d1998fd62596352da78c08153233aa.jpg,0
C:\Users\ashis\Desktop\ScanAI\dataset_manager\clean\skin\pyoderma\roboflow__dog-and-cat-skin-disease-identification-2__bacterial_324_jpg.rf.73490ad0229606403f75831949c7b2c9.jpg,C:\Users\ashis\Desktop\ScanAI\dataset_manager\clean\skin\pyoderma\roboflow__dog-and-cat-skin-disease-identification-2__bacterial_58_jpg.rf.d0b5cb0ad87b6a4ab7b4014ed4f57f94.jpg,2
C:\Users\ashis\Desktop\ScanAI\dataset_manager\clean\skin\pyoderma\roboflow__dog-and-cat-skin-disease-identification-2__bacterial_327_jpg.rf.d380ddd8734f0a34a351606a21fb1a06.jpg,C:\Users\ashis\Desktop\ScanAI\dataset_manager\clean\skin\pyoderma\roboflow__dog-and-cat-skin-disease-identification-2__bacterial_329_jpg.rf.b2608ccc248a88f6143ee66f035dc7cf.jpg,0
C:\Users\ashis\Desktop\ScanAI\dataset_manager\clean\skin\pyoderma\roboflow__dog-and-cat-skin-disease-identification-2__bacterial_327_jpg.rf.d380ddd8734f0a34a351606a21fb1a06.jpg,C:\Users\ashis\Desktop\ScanAI\dataset_manager\clean\skin\pyoderma\roboflow__dog-and-cat-skin-disease-identification-2__bacterial_61_jpg.rf.375c0e74e36262a0bb69223677aaefa1.jpg,4
C:\Users\ashis\Desktop\ScanAI\dataset_manager\clean\skin\pyoderma\roboflow__dog-and-cat-skin-disease-identification-2__bacterial_329_jpg.rf.b2608ccc248a88f6143ee66f035dc7cf.jpg,C:\Users\ashis\Desktop\ScanAI\dataset_manager\clean\skin\pyoderma\roboflow__dog-and-cat-skin-disease-identification-2__bacterial_61_jpg.rf.375c0e74e36262a0bb69223677aaefa1.jpg,4
C:\Users\ashis\Desktop\ScanAI\dataset_manager\clean\skin\pyoderma\roboflow__dog-and-cat-skin-disease-identification-2__bacterial_32_jpg.rf.f16274d9777794c7ab2fc2450b884dc1.jpg,C:\Users\ashis\Desktop\ScanAI\dataset_manager\clean\skin\pyoderma\roboflow__dog-and-cat-skin-disease-identification-2__bacterial_Image_3_jpg.rf.e4f9f823eeadcdf3310a6470b819aa1e.jpg,0
C:\Users\ashis\Desktop\ScanAI\dataset_manager\clean\skin\pyoderma\roboflow__dog-and-cat-skin-disease-identification-2__bacterial_331_jpg.rf.f6ca477f1e807d78026d9c61f12038f9.jpg,C:\Users\ashis\Desktop\ScanAI\dataset_manager\clean\skin\pyoderma\roboflow__dog-and-cat-skin-disease-identification-2__bacterial_64_jpg.rf.fc1f4a10b0c760c1b67a246d9fca998a.jpg,2
C:\Users\ashis\Desktop\ScanAI\dataset_manager\clean\skin\pyoderma\roboflow__dog-and-cat-skin-disease-identification-2__bacterial_333_jpg.rf.02a55797893c843070a3c01b4712ba87.jpg,C:\Users\ashis\Desktop\ScanAI\dataset_manager\clean\skin\pyoderma\roboflow__dog-and-cat-skin-disease-identification-2__bacterial_68_jpg.rf.529139c0b167b5d661d06f55519e32bd.jpg,2
C:\Users\ashis\Desktop\ScanAI\dataset_manager\clean\skin\pyoderma\roboflow__dog-and-cat-skin-disease-identification-2__bacterial_336_jpg.rf.0759a20fcb585aca9a3c396432718c27.jpg,C:\Users\ashis\Desktop\ScanAI\dataset_manager\clean\skin\pyoderma\roboflow__dog-and-cat-skin-disease-identification-2__bacterial_70_jpg.rf.b5c3e29d66b9946826b0a2e90e1e7e90.jpg,0
C:\Users\ashis\Desktop\ScanAI\dataset_manager\clean\skin\pyoderma\roboflow__dog-and-cat-skin-disease-identification-2__bacterial_33_jpg.rf.dbdb2257eac1c0c1d518079a8c9e9a1c.jpg,C:\Users\ashis\Desktop\ScanAI\dataset_manager\clean\skin\pyoderma\roboflow__dog-and-cat-skin-disease-identification-2__bacterial_Image_4_jpg.rf.6e9ca0a676f48fee89c2b98e67b4627f.jpg,0
C:\Users\ashis\Desktop\ScanAI\dataset_manager\clean\skin\pyoderma\roboflow__dog-and-cat-skin-disease-identification-2__bacterial_34_jpg.rf.de785864aa32406ff1742bc14adebdf5.jpg,C:\Users\ashis\Desktop\ScanAI\dataset_manager\clean\skin\pyoderma\roboflow__dog-and-cat-skin-disease-identification-2__bacterial_Image_4_jpg.rf.a85fe6f48827097e0c833c2ee72584a0.jpg,0
C:\Users\ashis\Desktop\ScanAI\dataset_manager\clean\skin\pyoderma\roboflow__dog-and-cat-skin-disease-identification-2__bacterial_350_jpg.rf.87586d1036a151747ab76386ffb129f4.jpg,C:\Users\ashis\Desktop\ScanAI\dataset_manager\clean\skin\pyoderma\roboflow__dog-and-cat-skin-disease-identification-2__bacterial_352_jpg.rf.8ff1e1db852633a3e3dadb74cc5d56f2.jpg,4
C:\Users\ashis\Desktop\ScanAI\dataset_manager\clean\skin\pyoderma\roboflow__dog-and-cat-skin-disease-identification-2__bacterial_35_jpg.rf.1d7a3289bbe89a40e6e4a2dd8529ff68.jpg,C:\Users\ashis\Desktop\ScanAI\dataset_manager\clean\skin\pyoderma\roboflow__dog-and-cat-skin-disease-identification-2__bacterial_Image_4_jpg.rf.0d14787e5e90dcfd339599ca2cc9b14e.jpg,0
C:\Users\ashis\Desktop\ScanAI\dataset_manager\clean\skin\pyoderma\roboflow__dog-and-cat-skin-disease-identification-2__bacterial_362_jpg.rf.c00eeebb310e3c2876a0d50b03802ab6.jpg,C:\Users\ashis\Desktop\ScanAI\dataset_manager\clean\skin\pyoderma\roboflow__dog-and-cat-skin-disease-identification-2__bacterial_77_jpg.rf.789de1153d6f39e00937b03af658b6fb.jpg,2
C:\Users\ashis\Desktop\ScanAI\dataset_manager\clean\skin\pyoderma\roboflow__dog-and-cat-skin-disease-identification-2__bacterial_365_jpg.rf.6802f968e7e1dded4f512a0229578408.jpg,C:\Users\ashis\Desktop\ScanAI\dataset_manager\clean\skin\pyoderma\roboflow__dog-and-cat-skin-disease-identification-2__bacterial_79_jpg.rf.998949dcab45d8949f5270269ac408ac.jpg,0
C:\Users\ashis\Desktop\ScanAI\dataset_manager\clean\skin\pyoderma\roboflow__dog-and-cat-skin-disease-identification-2__bacterial_36_jpg.rf.da8a492d7cee177a964e7c7e37fbb93f.jpg,C:\Users\ashis\Desktop\ScanAI\dataset_manager\clean\skin\pyoderma\roboflow__dog-and-cat-skin-disease-identification-2__Bacterial_Image_2_jpg.rf.a3d5762b162de352c1f386ef303f0a6f.jpg,2
C:\Users\ashis\Desktop\ScanAI\dataset_manager\clean\skin\pyoderma\roboflow__dog-and-cat-skin-disease-identification-2__bacterial_372_jpg.rf.7b2442f317062ba07fe1cbea508be33d.jpg,C:\Users\ashis\Desktop\ScanAI\dataset_manager\clean\skin\pyoderma\roboflow__dog-and-cat-skin-disease-identification-2__bacterial_374_jpg.rf.54dc19c509f4e7dba55d45ead36182e0.jpg,2
C:\Users\ashis\Desktop\ScanAI\dataset_manager\clean\skin\pyoderma\roboflow__dog-and-cat-skin-disease-identification-2__bacterial_376_jpg.rf.8c4b2013318c1a4c559f91bedd338ef3.jpg,C:\Users\ashis\Desktop\ScanAI\dataset_manager\clean\skin\pyoderma\roboflow__dog-and-cat-skin-disease-identification-2__bacterial_377_jpg.rf.96a78e754251b025287879d3905d91c3.jpg,0
C:\Users\ashis\Desktop\ScanAI\dataset_manager\clean\skin\pyoderma\roboflow__dog-and-cat-skin-disease-identification-2__bacterial_395_jpg.rf.9d96fe804b804a1e878b315d34086eae.jpg,C:\Users\ashis\Desktop\ScanAI\dataset_manager\clean\skin\pyoderma\roboflow__dog-and-cat-skin-disease-identification-2__bacterial_396_jpg.rf.140c7b6874657383d527ad9a2aeb970d.jpg,0
C:\Users\ashis\Desktop\ScanAI\dataset_manager\clean\skin\pyoderma\roboflow__dog-and-cat-skin-disease-identification-2__bacterial_3_jpg.rf.0a83046b860c444e5bb2290b021d8313.jpg,C:\Users\ashis\Desktop\ScanAI\dataset_manager\clean\skin\pyoderma\roboflow__dog-and-cat-skin-disease-identification-2__bacterial_408_jpg.rf.0f54c5d50533f89822020ad4b47cce13.jpg,0
C:\Users\ashis\Desktop\ScanAI\dataset_manager\clean\skin\pyoderma\roboflow__dog-and-cat-skin-disease-identification-2__bacterial_406_jpg.rf.58b25a9e04fd65217f8fd0fd369f53fe.jpg,C:\Users\ashis\Desktop\ScanAI\dataset_manager\clean\skin\pyoderma\roboflow__dog-and-cat-skin-disease-identification-2__bacterial_52_jpg.rf.5a8920326604c4870ff89c4c7c407377.jpg,2
C:\Users\ashis\Desktop\ScanAI\dataset_manager\clean\skin\pyoderma\roboflow__dog-and-cat-skin-disease-identification-2__bacterial_406_jpg.rf.58b25a9e04fd65217f8fd0fd369f53fe.jpg,C:\Users\ashis\Desktop\ScanAI\dataset_manager\clean\skin\pyoderma\roboflow__dog-and-cat-skin-disease-identification-2__bacterial_9_jpg.rf.fcc403c328a03d47831395dc7a6cac0b.jpg,0
C:\Users\ashis\Desktop\ScanAI\dataset_manager\clean\skin\pyoderma\roboflow__dog-and-cat-skin-disease-identification-2__bacterial_410_jpg.rf.712d7be088c9c931947fa8270b81dd0e.jpg,C:\Users\ashis\Desktop\ScanAI\dataset_manager\clean\skin\pyoderma\roboflow__dog-and-cat-skin-disease-identification-2__bacterial_73_jpg.rf.6b2c1781f5d79be7a3c5dfd9d4731976.jpg,4
C:\Users\ashis\Desktop\ScanAI\dataset_manager\clean\skin\pyoderma\roboflow__dog-and-cat-skin-disease-identification-2__bacterial_416_jpg.rf.fb918bae66f10756a41bfa5e4f7b592a.jpg,C:\Users\ashis\Desktop\ScanAI\dataset_manager\clean\skin\pyoderma\roboflow__dog-and-cat-skin-disease-identification-2__bacterial_417_jpg.rf.9277295b3f615e4cee87a64fbc3768cc.jpg,2
C:\Users\ashis\Desktop\ScanAI\dataset_manager\clean\skin\pyoderma\roboflow__dog-and-cat-skin-disease-identification-2__bacterial_420_jpg.rf.de56dbb3e418b4439c4d94f21ece0473.jpg,C:\Users\ashis\Desktop\ScanAI\dataset_manager\clean\skin\pyoderma\roboflow__dog-and-cat-skin-disease-identification-2__bacterial_422_jpg.rf.740f52f456163da1efe12c83bae27641.jpg,0
C:\Users\ashis\Desktop\ScanAI\dataset_manager\clean\skin\pyoderma\roboflow__dog-and-cat-skin-disease-identification-2__bacterial_44_jpg.rf.9a5beb8175907827562a1367ec828bb1.jpg,C:\Users\ashis\Desktop\ScanAI\dataset_manager\clean\skin\pyoderma\roboflow__dog-and-cat-skin-disease-identification-2__bacterial_6_jpg.rf.d3084d4d8ee8883e30968c5dbd7a9915.jpg,2
C:\Users\ashis\Desktop\ScanAI\dataset_manager\clean\skin\pyoderma\roboflow__dog-and-cat-skin-disease-identification-2__bacterial_44_jpg.rf.9a5beb8175907827562a1367ec828bb1.jpg,C:\Users\ashis\Desktop\ScanAI\dataset_manager\clean\skin\ringworm\roboflow__dog-and-cat-skin-disease-identification-2__80b5eb_799a7e6d4c1444318ee3e4280_jpg.rf.fdade8af7ff88b25c6bdf63d906c9c69.jpg,2
C:\Users\ashis\Desktop\ScanAI\dataset_manager\clean\skin\pyoderma\roboflow__dog-and-cat-skin-disease-identification-2__bacterial_49_jpg.rf.16ebc2d160ea7194d5439b537c04c9bf.jpg,C:\Users\ashis\Desktop\ScanAI\dataset_manager\clean\skin\pyoderma\roboflow__dog-and-cat-skin-disease-identification-2__bacterial_derm_21_jpg.rf.420b9b120b2ffd42ee76697fd5351ea4.jpg,2
C:\Users\ashis\Desktop\ScanAI\dataset_manager\clean\skin\pyoderma\roboflow__dog-and-cat-skin-disease-identification-2__bacterial_49_jpg.rf.16ebc2d160ea7194d5439b537c04c9bf.jpg,C:\Users\ashis\Desktop\ScanAI\dataset_manager\clean\skin\pyoderma\roboflow__dog-and-cat-skin-disease-identification-2__bacterial_Image_3_jpg.rf.e6e24751d4a2ffaaaf1fc292a8ed4aed.jpg,2
C:\Users\ashis\Desktop\ScanAI\dataset_manager\clean\skin\pyoderma\roboflow__dog-and-cat-skin-disease-identification-2__bacterial_52_jpg.rf.5a8920326604c4870ff89c4c7c407377.jpg,C:\Users\ashis\Desktop\ScanAI\dataset_manager\clean\skin\pyoderma\roboflow__dog-and-cat-skin-disease-identification-2__bacterial_9_jpg.rf.fcc403c328a03d47831395dc7a6cac0b.jpg,2
C:\Users\ashis\Desktop\ScanAI\dataset_manager\clean\skin\pyoderma\roboflow__dog-and-cat-skin-disease-identification-2__bacterial_6_jpg.rf.d3084d4d8ee8883e30968c5dbd7a9915.jpg,C:\Users\ashis\Desktop\ScanAI\dataset_manager\clean\skin\ringworm\roboflow__dog-and-cat-skin-disease-identification-2__80b5eb_799a7e6d4c1444318ee3e4280_jpg.rf.fdade8af7ff88b25c6bdf63d906c9c69.jpg,0
C:\Users\ashis\Desktop\ScanAI\dataset_manager\clean\skin\pyoderma\roboflow__dog-and-cat-skin-disease-identification-2__bacterial_74_jpg.rf.d4e28fce73b628cd669ed866e925e0f6.jpg,C:\Users\ashis\Desktop\ScanAI\dataset_manager\clean\skin\pyoderma\roboflow__dog-and-cat-skin-disease-identification-2__bacterial_75_jpg.rf.6506a19c6bf7b295735eaa8dfbf6d8ca.jpg,4
C:\Users\ashis\Desktop\ScanAI\dataset_manager\clean\skin\pyoderma\roboflow__dog-and-cat-skin-disease-identification-2__bacterial_97_jpg.rf.8dd4ce84c5264431ec20510fdec8ad50.jpg,C:\Users\ashis\Desktop\ScanAI\dataset_manager\clean\skin\pyoderma\roboflow__dog-and-cat-skin-disease-identification-2__bacterial_derm_6_jpg.rf.81ea9d919ce5f608f3070a879fdd34c1.jpg,0
C:\Users\ashis\Desktop\ScanAI\dataset_manager\clean\skin\pyoderma\roboflow__dog-and-cat-skin-disease-identification-2__bacterial_derm_21_jpg.rf.420b9b120b2ffd42ee76697fd5351ea4.jpg,C:\Users\ashis\Desktop\ScanAI\dataset_manager\clean\skin\pyoderma\roboflow__dog-and-cat-skin-disease-identification-2__bacterial_Image_3_jpg.rf.e6e24751d4a2ffaaaf1fc292a8ed4aed.jpg,0
C:\Users\ashis\Desktop\ScanAI\dataset_manager\clean\skin\pyoderma\roboflow__dog-and-cat-skin-disease-identification-2__bacterial_derm_37_jpg.rf.6d3340a9ea7b5419968fd53ec34c1beb.jpg,C:\Users\ashis\Desktop\ScanAI\dataset_manager\clean\skin\ringworm\roboflow__dog-and-cat-skin-disease-identification-2__hotspot-30-_jpg.rf.e884703028ce80effa3060aa83ba710d.jpg,2
C:\Users\ashis\Desktop\ScanAI\dataset_manager\clean\skin\pyoderma\roboflow__dog-and-cat-skin-disease-identification-2__bacterial_derm_3_jpg.rf.6be573641ae86a03b908297d923b75e1.jpg,C:\Users\ashis\Desktop\ScanAI\dataset_manager\clean\skin\ringworm\roboflow__dog-and-cat-skin-disease-identification-2__1000010644_x16_jpg.rf.9a049d9d7d292ed29f31de24bcc33b46.jpg,0
C:\Users\ashis\Desktop\ScanAI\dataset_manager\clean\skin\pyoderma\roboflow__dog-and-cat-skin-disease-identification-2__pic4_jpg.rf.54d2acc7687244c127e098f55aa810e9.jpg,C:\Users\ashis\Desktop\ScanAI\dataset_manager\clean\skin\pyoderma\roboflow__dog-and-cat-skin-disease-identification-2__pic5_jpg.rf.64bdcb1f4dd0ee58403f8770f2219597.jpg,4
C:\Users\ashis\Desktop\ScanAI\dataset_manager\clean\skin\pyoderma\roboflow__dog-and-cat-skin-disease-identification-2__pic6_jpg.rf.041e63c8d3eaa27535ee3f3fb05e2f3e.jpg,C:\Users\ashis\Desktop\ScanAI\dataset_manager\clean\skin\pyoderma\roboflow__dog-and-cat-skin-disease-identification-2__pic7_jpg.rf.fe61c39ef53eff7ab102d99200a54dee.jpg,4
C:\Users\ashis\Desktop\ScanAI\dataset_manager\clean\skin\ringworm\kaggle__smadive__pet-disease-images__Image_10.jpg,C:\Users\ashis\Desktop\ScanAI\dataset_manager\clean\skin\ringworm\kaggle__smadive__pet-disease-images__Image_46.png,2
C:\Users\ashis\Desktop\ScanAI\dataset_manager\clean\skin\ringworm\kaggle__smadive__pet-disease-images__Image_10.jpg,C:\Users\ashis\Desktop\ScanAI\dataset_manager\clean\skin\ringworm\kaggle__smadive__pet-disease-images__Image_48.png,2
C:\Users\ashis\Desktop\ScanAI\dataset_manager\clean\skin\ringworm\kaggle__smadive__pet-disease-images__Image_10.jpg,C:\Users\ashis\Desktop\ScanAI\dataset_manager\clean\skin\ringworm\roboflow__dog-and-cat-skin-disease-identification-2__Screenshot-2024-11-16-183007_png.rf.ccff5b57ad4c21cfda65d46983d76797.jpg,0
C:\Users\ashis\Desktop\ScanAI\dataset_manager\clean\skin\ringworm\kaggle__smadive__pet-disease-images__Image_14.jpg,C:\Users\ashis\Desktop\ScanAI\dataset_manager\clean\skin\ringworm\roboflow__dog-and-cat-skin-disease-identification-2__Screenshot-2024-11-16-181047_png.rf.d5c390f525262e5487fc3f90b39ca1a0.jpg,4
C:\Users\ashis\Desktop\ScanAI\dataset_manager\clean\skin\ringworm\kaggle__smadive__pet-disease-images__Image_19.jpg,C:\Users\ashis\Desktop\ScanAI\dataset_manager\clean\skin\ringworm\roboflow__dog-and-cat-skin-disease-identification-2__Image_14-2-_jpg.rf.bfd97e4cf8bc2c32325dd75d63fcc4ca.jpg,0
C:\Users\ashis\Desktop\ScanAI\dataset_manager\clean\skin\ringworm\kaggle__smadive__pet-disease-images__Image_2.jpg,C:\Users\ashis\Desktop\ScanAI\dataset_manager\clean\skin\ringworm\roboflow__dog-and-cat-skin-disease-identification-2__ringworm45_jpg.rf.1907bcaf3ded331622d67181034eb3df.jpg,0
C:\Users\ashis\Desktop\ScanAI\dataset_manager\clean\skin\ringworm\kaggle__smadive__pet-disease-images__Image_22.jpg,C:\Users\ashis\Desktop\ScanAI\dataset_manager\clean\skin\ringworm\kaggle__smadive__pet-disease-images__Image_38.jpg,0
C:\Users\ashis\Desktop\ScanAI\dataset_manager\clean\skin\ringworm\kaggle__smadive__pet-disease-images__Image_24.jpg,C:\Users\ashis\Desktop\ScanAI\dataset_manager\clean\skin\ringworm\kaggle__smadive__pet-disease-images__Image_76.jpg,0
C:\Users\ashis\Desktop\ScanAI\dataset_manager\clean\skin\ringworm\kaggle__smadive__pet-disease-images__Image_31.jpg,C:\Users\ashis\Desktop\ScanAI\dataset_manager\clean\skin\ringworm\roboflow__dog-and-cat-skin-disease-identification-2__Screenshot-2024-11-16-181513_png.rf.7a1be84e3b109bd56207a090d88f2830.jpg,2
C:\Users\ashis\Desktop\ScanAI\dataset_manager\clean\skin\ringworm\kaggle__smadive__pet-disease-images__Image_39.png,C:\Users\ashis\Desktop\ScanAI\dataset_manager\clean\skin\ringworm\kaggle__smadive__pet-disease-images__Image_40.png,0
C:\Users\ashis\Desktop\ScanAI\dataset_manager\clean\skin\ringworm\kaggle__smadive__pet-disease-images__Image_4.jpg,C:\Users\ashis\Desktop\ScanAI\dataset_manager\clean\skin\ringworm\kaggle__smadive__pet-disease-images__Image_42.jpg,0
C:\Users\ashis\Desktop\ScanAI\dataset_manager\clean\skin\ringworm\kaggle__smadive__pet-disease-images__Image_40.jpeg,C:\Users\ashis\Desktop\ScanAI\dataset_manager\clean\skin\ringworm\kaggle__smadive__pet-disease-images__Image_41.jpeg,0
C:\Users\ashis\Desktop\ScanAI\dataset_manager\clean\skin\ringworm\kaggle__smadive__pet-disease-images__Image_41.jpg,C:\Users\ashis\Desktop\ScanAI\dataset_manager\clean\skin\ringworm\kaggle__smadive__pet-disease-images__Image_43.jpg,0
C:\Users\ashis\Desktop\ScanAI\dataset_manager\clean\skin\ringworm\kaggle__smadive__pet-disease-images__Image_44.jpg,C:\Users\ashis\Desktop\ScanAI\dataset_manager\clean\skin\ringworm\roboflow__dog-and-cat-skin-disease-identification-2__1000010581_x16_jpg.rf.fcd9ec96d966435fdad262a6da54d040.jpg,0
C:\Users\ashis\Desktop\ScanAI\dataset_manager\clean\skin\ringworm\kaggle__smadive__pet-disease-images__Image_44.jpg,C:\Users\ashis\Desktop\ScanAI\dataset_manager\clean\skin\ringworm\roboflow__dog-and-cat-skin-disease-identification-2__ringworm-46-_jpg.rf.a043428fdf5477ce21d9d4656589ff3c.jpg,0
C:\Users\ashis\Desktop\ScanAI\dataset_manager\clean\skin\ringworm\kaggle__smadive__pet-disease-images__Image_44.jpg,C:\Users\ashis\Desktop\ScanAI\dataset_manager\clean\skin\ringworm\roboflow__dog-and-cat-skin-disease-identification-2__ringworm-57-_jpg.rf.c37aa2ff605c741b635fb4740c4ef8e5.jpg,0
C:\Users\ashis\Desktop\ScanAI\dataset_manager\clean\skin\ringworm\kaggle__smadive__pet-disease-images__Image_45.jpg,C:\Users\ashis\Desktop\ScanAI\dataset_manager\clean\skin\ringworm\kaggle__smadive__pet-disease-images__Image_48.jpg,0
C:\Users\ashis\Desktop\ScanAI\dataset_manager\clean\skin\ringworm\kaggle__smadive__pet-disease-images__Image_46.png,C:\Users\ashis\Desktop\ScanAI\dataset_manager\clean\skin\ringworm\kaggle__smadive__pet-disease-images__Image_48.png,0
C:\Users\ashis\Desktop\ScanAI\dataset_manager\clean\skin\ringworm\kaggle__smadive__pet-disease-images__Image_46.png,C:\Users\ashis\Desktop\ScanAI\dataset_manager\clean\skin\ringworm\roboflow__dog-and-cat-skin-disease-identification-2__Screenshot-2024-11-16-183007_png.rf.ccff5b57ad4c21cfda65d46983d76797.jpg,2
C:\Users\ashis\Desktop\ScanAI\dataset_manager\clean\skin\ringworm\kaggle__smadive__pet-disease-images__Image_48.png,C:\Users\ashis\Desktop\ScanAI\dataset_manager\clean\skin\ringworm\roboflow__dog-and-cat-skin-disease-identification-2__Screenshot-2024-11-16-183007_png.rf.ccff5b57ad4c21cfda65d46983d76797.jpg,2
C:\Users\ashis\Desktop\ScanAI\dataset_manager\clean\skin\ringworm\kaggle__smadive__pet-disease-images__Image_5.jpg,C:\Users\ashis\Desktop\ScanAI\dataset_manager\clean\skin\ringworm\roboflow__dog-and-cat-skin-disease-identification-2__Image_54_jpg.rf.dc65af9b25fc21bc0f20ee22f8b176a3.jpg,0
C:\Users\ashis\Desktop\ScanAI\dataset_manager\clean\skin\ringworm\kaggle__smadive__pet-disease-images__Image_5.jpg,C:\Users\ashis\Desktop\ScanAI\dataset_manager\clean\skin\ringworm\roboflow__dog-and-cat-skin-disease-identification-2__Image_62_jpg.rf.470e55ccaa3575213c9ab173623552cb.jpg,0
C:\Users\ashis\Desktop\ScanAI\dataset_manager\clean\skin\ringworm\kaggle__smadive__pet-disease-images__Image_5.jpg,C:\Users\ashis\Desktop\ScanAI\dataset_manager\clean\skin\ringworm\roboflow__dog-and-cat-skin-disease-identification-2__Screenshot-2024-11-16-181809_png.rf.80b6b21ea5b574802109a5796c0f1b2f.jpg,4
C:\Users\ashis\Desktop\ScanAI\dataset_manager\clean\skin\ringworm\kaggle__smadive__pet-disease-images__Image_5.jpg,C:\Users\ashis\Desktop\ScanAI\dataset_manager\clean\skin\ringworm\roboflow__dog-and-cat-skin-disease-identification-2__Screenshot-2024-11-16-183050_png.rf.869c803543db10702aa0025972ac4ac6.jpg,4
C:\Users\ashis\Desktop\ScanAI\dataset_manager\clean\skin\ringworm\kaggle__smadive__pet-disease-images__Image_59.jpg,C:\Users\ashis\Desktop\ScanAI\dataset_manager\clean\skin\ringworm\kaggle__smadive__pet-disease-images__Image_6.jpg,0
C:\Users\ashis\Desktop\ScanAI\dataset_manager\clean\skin\ringworm\kaggle__smadive__pet-disease-images__Image_59.jpg,C:\Users\ashis\Desktop\ScanAI\dataset_manager\clean\skin\ringworm\kaggle__smadive__pet-disease-images__Image_61.jpg,0
C:\Users\ashis\Desktop\ScanAI\dataset_manager\clean\skin\ringworm\kaggle__smadive__pet-disease-images__Image_6.jpg,C:\Users\ashis\Desktop\ScanAI\dataset_manager\clean\skin\ringworm\kaggle__smadive__pet-disease-images__Image_61.jpg,0
C:\Users\ashis\Desktop\ScanAI\dataset_manager\clean\skin\ringworm\kaggle__smadive__pet-disease-images__Image_7.jpg,C:\Users\ashis\Desktop\ScanAI\dataset_manager\clean\skin\ringworm\roboflow__dog-and-cat-skin-disease-identification-2__Screenshot-2024-11-16-182620_png.rf.a82b91689ea923d3a464677bd13099cf.jpg,2
C:\Users\ashis\Desktop\ScanAI\dataset_manager\clean\skin\ringworm\kaggle__smadive__pet-disease-images__Image_94.jpg,C:\Users\ashis\Desktop\ScanAI\dataset_manager\clean\parasites\ear_mites\kaggle__smadive__pet-disease-images__Image_99.jpg,0
C:\Users\ashis\Desktop\ScanAI\dataset_manager\clean\skin\ringworm\roboflow__dog-and-cat-skin-disease-identification-2__1000010503_x16_jpg.rf.56214a074add25b79b7ca79807628abc.jpg,C:\Users\ashis\Desktop\ScanAI\dataset_manager\clean\skin\ringworm\roboflow__dog-and-cat-skin-disease-identification-2__ringworm-123-_jpg.rf.7384ee6076d80ba80cfa6517412ce86f.jpg,2
C:\Users\ashis\Desktop\ScanAI\dataset_manager\clean\skin\ringworm\roboflow__dog-and-cat-skin-disease-identification-2__1000010503_x16_jpg.rf.56214a074add25b79b7ca79807628abc.jpg,C:\Users\ashis\Desktop\ScanAI\dataset_manager\clean\skin\ringworm\roboflow__dog-and-cat-skin-disease-identification-2__ringworm-123-_jpg.rf.8d9413f5544e8a5f02c78384d02a8ca9.jpg,2
C:\Users\ashis\Desktop\ScanAI\dataset_manager\clean\skin\ringworm\roboflow__dog-and-cat-skin-disease-identification-2__1000010503_x16_jpg.rf.a95b2f16b236659296814820b65a763e.jpg,C:\Users\ashis\Desktop\ScanAI\dataset_manager\clean\skin\ringworm\roboflow__dog-and-cat-skin-disease-identification-2__1000010503_x16_jpg.rf.b00c1eccd34815ad8a5e758d90afc56a.jpg,2
C:\Users\ashis\Desktop\ScanAI\dataset_manager\clean\skin\ringworm\roboflow__dog-and-cat-skin-disease-identification-2__1000010528_x4_jpg.rf.468dde9b81fc8e5a7fe4c7651ea59ba6.jpg,C:\Users\ashis\Desktop\ScanAI\dataset_manager\clean\skin\ringworm\roboflow__dog-and-cat-skin-disease-identification-2__1000010528_x4_jpg.rf.a7db894c70b7348705b01faefe074238.jpg,4
C:\Users\ashis\Desktop\ScanAI\dataset_manager\clean\skin\ringworm\roboflow__dog-and-cat-skin-disease-identification-2__1000010528_x4_jpg.rf.50e653d1659671f8cb1bcea7e9df65a7.jpg,C:\Users\ashis\Desktop\ScanAI\dataset_manager\clean\skin\ringworm\roboflow__dog-and-cat-skin-disease-identification-2__1000011982_x4_jpg.rf.5653cefa6bd6a2cd4c3553485a425b16.jpg,0
C:\Users\ashis\Desktop\ScanAI\dataset_manager\clean\skin\ringworm\roboflow__dog-and-cat-skin-disease-identification-2__1000010581_x16_jpg.rf.fcd9ec96d966435fdad262a6da54d040.jpg,C:\Users\ashis\Desktop\ScanAI\dataset_manager\clean\skin\ringworm\roboflow__dog-and-cat-skin-disease-identification-2__ringworm-46-_jpg.rf.a043428fdf5477ce21d9d4656589ff3c.jpg,0
C:\Users\ashis\Desktop\ScanAI\dataset_manager\clean\skin\ringworm\roboflow__dog-and-cat-skin-disease-identification-2__1000010581_x16_jpg.rf.fcd9ec96d966435fdad262a6da54d040.jpg,C:\Users\ashis\Desktop\ScanAI\dataset_manager\clean\skin\ringworm\roboflow__dog-and-cat-skin-disease-identification-2__ringworm-57-_jpg.rf.c37aa2ff605c741b635fb4740c4ef8e5.jpg,0
C:\Users\ashis\Desktop\ScanAI\dataset_manager\clean\skin\ringworm\roboflow__dog-and-cat-skin-disease-identification-2__1000010667_x16_jpg.rf.9195271765c116d6221eece5e8197f4e.jpg,C:\Users\ashis\Desktop\ScanAI\dataset_manager\clean\skin\ringworm\roboflow__dog-and-cat-skin-disease-identification-2__1000010667_x16_jpg.rf.b1012d066f1a3e5b4e66c05a7aec6fa4.jpg,2
C:\Users\ashis\Desktop\ScanAI\dataset_manager\clean\skin\ringworm\roboflow__dog-and-cat-skin-disease-identification-2__1000010696_x4_jpg.rf.063c9a901054ed296b77227801b66a38.jpg,C:\Users\ashis\Desktop\ScanAI\dataset_manager\clean\skin\ringworm\roboflow__dog-and-cat-skin-disease-identification-2__1000010696_x4_jpg.rf.8fc9b0e8a9e979d3a96245c16cdd775d.jpg,2
C:\Users\ashis\Desktop\ScanAI\dataset_manager\clean\skin\ringworm\roboflow__dog-and-cat-skin-disease-identification-2__1000011983_x4_jpg.rf.4cbec489818947271c604577528bdc3f.jpg,C:\Users\ashis\Desktop\ScanAI\dataset_manager\clean\skin\ringworm\roboflow__dog-and-cat-skin-disease-identification-2__ringworm-66-_jpg.rf.130dfefa722e26065258cefc5d25db3c.jpg,4
C:\Users\ashis\Desktop\ScanAI\dataset_manager\clean\skin\ringworm\roboflow__dog-and-cat-skin-disease-identification-2__1000011983_x4_jpg.rf.4cbec489818947271c604577528bdc3f.jpg,C:\Users\ashis\Desktop\ScanAI\dataset_manager\clean\skin\ringworm\roboflow__dog-and-cat-skin-disease-identification-2__ringworm-87-_jpg.rf.1e5e6974b9142244a9625bfff2860320.jpg,4
C:\Users\ashis\Desktop\ScanAI\dataset_manager\clean\skin\ringworm\roboflow__dog-and-cat-skin-disease-identification-2__141309628_3721209851319478_6017019068231788383_n_jpg.rf.473c81248ee22db068b385ce9222ab8b.jpg,C:\Users\ashis\Desktop\ScanAI\dataset_manager\clean\skin\ringworm\roboflow__dog-and-cat-skin-disease-identification-2__141309628_3721209851319478_6017019068231788383_n_jpg.rf.8bee20518b6e6b8882f706c3ba243253.jpg,0
C:\Users\ashis\Desktop\ScanAI\dataset_manager\clean\skin\ringworm\roboflow__dog-and-cat-skin-disease-identification-2__436627664_402183386034908_3493737909200169023_n_jpg.rf.fc176ac5ade9a954f1ab64cbeacb0c25.jpg,C:\Users\ashis\Desktop\ScanAI\dataset_manager\clean\skin\ringworm\roboflow__dog-and-cat-skin-disease-identification-2__436886639_984826669663928_3052914574866382434_n_jpg.rf.dbe7e9b7f79cc437d083dc3cae59dbc3.jpg,0
C:\Users\ashis\Desktop\ScanAI\dataset_manager\clean\skin\ringworm\roboflow__dog-and-cat-skin-disease-identification-2__436627664_402183386034908_3493737909200169023_n_jpg.rf.fc176ac5ade9a954f1ab64cbeacb0c25.jpg,C:\Users\ashis\Desktop\ScanAI\dataset_manager\clean\skin\ringworm\roboflow__dog-and-cat-skin-disease-identification-2__436886639_984826669663928_3052914574866382434_n_jpg.rf.e5ce4bc65ccf58060b2581a7504c5779.jpg,4
C:\Users\ashis\Desktop\ScanAI\dataset_manager\clean\skin\ringworm\roboflow__dog-and-cat-skin-disease-identification-2__436639986_413245831496612_2113964065260756871_n_jpg.rf.c5275aa6d5cf17928c3b7e85f7a7416a.jpg,C:\Users\ashis\Desktop\ScanAI\dataset_manager\clean\skin\ringworm\roboflow__dog-and-cat-skin-disease-identification-2__5A4BF21E-2505-406C-9A43-30E236CE08FE_jpeg_jpg.rf.d02e497b545efccbb224d4b68fe546c1.jpg,2
C:\Users\ashis\Desktop\ScanAI\dataset_manager\clean\skin\ringworm\roboflow__dog-and-cat-skin-disease-identification-2__436640003_939449091294830_7683376979877978508_n_jpg.rf.a408ff5926cfc739e22cfa92053eac33.jpg,C:\Users\ashis\Desktop\ScanAI\dataset_manager\clean\skin\ringworm\roboflow__dog-and-cat-skin-disease-identification-2__436683782_1098077884800614_1582428900067857663_n_jpg.rf.dfd82cf067d19d47959499c82b3f97d7.jpg,0
C:\Users\ashis\Desktop\ScanAI\dataset_manager\clean\skin\ringworm\roboflow__dog-and-cat-skin-disease-identification-2__436640003_939449091294830_7683376979877978508_n_jpg.rf.a408ff5926cfc739e22cfa92053eac33.jpg,C:\Users\ashis\Desktop\ScanAI\dataset_manager\clean\skin\ringworm\roboflow__dog-and-cat-skin-disease-identification-2__985C54F8-C941-44C1-BCEC-EA23D0DBD810_jpeg_jpg.rf.0bf2404fe6d7be854a321d91f4b95d61.jpg,2
C:\Users\ashis\Desktop\ScanAI\dataset_manager\clean\skin\ringworm\roboflow__dog-and-cat-skin-disease-identification-2__436640642_811487460836132_6485568501349186497_n_jpg.rf.55cd88af8110eafa8197293d33cd44de.jpg,C:\Users\ashis\Desktop\ScanAI\dataset_manager\clean\skin\ringworm\roboflow__dog-and-cat-skin-disease-identification-2__72AF7C39-5E76-4D59-ABE8-A26A7A74B28B_jpeg_jpg.rf.cd82b4cbf6daaa27e6ce3663fea110a9.jpg,4
C:\Users\ashis\Desktop\ScanAI\dataset_manager\clean\skin\ringworm\roboflow__dog-and-cat-skin-disease-identification-2__436683782_1098077884800614_1582428900067857663_n_jpg.rf.dfd82cf067d19d47959499c82b3f97d7.jpg,C:\Users\ashis\Desktop\ScanAI\dataset_manager\clean\skin\ringworm\roboflow__dog-and-cat-skin-disease-identification-2__985C54F8-C941-44C1-BCEC-EA23D0DBD810_jpeg_jpg.rf.0bf2404fe6d7be854a321d91f4b95d61.jpg,2
C:\Users\ashis\Desktop\ScanAI\dataset_manager\clean\skin\ringworm\roboflow__dog-and-cat-skin-disease-identification-2__436704541_463761649559966_3525937843103121136_n_jpg.rf.0376624f92d97c340e38765101bd2a21.jpg,C:\Users\ashis\Desktop\ScanAI\dataset_manager\clean\skin\ringworm\roboflow__dog-and-cat-skin-disease-identification-2__438065176_410071371966337_678127791024855360_n_jpg.rf.e57f1eca81ea71c705348d710aac9b49.jpg,4
C:\Users\ashis\Desktop\ScanAI\dataset_manager\clean\skin\ringworm\roboflow__dog-and-cat-skin-disease-identification-2__436770000_474575525363319_4064234022423729288_n_jpg.rf.d6289b64ddd03265c9b29cee4bca11d4.jpg,C:\Users\ashis\Desktop\ScanAI\dataset_manager\clean\skin\ringworm\roboflow__dog-and-cat-skin-disease-identification-2__436815977_459940293272172_9180748049987512532_n_jpg.rf.aff162f9401e7e27830ef0718e16e35e.jpg,4
C:\Users\ashis\Desktop\ScanAI\dataset_manager\clean\skin\ringworm\roboflow__dog-and-cat-skin-disease-identification-2__436859036_407429032244109_5180510937797219633_n_jpg.rf.ec166d916d4efd29777d22652a42a4d3.jpg,C:\Users\ashis\Desktop\ScanAI\dataset_manager\clean\skin\ringworm\roboflow__dog-and-cat-skin-disease-identification-2__NEWR54_jpeg_jpg.rf.1c8d05c27d5f33e97356fed0f405331b.jpg,4
C:\Users\ashis\Desktop\ScanAI\dataset_manager\clean\skin\ringworm\roboflow__dog-and-cat-skin-disease-identification-2__436886639_984826669663928_3052914574866382434_n_jpg.rf.dbe7e9b7f79cc437d083dc3cae59dbc3.jpg,C:\Users\ashis\Desktop\ScanAI\dataset_manager\clean\skin\ringworm\roboflow__dog-and-cat-skin-disease-identification-2__436886639_984826669663928_3052914574866382434_n_jpg.rf.e5ce4bc65ccf58060b2581a7504c5779.jpg,4
C:\Users\ashis\Desktop\ScanAI\dataset_manager\clean\skin\ringworm\roboflow__dog-and-cat-skin-disease-identification-2__50D1141F-D533-49E9-A0E6-25D322AF9B98_jpeg_jpg.rf.b640c8483af313533326c29b6065fd74.jpg,C:\Users\ashis\Desktop\ScanAI\dataset_manager\clean\skin\ringworm\roboflow__dog-and-cat-skin-disease-identification-2__F6C9DE00-6537-4BBA-9190-139E3276427E_jpeg_jpg.rf.c4a57af18b3adeb6f536bcc5f196c4ec.jpg,0
C:\Users\ashis\Desktop\ScanAI\dataset_manager\clean\skin\ringworm\roboflow__dog-and-cat-skin-disease-identification-2__Day-1-of-ringworm-treatment_00001_jpg.rf.949a68a621ea1ba4431d3a5a85e80ee2.jpg,C:\Users\ashis\Desktop\ScanAI\dataset_manager\clean\skin\ringworm\roboflow__dog-and-cat-skin-disease-identification-2__Day-1-of-ringworm-treatment_00211_jpg.rf.a608186a3fff6df5f859d3b2d33be594.jpg,0
C:\Users\ashis\Desktop\ScanAI\dataset_manager\clean\skin\ringworm\roboflow__dog-and-cat-skin-disease-identification-2__Day-28-of-ringworm-treatment_00151_jpg.rf.284df3c2ca5e7d7a2d867d0037c2d6eb.jpg,C:\Users\ashis\Desktop\ScanAI\dataset_manager\clean\skin\ringworm\roboflow__dog-and-cat-skin-disease-identification-2__Day-28-of-ringworm-treatment_00151_jpg.rf.ba950d00b27b81dbccb092372d20528b.jpg,2
C:\Users\ashis\Desktop\ScanAI\dataset_manager\clean\skin\ringworm\roboflow__dog-and-cat-skin-disease-identification-2__Day-4-of-ringworm-treatment_00171_jpg.rf.9e168347d4be30c390153916e869329e.jpg,C:\Users\ashis\Desktop\ScanAI\dataset_manager\clean\skin\ringworm\roboflow__dog-and-cat-skin-disease-identification-2__Day-4-of-ringworm-treatment_00171_jpg.rf.f4b30369ea0b470d54122f5abc9e54e0.jpg,2
C:\Users\ashis\Desktop\ScanAI\dataset_manager\clean\skin\ringworm\roboflow__dog-and-cat-skin-disease-identification-2__Day-4-of-ringworm-treatment_00431_jpg.rf.3bb5c34bc17b0b0522a1f020966dcb3b.jpg,C:\Users\ashis\Desktop\ScanAI\dataset_manager\clean\skin\ringworm\roboflow__dog-and-cat-skin-disease-identification-2__Day-4-of-ringworm-treatment_00431_jpg.rf.cd01c629e03a4df9f88f5cf64d9893e3.jpg,2
C:\Users\ashis\Desktop\ScanAI\dataset_manager\clean\skin\ringworm\roboflow__dog-and-cat-skin-disease-identification-2__images-36-_jpeg_jpg.rf.93f44cbfe00f5c004beaa059875b953d.jpg,C:\Users\ashis\Desktop\ScanAI\dataset_manager\clean\skin\ringworm\roboflow__dog-and-cat-skin-disease-identification-2__images-36-_jpeg_jpg.rf.ab003a47b07b3a7d81303b781f34dae6.jpg,2
C:\Users\ashis\Desktop\ScanAI\dataset_manager\clean\skin\ringworm\roboflow__dog-and-cat-skin-disease-identification-2__Image_54_jpg.rf.dc65af9b25fc21bc0f20ee22f8b176a3.jpg,C:\Users\ashis\Desktop\ScanAI\dataset_manager\clean\skin\ringworm\roboflow__dog-and-cat-skin-disease-identification-2__Image_62_jpg.rf.470e55ccaa3575213c9ab173623552cb.jpg,0
C:\Users\ashis\Desktop\ScanAI\dataset_manager\clean\skin\ringworm\roboflow__dog-and-cat-skin-disease-identification-2__Image_54_jpg.rf.dc65af9b25fc21bc0f20ee22f8b176a3.jpg,C:\Users\ashis\Desktop\ScanAI\dataset_manager\clean\skin\ringworm\roboflow__dog-and-cat-skin-disease-identification-2__Screenshot-2024-11-16-181809_png.rf.80b6b21ea5b574802109a5796c0f1b2f.jpg,4
C:\Users\ashis\Desktop\ScanAI\dataset_manager\clean\skin\ringworm\roboflow__dog-and-cat-skin-disease-identification-2__Image_54_jpg.rf.dc65af9b25fc21bc0f20ee22f8b176a3.jpg,C:\Users\ashis\Desktop\ScanAI\dataset_manager\clean\skin\ringworm\roboflow__dog-and-cat-skin-disease-identification-2__Screenshot-2024-11-16-183050_png.rf.869c803543db10702aa0025972ac4ac6.jpg,4
C:\Users\ashis\Desktop\ScanAI\dataset_manager\clean\skin\ringworm\roboflow__dog-and-cat-skin-disease-identification-2__Image_62_jpg.rf.470e55ccaa3575213c9ab173623552cb.jpg,C:\Users\ashis\Desktop\ScanAI\dataset_manager\clean\skin\ringworm\roboflow__dog-and-cat-skin-disease-identification-2__Screenshot-2024-11-16-181809_png.rf.80b6b21ea5b574802109a5796c0f1b2f.jpg,4
C:\Users\ashis\Desktop\ScanAI\dataset_manager\clean\skin\ringworm\roboflow__dog-and-cat-skin-disease-identification-2__Image_62_jpg.rf.470e55ccaa3575213c9ab173623552cb.jpg,C:\Users\ashis\Desktop\ScanAI\dataset_manager\clean\skin\ringworm\roboflow__dog-and-cat-skin-disease-identification-2__Screenshot-2024-11-16-183050_png.rf.869c803543db10702aa0025972ac4ac6.jpg,4
C:\Users\ashis\Desktop\ScanAI\dataset_manager\clean\skin\ringworm\roboflow__dog-and-cat-skin-disease-identification-2__j21_jpeg_jpg.rf.9c5cc06301753f22e639b52435578eca.jpg,C:\Users\ashis\Desktop\ScanAI\dataset_manager\clean\skin\ringworm\roboflow__dog-and-cat-skin-disease-identification-2__j21_jpeg_jpg.rf.aa659d4c3e4cafa89a18039efb9a5574.jpg,0
C:\Users\ashis\Desktop\ScanAI\dataset_manager\clean\skin\ringworm\roboflow__dog-and-cat-skin-disease-identification-2__j25_jpeg_jpg.rf.9861eb3a62186c81c1302c5798406cea.jpg,C:\Users\ashis\Desktop\ScanAI\dataset_manager\clean\skin\ringworm\roboflow__dog-and-cat-skin-disease-identification-2__j25_jpeg_jpg.rf.a1dc0a61fefe7e5fc371d1ccc98614d7.jpg,0
C:\Users\ashis\Desktop\ScanAI\dataset_manager\clean\skin\ringworm\roboflow__dog-and-cat-skin-disease-identification-2__jamur15_jpeg_jpg.rf.b66719d386f49b24aac0246ae2846690.jpg,C:\Users\ashis\Desktop\ScanAI\dataset_manager\clean\skin\ringworm\roboflow__dog-and-cat-skin-disease-identification-2__jamur15_jpeg_jpg.rf.d001ba807aaa00a8d708e0b90f04c594.jpg,0
C:\Users\ashis\Desktop\ScanAI\dataset_manager\clean\skin\ringworm\roboflow__dog-and-cat-skin-disease-identification-2__NEWR16_jpeg_jpg.rf.4d450af6587d7477b879ea5ffc90d9c6.jpg,C:\Users\ashis\Desktop\ScanAI\dataset_manager\clean\skin\ringworm\roboflow__dog-and-cat-skin-disease-identification-2__NEWR37_png_jpg.rf.9783a0e6a1fc109f3b093aa4ded4d585.jpg,4
C:\Users\ashis\Desktop\ScanAI\dataset_manager\clean\skin\ringworm\roboflow__dog-and-cat-skin-disease-identification-2__NEWR22_png_jpg.rf.15796298a88107ec4e3d290e9211cd5a.jpg,C:\Users\ashis\Desktop\ScanAI\dataset_manager\clean\skin\ringworm\roboflow__dog-and-cat-skin-disease-identification-2__NEWR5_jpeg_jpg.rf.2a2a51d4531fea12b182105a4649b2ce.jpg,4
C:\Users\ashis\Desktop\ScanAI\dataset_manager\clean\skin\ringworm\roboflow__dog-and-cat-skin-disease-identification-2__R26_png_jpg.rf.3fbe676f2e5d5afc3672a6dcc788e7df.jpg,C:\Users\ashis\Desktop\ScanAI\dataset_manager\clean\skin\ringworm\roboflow__dog-and-cat-skin-disease-identification-2__R9_png_jpg.rf.136d37a1f9ec29d2e7e5926fdf75969f.jpg,0
C:\Users\ashis\Desktop\ScanAI\dataset_manager\clean\skin\ringworm\roboflow__dog-and-cat-skin-disease-identification-2__R40_png_jpg.rf.4decbbb16f21348b23ecdf05a751804a.jpg,C:\Users\ashis\Desktop\ScanAI\dataset_manager\clean\skin\ringworm\roboflow__dog-and-cat-skin-disease-identification-2__R41_png_jpg.rf.f70f530d91bc0dd4def7a315014e664f.jpg,0
C:\Users\ashis\Desktop\ScanAI\dataset_manager\clean\skin\ringworm\roboflow__dog-and-cat-skin-disease-identification-2__R40_png_jpg.rf.4decbbb16f21348b23ecdf05a751804a.jpg,C:\Users\ashis\Desktop\ScanAI\dataset_manager\clean\skin\ringworm\roboflow__dog-and-cat-skin-disease-identification-2__R42_png_jpg.rf.755bd84d960c3f6c1adf462be0ade997.jpg,0
C:\Users\ashis\Desktop\ScanAI\dataset_manager\clean\skin\ringworm\roboflow__dog-and-cat-skin-disease-identification-2__R41_png_jpg.rf.f70f530d91bc0dd4def7a315014e664f.jpg,C:\Users\ashis\Desktop\ScanAI\dataset_manager\clean\skin\ringworm\roboflow__dog-and-cat-skin-disease-identification-2__R42_png_jpg.rf.755bd84d960c3f6c1adf462be0ade997.jpg,0
C:\Users\ashis\Desktop\ScanAI\dataset_manager\clean\skin\ringworm\roboflow__dog-and-cat-skin-disease-identification-2__R58_png_jpg.rf.78e95d31aebaeed08537d113b95f36e9.jpg,C:\Users\ashis\Desktop\ScanAI\dataset_manager\clean\skin\ringworm\roboflow__dog-and-cat-skin-disease-identification-2__R60_png_jpg.rf.6f0e32959f1cbdd49d53f96f4e59b035.jpg,4
C:\Users\ashis\Desktop\ScanAI\dataset_manager\clean\skin\ringworm\roboflow__dog-and-cat-skin-disease-identification-2__ringworm-10-_jpg.rf.e373a56067bb1b9287ebdbbe7e694c68.jpg,C:\Users\ashis\Desktop\ScanAI\dataset_manager\clean\skin\ringworm\roboflow__dog-and-cat-skin-disease-identification-2__ringworm-13-_jpg.rf.aae74dbe7930b108ea36994095f0a0b1.jpg,0
C:\Users\ashis\Desktop\ScanAI\dataset_manager\clean\skin\ringworm\roboflow__dog-and-cat-skin-disease-identification-2__ringworm-100-_jpg.rf.4d27dde12854d94605a3b8af25689544.jpg,C:\Users\ashis\Desktop\ScanAI\dataset_manager\clean\skin\ringworm\roboflow__dog-and-cat-skin-disease-identification-2__ringworm-86-_jpg.rf.afb56a7590489bac11850a75f971d670.jpg,0
C:\Users\ashis\Desktop\ScanAI\dataset_manager\clean\skin\ringworm\roboflow__dog-and-cat-skin-disease-identification-2__ringworm-100-_jpg.rf.a4a563899d220079f0a038161d4b0df6.jpg,C:\Users\ashis\Desktop\ScanAI\dataset_manager\clean\skin\ringworm\roboflow__dog-and-cat-skin-disease-identification-2__ringworm-116-_jpg.rf.6553ca9ad10d7f55d4d0d002a5089aba.jpg,0
C:\Users\ashis\Desktop\ScanAI\dataset_manager\clean\skin\ringworm\roboflow__dog-and-cat-skin-disease-identification-2__ringworm-101-_jpg.rf.27a5c193232e07f9c3b5ac90746945ce.jpg,C:\Users\ashis\Desktop\ScanAI\dataset_manager\clean\skin\ringworm\roboflow__dog-and-cat-skin-disease-identification-2__ringworm-117-_jpg.rf.319c28b5d8404c04cf5e7f2afb888fef.jpg,2
C:\Users\ashis\Desktop\ScanAI\dataset_manager\clean\skin\ringworm\roboflow__dog-and-cat-skin-disease-identification-2__ringworm-101-_jpg.rf.2f0e3e5dafdb5370176eca28a9705bc6.jpg,C:\Users\ashis\Desktop\ScanAI\dataset_manager\clean\skin\ringworm\roboflow__dog-and-cat-skin-disease-identification-2__ringworm-87-_jpg.rf.054ad442da39cf8135a4f735ac52bcc3.jpg,0
C:\Users\ashis\Desktop\ScanAI\dataset_manager\clean\skin\ringworm\roboflow__dog-and-cat-skin-disease-identification-2__ringworm-102-_jpg.rf.bf08e0337823a6470fca8f2797f8dca3.jpg,C:\Users\ashis\Desktop\ScanAI\dataset_manager\clean\skin\ringworm\roboflow__dog-and-cat-skin-disease-identification-2__ringworm-88-_jpg.rf.3a08cb60d96d23f2b058183694c3a77f.jpg,0
C:\Users\ashis\Desktop\ScanAI\dataset_manager\clean\skin\ringworm\roboflow__dog-and-cat-skin-disease-identification-2__ringworm-102-_jpg.rf.f3416794b88d96b351e05e43b03dd89a.jpg,C:\Users\ashis\Desktop\ScanAI\dataset_manager\clean\skin\ringworm\roboflow__dog-and-cat-skin-disease-identification-2__ringworm-118-_jpg.rf.623e170ebb77558d09e0af31dce8b879.jpg,2
C:\Users\ashis\Desktop\ScanAI\dataset_manager\clean\skin\ringworm\roboflow__dog-and-cat-skin-disease-identification-2__ringworm-102-_jpg.rf.f3416794b88d96b351e05e43b03dd89a.jpg,C:\Users\ashis\Desktop\ScanAI\dataset_manager\clean\skin\ringworm\roboflow__dog-and-cat-skin-disease-identification-2__ringworm-118-_jpg.rf.e040126f1866b854925fa26f5e68b808.jpg,0
C:\Users\ashis\Desktop\ScanAI\dataset_manager\clean\skin\ringworm\roboflow__dog-and-cat-skin-disease-identification-2__ringworm-103-_jpg.rf.1f97e32d46ab7ba35bf0052afe043cf1.jpg,C:\Users\ashis\Desktop\ScanAI\dataset_manager\clean\skin\ringworm\roboflow__dog-and-cat-skin-disease-identification-2__ringworm-89-_jpg.rf.fdb0ada5a9fa8934886a2cd18d00b742.jpg,0
C:\Users\ashis\Desktop\ScanAI\dataset_manager\clean\skin\ringworm\roboflow__dog-and-cat-skin-disease-identification-2__ringworm-103-_jpg.rf.d8608d0f10a16d35f1430999870a3f2d.jpg,C:\Users\ashis\Desktop\ScanAI\dataset_manager\clean\skin\ringworm\roboflow__dog-and-cat-skin-disease-identification-2__ringworm-119-_jpg.rf.da4422fa4d479bb6e0d28a8dea50a1dd.jpg,0
C:\Users\ashis\Desktop\ScanAI\dataset_manager\clean\skin\ringworm\roboflow__dog-and-cat-skin-disease-identification-2__ringworm-104-_jpg.rf.383a70129239a6967eaed5bc2ca14f8a.jpg,C:\Users\ashis\Desktop\ScanAI\dataset_manager\clean\skin\ringworm\roboflow__dog-and-cat-skin-disease-identification-2__ringworm-104-_jpg.rf.c9d59aaea996032380f89e9d2137f9c3.jpg,0
C:\Users\ashis\Desktop\ScanAI\dataset_manager\clean\skin\ringworm\roboflow__dog-and-cat-skin-disease-identification-2__ringworm-105-_jpg.rf.2f8c43ee1b1ad8e4a77862b49ee82d86.jpg,C:\Users\ashis\Desktop\ScanAI\dataset_manager\clean\skin\ringworm\roboflow__dog-and-cat-skin-disease-identification-2__ringworm-121-_jpg.rf.6f37f9ead40e5036e1be880b5ab61bd9.jpg,0
C:\Users\ashis\Desktop\ScanAI\dataset_manager\clean\skin\ringworm\roboflow__dog-and-cat-skin-disease-identification-2__ringworm-105-_jpg.rf.2f8c43ee1b1ad8e4a77862b49ee82d86.jpg,C:\Users\ashis\Desktop\ScanAI\dataset_manager\clean\skin\ringworm\roboflow__dog-and-cat-skin-disease-identification-2__ringworm-121-_jpg.rf.86bc6b8ec09db6c25027571a8c91970e.jpg,0
C:\Users\ashis\Desktop\ScanAI\dataset_manager\clean\skin\ringworm\roboflow__dog-and-cat-skin-disease-identification-2__ringworm-105-_jpg.rf.71e5073df51acb6abb074acd5af3663b.jpg,C:\Users\ashis\Desktop\ScanAI\dataset_manager\clean\skin\ringworm\roboflow__dog-and-cat-skin-disease-identification-2__ringworm-90-_jpg.rf.e607cbd211d05b44b6a1cb9d6e4101f2.jpg,0
C:\Users\ashis\Desktop\ScanAI\dataset_manager\clean\skin\ringworm\roboflow__dog-and-cat-skin-disease-identification-2__ringworm-106-_jpg.rf.52e0613576605258ddaa2ab4c0abe782.jpg,C:\Users\ashis\Desktop\ScanAI\dataset_manager\clean\skin\ringworm\roboflow__dog-and-cat-skin-disease-identification-2__ringworm-91-_jpg.rf.b491937c2987ed464952146870f42fc6.jpg,0
C:\Users\ashis\Desktop\ScanAI\dataset_manager\clean\skin\ringworm\roboflow__dog-and-cat-skin-disease-identification-2__ringworm-108-_jpg.rf.b774634b4f3baf0a4f1600dac5e70817.jpg,C:\Users\ashis\Desktop\ScanAI\dataset_manager\clean\skin\ringworm\roboflow__dog-and-cat-skin-disease-identification-2__ringworm-92-_jpg.rf.bf17f0fad535ea12a2bd66e2f5c5736a.jpg,0
C:\Users\ashis\Desktop\ScanAI\dataset_manager\clean\skin\ringworm\roboflow__dog-and-cat-skin-disease-identification-2__ringworm-109-_jpg.rf.41489f7572483489171b2cec24d56252.jpg,C:\Users\ashis\Desktop\ScanAI\dataset_manager\clean\skin\ringworm\roboflow__dog-and-cat-skin-disease-identification-2__ringworm-84-_jpg.rf.6a2da32483ea46b49247dbe5c98ca7d9.jpg,0
C:\Users\ashis\Desktop\ScanAI\dataset_manager\clean\skin\ringworm\roboflow__dog-and-cat-skin-disease-identification-2__ringworm-109-_jpg.rf.593fd7e5ebdf2bddda316a90dacde54e.jpg,C:\Users\ashis\Desktop\ScanAI\dataset_manager\clean\skin\ringworm\roboflow__dog-and-cat-skin-disease-identification-2__ringworm-128-_jpg.rf.34c457daca4aafcc77ffbacad8d61cb2.jpg,0
C:\Users\ashis\Desktop\ScanAI\dataset_manager\clean\skin\ringworm\roboflow__dog-and-cat-skin-disease-identification-2__ringworm-11-_jpg.rf.a24ec8078be78988a42371d025b2b5f3.jpg,C:\Users\ashis\Desktop\ScanAI\dataset_manager\clean\skin\ringworm\roboflow__dog-and-cat-skin-disease-identification-2__ringworm-8-_jpg.rf.f490d5f2a2aaa89ebbb99571e64fd5c2.jpg,0
C:\Users\ashis\Desktop\ScanAI\dataset_manager\clean\skin\ringworm\roboflow__dog-and-cat-skin-disease-identification-2__ringworm-110-_jpg.rf.9d3fe2658414255f577e02a63d642e0c.jpg,C:\Users\ashis\Desktop\ScanAI\dataset_manager\clean\skin\ringworm\roboflow__dog-and-cat-skin-disease-identification-2__ringworm-130-_jpg.rf.36beb895e87cc397e77e3b27a5a85c7c.jpg,2
C:\Users\ashis\Desktop\ScanAI\dataset_manager\clean\skin\ringworm\roboflow__dog-and-cat-skin-disease-identification-2__ringworm-110-_jpg.rf.aa54af8042b47e0a361d49a1e66c6fb2.jpg,C:\Users\ashis\Desktop\ScanAI\dataset_manager\clean\skin\ringworm\roboflow__dog-and-cat-skin-disease-identification-2__ringworm-94-_jpg.rf.acd3b6a9ba0fe606cd41f31042052ee0.jpg,0
C:\Users\ashis\Desktop\ScanAI\dataset_manager\clean\skin\ringworm\roboflow__dog-and-cat-skin-disease-identification-2__ringworm-111-_jpg.rf.02d7187621277465c56ffdc41653077f.jpg,C:\Users\ashis\Desktop\ScanAI\dataset_manager\clean\skin\ringworm\roboflow__dog-and-cat-skin-disease-identification-2__ringworm-111-_jpg.rf.043e1fb073d9eacf16751e89b9defeca.jpg,4
C:\Users\ashis\Desktop\ScanAI\dataset_manager\clean\skin\ringworm\roboflow__dog-and-cat-skin-disease-identification-2__ringworm-111-_jpg.rf.02d7187621277465c56ffdc41653077f.jpg,C:\Users\ashis\Desktop\ScanAI\dataset_manager\clean\skin\ringworm\roboflow__dog-and-cat-skin-disease-identification-2__ringworm-95-_jpg.rf.a75ce86d42f9d3a67b63800327771800.jpg,0
C:\Users\ashis\Desktop\ScanAI\dataset_manager\clean\skin\ringworm\roboflow__dog-and-cat-skin-disease-identification-2__ringworm-111-_jpg.rf.043e1fb073d9eacf16751e89b9defeca.jpg,C:\Users\ashis\Desktop\ScanAI\dataset_manager\clean\skin\ringworm\roboflow__dog-and-cat-skin-disease-identification-2__ringworm-95-_jpg.rf.a75ce86d42f9d3a67b63800327771800.jpg,4
C:\Users\ashis\Desktop\ScanAI\dataset_manager\clean\skin\ringworm\roboflow__dog-and-cat-skin-disease-identification-2__ringworm-111-_jpg.rf.90c769ebd791a816bee87722568aee32.jpg,C:\Users\ashis\Desktop\ScanAI\dataset_manager\clean\skin\ringworm\roboflow__dog-and-cat-skin-disease-identification-2__ringworm-131-_jpg.rf.90cc95f6d68bd078e8cf8de78fbb336b.jpg,0
C:\Users\ashis\Desktop\ScanAI\dataset_manager\clean\skin\ringworm\roboflow__dog-and-cat-skin-disease-identification-2__ringworm-111-_jpg.rf.90c769ebd791a816bee87722568aee32.jpg,C:\Users\ashis\Desktop\ScanAI\dataset_manager\clean\skin\ringworm\roboflow__dog-and-cat-skin-disease-identification-2__ringworm-131-_jpg.rf.bb464fde768895015295fb9084071640.jpg,4
C:\Users\ashis\Desktop\ScanAI\dataset_manager\clean\skin\ringworm\roboflow__dog-and-cat-skin-disease-identification-2__ringworm-112-_jpg.rf.314d74909512cb65cc3471635798b238.jpg,C:\Users\ashis\Desktop\ScanAI\dataset_manager\clean\skin\ringworm\roboflow__dog-and-cat-skin-disease-identification-2__ringworm-132-_jpg.rf.ffef2c523481637abdeeb507ac476247.jpg,0
C:\Users\ashis\Desktop\ScanAI\dataset_manager\clean\skin\ringworm\roboflow__dog-and-cat-skin-disease-identification-2__ringworm-112-_jpg.rf.fc255dfaf6e859f47f54830b90dfb0af.jpg,C:\Users\ashis\Desktop\ScanAI\dataset_manager\clean\skin\ringworm\roboflow__dog-and-cat-skin-disease-identification-2__ringworm-96-_jpg.rf.4ac714d8a620752125c61cc47b6e633d.jpg,0
C:\Users\ashis\Desktop\ScanAI\dataset_manager\clean\skin\ringworm\roboflow__dog-and-cat-skin-disease-identification-2__ringworm-113-_jpg.rf.48024d95ebb784bd33b13c7409abfdc7.jpg,C:\Users\ashis\Desktop\ScanAI\dataset_manager\clean\skin\ringworm\roboflow__dog-and-cat-skin-disease-identification-2__ringworm-97-_jpg.rf.4d7e5a8272950baace2844d37fe6b289.jpg,0
C:\Users\ashis\Desktop\ScanAI\dataset_manager\clean\skin\ringworm\roboflow__dog-and-cat-skin-disease-identification-2__ringworm-113-_jpg.rf.7fb35c5ac03dbef76c076aae260e1689.jpg,C:\Users\ashis\Desktop\ScanAI\dataset_manager\clean\skin\ringworm\roboflow__dog-and-cat-skin-disease-identification-2__ringworm-133-_jpg.rf.9a44508b4055a0d6df46220409c47dcf.jpg,0
C:\Users\ashis\Desktop\ScanAI\dataset_manager\clean\skin\ringworm\roboflow__dog-and-cat-skin-disease-identification-2__ringworm-114-_jpg.rf.da823b74ea8cfb0e2084401b25bd5f11.jpg,C:\Users\ashis\Desktop\ScanAI\dataset_manager\clean\skin\ringworm\roboflow__dog-and-cat-skin-disease-identification-2__ringworm-134-_jpg.rf.193b756feb00da8de66049822ea36079.jpg,2
C:\Users\ashis\Desktop\ScanAI\dataset_manager\clean\skin\ringworm\roboflow__dog-and-cat-skin-disease-identification-2__ringworm-115-_jpg.rf.5db55ba729c6ebd6d140b9accdc7259c.jpg,C:\Users\ashis\Desktop\ScanAI\dataset_manager\clean\skin\ringworm\roboflow__dog-and-cat-skin-disease-identification-2__ringworm-135-_jpg.rf.cc9b25450c44940232ce00d9da8a098d.jpg,0
C:\Users\ashis\Desktop\ScanAI\dataset_manager\clean\skin\ringworm\roboflow__dog-and-cat-skin-disease-identification-2__ringworm-115-_jpg.rf.8c8d29110e6ff8b8851de0ba0fc21efb.jpg,C:\Users\ashis\Desktop\ScanAI\dataset_manager\clean\skin\ringworm\roboflow__dog-and-cat-skin-disease-identification-2__ringworm-99-_jpg.rf.845d724356629156e4f2e2946d1555a8.jpg,2
C:\Users\ashis\Desktop\ScanAI\dataset_manager\clean\skin\ringworm\roboflow__dog-and-cat-skin-disease-identification-2__ringworm-116-_jpg.rf.bf88fbe248d672de936e6b9041ad59c7.jpg,C:\Users\ashis\Desktop\ScanAI\dataset_manager\clean\skin\ringworm\roboflow__dog-and-cat-skin-disease-identification-2__ringworm-136-_jpg.rf.8d75d1c19a65fd9a575b9cebb10e3b16.jpg,0
C:\Users\ashis\Desktop\ScanAI\dataset_manager\clean\skin\ringworm\roboflow__dog-and-cat-skin-disease-identification-2__ringworm-117-_jpg.rf.82d1b772f013feb33a95aea3144885e1.jpg,C:\Users\ashis\Desktop\ScanAI\dataset_manager\clean\skin\ringworm\roboflow__dog-and-cat-skin-disease-identification-2__ringworm-137-_jpg.rf.2057bd0fb2580a3dffdb6f4459d2ac36.jpg,0
C:\Users\ashis\Desktop\ScanAI\dataset_manager\clean\skin\ringworm\roboflow__dog-and-cat-skin-disease-identification-2__ringworm-118-_jpg.rf.623e170ebb77558d09e0af31dce8b879.jpg,C:\Users\ashis\Desktop\ScanAI\dataset_manager\clean\skin\ringworm\roboflow__dog-and-cat-skin-disease-identification-2__ringworm-118-_jpg.rf.e040126f1866b854925fa26f5e68b808.jpg,2
C:\Users\ashis\Desktop\ScanAI\dataset_manager\clean\skin\ringworm\roboflow__dog-and-cat-skin-disease-identification-2__ringworm-118-_jpg.rf.aa10c20138c826c82ea08658c102884a.jpg,C:\Users\ashis\Desktop\ScanAI\dataset_manager\clean\skin\ringworm\roboflow__dog-and-cat-skin-disease-identification-2__ringworm-138-_jpg.rf.0154ba45c0e3e1fcca9ad60b130bf957.jpg,0
C:\Users\ashis\Desktop\ScanAI\dataset_manager\clean\skin\ringworm\roboflow__dog-and-cat-skin-disease-identification-2__ringworm-119-_jpg.rf.f99509f3e332d9d2993b2a4c50216ec0.jpg,C:\Users\ashis\Desktop\ScanAI\dataset_manager\clean\skin\ringworm\roboflow__dog-and-cat-skin-disease-identification-2__ringworm-139-_jpg.rf.b50a1dabee5b2b5c7a67c5c096813498.jpg,0
C:\Users\ashis\Desktop\ScanAI\dataset_manager\clean\skin\ringworm\roboflow__dog-and-cat-skin-disease-identification-2__ringworm-120-_jpg.rf.f281fa2919bf86aeb54ce1b9685b57cb.jpg,C:\Users\ashis\Desktop\ScanAI\dataset_manager\clean\skin\ringworm\roboflow__dog-and-cat-skin-disease-identification-2__ringworm-140-_jpg.rf.ec3ba307ede2f6da8fbf060429ded4e3.jpg,0
C:\Users\ashis\Desktop\ScanAI\dataset_manager\clean\skin\ringworm\roboflow__dog-and-cat-skin-disease-identification-2__ringworm-121-_jpg.rf.6f37f9ead40e5036e1be880b5ab61bd9.jpg,C:\Users\ashis\Desktop\ScanAI\dataset_manager\clean\skin\ringworm\roboflow__dog-and-cat-skin-disease-identification-2__ringworm-121-_jpg.rf.86bc6b8ec09db6c25027571a8c91970e.jpg,0
C:\Users\ashis\Desktop\ScanAI\dataset_manager\clean\skin\ringworm\roboflow__dog-and-cat-skin-disease-identification-2__ringworm-121-_jpg.rf.8967eef3b70de46b7f86d47a9362c122.jpg,C:\Users\ashis\Desktop\ScanAI\dataset_manager\clean\skin\ringworm\roboflow__dog-and-cat-skin-disease-identification-2__ringworm-141-_jpg.rf.727b70a3f854a08f37ba90bb98adf848.jpg,0
C:\Users\ashis\Desktop\ScanAI\dataset_manager\clean\skin\ringworm\roboflow__dog-and-cat-skin-disease-identification-2__ringworm-122-_jpg.rf.083e312c286d772b8409e224daae4794.jpg,C:\Users\ashis\Desktop\ScanAI\dataset_manager\clean\skin\ringworm\roboflow__dog-and-cat-skin-disease-identification-2__ringworm-122-_jpg.rf.fc8e3386c7f45635d8538f3ae16f7c14.jpg,0
C:\Users\ashis\Desktop\ScanAI\dataset_manager\clean\skin\ringworm\roboflow__dog-and-cat-skin-disease-identification-2__ringworm-123-_jpg.rf.7384ee6076d80ba80cfa6517412ce86f.jpg,C:\Users\ashis\Desktop\ScanAI\dataset_manager\clean\skin\ringworm\roboflow__dog-and-cat-skin-disease-identification-2__ringworm-123-_jpg.rf.8d9413f5544e8a5f02c78384d02a8ca9.jpg,0
C:\Users\ashis\Desktop\ScanAI\dataset_manager\clean\skin\ringworm\roboflow__dog-and-cat-skin-disease-identification-2__ringworm-124-_jpg.rf.3e8b718929c292cdd46429b2289ac616.jpg,C:\Users\ashis\Desktop\ScanAI\dataset_manager\clean\skin\ringworm\roboflow__dog-and-cat-skin-disease-identification-2__ringworm-144-_jpg.rf.6045a7e88dd1ad2fdf3025a0ee963d5a.jpg,0
C:\Users\ashis\Desktop\ScanAI\dataset_manager\clean\skin\ringworm\roboflow__dog-and-cat-skin-disease-identification-2__ringworm-125-_jpg.rf.7a0c9b5c845e0a51742449db1942e6dd.jpg,C:\Users\ashis\Desktop\ScanAI\dataset_manager\clean\skin\ringworm\roboflow__dog-and-cat-skin-disease-identification-2__ringworm-145-_jpg.rf.0ab25cf33181788cb45f90226152d097.jpg,0
C:\Users\ashis\Desktop\ScanAI\dataset_manager\clean\skin\ringworm\roboflow__dog-and-cat-skin-disease-identification-2__ringworm-126-_jpg.rf.25d4b3a64eca154279981be90d9ddefd.jpg,C:\Users\ashis\Desktop\ScanAI\dataset_manager\clean\skin\ringworm\roboflow__dog-and-cat-skin-disease-identification-2__ringworm-126-_jpg.rf.2b4278bef75128689ad1f92c3e536ac6.jpg,0
C:\Users\ashis\Desktop\ScanAI\dataset_manager\clean\skin\ringworm\roboflow__dog-and-cat-skin-disease-identification-2__ringworm-127-_jpg.rf.663b474a8548c6829d23bd7b60078135.jpg,C:\Users\ashis\Desktop\ScanAI\dataset_manager\clean\skin\ringworm\roboflow__dog-and-cat-skin-disease-identification-2__ringworm-147-_jpg.rf.4046966ea454e7fe5c3ee58fc8fd4f85.jpg,0
C:\Users\ashis\Desktop\ScanAI\dataset_manager\clean\skin\ringworm\roboflow__dog-and-cat-skin-disease-identification-2__ringworm-128-_jpg.rf.bfcc8d2ae5f7984e3dc5761a6ca9ed2b.jpg,C:\Users\ashis\Desktop\ScanAI\dataset_manager\clean\skin\ringworm\roboflow__dog-and-cat-skin-disease-identification-2__ringworm-148-_jpg.rf.c854a79ce2b9f40913b0f1d4e68c64ba.jpg,0
C:\Users\ashis\Desktop\ScanAI\dataset_manager\clean\skin\ringworm\roboflow__dog-and-cat-skin-disease-identification-2__ringworm-129-_jpg.rf.31201d17cd1aae19f41b89b8f8d73ef7.jpg,C:\Users\ashis\Desktop\ScanAI\dataset_manager\clean\skin\ringworm\roboflow__dog-and-cat-skin-disease-identification-2__ringworm-129-_jpg.rf.be00860c510a34dd9f73f87c26ddc5f5.jpg,2
C:\Users\ashis\Desktop\ScanAI\dataset_manager\clean\skin\ringworm\roboflow__dog-and-cat-skin-disease-identification-2__ringworm-13-_jpg.rf.874d3c980145dbd14868cbf604c57078.jpg,C:\Users\ashis\Desktop\ScanAI\dataset_manager\clean\skin\ringworm\roboflow__dog-and-cat-skin-disease-identification-2__ringworm-19-_jpg.rf.657de0a9db0b8f977805254950b2c536.jpg,0
C:\Users\ashis\Desktop\ScanAI\dataset_manager\clean\skin\ringworm\roboflow__dog-and-cat-skin-disease-identification-2__ringworm-130-_jpg.rf.4ad6cd7aa0caa761c5dd66bc526f905b.jpg,C:\Users\ashis\Desktop\ScanAI\dataset_manager\clean\skin\ringworm\roboflow__dog-and-cat-skin-disease-identification-2__ringworm-150-_jpg.rf.2adfb2dee066604b3ec4deedcc63d148.jpg,2
C:\Users\ashis\Desktop\ScanAI\dataset_manager\clean\skin\ringworm\roboflow__dog-and-cat-skin-disease-identification-2__ringworm-131-_jpg.rf.90cc95f6d68bd078e8cf8de78fbb336b.jpg,C:\Users\ashis\Desktop\ScanAI\dataset_manager\clean\skin\ringworm\roboflow__dog-and-cat-skin-disease-identification-2__ringworm-131-_jpg.rf.bb464fde768895015295fb9084071640.jpg,4
C:\Users\ashis\Desktop\ScanAI\dataset_manager\clean\skin\ringworm\roboflow__dog-and-cat-skin-disease-identification-2__ringworm-131-_jpg.rf.eec92a3f108dc1c6a66c9615c6a433fc.jpg,C:\Users\ashis\Desktop\ScanAI\dataset_manager\clean\skin\ringworm\roboflow__dog-and-cat-skin-disease-identification-2__ringworm-151-_jpg.rf.6a3f505a31abc4eb0b9088a75dac41fa.jpg,0
C:\Users\ashis\Desktop\ScanAI\dataset_manager\clean\skin\ringworm\roboflow__dog-and-cat-skin-disease-identification-2__ringworm-132-_jpg.rf.530fdf39dc3deab78cc562a259bd9be3.jpg,C:\Users\ashis\Desktop\ScanAI\dataset_manager\clean\skin\ringworm\roboflow__dog-and-cat-skin-disease-identification-2__ringworm-152-_jpg.rf.db71a0e1df6ac68f1e12188db4b8ebd9.jpg,0
C:\Users\ashis\Desktop\ScanAI\dataset_manager\clean\skin\ringworm\roboflow__dog-and-cat-skin-disease-identification-2__ringworm-134-_jpg.rf.193b756feb00da8de66049822ea36079.jpg,C:\Users\ashis\Desktop\ScanAI\dataset_manager\clean\skin\ringworm\roboflow__dog-and-cat-skin-disease-identification-2__ringworm-134-_jpg.rf.60274e66b6f79a9d288df18732eaba66.jpg,4
C:\Users\ashis\Desktop\ScanAI\dataset_manager\clean\skin\ringworm\roboflow__dog-and-cat-skin-disease-identification-2__ringworm-136-_jpg.rf.5037672c9ac56e73a44485c8b38eab5d.jpg,C:\Users\ashis\Desktop\ScanAI\dataset_manager\clean\skin\ringworm\roboflow__dog-and-cat-skin-disease-identification-2__ringworm-156-_jpg.rf.8110708c842f1e26688a6ed82587bb89.jpg,0
C:\Users\ashis\Desktop\ScanAI\dataset_manager\clean\skin\ringworm\roboflow__dog-and-cat-skin-disease-identification-2__ringworm-137-_jpg.rf.fe6eed277c7d2dd1483fb5e91364b811.jpg,C:\Users\ashis\Desktop\ScanAI\dataset_manager\clean\skin\ringworm\roboflow__dog-and-cat-skin-disease-identification-2__ringworm-157-_jpg.rf.e1a226a53be26d6be80a1bfa04460efa.jpg,0
C:\Users\ashis\Desktop\ScanAI\dataset_manager\clean\skin\ringworm\roboflow__dog-and-cat-skin-disease-identification-2__ringworm-138-_jpg.rf.57d2a21d75c15e47ac0f4aa605e223e4.jpg,C:\Users\ashis\Desktop\ScanAI\dataset_manager\clean\skin\ringworm\roboflow__dog-and-cat-skin-disease-identification-2__ringworm-158-_jpg.rf.5a86aee5ea93265d2ec782e5570edcee.jpg,0
C:\Users\ashis\Desktop\ScanAI\dataset_manager\clean\skin\ringworm\roboflow__dog-and-cat-skin-disease-identification-2__ringworm-14-_jpg.rf.2069eef109d8fa7223a0dedb2fa5a156.jpg,C:\Users\ashis\Desktop\ScanAI\dataset_manager\clean\skin\ringworm\roboflow__dog-and-cat-skin-disease-identification-2__ringworm-14-_jpg.rf.56fac182c789d10d7608e2a76fbd1362.jpg,0
C:\Users\ashis\Desktop\ScanAI\dataset_manager\clean\skin\ringworm\roboflow__dog-and-cat-skin-disease-identification-2__ringworm-16-_jpg.rf.29681331249f83d8d083ef14918a4cba.jpg,C:\Users\ashis\Desktop\ScanAI\dataset_manager\clean\skin\ringworm\roboflow__dog-and-cat-skin-disease-identification-2__ringworm-23-_jpg.rf.c63e1ce99f418973812f94b7faa09bfc.jpg,0
C:\Users\ashis\Desktop\ScanAI\dataset_manager\clean\skin\ringworm\roboflow__dog-and-cat-skin-disease-identification-2__ringworm-17-_jpg.rf.1aa7b610243cba706cc66d89c28341e3.jpg,C:\Users\ashis\Desktop\ScanAI\dataset_manager\clean\skin\ringworm\roboflow__dog-and-cat-skin-disease-identification-2__ringworm-17-_jpg.rf.ddff3aefa475bbcec10a69449095f482.jpg,0
C:\Users\ashis\Desktop\ScanAI\dataset_manager\clean\skin\ringworm\roboflow__dog-and-cat-skin-disease-identification-2__ringworm-18-_jpg.rf.37336f5aa34842d2d90072c638e99076.jpg,C:\Users\ashis\Desktop\ScanAI\dataset_manager\clean\skin\ringworm\roboflow__dog-and-cat-skin-disease-identification-2__ringworm-18-_jpg.rf.63b0ed6ea5850c2c8ccb3a54d4e33b2f.jpg,0
C:\Users\ashis\Desktop\ScanAI\dataset_manager\clean\skin\ringworm\roboflow__dog-and-cat-skin-disease-identification-2__ringworm-19-_jpg.rf.34b79a3c30af05afc2c4a4bd4e3b5b68.jpg,C:\Users\ashis\Desktop\ScanAI\dataset_manager\clean\skin\ringworm\roboflow__dog-and-cat-skin-disease-identification-2__ringworm-26-_jpg.rf.4ccae07c4820ea5d2b2a8a6ebada327f.jpg,2
C:\Users\ashis\Desktop\ScanAI\dataset_manager\clean\skin\ringworm\roboflow__dog-and-cat-skin-disease-identification-2__ringworm-2-_jpg.rf.7cd9270a31928450d04da7b5e7f83cc7.jpg,C:\Users\ashis\Desktop\ScanAI\dataset_manager\clean\skin\ringworm\roboflow__dog-and-cat-skin-disease-identification-2__ringworm-2-_jpg.rf.ad50cfcfdf78880ee4fbbbe0c412e5b4.jpg,0
C:\Users\ashis\Desktop\ScanAI\dataset_manager\clean\skin\ringworm\roboflow__dog-and-cat-skin-disease-identification-2__ringworm-20-_jpg.rf.2cbb0cfd2f55e5202fb9fed02a1bc87c.jpg,C:\Users\ashis\Desktop\ScanAI\dataset_manager\clean\skin\ringworm\roboflow__dog-and-cat-skin-disease-identification-2__ringworm-27-_jpg.rf.7d8667dca474b34b2901d7eff6bf29ee.jpg,2
C:\Users\ashis\Desktop\ScanAI\dataset_manager\clean\skin\ringworm\roboflow__dog-and-cat-skin-disease-identification-2__ringworm-21-_jpg.rf.4929fb54a0d8f5b36dc77da037ed35c5.jpg,C:\Users\ashis\Desktop\ScanAI\dataset_manager\clean\skin\ringworm\roboflow__dog-and-cat-skin-disease-identification-2__ringworm-21-_jpg.rf.834c979bad4dee02138dbea3c108f432.jpg,0
C:\Users\ashis\Desktop\ScanAI\dataset_manager\clean\skin\ringworm\roboflow__dog-and-cat-skin-disease-identification-2__ringworm-22-_jpg.rf.067dff19a182963fb826532c4b3c6ee6.jpg,C:\Users\ashis\Desktop\ScanAI\dataset_manager\clean\skin\ringworm\roboflow__dog-and-cat-skin-disease-identification-2__ringworm-30-_jpg.rf.b49cb3e022fca08d23649e93f22c3989.jpg,0
C:\Users\ashis\Desktop\ScanAI\dataset_manager\clean\skin\ringworm\roboflow__dog-and-cat-skin-disease-identification-2__ringworm-22-_jpg.rf.d3f0f1fcd86a2484cb920a12a9abdab4.jpg,C:\Users\ashis\Desktop\ScanAI\dataset_manager\clean\skin\ringworm\roboflow__dog-and-cat-skin-disease-identification-2__ringworm-29-_jpg.rf.51a9984f495ee502301c3bb1157ebcfd.jpg,0
C:\Users\ashis\Desktop\ScanAI\dataset_manager\clean\skin\ringworm\roboflow__dog-and-cat-skin-disease-identification-2__ringworm-23-_jpg.rf.031cba7332ca3e75d16e9858ad9891c2.jpg,C:\Users\ashis\Desktop\ScanAI\dataset_manager\clean\skin\ringworm\roboflow__dog-and-cat-skin-disease-identification-2__ringworm-30-_jpg.rf.e847d0bd1902ed3b113b4a8b5689e3ae.jpg,0
C:\Users\ashis\Desktop\ScanAI\dataset_manager\clean\skin\ringworm\roboflow__dog-and-cat-skin-disease-identification-2__ringworm-24-_jpg.rf.9abdd4530e008233c1e91467f205e6c5.jpg,C:\Users\ashis\Desktop\ScanAI\dataset_manager\clean\skin\ringworm\roboflow__dog-and-cat-skin-disease-identification-2__ringworm-32-_jpg.rf.5f8d6686c2203cf199aa4e760e43f3ac.jpg,0
C:\Users\ashis\Desktop\ScanAI\dataset_manager\clean\skin\ringworm\roboflow__dog-and-cat-skin-disease-identification-2__ringworm-25-_jpg.rf.68e7b75b0e4d7493f1e8f443f1fb2a3c.jpg,C:\Users\ashis\Desktop\ScanAI\dataset_manager\clean\skin\ringworm\roboflow__dog-and-cat-skin-disease-identification-2__ringworm-33-_jpg.rf.42ccd00a6974237680f260ba779a030d.jpg,0
C:\Users\ashis\Desktop\ScanAI\dataset_manager\clean\skin\ringworm\roboflow__dog-and-cat-skin-disease-identification-2__ringworm-26-_jpg.rf.acd3e33fb6c19345a1a80effc7c8da90.jpg,C:\Users\ashis\Desktop\ScanAI\dataset_manager\clean\skin\ringworm\roboflow__dog-and-cat-skin-disease-identification-2__ringworm-34-_jpg.rf.0f53e8a9009db0e294c4c414827582e4.jpg,0
C:\Users\ashis\Desktop\ScanAI\dataset_manager\clean\skin\ringworm\roboflow__dog-and-cat-skin-disease-identification-2__ringworm-27-_jpg.rf.b936c53a4a1e7db720b7e57812e671f1.jpg,C:\Users\ashis\Desktop\ScanAI\dataset_manager\clean\skin\ringworm\roboflow__dog-and-cat-skin-disease-identification-2__ringworm-35-_jpg.rf.cf12b6aa4f073154af31274287d16e0a.jpg,0
C:\Users\ashis\Desktop\ScanAI\dataset_manager\clean\skin\ringworm\roboflow__dog-and-cat-skin-disease-identification-2__ringworm-28-_jpg.rf.277ab8d0a9695668cb8e495b08ad7a42.jpg,C:\Users\ashis\Desktop\ScanAI\dataset_manager\clean\skin\ringworm\roboflow__dog-and-cat-skin-disease-identification-2__ringworm-36-_jpg.rf.662488bbdeeab435ddaab84d6a92859f.jpg,2
C:\Users\ashis\Desktop\ScanAI\dataset_manager\clean\skin\ringworm\roboflow__dog-and-cat-skin-disease-identification-2__ringworm-28-_jpg.rf.277ab8d0a9695668cb8e495b08ad7a42.jpg,C:\Users\ashis\Desktop\ScanAI\dataset_manager\clean\skin\ringworm\roboflow__dog-and-cat-skin-disease-identification-2__ringworm-36-_jpg.rf.aeb047d7d0f2dbd20a22de5d2f4af12f.jpg,4
C:\Users\ashis\Desktop\ScanAI\dataset_manager\clean\skin\ringworm\roboflow__dog-and-cat-skin-disease-identification-2__ringworm-29-_jpg.rf.a47bb3961e0c451835ddd4ce1a56d975.jpg,C:\Users\ashis\Desktop\ScanAI\dataset_manager\clean\skin\ringworm\roboflow__dog-and-cat-skin-disease-identification-2__ringworm-38-_jpg.rf.d9a33eed490101f0bc25514c4cbb9ef2.jpg,0
C:\Users\ashis\Desktop\ScanAI\dataset_manager\clean\skin\ringworm\roboflow__dog-and-cat-skin-disease-identification-2__ringworm-3-_jpg.rf.8a0ea1ac09e810941ac82dccc96e1164.jpg,C:\Users\ashis\Desktop\ScanAI\dataset_manager\clean\skin\ringworm\roboflow__dog-and-cat-skin-disease-identification-2__ringworm-3-_jpg.rf.c48af896f9f0f57f0c62555558f8d0f8.jpg,2
C:\Users\ashis\Desktop\ScanAI\dataset_manager\clean\skin\ringworm\roboflow__dog-and-cat-skin-disease-identification-2__ringworm-31-_jpg.rf.8689163c2e3b349cacddd91ec4a02b59.jpg,C:\Users\ashis\Desktop\ScanAI\dataset_manager\clean\skin\ringworm\roboflow__dog-and-cat-skin-disease-identification-2__ringworm-31-_jpg.rf.cc5ae69abdb5c30bf9866708780ac278.jpg,4
C:\Users\ashis\Desktop\ScanAI\dataset_manager\clean\skin\ringworm\roboflow__dog-and-cat-skin-disease-identification-2__ringworm-31-_jpg.rf.8689163c2e3b349cacddd91ec4a02b59.jpg,C:\Users\ashis\Desktop\ScanAI\dataset_manager\clean\skin\ringworm\roboflow__dog-and-cat-skin-disease-identification-2__ringworm-31-_jpg.rf.def6f1067010e44351fdcb5b1b484095.jpg,0
C:\Users\ashis\Desktop\ScanAI\dataset_manager\clean\skin\ringworm\roboflow__dog-and-cat-skin-disease-identification-2__ringworm-31-_jpg.rf.cc5ae69abdb5c30bf9866708780ac278.jpg,C:\Users\ashis\Desktop\ScanAI\dataset_manager\clean\skin\ringworm\roboflow__dog-and-cat-skin-disease-identification-2__ringworm-31-_jpg.rf.def6f1067010e44351fdcb5b1b484095.jpg,4
C:\Users\ashis\Desktop\ScanAI\dataset_manager\clean\skin\ringworm\roboflow__dog-and-cat-skin-disease-identification-2__ringworm-33-_jpg.rf.6d43d788cfdc0e787ba0bcc1b20d8fb0.jpg,C:\Users\ashis\Desktop\ScanAI\dataset_manager\clean\skin\ringworm\roboflow__dog-and-cat-skin-disease-identification-2__ringworm-42-_jpg.rf.2858e90b86f1f02ddf84ac96703004bc.jpg,0
C:\Users\ashis\Desktop\ScanAI\dataset_manager\clean\skin\ringworm\roboflow__dog-and-cat-skin-disease-identification-2__ringworm-34-_jpg.rf.f42c3c0fc5145eed21784bf58cf24203.jpg,C:\Users\ashis\Desktop\ScanAI\dataset_manager\clean\skin\ringworm\roboflow__dog-and-cat-skin-disease-identification-2__ringworm-43-_jpg.rf.54717f17a5b0f2ed0291eee77fdb3b11.jpg,0
C:\Users\ashis\Desktop\ScanAI\dataset_manager\clean\skin\ringworm\roboflow__dog-and-cat-skin-disease-identification-2__ringworm-35-_jpg.rf.965124beebec94c5dc972d4291355283.jpg,C:\Users\ashis\Desktop\ScanAI\dataset_manager\clean\skin\ringworm\roboflow__dog-and-cat-skin-disease-identification-2__ringworm-44-_jpg.rf.0be27fa5b3b8b87a4f9be6d4f651bac4.jpg,0
C:\Users\ashis\Desktop\ScanAI\dataset_manager\clean\skin\ringworm\roboflow__dog-and-cat-skin-disease-identification-2__ringworm-36-_jpg.rf.577086d2ffb98ceced67f4b23a79fbef.jpg,C:\Users\ashis\Desktop\ScanAI\dataset_manager\clean\skin\ringworm\roboflow__dog-and-cat-skin-disease-identification-2__ringworm-45-_jpg.rf.04e34363d8a1280d16c40856cfcb8057.jpg,0
C:\Users\ashis\Desktop\ScanAI\dataset_manager\clean\skin\ringworm\roboflow__dog-and-cat-skin-disease-identification-2__ringworm-36-_jpg.rf.662488bbdeeab435ddaab84d6a92859f.jpg,C:\Users\ashis\Desktop\ScanAI\dataset_manager\clean\skin\ringworm\roboflow__dog-and-cat-skin-disease-identification-2__ringworm-36-_jpg.rf.aeb047d7d0f2dbd20a22de5d2f4af12f.jpg,4
C:\Users\ashis\Desktop\ScanAI\dataset_manager\clean\skin\ringworm\roboflow__dog-and-cat-skin-disease-identification-2__ringworm-38-_jpg.rf.662e1119abe2f437d2d90b49aa72a54c.jpg,C:\Users\ashis\Desktop\ScanAI\dataset_manager\clean\skin\ringworm\roboflow__dog-and-cat-skin-disease-identification-2__ringworm-47-_jpg.rf.c7db6321c5e0fbc0dc3f8505ce8e7a85.jpg,0
C:\Users\ashis\Desktop\ScanAI\dataset_manager\clean\skin\ringworm\roboflow__dog-and-cat-skin-disease-identification-2__ringworm-4-_jpg.rf.63a844a577f9399717aaa779c4789580.jpg,C:\Users\ashis\Desktop\ScanAI\dataset_manager\clean\skin\ringworm\roboflow__dog-and-cat-skin-disease-identification-2__ringworm-5-_jpg.rf.f86b7d08aac2b7e25ba1a0df9e809ec1.jpg,0
C:\Users\ashis\Desktop\ScanAI\dataset_manager\clean\skin\ringworm\roboflow__dog-and-cat-skin-disease-identification-2__ringworm-40-_jpg.rf.e4cf67bd9f32ccf691ba2e04d0a179c6.jpg,C:\Users\ashis\Desktop\ScanAI\dataset_manager\clean\skin\ringworm\roboflow__dog-and-cat-skin-disease-identification-2__ringworm-49-_jpg.rf.9c8a43aa96d59632f0b1b8f5fd170bc2.jpg,0
C:\Users\ashis\Desktop\ScanAI\dataset_manager\clean\skin\ringworm\roboflow__dog-and-cat-skin-disease-identification-2__ringworm-41-_jpg.rf.17f40d8799a9169eb184a497697a19ae.jpg,C:\Users\ashis\Desktop\ScanAI\dataset_manager\clean\skin\ringworm\roboflow__dog-and-cat-skin-disease-identification-2__ringworm-50-_jpg.rf.d2f306b61b1adf1c5e4f9da1a38d2a02.jpg,0
C:\Users\ashis\Desktop\ScanAI\dataset_manager\clean\skin\ringworm\roboflow__dog-and-cat-skin-disease-identification-2__ringworm-41-_jpg.rf.6b0241a47e067d9032484205c3c80e80.jpg,C:\Users\ashis\Desktop\ScanAI\dataset_manager\clean\skin\ringworm\roboflow__dog-and-cat-skin-disease-identification-2__ringworm-42-_jpg.rf.073bfc85f6348f2e28391282a034e35f.jpg,0
C:\Users\ashis\Desktop\ScanAI\dataset_manager\clean\skin\ringworm\roboflow__dog-and-cat-skin-disease-identification-2__ringworm-43-_jpg.rf.52507c5baec7706b01182ff13a721c99.jpg,C:\Users\ashis\Desktop\ScanAI\dataset_manager\clean\skin\ringworm\roboflow__dog-and-cat-skin-disease-identification-2__ringworm-52-_jpg.rf.f2c8b27f7520b2f9369ff59e1914f582.jpg,0
C:\Users\ashis\Desktop\ScanAI\dataset_manager\clean\skin\ringworm\roboflow__dog-and-cat-skin-disease-identification-2__ringworm-43-_jpg.rf.aa9b3dba882997ca9378d48d0e03e096.jpg,C:\Users\ashis\Desktop\ScanAI\dataset_manager\clean\skin\ringworm\roboflow__dog-and-cat-skin-disease-identification-2__ringworm-44-_jpg.rf.a5c611d06fdc2e4fefe81670e6d2a86a.jpg,4
C:\Users\ashis\Desktop\ScanAI\dataset_manager\clean\skin\ringworm\roboflow__dog-and-cat-skin-disease-identification-2__ringworm-44-_jpg.rf.c246f6943917f2d4958bcdd95c3e4542.jpg,C:\Users\ashis\Desktop\ScanAI\dataset_manager\clean\skin\ringworm\roboflow__dog-and-cat-skin-disease-identification-2__ringworm-53-_jpg.rf.67aebca060c427e1f251912c3bf7e968.jpg,0
C:\Users\ashis\Desktop\ScanAI\dataset_manager\clean\skin\ringworm\roboflow__dog-and-cat-skin-disease-identification-2__ringworm-45-_jpg.rf.a379d2963259b29b4ffe492f7ce16244.jpg,C:\Users\ashis\Desktop\ScanAI\dataset_manager\clean\skin\ringworm\roboflow__dog-and-cat-skin-disease-identification-2__ringworm-55-_jpg.rf.97e084335145b4eac09d8e8c520ef846.jpg,0
C:\Users\ashis\Desktop\ScanAI\dataset_manager\clean\skin\ringworm\roboflow__dog-and-cat-skin-disease-identification-2__ringworm-46-_jpg.rf.a043428fdf5477ce21d9d4656589ff3c.jpg,C:\Users\ashis\Desktop\ScanAI\dataset_manager\clean\skin\ringworm\roboflow__dog-and-cat-skin-disease-identification-2__ringworm-57-_jpg.rf.c37aa2ff605c741b635fb4740c4ef8e5.jpg,0
C:\Users\ashis\Desktop\ScanAI\dataset_manager\clean\skin\ringworm\roboflow__dog-and-cat-skin-disease-identification-2__ringworm-47-_jpg.rf.2b156bd719a6f3f9bc4a200f45a599ac.jpg,C:\Users\ashis\Desktop\ScanAI\dataset_manager\clean\skin\ringworm\roboflow__dog-and-cat-skin-disease-identification-2__ringworm-58-_jpg.rf.27e8c2285700c3e6a9eeb0a666e84ff3.jpg,2
C:\Users\ashis\Desktop\ScanAI\dataset_manager\clean\skin\ringworm\roboflow__dog-and-cat-skin-disease-identification-2__ringworm-48-_jpg.rf.21ce2a9fb5ff4a7c6e60a201147bf6d2.jpg,C:\Users\ashis\Desktop\ScanAI\dataset_manager\clean\skin\ringworm\roboflow__dog-and-cat-skin-disease-identification-2__ringworm-59-_jpg.rf.887ca2ff85677f301014c785f88d13a1.jpg,0
C:\Users\ashis\Desktop\ScanAI\dataset_manager\clean\skin\ringworm\roboflow__dog-and-cat-skin-disease-identification-2__ringworm-49-_jpg.rf.8235039d7292da1c0e3d54ab212b59cc.jpg,C:\Users\ashis\Desktop\ScanAI\dataset_manager\clean\skin\ringworm\roboflow__dog-and-cat-skin-disease-identification-2__ringworm-51-_jpg.rf.47fcb3b00af6db72dd6a781e23f2536d.jpg,4
C:\Users\ashis\Desktop\ScanAI\dataset_manager\clean\skin\ringworm\roboflow__dog-and-cat-skin-disease-identification-2__ringworm-49-_jpg.rf.8235039d7292da1c0e3d54ab212b59cc.jpg,C:\Users\ashis\Desktop\ScanAI\dataset_manager\clean\skin\ringworm\roboflow__dog-and-cat-skin-disease-identification-2__ringworm-60-_jpg.rf.ff77f66fc2fdc9f5465fecd5eddbb00f.jpg,0
C:\Users\ashis\Desktop\ScanAI\dataset_manager\clean\skin\ringworm\roboflow__dog-and-cat-skin-disease-identification-2__ringworm-49-_jpg.rf.8235039d7292da1c0e3d54ab212b59cc.jpg,C:\Users\ashis\Desktop\ScanAI\dataset_manager\clean\skin\ringworm\roboflow__dog-and-cat-skin-disease-identification-2__ringworm-63-_jpg.rf.e4ecd33bb81bb2d130ebdc3bac5876cb.jpg,4
C:\Users\ashis\Desktop\ScanAI\dataset_manager\clean\skin\ringworm\roboflow__dog-and-cat-skin-disease-identification-2__ringworm-50-_jpg.rf.3fead3271ce73bce2231ae5f7953e7a4.jpg,C:\Users\ashis\Desktop\ScanAI\dataset_manager\clean\skin\ringworm\roboflow__dog-and-cat-skin-disease-identification-2__ringworm-62-_jpg.rf.86b209c47d3fab7d7804961e0832a882.jpg,0
C:\Users\ashis\Desktop\ScanAI\dataset_manager\clean\skin\ringworm\roboflow__dog-and-cat-skin-disease-identification-2__ringworm-51-_jpg.rf.47fcb3b00af6db72dd6a781e23f2536d.jpg,C:\Users\ashis\Desktop\ScanAI\dataset_manager\clean\skin\ringworm\roboflow__dog-and-cat-skin-disease-identification-2__ringworm-60-_jpg.rf.ff77f66fc2fdc9f5465fecd5eddbb00f.jpg,4
C:\Users\ashis\Desktop\ScanAI\dataset_manager\clean\skin\ringworm\roboflow__dog-and-cat-skin-disease-identification-2__ringworm-51-_jpg.rf.47fcb3b00af6db72dd6a781e23f2536d.jpg,C:\Users\ashis\Desktop\ScanAI\dataset_manager\clean\skin\ringworm\roboflow__dog-and-cat-skin-disease-identification-2__ringworm-63-_jpg.rf.e4ecd33bb81bb2d130ebdc3bac5876cb.jpg,0
C:\Users\ashis\Desktop\ScanAI\dataset_manager\clean\skin\ringworm\roboflow__dog-and-cat-skin-disease-identification-2__ringworm-54-_jpg.rf.8db1be10e19db1e673560245b9a22f8b.jpg,C:\Users\ashis\Desktop\ScanAI\dataset_manager\clean\skin\ringworm\roboflow__dog-and-cat-skin-disease-identification-2__ringworm-54-_jpg.rf.e09d265cc83292061f42fab7e655230c.jpg,0
C:\Users\ashis\Desktop\ScanAI\dataset_manager\clean\skin\ringworm\roboflow__dog-and-cat-skin-disease-identification-2__ringworm-55-_jpg.rf.27023e47feb2f18818f6e6ad5b499671.jpg,C:\Users\ashis\Desktop\ScanAI\dataset_manager\clean\skin\ringworm\roboflow__dog-and-cat-skin-disease-identification-2__ringworm-67-_jpg.rf.6414a840a616ea78a808d9b562ef4278.jpg,2
C:\Users\ashis\Desktop\ScanAI\dataset_manager\clean\skin\ringworm\roboflow__dog-and-cat-skin-disease-identification-2__ringworm-55-_jpg.rf.27023e47feb2f18818f6e6ad5b499671.jpg,C:\Users\ashis\Desktop\ScanAI\dataset_manager\clean\skin\ringworm\roboflow__dog-and-cat-skin-disease-identification-2__ringworm-67-_jpg.rf.dedea6aab567ecf7c220fa2df7d4ffe2.jpg,0
C:\Users\ashis\Desktop\ScanAI\dataset_manager\clean\skin\ringworm\roboflow__dog-and-cat-skin-disease-identification-2__ringworm-56-_jpg.rf.7ef4e161bea37eb8b9334af0d9880af3.jpg,C:\Users\ashis\Desktop\ScanAI\dataset_manager\clean\skin\ringworm\roboflow__dog-and-cat-skin-disease-identification-2__ringworm-56-_jpg.rf.ded55f6c825dc1f71834c4c95b1a0dfd.jpg,0
C:\Users\ashis\Desktop\ScanAI\dataset_manager\clean\skin\ringworm\roboflow__dog-and-cat-skin-disease-identification-2__ringworm-57-_jpg.rf.04c6bd74c19dc6745852d119f6d76a65.jpg,C:\Users\ashis\Desktop\ScanAI\dataset_manager\clean\skin\ringworm\roboflow__dog-and-cat-skin-disease-identification-2__ringworm-70-_jpg.rf.6fdb1627b2ff26648d6fe355a68dc447.jpg,0
C:\Users\ashis\Desktop\ScanAI\dataset_manager\clean\skin\ringworm\roboflow__dog-and-cat-skin-disease-identification-2__ringworm-57-_jpg.rf.04c6bd74c19dc6745852d119f6d76a65.jpg,C:\Users\ashis\Desktop\ScanAI\dataset_manager\clean\skin\ringworm\roboflow__dog-and-cat-skin-disease-identification-2__ringworm-70-_jpg.rf.e74b62c148234c962fa72ff48525d3df.jpg,4
C:\Users\ashis\Desktop\ScanAI\dataset_manager\clean\skin\ringworm\roboflow__dog-and-cat-skin-disease-identification-2__ringworm-58-_jpg.rf.8b4e56bc3c0c1492bc9b1b16057a585b.jpg,C:\Users\ashis\Desktop\ScanAI\dataset_manager\clean\skin\ringworm\roboflow__dog-and-cat-skin-disease-identification-2__ringworm-71-_jpg.rf.1e94cc88f29d7af5eba6852c8af08c08.jpg,0
C:\Users\ashis\Desktop\ScanAI\dataset_manager\clean\skin\ringworm\roboflow__dog-and-cat-skin-disease-identification-2__ringworm-6-_jpg.rf.7d00e4c3336273152affe330ba1e0172.jpg,C:\Users\ashis\Desktop\ScanAI\dataset_manager\clean\skin\ringworm\roboflow__dog-and-cat-skin-disease-identification-2__ringworm-6-_jpg.rf.fe9ca1d9e8d29040a1b84d6dab5426b7.jpg,0
C:\Users\ashis\Desktop\ScanAI\dataset_manager\clean\skin\ringworm\roboflow__dog-and-cat-skin-disease-identification-2__ringworm-60-_jpg.rf.f69cd63e0e22a1e078750b566b318a55.jpg,C:\Users\ashis\Desktop\ScanAI\dataset_manager\clean\skin\ringworm\roboflow__dog-and-cat-skin-disease-identification-2__ringworm-63-_jpg.rf.2394f1d4cde71e0b95dbbd019519d743.jpg,4
C:\Users\ashis\Desktop\ScanAI\dataset_manager\clean\skin\ringworm\roboflow__dog-and-cat-skin-disease-identification-2__ringworm-60-_jpg.rf.ff77f66fc2fdc9f5465fecd5eddbb00f.jpg,C:\Users\ashis\Desktop\ScanAI\dataset_manager\clean\skin\ringworm\roboflow__dog-and-cat-skin-disease-identification-2__ringworm-63-_jpg.rf.e4ecd33bb81bb2d130ebdc3bac5876cb.jpg,4
C:\Users\ashis\Desktop\ScanAI\dataset_manager\clean\skin\ringworm\roboflow__dog-and-cat-skin-disease-identification-2__ringworm-61-_jpg.rf.795cad5e6576117d222019a45ba7009e.jpg,C:\Users\ashis\Desktop\ScanAI\dataset_manager\clean\skin\ringworm\roboflow__dog-and-cat-skin-disease-identification-2__ringworm-61-_jpg.rf.7f4483d61436d7606596be19918e17da.jpg,0
C:\Users\ashis\Desktop\ScanAI\dataset_manager\clean\skin\ringworm\roboflow__dog-and-cat-skin-disease-identification-2__ringworm-62-_jpg.rf.bda21f9cbd9d7b8ac37b393a564698cd.jpg,C:\Users\ashis\Desktop\ScanAI\dataset_manager\clean\skin\ringworm\roboflow__dog-and-cat-skin-disease-identification-2__ringworm-76-_jpg.rf.906bfe591f4104adcd5f9cd220efe98f.jpg,0
C:\Users\ashis\Desktop\ScanAI\dataset_manager\clean\skin\ringworm\roboflow__dog-and-cat-skin-disease-identification-2__ringworm-63-_jpg.rf.93815f1b5237357fc6d7374cd330a703.jpg,C:\Users\ashis\Desktop\ScanAI\dataset_manager\clean\skin\ringworm\roboflow__dog-and-cat-skin-disease-identification-2__ringworm-77-_jpg.rf.184459af9096a17a75f954fd6706d139.jpg,0
C:\Users\ashis\Desktop\ScanAI\dataset_manager\clean\skin\ringworm\roboflow__dog-and-cat-skin-disease-identification-2__ringworm-64-_jpg.rf.74c2d245e7f1e5401264fe1d828c8184.jpg,C:\Users\ashis\Desktop\ScanAI\dataset_manager\clean\skin\ringworm\roboflow__dog-and-cat-skin-disease-identification-2__ringworm-78-_jpg.rf.53620e9c2f2cc868590bf2d53ad9b10c.jpg,0
C:\Users\ashis\Desktop\ScanAI\dataset_manager\clean\skin\ringworm\roboflow__dog-and-cat-skin-disease-identification-2__ringworm-65-_jpg.rf.83a141a74867e843c26f54df5b3a167b.jpg,C:\Users\ashis\Desktop\ScanAI\dataset_manager\clean\skin\ringworm\roboflow__dog-and-cat-skin-disease-identification-2__ringworm-79-_jpg.rf.f80243638c01f85cf7b8807cebfb9f61.jpg,0
C:\Users\ashis\Desktop\ScanAI\dataset_manager\clean\skin\ringworm\roboflow__dog-and-cat-skin-disease-identification-2__ringworm-66-_jpg.rf.130dfefa722e26065258cefc5d25db3c.jpg,C:\Users\ashis\Desktop\ScanAI\dataset_manager\clean\skin\ringworm\roboflow__dog-and-cat-skin-disease-identification-2__ringworm-87-_jpg.rf.1e5e6974b9142244a9625bfff2860320.jpg,0
C:\Users\ashis\Desktop\ScanAI\dataset_manager\clean\skin\ringworm\roboflow__dog-and-cat-skin-disease-identification-2__ringworm-67-_jpg.rf.6414a840a616ea78a808d9b562ef4278.jpg,C:\Users\ashis\Desktop\ScanAI\dataset_manager\clean\skin\ringworm\roboflow__dog-and-cat-skin-disease-identification-2__ringworm-67-_jpg.rf.dedea6aab567ecf7c220fa2df7d4ffe2.jpg,2
C:\Users\ashis\Desktop\ScanAI\dataset_manager\clean\skin\ringworm\roboflow__dog-and-cat-skin-disease-identification-2__ringworm-68-_jpg.rf.0b89e6ef796172da953c7114bb2c37d3.jpg,C:\Users\ashis\Desktop\ScanAI\dataset_manager\clean\skin\ringworm\roboflow__dog-and-cat-skin-disease-identification-2__ringworm-82-_jpg.rf.a7447ad5d1deffd97c4493fbb49941c7.jpg,0
C:\Users\ashis\Desktop\ScanAI\dataset_manager\clean\skin\ringworm\roboflow__dog-and-cat-skin-disease-identification-2__ringworm-69-_jpg.rf.22cd67d94ce752984de3db1ecc9cbd71.jpg,C:\Users\ashis\Desktop\ScanAI\dataset_manager\clean\skin\ringworm\roboflow__dog-and-cat-skin-disease-identification-2__ringworm-69-_jpg.rf.d4da79e1b7dafd714d31c48b55f111bc.jpg,0
C:\Users\ashis\Desktop\ScanAI\dataset_manager\clean\skin\ringworm\roboflow__dog-and-cat-skin-disease-identification-2__ringworm-7-_jpg.rf.3b4b2860261ec27a1d83239f246b5b87.jpg,C:\Users\ashis\Desktop\ScanAI\dataset_manager\clean\skin\ringworm\roboflow__dog-and-cat-skin-disease-identification-2__ringworm-7-_jpg.rf.48e331a7d32bd57ba29775d381c576d9.jpg,0
C:\Users\ashis\Desktop\ScanAI\dataset_manager\clean\skin\ringworm\roboflow__dog-and-cat-skin-disease-identification-2__ringworm-70-_jpg.rf.6fdb1627b2ff26648d6fe355a68dc447.jpg,C:\Users\ashis\Desktop\ScanAI\dataset_manager\clean\skin\ringworm\roboflow__dog-and-cat-skin-disease-identification-2__ringworm-70-_jpg.rf.e74b62c148234c962fa72ff48525d3df.jpg,4
C:\Users\ashis\Desktop\ScanAI\dataset_manager\clean\skin\ringworm\roboflow__dog-and-cat-skin-disease-identification-2__ringworm-71-_jpg.rf.3ff47cd0e261a3ee196608147cd5eff8.jpg,C:\Users\ashis\Desktop\ScanAI\dataset_manager\clean\skin\ringworm\roboflow__dog-and-cat-skin-disease-identification-2__ringworm-85-_jpg.rf.fbf9155ff30741a70c027fa8a5b778f2.jpg,0
C:\Users\ashis\Desktop\ScanAI\dataset_manager\clean\skin\ringworm\roboflow__dog-and-cat-skin-disease-identification-2__ringworm-72-_jpg.rf.1b4b6d48ceca318331935a64a7a7a3d7.jpg,C:\Users\ashis\Desktop\ScanAI\dataset_manager\clean\skin\ringworm\roboflow__dog-and-cat-skin-disease-identification-2__ringworm-86-_jpg.rf.2972fb274758aae2236b05b94b595dc7.jpg,0
C:\Users\ashis\Desktop\ScanAI\dataset_manager\clean\skin\ringworm\roboflow__dog-and-cat-skin-disease-identification-2__ringworm-74-_jpg.rf.7e64ac7777efc91693c131c455e17957.jpg,C:\Users\ashis\Desktop\ScanAI\dataset_manager\clean\skin\ringworm\roboflow__dog-and-cat-skin-disease-identification-2__ringworm-74-_jpg.rf.8885b1c8cf25a5e78f21cd21a2e4a6df.jpg,0
C:\Users\ashis\Desktop\ScanAI\dataset_manager\clean\skin\ringworm\roboflow__dog-and-cat-skin-disease-identification-2__ringworm-74-_jpg.rf.7e64ac7777efc91693c131c455e17957.jpg,C:\Users\ashis\Desktop\ScanAI\dataset_manager\clean\skin\ringworm\roboflow__dog-and-cat-skin-disease-identification-2__ringworm-74-_jpg.rf.8fe3e433411da477c0e2d16efc9882a3.jpg,4
C:\Users\ashis\Desktop\ScanAI\dataset_manager\clean\skin\ringworm\roboflow__dog-and-cat-skin-disease-identification-2__ringworm-74-_jpg.rf.8885b1c8cf25a5e78f21cd21a2e4a6df.jpg,C:\Users\ashis\Desktop\ScanAI\dataset_manager\clean\skin\ringworm\roboflow__dog-and-cat-skin-disease-identification-2__ringworm-74-_jpg.rf.8fe3e433411da477c0e2d16efc9882a3.jpg,4
C:\Users\ashis\Desktop\ScanAI\dataset_manager\clean\skin\ringworm\roboflow__dog-and-cat-skin-disease-identification-2__ringworm-75-_jpg.rf.588791001515ad36791ac1bf494b8019.jpg,C:\Users\ashis\Desktop\ScanAI\dataset_manager\clean\skin\ringworm\roboflow__dog-and-cat-skin-disease-identification-2__ringworm-89-_jpg.rf.8fb37f46a3b8dfd6585dfacae25683d5.jpg,2
C:\Users\ashis\Desktop\ScanAI\dataset_manager\clean\skin\ringworm\roboflow__dog-and-cat-skin-disease-identification-2__ringworm-76-_jpg.rf.7252b0ec8133fe7e19185a7d60e523cd.jpg,C:\Users\ashis\Desktop\ScanAI\dataset_manager\clean\skin\ringworm\roboflow__dog-and-cat-skin-disease-identification-2__ringworm-90-_jpg.rf.8604c80f63d718cc462539ae79d11a05.jpg,2
C:\Users\ashis\Desktop\ScanAI\dataset_manager\clean\skin\ringworm\roboflow__dog-and-cat-skin-disease-identification-2__ringworm-76-_jpg.rf.7252b0ec8133fe7e19185a7d60e523cd.jpg,C:\Users\ashis\Desktop\ScanAI\dataset_manager\clean\skin\ringworm\roboflow__dog-and-cat-skin-disease-identification-2__ringworm-90-_jpg.rf.ea95c873ade81a88c0a67a797f14dffd.jpg,0
C:\Users\ashis\Desktop\ScanAI\dataset_manager\clean\skin\ringworm\roboflow__dog-and-cat-skin-disease-identification-2__ringworm-79-_jpg.rf.5c6d796d01f486ce79868147189b0bff.jpg,C:\Users\ashis\Desktop\ScanAI\dataset_manager\clean\skin\ringworm\roboflow__dog-and-cat-skin-disease-identification-2__ringworm-93-_jpg.rf.e6d8cdc58f011792bd13a81ec5b0ee7d.jpg,0
C:\Users\ashis\Desktop\ScanAI\dataset_manager\clean\skin\ringworm\roboflow__dog-and-cat-skin-disease-identification-2__ringworm-80-_jpg.rf.fb128524b6cf325d7fc7ce8c0ea6bbb5.jpg,C:\Users\ashis\Desktop\ScanAI\dataset_manager\clean\skin\ringworm\roboflow__dog-and-cat-skin-disease-identification-2__ringworm-94-_jpg.rf.5eba86363a0938cfe5b6caf63d1b529e.jpg,0
C:\Users\ashis\Desktop\ScanAI\dataset_manager\clean\skin\ringworm\roboflow__dog-and-cat-skin-disease-identification-2__ringworm-81-_jpg.rf.80be775d3b93375535b926f02904779b.jpg,C:\Users\ashis\Desktop\ScanAI\dataset_manager\clean\skin\ringworm\roboflow__dog-and-cat-skin-disease-identification-2__ringworm-95-_jpg.rf.41b644a3c2fd393644c018b9f30e72d6.jpg,0
C:\Users\ashis\Desktop\ScanAI\dataset_manager\clean\skin\ringworm\roboflow__dog-and-cat-skin-disease-identification-2__ringworm-82-_jpg.rf.70e47d63fc5ab9a0a8e4fd3edc724f45.jpg,C:\Users\ashis\Desktop\ScanAI\dataset_manager\clean\skin\ringworm\roboflow__dog-and-cat-skin-disease-identification-2__ringworm-96-_jpg.rf.a8a9d97344f5c44c3a072c62ca5f63ec.jpg,0
C:\Users\ashis\Desktop\ScanAI\dataset_manager\clean\skin\ringworm\roboflow__dog-and-cat-skin-disease-identification-2__ringworm-85-_jpg.rf.bf34971e274118d856a4f6121eca0044.jpg,C:\Users\ashis\Desktop\ScanAI\dataset_manager\clean\skin\ringworm\roboflow__dog-and-cat-skin-disease-identification-2__ringworm-99-_jpg.rf.cceccaa338c2f98b378b629924798342.jpg,0
C:\Users\ashis\Desktop\ScanAI\dataset_manager\clean\skin\ringworm\roboflow__dog-and-cat-skin-disease-identification-2__ringworm-9-_jpg.rf.28c78805c5cc62a6d878e70ac12cdb03.jpg,C:\Users\ashis\Desktop\ScanAI\dataset_manager\clean\skin\ringworm\roboflow__dog-and-cat-skin-disease-identification-2__ringworm-9-_jpg.rf.8b91968244bcd0402d57a309152c8ee7.jpg,0
C:\Users\ashis\Desktop\ScanAI\dataset_manager\clean\skin\ringworm\roboflow__dog-and-cat-skin-disease-identification-2__ringworm-9-_jpg.rf.28c78805c5cc62a6d878e70ac12cdb03.jpg,C:\Users\ashis\Desktop\ScanAI\dataset_manager\clean\skin\ringworm\roboflow__dog-and-cat-skin-disease-identification-2__ringworm-9-_jpg.rf.9166092ad3917fb9320a247f5b3ea056.jpg,4
C:\Users\ashis\Desktop\ScanAI\dataset_manager\clean\skin\ringworm\roboflow__dog-and-cat-skin-disease-identification-2__ringworm-9-_jpg.rf.8b91968244bcd0402d57a309152c8ee7.jpg,C:\Users\ashis\Desktop\ScanAI\dataset_manager\clean\skin\ringworm\roboflow__dog-and-cat-skin-disease-identification-2__ringworm-9-_jpg.rf.9166092ad3917fb9320a247f5b3ea056.jpg,4
C:\Users\ashis\Desktop\ScanAI\dataset_manager\clean\skin\ringworm\roboflow__dog-and-cat-skin-disease-identification-2__ringworm-90-_jpg.rf.8604c80f63d718cc462539ae79d11a05.jpg,C:\Users\ashis\Desktop\ScanAI\dataset_manager\clean\skin\ringworm\roboflow__dog-and-cat-skin-disease-identification-2__ringworm-90-_jpg.rf.ea95c873ade81a88c0a67a797f14dffd.jpg,2
C:\Users\ashis\Desktop\ScanAI\dataset_manager\clean\skin\ringworm\roboflow__dog-and-cat-skin-disease-identification-2__ringworm10_jpg.rf.5630d5789c7a7f700ef08f66380033a5.jpg,C:\Users\ashis\Desktop\ScanAI\dataset_manager\clean\skin\ringworm\roboflow__dog-and-cat-skin-disease-identification-2__ringworm10_jpg.rf.af013a15a222edd2d784fbfd8063c026.jpg,0
C:\Users\ashis\Desktop\ScanAI\dataset_manager\clean\skin\ringworm\roboflow__dog-and-cat-skin-disease-identification-2__ringworm16_jpg.rf.9762969312827a82b802cc9b65d66c54.jpg,C:\Users\ashis\Desktop\ScanAI\dataset_manager\clean\skin\ringworm\roboflow__dog-and-cat-skin-disease-identification-2__ringworm16_jpg.rf.f7b956e0b44024707cdf9e2ebf13d402.jpg,0
C:\Users\ashis\Desktop\ScanAI\dataset_manager\clean\skin\ringworm\roboflow__dog-and-cat-skin-disease-identification-2__ringworm40_jpg.rf.2d18bec17148239a9648d17c192315ff.jpg,C:\Users\ashis\Desktop\ScanAI\dataset_manager\clean\skin\ringworm\roboflow__dog-and-cat-skin-disease-identification-2__ringworm40_jpg.rf.db699089f8d4047b00eaab0825f3550f.jpg,4
C:\Users\ashis\Desktop\ScanAI\dataset_manager\clean\skin\ringworm\roboflow__dog-and-cat-skin-disease-identification-2__ringworm47_png.rf.25ddffedcd3b824b10b41eabf6d3576a.jpg,C:\Users\ashis\Desktop\ScanAI\dataset_manager\clean\skin\ringworm\roboflow__dog-and-cat-skin-disease-identification-2__ringworm47_png_jpg.rf.10e230c77fefe41633134a48b55a3b06.jpg,0
C:\Users\ashis\Desktop\ScanAI\dataset_manager\clean\skin\ringworm\roboflow__dog-and-cat-skin-disease-identification-2__Screenshot-2024-11-16-181936_png.rf.330fabd87e780cfb10b3e270a71ce4db.jpg,C:\Users\ashis\Desktop\ScanAI\dataset_manager\clean\skin\ringworm\roboflow__dog-and-cat-skin-disease-identification-2__Screenshot-2024-11-16-183716_png.rf.c76729c01c1f81d7bda4ecb087045890.jpg,4
C:\Users\ashis\Desktop\ScanAI\dataset_manager\clean\skin\ringworm\roboflow__dog-and-cat-skin-disease-identification-2__WIN_20240514_17_25_32_Pro_jpg.rf.085496e081fddbfe65735515de0e040b.jpg,C:\Users\ashis\Desktop\ScanAI\dataset_manager\clean\skin\ringworm\roboflow__dog-and-cat-skin-disease-identification-2__WIN_20240514_17_25_33_Pro_jpg.rf.04b8fe3d895a25cb40f211c5069a1a94.jpg,0
C:\Users\ashis\Desktop\ScanAI\dataset_manager\clean\skin\ringworm\roboflow__dog-and-cat-skin-disease-identification-2__WIN_20240514_17_26_41_Pro-2-_jpg.rf.246f62ca640e2147ac1afb3629382a2b.jpg,C:\Users\ashis\Desktop\ScanAI\dataset_manager\clean\skin\ringworm\roboflow__dog-and-cat-skin-disease-identification-2__WIN_20240514_17_26_41_Pro_jpg.rf.514e99fbe4e1539873f2c0165d435fb7.jpg,0
C:\Users\ashis\Desktop\ScanAI\dataset_manager\clean\skin\ringworm\roboflow__dog-and-cat-skin-disease-identification-2__WIN_20240514_17_26_49_Pro_jpg.rf.38d568f247f32916a48089fbcd67b6c7.jpg,C:\Users\ashis\Desktop\ScanAI\dataset_manager\clean\skin\ringworm\roboflow__dog-and-cat-skin-disease-identification-2__WIN_20240514_17_26_50_Pro_jpg.rf.7244dc71d701057bed7de2fd4f177e29.jpg,0
C:\Users\ashis\Desktop\ScanAI\dataset_manager\clean\skin\ringworm\roboflow__dog-and-cat-skin-disease-identification-2__WIN_20240514_17_26_58_Pro_jpg.rf.92ae3d65370023cede0fd168ed24618d.jpg,C:\Users\ashis\Desktop\ScanAI\dataset_manager\clean\skin\ringworm\roboflow__dog-and-cat-skin-disease-identification-2__WIN_20240514_17_26_59_Pro_jpg.rf.0c224d4091a5b6180f2d844b0e7457bf.jpg,2
C:\Users\ashis\Desktop\ScanAI\dataset_manager\clean\skin\ringworm\roboflow__dog-and-cat-skin-disease-identification-2__WIN_20240514_17_27_14_Pro_jpg.rf.7bf2395c65de2d0cec44b7951605f41c.jpg,C:\Users\ashis\Desktop\ScanAI\dataset_manager\clean\skin\ringworm\roboflow__dog-and-cat-skin-disease-identification-2__WIN_20240514_17_27_21_Pro_jpg.rf.7c822215288a6c5367e20fc41c1d0341.jpg,4
C:\Users\ashis\Desktop\ScanAI\dataset_manager\clean\skin\ringworm\roboflow__dog-and-cat-skin-disease-identification-2__WIN_20240514_17_29_33_Pro-2-_jpg.rf.99708376042f8edfe53c3bf29d674ffb.jpg,C:\Users\ashis\Desktop\ScanAI\dataset_manager\clean\skin\ringworm\roboflow__dog-and-cat-skin-disease-identification-2__WIN_20240514_17_29_33_Pro_jpg.rf.bd6b74b127229f6d03f30a4ccb0a5d52.jpg,0
C:\Users\ashis\Desktop\ScanAI\dataset_manager\clean\skin\ringworm\roboflow__dog-and-cat-skin-disease-identification-2__WIN_20240514_17_41_28_Pro_jpg.rf.31553daec86f4baa264a151899060ea9.jpg,C:\Users\ashis\Desktop\ScanAI\dataset_manager\clean\skin\ringworm\roboflow__dog-and-cat-skin-disease-identification-2__WIN_20240514_17_41_29_Pro_jpg.rf.140d08838775fb84d3bce4bb0709bd5f.jpg,0
C:\Users\ashis\Desktop\ScanAI\dataset_manager\clean\skin\ringworm\roboflow__dog-and-cat-skin-disease-identification-2__WIN_20240514_17_42_05_Pro_jpg.rf.11b5d930f791b77b7e72494d757a59dc.jpg,C:\Users\ashis\Desktop\ScanAI\dataset_manager\clean\skin\ringworm\roboflow__dog-and-cat-skin-disease-identification-2__WIN_20240514_17_42_05_Pro_jpg.rf.b3cf6100b4e0b1f9198babbb3e1639f1.jpg,4
C:\Users\ashis\Desktop\ScanAI\dataset_manager\clean\skin\ringworm\roboflow__dog-and-cat-skin-disease-identification-2__WIN_20240514_17_43_16_Pro_jpg.rf.55e8930590b72e34025aa5e96d69658c.jpg,C:\Users\ashis\Desktop\ScanAI\dataset_manager\clean\skin\ringworm\roboflow__dog-and-cat-skin-disease-identification-2__WIN_20240514_17_43_19_Pro_jpg.rf.4417a4556b010ca9ecb753a090f008dc.jpg,0
C:\Users\ashis\Desktop\ScanAI\dataset_manager\clean\skin\scabies\kaggle__smadive__pet-disease-images__Image_1.jpg,C:\Users\ashis\Desktop\ScanAI\dataset_manager\clean\skin\scabies\roboflow__dog-and-cat-skin-disease-identification-2__images_jpeg_jpg.rf.f4ac0d70b403f25c49506b05b2967632.jpg,0
C:\Users\ashis\Desktop\ScanAI\dataset_manager\clean\skin\scabies\kaggle__smadive__pet-disease-images__Image_10.jpg,C:\Users\ashis\Desktop\ScanAI\dataset_manager\clean\skin\scabies\roboflow__dog-and-cat-skin-disease-identification-2__download-2-_jpeg_jpg.rf.4b62a2d8715b24026dba11d000fbb498.jpg,0
C:\Users\ashis\Desktop\ScanAI\dataset_manager\clean\skin\scabies\kaggle__smadive__pet-disease-images__Image_11.jpg,C:\Users\ashis\Desktop\ScanAI\dataset_manager\clean\skin\scabies\kaggle__smadive__pet-disease-images__Image_2.jpg,0
C:\Users\ashis\Desktop\ScanAI\dataset_manager\clean\skin\scabies\kaggle__smadive__pet-disease-images__Image_11.jpg,C:\Users\ashis\Desktop\ScanAI\dataset_manager\clean\skin\scabies\kaggle__smadive__pet-disease-images__Image_85.jpeg,0
C:\Users\ashis\Desktop\ScanAI\dataset_manager\clean\skin\scabies\kaggle__smadive__pet-disease-images__Image_14.jpg,C:\Users\ashis\Desktop\ScanAI\dataset_manager\clean\skin\scabies\kaggle__smadive__pet-disease-images__Image_45.jpg,0
C:\Users\ashis\Desktop\ScanAI\dataset_manager\clean\skin\scabies\kaggle__smadive__pet-disease-images__Image_17.jpg,C:\Users\ashis\Desktop\ScanAI\dataset_manager\clean\skin\scabies\kaggle__smadive__pet-disease-images__Image_8.jpg,0
C:\Users\ashis\Desktop\ScanAI\dataset_manager\clean\skin\scabies\kaggle__smadive__pet-disease-images__Image_19.jpg,C:\Users\ashis\Desktop\ScanAI\dataset_manager\clean\skin\scabies\kaggle__smadive__pet-disease-images__Image_7.jpg,0
C:\Users\ashis\Desktop\ScanAI\dataset_manager\clean\skin\scabies\kaggle__smadive__pet-disease-images__Image_19.jpg,C:\Users\ashis\Desktop\ScanAI\dataset_manager\clean\skin\scabies\kaggle__smadive__pet-disease-images__Image_73.jpg,0
C:\Users\ashis\Desktop\ScanAI\dataset_manager\clean\skin\scabies\kaggle__smadive__pet-disease-images__Image_2.jpg,C:\Users\ashis\Desktop\ScanAI\dataset_manager\clean\skin\scabies\kaggle__smadive__pet-disease-images__Image_85.jpeg,0
C:\Users\ashis\Desktop\ScanAI\dataset_manager\clean\skin\scabies\kaggle__smadive__pet-disease-images__Image_22.jpg,C:\Users\ashis\Desktop\ScanAI\dataset_manager\clean\skin\scabies\kaggle__smadive__pet-disease-images__Image_57.jpg,0
C:\Users\ashis\Desktop\ScanAI\dataset_manager\clean\skin\scabies\kaggle__smadive__pet-disease-images__Image_23.jpg,C:\Users\ashis\Desktop\ScanAI\dataset_manager\clean\skin\scabies\kaggle__smadive__pet-disease-images__Image_96.jpg,2
C:\Users\ashis\Desktop\ScanAI\dataset_manager\clean\skin\scabies\kaggle__smadive__pet-disease-images__Image_23.jpg,C:\Users\ashis\Desktop\ScanAI\dataset_manager\clean\skin\scabies\kaggle__smadive__pet-disease-images__Image_98.jpg,0
C:\Users\ashis\Desktop\ScanAI\dataset_manager\clean\skin\scabies\kaggle__smadive__pet-disease-images__Image_24.jpg,C:\Users\ashis\Desktop\ScanAI\dataset_manager\clean\skin\scabies\kaggle__smadive__pet-disease-images__Image_3.jpg,0
C:\Users\ashis\Desktop\ScanAI\dataset_manager\clean\skin\scabies\kaggle__smadive__pet-disease-images__Image_44.jpg,C:\Users\ashis\Desktop\ScanAI\dataset_manager\clean\skin\scabies\kaggle__smadive__pet-disease-images__Image_47.jpg,0
C:\Users\ashis\Desktop\ScanAI\dataset_manager\clean\skin\scabies\kaggle__smadive__pet-disease-images__Image_46.jpg,C:\Users\ashis\Desktop\ScanAI\dataset_manager\clean\skin\scabies\kaggle__smadive__pet-disease-images__Image_50.jpg,0
C:\Users\ashis\Desktop\ScanAI\dataset_manager\clean\skin\scabies\kaggle__smadive__pet-disease-images__Image_48.jpg,C:\Users\ashis\Desktop\ScanAI\dataset_manager\clean\skin\scabies\kaggle__smadive__pet-disease-images__Image_67.jpg,2
C:\Users\ashis\Desktop\ScanAI\dataset_manager\clean\skin\scabies\kaggle__smadive__pet-disease-images__Image_48.jpg,C:\Users\ashis\Desktop\ScanAI\dataset_manager\clean\skin\scabies\kaggle__smadive__pet-disease-images__Image_94.jpg,0
C:\Users\ashis\Desktop\ScanAI\dataset_manager\clean\skin\scabies\kaggle__smadive__pet-disease-images__Image_51.jpg,C:\Users\ashis\Desktop\ScanAI\dataset_manager\clean\skin\scabies\kaggle__smadive__pet-disease-images__Image_90.jpg,2
C:\Users\ashis\Desktop\ScanAI\dataset_manager\clean\skin\scabies\kaggle__smadive__pet-disease-images__Image_67.jpg,C:\Users\ashis\Desktop\ScanAI\dataset_manager\clean\skin\scabies\kaggle__smadive__pet-disease-images__Image_94.jpg,2
C:\Users\ashis\Desktop\ScanAI\dataset_manager\clean\skin\scabies\kaggle__smadive__pet-disease-images__Image_7.jpg,C:\Users\ashis\Desktop\ScanAI\dataset_manager\clean\skin\scabies\kaggle__smadive__pet-disease-images__Image_73.jpg,0
C:\Users\ashis\Desktop\ScanAI\dataset_manager\clean\skin\scabies\kaggle__smadive__pet-disease-images__Image_77.jpg,C:\Users\ashis\Desktop\ScanAI\dataset_manager\clean\skin\scabies\roboflow__dog-and-cat-skin-disease-identification-2__Screenshot-2024-11-16-185049_png.rf.3f61948fbe475dc3790d6b4f9b9f2ee5.jpg,2
C:\Users\ashis\Desktop\ScanAI\dataset_manager\clean\skin\scabies\kaggle__smadive__pet-disease-images__Image_96.jpg,C:\Users\ashis\Desktop\ScanAI\dataset_manager\clean\skin\scabies\kaggle__smadive__pet-disease-images__Image_98.jpg,2
C:\Users\ashis\Desktop\ScanAI\dataset_manager\clean\skin\scabies\roboflow__dog-and-cat-skin-disease-identification-2__frame10_100_jpg.rf.4d86d9727bd147bc4c3bfd9d2839640c.jpg,C:\Users\ashis\Desktop\ScanAI\dataset_manager\clean\skin\scabies\roboflow__dog-and-cat-skin-disease-identification-2__frame10_100_jpg.rf.fc0a373757d99ad11c50b2c21462fb27.jpg,2
C:\Users\ashis\Desktop\ScanAI\dataset_manager\clean\skin\scabies\roboflow__dog-and-cat-skin-disease-identification-2__frame5_563_jpg.rf.6921c506ccec0f298e98974784f0dadb.jpg,C:\Users\ashis\Desktop\ScanAI\dataset_manager\clean\skin\scabies\roboflow__dog-and-cat-skin-disease-identification-2__frame5_563_jpg.rf.8c31c80b6ac7820c23d00274c53fc8a9.jpg,2
C:\Users\ashis\Desktop\ScanAI\dataset_manager\clean\parasites\ear_mites\kaggle__smadive__pet-disease-images__Image_10.jpg,C:\Users\ashis\Desktop\ScanAI\dataset_manager\clean\parasites\ear_mites\kaggle__smadive__pet-disease-images__Image_49.jpg,2
C:\Users\ashis\Desktop\ScanAI\dataset_manager\clean\parasites\ear_mites\kaggle__smadive__pet-disease-images__Image_2.jpg,C:\Users\ashis\Desktop\ScanAI\dataset_manager\clean\parasites\ear_mites\kaggle__smadive__pet-disease-images__Image_32.jpg,0
C:\Users\ashis\Desktop\ScanAI\dataset_manager\clean\parasites\ear_mites\kaggle__smadive__pet-disease-images__Image_2.jpg,C:\Users\ashis\Desktop\ScanAI\dataset_manager\clean\parasites\ear_mites\kaggle__smadive__pet-disease-images__Image_43.jpg,0
C:\Users\ashis\Desktop\ScanAI\dataset_manager\clean\parasites\ear_mites\kaggle__smadive__pet-disease-images__Image_20.webp,C:\Users\ashis\Desktop\ScanAI\dataset_manager\clean\parasites\ear_mites\kaggle__smadive__pet-disease-images__Image_22.webp,0
C:\Users\ashis\Desktop\ScanAI\dataset_manager\clean\parasites\ear_mites\kaggle__smadive__pet-disease-images__Image_22.jpeg,C:\Users\ashis\Desktop\ScanAI\dataset_manager\clean\parasites\ear_mites\kaggle__smadive__pet-disease-images__Image_23.jpeg,0
C:\Users\ashis\Desktop\ScanAI\dataset_manager\clean\parasites\ear_mites\kaggle__smadive__pet-disease-images__Image_25.jpg,C:\Users\ashis\Desktop\ScanAI\dataset_manager\clean\parasites\ear_mites\kaggle__smadive__pet-disease-images__Image_34.jpg,0
C:\Users\ashis\Desktop\ScanAI\dataset_manager\clean\parasites\ear_mites\kaggle__smadive__pet-disease-images__Image_26.jpeg,C:\Users\ashis\Desktop\ScanAI\dataset_manager\clean\parasites\ear_mites\kaggle__smadive__pet-disease-images__Image_36.jpeg,0
C:\Users\ashis\Desktop\ScanAI\dataset_manager\clean\parasites\ear_mites\kaggle__smadive__pet-disease-images__Image_26.jpg,C:\Users\ashis\Desktop\ScanAI\dataset_manager\clean\parasites\ear_mites\kaggle__smadive__pet-disease-images__Image_40.jpg,0
C:\Users\ashis\Desktop\ScanAI\dataset_manager\clean\parasites\ear_mites\kaggle__smadive__pet-disease-images__Image_29.png,C:\Users\ashis\Desktop\ScanAI\dataset_manager\clean\parasites\ear_mites\kaggle__smadive__pet-disease-images__Image_30.png,0
C:\Users\ashis\Desktop\ScanAI\dataset_manager\clean\parasites\ear_mites\kaggle__smadive__pet-disease-images__Image_30.jpg,C:\Users\ashis\Desktop\ScanAI\dataset_manager\clean\parasites\ear_mites\kaggle__smadive__pet-disease-images__Image_41.jpg,0
C:\Users\ashis\Desktop\ScanAI\dataset_manager\clean\parasites\ear_mites\kaggle__smadive__pet-disease-images__Image_31.png,C:\Users\ashis\Desktop\ScanAI\dataset_manager\clean\parasites\ear_mites\kaggle__smadive__pet-disease-images__Image_32.png,0
C:\Users\ashis\Desktop\ScanAI\dataset_manager\clean\parasites\ear_mites\kaggle__smadive__pet-disease-images__Image_32.jpg,C:\Users\ashis\Desktop\ScanAI\dataset_manager\clean\parasites\ear_mites\kaggle__smadive__pet-disease-images__Image_43.jpg,0
C:\Users\ashis\Desktop\ScanAI\dataset_manager\clean\parasites\ear_mites\kaggle__smadive__pet-disease-images__Image_4.jpg,C:\Users\ashis\Desktop\ScanAI\dataset_manager\clean\parasites\ear_mites\kaggle__smadive__pet-disease-images__Image_64.jpg,2
C:\Users\ashis\Desktop\ScanAI\dataset_manager\clean\parasites\ear_mites\kaggle__smadive__pet-disease-images__Image_42.jpg,C:\Users\ashis\Desktop\ScanAI\dataset_manager\clean\parasites\ear_mites\kaggle__smadive__pet-disease-images__Image_76.jpg,0
C:\Users\ashis\Desktop\ScanAI\dataset_manager\clean\parasites\ear_mites\kaggle__smadive__pet-disease-images__Image_44.jpg,C:\Users\ashis\Desktop\ScanAI\dataset_manager\clean\parasites\ear_mites\kaggle__smadive__pet-disease-images__Image_53.jpg,0
C:\Users\ashis\Desktop\ScanAI\dataset_manager\clean\parasites\ear_mites\kaggle__smadive__pet-disease-images__Image_52.jpg,C:\Users\ashis\Desktop\ScanAI\dataset_manager\clean\parasites\ear_mites\kaggle__smadive__pet-disease-images__Image_9.jpg,0
C:\Users\ashis\Desktop\ScanAI\dataset_manager\clean\parasites\ear_mites\kaggle__smadive__pet-disease-images__Image_61.jpg,C:\Users\ashis\Desktop\ScanAI\dataset_manager\clean\parasites\ear_mites\kaggle__smadive__pet-disease-images__Image_8.jpg,0
C:\Users\ashis\Desktop\ScanAI\dataset_manager\clean\parasites\tick_infestation\kaggle__smadive__pet-disease-images__Image_11.jpg,C:\Users\ashis\Desktop\ScanAI\dataset_manager\clean\parasites\tick_infestation\kaggle__smadive__pet-disease-images__Image_40.jpg,0
C:\Users\ashis\Desktop\ScanAI\dataset_manager\clean\parasites\tick_infestation\kaggle__smadive__pet-disease-images__Image_11.jpg,C:\Users\ashis\Desktop\ScanAI\dataset_manager\clean\parasites\tick_infestation\kaggle__smadive__pet-disease-images__Image_50.jpg,0
C:\Users\ashis\Desktop\ScanAI\dataset_manager\clean\parasites\tick_infestation\kaggle__smadive__pet-disease-images__Image_26.jpg,C:\Users\ashis\Desktop\ScanAI\dataset_manager\clean\parasites\tick_infestation\kaggle__smadive__pet-disease-images__Image_59.jpg,2
C:\Users\ashis\Desktop\ScanAI\dataset_manager\clean\parasites\tick_infestation\kaggle__smadive__pet-disease-images__Image_29.jpg,C:\Users\ashis\Desktop\ScanAI\dataset_manager\clean\parasites\tick_infestation\kaggle__smadive__pet-disease-images__Image_72.jpg,0
C:\Users\ashis\Desktop\ScanAI\dataset_manager\clean\parasites\tick_infestation\kaggle__smadive__pet-disease-images__Image_40.jpg,C:\Users\ashis\Desktop\ScanAI\dataset_manager\clean\parasites\tick_infestation\kaggle__smadive__pet-disease-images__Image_50.jpg,0
C:\Users\ashis\Desktop\ScanAI\dataset_manager\clean\eye\eye_infection\kaggle__smadive__pet-disease-images__Image_10.jpg,C:\Users\ashis\Desktop\ScanAI\dataset_manager\clean\eye\eye_infection\kaggle__smadive__pet-disease-images__Image_52.jpg,0
C:\Users\ashis\Desktop\ScanAI\dataset_manager\clean\eye\eye_infection\kaggle__smadive__pet-disease-images__Image_100.jpg,C:\Users\ashis\Desktop\ScanAI\dataset_manager\clean\eye\eye_infection\kaggle__smadive__pet-disease-images__Image_68.jpg,0
C:\Users\ashis\Desktop\ScanAI\dataset_manager\clean\eye\eye_infection\kaggle__smadive__pet-disease-images__Image_14.jpg,C:\Users\ashis\Desktop\ScanAI\dataset_manager\clean\eye\eye_infection\kaggle__smadive__pet-disease-images__Image_55.jpg,0
C:\Users\ashis\Desktop\ScanAI\dataset_manager\clean\eye\eye_infection\kaggle__smadive__pet-disease-images__Image_16.png,C:\Users\ashis\Desktop\ScanAI\dataset_manager\clean\eye\eye_infection\kaggle__smadive__pet-disease-images__Image_30.png,0
C:\Users\ashis\Desktop\ScanAI\dataset_manager\clean\eye\eye_infection\kaggle__smadive__pet-disease-images__Image_18.png,C:\Users\ashis\Desktop\ScanAI\dataset_manager\clean\eye\eye_infection\kaggle__smadive__pet-disease-images__Image_33.png,0
C:\Users\ashis\Desktop\ScanAI\dataset_manager\clean\eye\eye_infection\kaggle__smadive__pet-disease-images__Image_23.jpg,C:\Users\ashis\Desktop\ScanAI\dataset_manager\clean\eye\eye_infection\kaggle__smadive__pet-disease-images__Image_33.jpg,0
C:\Users\ashis\Desktop\ScanAI\dataset_manager\clean\eye\eye_infection\kaggle__smadive__pet-disease-images__Image_3.jpeg,C:\Users\ashis\Desktop\ScanAI\dataset_manager\clean\eye\eye_infection\kaggle__smadive__pet-disease-images__Image_31.jpeg,0
C:\Users\ashis\Desktop\ScanAI\dataset_manager\clean\eye\eye_infection\kaggle__smadive__pet-disease-images__Image_4.jpg,C:\Users\ashis\Desktop\ScanAI\dataset_manager\clean\eye\eye_infection\kaggle__smadive__pet-disease-images__Image_44.jpg,0
C:\Users\ashis\Desktop\ScanAI\dataset_manager\clean\eye\eye_infection\kaggle__smadive__pet-disease-images__Image_44.webp,C:\Users\ashis\Desktop\ScanAI\dataset_manager\clean\eye\eye_infection\kaggle__smadive__pet-disease-images__Image_45.webp,0
C:\Users\ashis\Desktop\ScanAI\dataset_manager\clean\eye\eye_infection\kaggle__smadive__pet-disease-images__Image_85.jpg,C:\Users\ashis\Desktop\ScanAI\dataset_manager\clean\eye\eye_infection\kaggle__smadive__pet-disease-images__Image_90.jpg,2
