image_a,image_b,hamming_distance
C:\Users\ashis\Desktop\ScanAI\dataset_manager\clean\skin\hotspot\kaggle__smadive__pet-disease-images__Image_1.jpg,C:\Users\ashis\Desktop\ScanAI\dataset_manager\clean\skin\pyoderma\roboflow__dog-and-cat-skin-disease-identification-2__bacterial_107_jpg.rf.4ae7233b686a981a1b54d6cd3443c47b.jpg,0
C:\Users\ashis\Desktop\ScanAI\dataset_manager\clean\skin\hotspot\kaggle__smadive__pet-disease-images__Image_1.jpg,C:\Users\ashis\Desktop\ScanAI\dataset_manager\clean\skin\pyoderma\roboflow__dog-and-cat-skin-disease-identification-2__bacterial_319_jpg.rf.e7b42842c690310105f5bb8ebf5b520c.jpg,0
C:\Users\ashis\Desktop\ScanAI\dataset_manager\clean\skin\hotspot\kaggle__smadive__pet-disease-images__Image_19.jpg,C:\Users\ashis\Desktop\ScanAI\dataset_manager\clean\skin\pyoderma\roboflow__dog-and-cat-skin-disease-identification-2__bacterial_183_jpg.rf.e2b9d2a0036b2a6b49b992f0c897d54c.jpg,0
C:\Users\ashis\Desktop\ScanAI\dataset_manager\clean\skin\hotspot\kaggle__smadive__pet-disease-images__Image_19.jpg,C:\Users\ashis\Desktop\ScanAI\dataset_manager\clean\skin\pyoderma\roboflow__dog-and-cat-skin-disease-identification-2__bacterial_264_jpg.rf.c03d878e2530aec9ada052f8268a3f65.jpg,0
C:\Users\ashis\Desktop\ScanAI\dataset_manager\clean\skin\hotspot\kaggle__smadive__pet-disease-images__Image_19.jpg,C:\Users\ashis\Desktop\ScanAI\dataset_manager\clean\skin\pyoderma\roboflow__dog-and-cat-skin-disease-identification-2__bacterial_derm_34_jpg.rf.3b10703a9ba597586cab6cd3a1c1f62d.jpg,0
C:\Users\ashis\Desktop\ScanAI\dataset_manager\clean\skin\hotspot\kaggle__smadive__pet-disease-images__Image_2.jpeg,C:\Users\ashis\Desktop\ScanAI\dataset_manager\clean\skin\pyoderma\roboflow__dog-and-cat-skin-disease-identification-2__bacterial_250_jpg.rf.8a9cad2ca872eadd13127fb9df5853b3.jpg,0
C:\Users\ashis\Desktop\ScanAI\dataset_manager\clean\skin\hotspot\kaggle__smadive__pet-disease-images__Image_2.jpeg,C:\Users\ashis\Desktop\ScanAI\dataset_manager\clean\skin\pyoderma\roboflow__dog-and-cat-skin-disease-identification-2__bacterial_84_jpg.rf.81fdad1509b15d94f738e98bc045a727.jpg,0
C:\Users\ashis\Desktop\ScanAI\dataset_manager\clean\skin\hotspot\kaggle__smadive__pet-disease-images__Image_22.jpg,C:\Users\ashis\Desktop\ScanAI\dataset_manager\clean\skin\pyoderma\roboflow__dog-and-cat-skin-disease-identification-2__bacterial_295_jpg.rf.b19b9fd3497e8e2f68e1976bd100eb43.jpg,0
C:\Users\ashis\Desktop\ScanAI\dataset_manager\clean\skin\hotspot\kaggle__smadive__pet-disease-images__Image_23.jpg,C:\Users\ashis\Desktop\ScanAI\dataset_manager\clean\skin\pyoderma\roboflow__dog-and-cat-skin-disease-identification-2__bacterial_201_jpg.rf.3686cf8b50c71aa45129e35037e63e24.jpg,0
C:\Users\ashis\Desktop\ScanAI\dataset_manager\clean\skin\hotspot\kaggle__smadive__pet-disease-images__Image_23.jpg,C:\Users\ashis\Desktop\ScanAI\dataset_manager\clean\skin\pyoderma\roboflow__dog-and-cat-skin-disease-identification-2__bacterial_derm_40_jpg.rf.c04deea24736306bb60efc5294cbb470.jpg,2
C:\Users\ashis\Desktop\ScanAI\dataset_manager\clean\skin\hotspot\kaggle__smadive__pet-disease-images__Image_24.jpg,C:\Users\ashis\Desktop\ScanAI\dataset_manager\clean\skin\pyoderma\roboflow__dog-and-cat-skin-disease-identification-2__bacterial_201_jpg.rf.3686cf8b50c71aa45129e35037e63e24.jpg,0
C:\Users\ashis\Desktop\ScanAI\dataset_manager\clean\skin\hotspot\kaggle__smadive__pet-disease-images__Image_24.jpg,C:\Users\ashis\Desktop\ScanAI\dataset_manager\clean\skin\pyoderma\roboflow__dog-and-cat-skin-disease-identification-2__bacterial_derm_40_jpg.rf.c04deea24736306bb60efc5294cbb470.jpg,2
C:\Users\ashis\Desktop\ScanAI\dataset_manager\clean\skin\hotspot\kaggle__smadive__pet-disease-images__Image_3.jpeg,C:\Users\ashis\Desktop\ScanAI\dataset_manager\clean\skin\pyoderma\roboflow__dog-and-cat-skin-disease-identification-2__bacterial_250_jpg.rf.8a9cad2ca872eadd13127fb9df5853b3.jpg,0
C:\Users\ashis\Desktop\ScanAI\dataset_manager\clean\skin\hotspot\kaggle__smadive__pet-disease-images__Image_3.jpeg,C:\Users\ashis\Desktop\ScanAI\dataset_manager\clean\skin\pyoderma\roboflow__dog-and-cat-skin-disease-identification-2__bacterial_84_jpg.rf.81fdad1509b15d94f738e98bc045a727.jpg,0
C:\Users\ashis\Desktop\ScanAI\dataset_manager\clean\skin\hotspot\kaggle__smadive__pet-disease-images__Image_36.jpg,C:\Users\ashis\Desktop\ScanAI\dataset_manager\clean\skin\pyoderma\roboflow__dog-and-cat-skin-disease-identification-2__bacterial_255_jpg.rf.a85467a7fd1871861a6daf9c2f36cdd0.jpg,0
C:\Users\ashis\Desktop\ScanAI\dataset_manager\clean\skin\hotspot\kaggle__smadive__pet-disease-images__Image_46.jpg,C:\Users\ashis\Desktop\ScanAI\dataset_manager\clean\skin\pyoderma\roboflow__dog-and-cat-skin-disease-identification-2__bacterial_221_jpg.rf.f901ae30b5a61d369030bfad728e1867.jpg,0
C:\Users\ashis\Desktop\ScanAI\dataset_manager\clean\skin\hotspot\kaggle__smadive__pet-disease-images__Image_46.jpg,C:\Users\ashis\Desktop\ScanAI\dataset_manager\clean\skin\pyoderma\roboflow__dog-and-cat-skin-disease-identification-2__bacterial_281_jpg.rf.536616657ebcf1b1568b264868d961ac.jpg,0
C:\Users\ashis\Desktop\ScanAI\dataset_manager\clean\skin\hotspot\kaggle__smadive__pet-disease-images__Image_46.jpg,C:\Users\ashis\Desktop\ScanAI\dataset_manager\clean\skin\pyoderma\roboflow__dog-and-cat-skin-disease-identification-2__bacterial_95_jpg.rf.dab6587ab1689a4643efecc89fc6593c.jpg,0
C:\Users\ashis\Desktop\ScanAI\dataset_manager\clean\skin\hotspot\kaggle__smadive__pet-disease-images__Image_5.png,C:\Users\ashis\Desktop\ScanAI\dataset_manager\clean\skin\pyoderma\roboflow__dog-and-cat-skin-disease-identification-2__bacterial_189_jpg.rf.e112d9b29eaf8f5d90a3d4e4169eddaa.jpg,0
C:\Users\ashis\Desktop\ScanAI\dataset_manager\clean\skin\hotspot\kaggle__smadive__pet-disease-images__Image_6.png,C:\Users\ashis\Desktop\ScanAI\dataset_manager\clean\skin\pyoderma\roboflow__dog-and-cat-skin-disease-identification-2__bacterial_189_jpg.rf.e112d9b29eaf8f5d90a3d4e4169eddaa.jpg,0
C:\Users\ashis\Desktop\ScanAI\dataset_manager\clean\skin\hotspot\roboflow__dog-and-cat-skin-disease-identification-2__1000010646_x16_jpg.rf.0113cee13f8546b4e07fa40d3acd7652.jpg,C:\Users\ashis\Desktop\ScanAI\dataset_manager\clean\skin\pyoderma\roboflow__dog-and-cat-skin-disease-identification-2__bacterial_306_jpg.rf.7280c5be620a8ba3e66e6ddead863dc2.jpg,2
C:\Users\ashis\Desktop\ScanAI\dataset_manager\clean\skin\hotspot\roboflow__dog-and-cat-skin-disease-identification-2__1000010646_x16_jpg.rf.0113cee13f8546b4e07fa40d3acd7652.jpg,C:\Users\ashis\Desktop\ScanAI\dataset_manager\clean\skin\pyoderma\roboflow__dog-and-cat-skin-disease-identification-2__bacterial_97_jpg.rf.8dd4ce84c5264431ec20510fdec8ad50.jpg,2
C:\Users\ashis\Desktop\ScanAI\dataset_manager\clean\skin\hotspot\roboflow__dog-and-cat-skin-disease-identification-2__1000010646_x16_jpg.rf.0113cee13f8546b4e07fa40d3acd7652.jpg,C:\Users\ashis\Desktop\ScanAI\dataset_manager\clean\skin\pyoderma\roboflow__dog-and-cat-skin-disease-identification-2__bacterial_derm_6_jpg.rf.81ea9d919ce5f608f3070a879fdd34c1.jpg,2
C:\Users\ashis\Desktop\ScanAI\dataset_manager\clean\skin\hotspot\roboflow__dog-and-cat-skin-disease-identification-2__1000010646_x16_jpg.rf.de9e51d79fc564752612a2284cc940ba.jpg,C:\Users\ashis\Desktop\ScanAI\dataset_manager\clean\skin\pyoderma\roboflow__dog-and-cat-skin-disease-identification-2__bacterial_306_jpg.rf.7280c5be620a8ba3e66e6ddead863dc2.jpg,0
C:\Users\ashis\Desktop\ScanAI\dataset_manager\clean\skin\hotspot\roboflow__dog-and-cat-skin-disease-identification-2__1000010646_x16_jpg.rf.de9e51d79fc564752612a2284cc940ba.jpg,C:\Users\ashis\Desktop\ScanAI\dataset_manager\clean\skin\pyoderma\roboflow__dog-and-cat-skin-disease-identification-2__bacterial_97_jpg.rf.8dd4ce84c5264431ec20510fdec8ad50.jpg,0
C:\Users\ashis\Desktop\ScanAI\dataset_manager\clean\skin\hotspot\roboflow__dog-and-cat-skin-disease-identification-2__1000010646_x16_jpg.rf.de9e51d79fc564752612a2284cc940ba.jpg,C:\Users\ashis\Desktop\ScanAI\dataset_manager\clean\skin\pyoderma\roboflow__dog-and-cat-skin-disease-identification-2__bacterial_derm_6_jpg.rf.81ea9d919ce5f608f3070a879fdd34c1.jpg,0
C:\Users\ashis\Desktop\ScanAI\dataset_manager\clean\skin\hotspot\roboflow__dog-and-cat-skin-disease-identification-2__1000010710_x16_jpg.rf.1d1fe1d9e6a9fc0c818c24ba26f51f67.jpg,C:\Users\ashis\Desktop\ScanAI\dataset_manager\clean\skin\pyoderma\roboflow__dog-and-cat-skin-disease-identification-2__bacterial_183_jpg.rf.e2b9d2a0036b2a6b49b992f0c897d54c.jpg,2
C:\Users\ashis\Desktop\ScanAI\dataset_manager\clean\skin\hotspot\roboflow__dog-and-cat-skin-disease-identification-2__1000010710_x16_jpg.rf.1d1fe1d9e6a9fc0c818c24ba26f51f67.jpg,C:\Users\ashis\Desktop\ScanAI\dataset_manager\clean\skin\pyoderma\roboflow__dog-and-cat-skin-disease-identification-2__bacterial_264_jpg.rf.c03d878e2530aec9ada052f8268a3f65.jpg,2
C:\Users\ashis\Desktop\ScanAI\dataset_manager\clean\skin\hotspot\roboflow__dog-and-cat-skin-disease-identification-2__1000010710_x16_jpg.rf.1d1fe1d9e6a9fc0c818c24ba26f51f67.jpg,C:\Users\ashis\Desktop\ScanAI\dataset_manager\clean\skin\pyoderma\roboflow__dog-and-cat-skin-disease-identification-2__bacterial_derm_34_jpg.rf.3b10703a9ba597586cab6cd3a1c1f62d.jpg,2
C:\Users\ashis\Desktop\ScanAI\dataset_manager\clean\skin\hotspot\roboflow__dog-and-cat-skin-disease-identification-2__1000010710_x16_jpg.rf.65768f183867df7f075f5433f130116c.jpg,C:\Users\ashis\Desktop\ScanAI\dataset_manager\clean\skin\pyoderma\roboflow__dog-and-cat-skin-disease-identification-2__bacterial_183_jpg.rf.e2b9d2a0036b2a6b49b992f0c897d54c.jpg,4
C:\Users\ashis\Desktop\ScanAI\dataset_manager\clean\skin\hotspot\roboflow__dog-and-cat-skin-disease-identification-2__1000010710_x16_jpg.rf.65768f183867df7f075f5433f130116c.jpg,C:\Users\ashis\Desktop\ScanAI\dataset_manager\clean\skin\pyoderma\roboflow__dog-and-cat-skin-disease-identification-2__bacterial_264_jpg.rf.c03d878e2530aec9ada052f8268a3f65.jpg,4
C:\Users\ashis\Desktop\ScanAI\dataset_manager\clean\skin\hotspot\roboflow__dog-and-cat-skin-disease-identification-2__1000010710_x16_jpg.rf.65768f183867df7f075f5433f130116c.jpg,C:\Users\ashis\Desktop\ScanAI\dataset_manager\clean\skin\pyoderma\roboflow__dog-and-cat-skin-disease-identification-2__bacterial_derm_34_jpg.rf.3b10703a9ba597586cab6cd3a1c1f62d.jpg,4
C:\Users\ashis\Desktop\ScanAI\dataset_manager\clean\skin\hotspot\roboflow__dog-and-cat-skin-disease-identification-2__56_jpg.rf.7f11b10fc98e2e7acc47e437cddcc773.jpg,C:\Users\ashis\Desktop\ScanAI\dataset_manager\clean\skin\pyoderma\roboflow__dog-and-cat-skin-disease-identification-2__56_jpg.rf.ab88dce56bdbb7d425788fc5cd85c41e.jpg,0
C:\Users\ashis\Desktop\ScanAI\dataset_manager\clean\skin\hotspot\roboflow__dog-and-cat-skin-disease-identification-2__752_jpg.rf.0896bdd5ca65d1bd915aed14ee6f39c6.jpg,C:\Users\ashis\Desktop\ScanAI\dataset_manager\clean\skin\pyoderma\roboflow__dog-and-cat-skin-disease-identification-2__752_jpg.rf.80b69e7579b00fb504fc1b2ba32ea050.jpg,4
C:\Users\ashis\Desktop\ScanAI\dataset_manager\clean\skin\hotspot\roboflow__dog-and-cat-skin-disease-identification-2__89_jpg.rf.5c3f8ea446deea5b5d9f4398f60f452a.jpg,C:\Users\ashis\Desktop\ScanAI\dataset_manager\clean\skin\pyoderma\roboflow__dog-and-cat-skin-disease-identification-2__89_jpg.rf.f63fba7a31af16699e6e0ffad8ea612d.jpg,2
C:\Users\ashis\Desktop\ScanAI\dataset_manager\clean\skin\hotspot\roboflow__dog-and-cat-skin-disease-identification-2__acral_lick_dermatitis_4935_7_600_jpg.rf.53c21eba3dfdae56a8a48f1a8507e40d.jpg,C:\Users\ashis\Desktop\ScanAI\dataset_manager\clean\skin\pyoderma\roboflow__dog-and-cat-skin-disease-identification-2__acral_lick_dermatitis_4935_7_600_jpg.rf.18f24c7aeee4bf22c8c9f4b0a5fc1b8e.jpg,2
C:\Users\ashis\Desktop\ScanAI\dataset_manager\clean\skin\hotspot\roboflow__dog-and-cat-skin-disease-identification-2__acute_moist_dermatitis_4935_8_600_jpg.rf.4cbe8aea6b6d22021405051a3b790dcd.jpg,C:\Users\ashis\Desktop\ScanAI\dataset_manager\clean\skin\pyoderma\roboflow__dog-and-cat-skin-disease-identification-2__acute_moist_dermatitis_4935_8_600_jpg.rf.90d082da16fa902e33bfa6d96b6e9fe0.jpg,0
C:\Users\ashis\Desktop\ScanAI\dataset_manager\clean\skin\hotspot\roboflow__dog-and-cat-skin-disease-identification-2__atopic_dermatitis_4935_3_600_jpg.rf.11bf699c9c6b770f0bb274060a4c94aa.jpg,C:\Users\ashis\Desktop\ScanAI\dataset_manager\clean\skin\pyoderma\roboflow__dog-and-cat-skin-disease-identification-2__atopic_dermatitis_4935_3_600_jpg.rf.0e2c85acf9cb43f6e1f22e2f05c765b2.jpg,0
C:\Users\ashis\Desktop\ScanAI\dataset_manager\clean\skin\hotspot\roboflow__dog-and-cat-skin-disease-identification-2__atopic_dermatitis_in_cats_causes_symptoms_and_treatment_4206_webp_jpg.rf.c912316c7978a74bffd0b798c438f9f3.jpg,C:\Users\ashis\Desktop\ScanAI\dataset_manager\clean\skin\pyoderma\roboflow__dog-and-cat-skin-disease-identification-2__atopic_dermatitis_in_cats_causes_symptoms_and_treatment_4206_webp.rf.dc088c20131c51321c3dd5d82a48679e.jpg,0
C:\Users\ashis\Desktop\ScanAI\dataset_manager\clean\skin\hotspot\roboflow__dog-and-cat-skin-disease-identification-2__bac1_jpg.rf.1444c793e02faed8bcee52696dd53ee6.jpg,C:\Users\ashis\Desktop\ScanAI\dataset_manager\clean\skin\pyoderma\roboflow__dog-and-cat-skin-disease-identification-2__bac1_jpg.rf.575e298978d038c771ceef1a932448d0.jpg,0
C:\Users\ashis\Desktop\ScanAI\dataset_manager\clean\skin\hotspot\roboflow__dog-and-cat-skin-disease-identification-2__bac1_jpg.rf.1444c793e02faed8bcee52696dd53ee6.jpg,C:\Users\ashis\Desktop\ScanAI\dataset_manager\clean\skin\pyoderma\roboflow__dog-and-cat-skin-disease-identification-2__bacterial_derm_14_jpg.rf.ff6c1dbf0724288f86ee28154b103863.jpg,0
C:\Users\ashis\Desktop\ScanAI\dataset_manager\clean\skin\hotspot\roboflow__dog-and-cat-skin-disease-identification-2__bac2_jpg.rf.6b51158189695915f7d09239fd56fcc2.jpg,C:\Users\ashis\Desktop\ScanAI\dataset_manager\clean\skin\pyoderma\roboflow__dog-and-cat-skin-disease-identification-2__bac2_jpg.rf.c37aacd1d964b02ca5f4b60860fd89f0.jpg,0
C:\Users\ashis\Desktop\ScanAI\dataset_manager\clean\skin\hotspot\roboflow__dog-and-cat-skin-disease-identification-2__bac2_jpg.rf.6b51158189695915f7d09239fd56fcc2.jpg,C:\Users\ashis\Desktop\ScanAI\dataset_manager\clean\skin\pyoderma\roboflow__dog-and-cat-skin-disease-identification-2__bacterial_derm_17_jpg.rf.0dd3319c5a2e063fd49241e80d013af4.jpg,0
C:\Users\ashis\Desktop\ScanAI\dataset_manager\clean\skin\hotspot\roboflow__dog-and-cat-skin-disease-identification-2__bac2_jpg.rf.c797a451bd9660db45455eed6959f887.jpg,C:\Users\ashis\Desktop\ScanAI\dataset_manager\clean\skin\pyoderma\roboflow__dog-and-cat-skin-disease-identification-2__bac2_jpg.rf.b725ca7e7a7901ad23a83c22c1e7c131.jpg,0
C:\Users\ashis\Desktop\ScanAI\dataset_manager\clean\skin\hotspot\roboflow__dog-and-cat-skin-disease-identification-2__bac2_jpg.rf.c797a451bd9660db45455eed6959f887.jpg,C:\Users\ashis\Desktop\ScanAI\dataset_manager\clean\skin\pyoderma\roboflow__dog-and-cat-skin-disease-identification-2__bacterial_derm_16_jpg.rf.c3341e9ab3e9617ca7b0a29caf84308f.jpg,0
C:\Users\ashis\Desktop\ScanAI\dataset_manager\clean\skin\hotspot\roboflow__dog-and-cat-skin-disease-identification-2__bac3_jpg.rf.d0c908e043e0fd04d64142d6b23c96a5.jpg,C:\Users\ashis\Desktop\ScanAI\dataset_manager\clean\skin\pyoderma\roboflow__dog-and-cat-skin-disease-identification-2__bac3_jpg.rf.67842878bef3f6e6c5e220cd1d808e88.jpg,0
C:\Users\ashis\Desktop\ScanAI\dataset_manager\clean\skin\hotspot\roboflow__dog-and-cat-skin-disease-identification-2__bac3_jpg.rf.d0c908e043e0fd04d64142d6b23c96a5.jpg,C:\Users\ashis\Desktop\ScanAI\dataset_manager\clean\skin\pyoderma\roboflow__dog-and-cat-skin-disease-identification-2__bacterial_derm_20_jpg.rf.67870a08d3715c8bc92218860ca92c08.jpg,0
C:\Users\ashis\Desktop\ScanAI\dataset_manager\clean\skin\hotspot\roboflow__dog-and-cat-skin-disease-identification-2__bac4_png_jpg.rf.1e515c3bc2a4f475b8b590fd8595f925.jpg,C:\Users\ashis\Desktop\ScanAI\dataset_manager\clean\skin\pyoderma\roboflow__dog-and-cat-skin-disease-identification-2__bac4_png_jpg.rf.9eac1b0e1502d7695ce02f2f3ae4d719.jpg,0
C:\Users\ashis\Desktop\ScanAI\dataset_manager\clean\skin\hotspot\roboflow__dog-and-cat-skin-disease-identification-2__bac4_png_jpg.rf.1e515c3bc2a4f475b8b590fd8595f925.jpg,C:\Users\ashis\Desktop\ScanAI\dataset_manager\clean\skin\pyoderma\roboflow__dog-and-cat-skin-disease-identification-2__bacterial_1_jpg.rf.fe208a35a62108ad8e794f9cf82b23e4.jpg,0
C:\Users\ashis\Desktop\ScanAI\dataset_manager\clean\skin\hotspot\roboflow__dog-and-cat-skin-disease-identification-2__bac4_png_jpg.rf.354fc6a32b2abc4f684df21b0618bf50.jpg,C:\Users\ashis\Desktop\ScanAI\dataset_manager\clean\skin\pyoderma\roboflow__dog-and-cat-skin-disease-identification-2__bac4_png_jpg.rf.18662b04a8cd036bf89f4d5fb116bbe8.jpg,0
C:\Users\ashis\Desktop\ScanAI\dataset_manager\clean\skin\hotspot\roboflow__dog-and-cat-skin-disease-identification-2__bac4_png_jpg.rf.354fc6a32b2abc4f684df21b0618bf50.jpg,C:\Users\ashis\Desktop\ScanAI\dataset_manager\clean\skin\pyoderma\roboflow__dog-and-cat-skin-disease-identification-2__bacterial_derm_22_jpg.rf.93a81a3db658e0cfe2a69aacc7b01806.jpg,0
C:\Users\ashis\Desktop\ScanAI\dataset_manager\clean\skin\hotspot\roboflow__dog-and-cat-skin-disease-identification-2__bacc1_jpg.rf.fdd9ef5280617609f1d432338b931276.jpg,C:\Users\ashis\Desktop\ScanAI\dataset_manager\clean\skin\pyoderma\roboflow__dog-and-cat-skin-disease-identification-2__bacc1_jpg.rf.36c1ea616f5ac161ceb162c73be4cc3f.jpg,0
C:\Users\ashis\Desktop\ScanAI\dataset_manager\clean\skin\hotspot\roboflow__dog-and-cat-skin-disease-identification-2__bacc1_jpg.rf.fdd9ef5280617609f1d432338b931276.jpg,C:\Users\ashis\Desktop\ScanAI\dataset_manager\clean\skin\pyoderma\roboflow__dog-and-cat-skin-disease-identification-2__bacterial_5_jpg.rf.0c2ca6a814aeaf1394e05b35132fb6e2.jpg,0
C:\Users\ashis\Desktop\ScanAI\dataset_manager\clean\skin\hotspot\roboflow__dog-and-cat-skin-disease-identification-2__bacc2_jpg.rf.4ff1be143399e022b24defa3a6e0db8a.jpg,C:\Users\ashis\Desktop\ScanAI\dataset_manager\clean\skin\pyoderma\roboflow__dog-and-cat-skin-disease-identification-2__bacc2_jpg.rf.64e84193f6d9ebad3f6ab80926e1a7f2.jpg,0
C:\Users\ashis\Desktop\ScanAI\dataset_manager\clean\skin\hotspot\roboflow__dog-and-cat-skin-disease-identification-2__bacc2_jpg.rf.4ff1be143399e022b24defa3a6e0db8a.jpg,C:\Users\ashis\Desktop\ScanAI\dataset_manager\clean\skin\pyoderma\roboflow__dog-and-cat-skin-disease-identification-2__bacterial_8_jpg.rf.977adf3954893aa76cef86f6c69d3341.jpg,0
C:\Users\ashis\Desktop\ScanAI\dataset_manager\clean\skin\hotspot\roboflow__dog-and-cat-skin-disease-identification-2__bacc2_jpg.rf.ce89c1bb0e2d0692a794b3074c57e127.jpg,C:\Users\ashis\Desktop\ScanAI\dataset_manager\clean\skin\pyoderma\roboflow__dog-and-cat-skin-disease-identification-2__bacc2_jpg.rf.741dc02ffadb898f6040f0ddbd6142da.jpg,0
C:\Users\ashis\Desktop\ScanAI\dataset_manager\clean\skin\hotspot\roboflow__dog-and-cat-skin-disease-identification-2__bacc2_jpg.rf.ce89c1bb0e2d0692a794b3074c57e127.jpg,C:\Users\ashis\Desktop\ScanAI\dataset_manager\clean\skin\pyoderma\roboflow__dog-and-cat-skin-disease-identification-2__bacterial_7_jpg.rf.3a9fa8c518e7fa75cc3649f7b27d9109.jpg,0
C:\Users\ashis\Desktop\ScanAI\dataset_manager\clean\skin\hotspot\roboflow__dog-and-cat-skin-disease-identification-2__bacc3_jpg.rf.2e33885fb25bd55df0a31312b1217426.jpg,C:\Users\ashis\Desktop\ScanAI\dataset_manager\clean\skin\pyoderma\roboflow__dog-and-cat-skin-disease-identification-2__bacc3_jpg.rf.15d72d897c9233ce936ce8735184188a.jpg,0
C:\Users\ashis\Desktop\ScanAI\dataset_manager\clean\skin\hotspot\roboflow__dog-and-cat-skin-disease-identification-2__bacc3_jpg.rf.2e33885fb25bd55df0a31312b1217426.jpg,C:\Users\ashis\Desktop\ScanAI\dataset_manager\clean\skin\pyoderma\roboflow__dog-and-cat-skin-disease-identification-2__bacterial_11_jpg.rf.546495d3f73f9fd08c5cc3fe13706e9e.jpg,0
C:\Users\ashis\Desktop\ScanAI\dataset_manager\clean\skin\hotspot\roboflow__dog-and-cat-skin-disease-identification-2__bacc3_jpg.rf.d6c173ba28b66f5816664941b8a055e8.jpg,C:\Users\ashis\Desktop\ScanAI\dataset_manager\clean\skin\pyoderma\roboflow__dog-and-cat-skin-disease-identification-2__bacc3_jpg.rf.8f121a60cee86cc23fa4058ec3a53f65.jpg,0
C:\Users\ashis\Desktop\ScanAI\dataset_manager\clean\skin\hotspot\roboflow__dog-and-cat-skin-disease-identification-2__bacc3_jpg.rf.d6c173ba28b66f5816664941b8a055e8.jpg,C:\Users\ashis\Desktop\ScanAI\dataset_manager\clean\skin\pyoderma\roboflow__dog-and-cat-skin-disease-identification-2__bacterial_10_jpg.rf.d600b50de3d2781783f35e271ba293db.jpg,0
C:\Users\ashis\Desktop\ScanAI\dataset_manager\clean\skin\hotspot\roboflow__dog-and-cat-skin-disease-identification-2__Bacteria3_png_jpg.rf.b75cc9bac26c589e7f174cf9ed18337e.jpg,C:\Users\ashis\Desktop\ScanAI\dataset_manager\clean\skin\pyoderma\roboflow__dog-and-cat-skin-disease-identification-2__Bacteria3_png_jpg.rf.bfac712ef3f7d30f9207a8986c133087.jpg,0
C:\Users\ashis\Desktop\ScanAI\dataset_manager\clean\skin\hotspot\roboflow__dog-and-cat-skin-disease-identification-2__Bacteria3_png_jpg.rf.b75cc9bac26c589e7f174cf9ed18337e.jpg,C:\Users\ashis\Desktop\ScanAI\dataset_manager\clean\skin\pyoderma\roboflow__dog-and-cat-skin-disease-identification-2__bacterial_12_jpg.rf.b5d5c1e658e1aae44669aadde067722c.jpg,0
C:\Users\ashis\Desktop\ScanAI\dataset_manager\clean\skin\hotspot\roboflow__dog-and-cat-skin-disease-identification-2__Bacteria3_png_jpg.rf.f067c3e76f538f5f0538c970c6f19570.jpg,C:\Users\ashis\Desktop\ScanAI\dataset_manager\clean\skin\pyoderma\roboflow__dog-and-cat-skin-disease-identification-2__Bacteria3_png_jpg.rf.ba4ca1890f8a734b9f8c5ef6fc811908.jpg,0
C:\Users\ashis\Desktop\ScanAI\dataset_manager\clean\skin\hotspot\roboflow__dog-and-cat-skin-disease-identification-2__Bacteria3_png_jpg.rf.f067c3e76f538f5f0538c970c6f19570.jpg,C:\Users\ashis\Desktop\ScanAI\dataset_manager\clean\skin\pyoderma\roboflow__dog-and-cat-skin-disease-identification-2__bacterial_14_jpg.rf.9886e5ea87ed4a20eb7fe6367c378309.jpg,0
C:\Users\ashis\Desktop\ScanAI\dataset_manager\clean\skin\hotspot\roboflow__dog-and-cat-skin-disease-identification-2__bacterial-infection-pustules-ri-livinga-2-300x300_jpg.rf.080833be40bcf66e72df4374d90d52b4.jpg,C:\Users\ashis\Desktop\ScanAI\dataset_manager\clean\skin\pyoderma\roboflow__dog-and-cat-skin-disease-identification-2__bacterial-infection-pustules-ri-livinga-2-300x300_jpg.rf.a26d9452832d1275a0fa3506adc70ecd.jpg,0
C:\Users\ashis\Desktop\ScanAI\dataset_manager\clean\skin\hotspot\roboflow__dog-and-cat-skin-disease-identification-2__bacterial-infection-pustules-ri-livinga-2-300x300_jpg.rf.080833be40bcf66e72df4374d90d52b4.jpg,C:\Users\ashis\Desktop\ScanAI\dataset_manager\clean\skin\pyoderma\roboflow__dog-and-cat-skin-disease-identification-2__bacterial_110_jpg.rf.65756fbb091cdf99a07e7597e283266a.jpg,0
C:\Users\ashis\Desktop\ScanAI\dataset_manager\clean\skin\hotspot\roboflow__dog-and-cat-skin-disease-identification-2__bacterial-skin-infection-s_720250150_jpg.rf.b73f55eb4a258ea6ab796c92c775a996.jpg,C:\Users\ashis\Desktop\ScanAI\dataset_manager\clean\skin\pyoderma\roboflow__dog-and-cat-skin-disease-identification-2__bacterial-skin-infection-s_720250150_jpg.rf.a095ef576e6bdbedb7ecbcd15b9bccfc.jpg,0
C:\Users\ashis\Desktop\ScanAI\dataset_manager\clean\skin\hotspot\roboflow__dog-and-cat-skin-disease-identification-2__bacterial-skin-infection-s_720250150_jpg.rf.b73f55eb4a258ea6ab796c92c775a996.jpg,C:\Users\ashis\Desktop\ScanAI\dataset_manager\clean\skin\pyoderma\roboflow__dog-and-cat-skin-disease-identification-2__bacterial_111_jpg.rf.6a2fbfd935c4db21d7cdef2d2afb8656.jpg,0
C:\Users\ashis\Desktop\ScanAI\dataset_manager\clean\skin\hotspot\roboflow__dog-and-cat-skin-disease-identification-2__Bacterial1_png_jpg.rf.cdd49c636cc1c281d7c0f8b94740e00f.jpg,C:\Users\ashis\Desktop\ScanAI\dataset_manager\clean\skin\pyoderma\roboflow__dog-and-cat-skin-disease-identification-2__Bacterial1_png_jpg.rf.40c3ed8ca848f280aa0335959b453eb2.jpg,0
C:\Users\ashis\Desktop\ScanAI\dataset_manager\clean\skin\hotspot\roboflow__dog-and-cat-skin-disease-identification-2__Bacterial1_png_jpg.rf.cdd49c636cc1c281d7c0f8b94740e00f.jpg,C:\Users\ashis\Desktop\ScanAI\dataset_manager\clean\skin\pyoderma\roboflow__dog-and-cat-skin-disease-identification-2__bacterial_112_jpg.rf.fb3f35e9344efae79036641189aacade.jpg,0
C:\Users\ashis\Desktop\ScanAI\dataset_manager\clean\skin\hotspot\roboflow__dog-and-cat-skin-disease-identification-2__Bacterial1_png_jpg.rf.d8210805cca8e975e43e06b1efd32195.jpg,C:\Users\ashis\Desktop\ScanAI\dataset_manager\clean\skin\pyoderma\roboflow__dog-and-cat-skin-disease-identification-2__Bacterial1_png_jpg.rf.b13fc7b1c4914680ad8be670eaf9d565.jpg,0
C:\Users\ashis\Desktop\ScanAI\dataset_manager\clean\skin\hotspot\roboflow__dog-and-cat-skin-disease-identification-2__Bacterial1_png_jpg.rf.d8210805cca8e975e43e06b1efd32195.jpg,C:\Users\ashis\Desktop\ScanAI\dataset_manager\clean\skin\pyoderma\roboflow__dog-and-cat-skin-disease-identification-2__bacterial_113_jpg.rf.d79642afe5de14991ceaefc1bf946995.jpg,0
C:\Users\ashis\Desktop\ScanAI\dataset_manager\clean\skin\hotspot\roboflow__dog-and-cat-skin-disease-identification-2__bacterial_129_jpg.rf.bd091f46a59495c272ff92eb49a1a295.jpg,C:\Users\ashis\Desktop\ScanAI\dataset_manager\clean\skin\pyoderma\roboflow__dog-and-cat-skin-disease-identification-2__bacterial_131_jpg.rf.99f614e7e189ea73a49b70f9732e699c.jpg,4
C:\Users\ashis\Desktop\ScanAI\dataset_manager\clean\skin\hotspot\roboflow__dog-and-cat-skin-disease-identification-2__bacterial_129_jpg.rf.bd091f46a59495c272ff92eb49a1a295.jpg,C:\Users\ashis\Desktop\ScanAI\dataset_manager\clean\skin\pyoderma\roboflow__dog-and-cat-skin-disease-identification-2__bacterial_135_jpg.rf.72c37a0bba990b46a8fe0612fb0b2fb1.jpg,4
C:\Users\ashis\Desktop\ScanAI\dataset_manager\clean\skin\hotspot\roboflow__dog-and-cat-skin-disease-identification-2__bacterial_140_jpg.rf.d4e28ffeaf0870c1138699d4b4e3cebe.jpg,C:\Users\ashis\Desktop\ScanAI\dataset_manager\clean\skin\pyoderma\roboflow__dog-and-cat-skin-disease-identification-2__bacterial_135_jpg.rf.72c37a0bba990b46a8fe0612fb0b2fb1.jpg,4
C:\Users\ashis\Desktop\ScanAI\dataset_manager\clean\skin\hotspot\roboflow__dog-and-cat-skin-disease-identification-2__bacterial_140_jpg.rf.d4e28ffeaf0870c1138699d4b4e3cebe.jpg,C:\Users\ashis\Desktop\ScanAI\dataset_manager\clean\skin\pyoderma\roboflow__dog-and-cat-skin-disease-identification-2__bacterial_137_jpg.rf.81306bf80bec6424930a377c66e460a1.jpg,2
C:\Users\ashis\Desktop\ScanAI\dataset_manager\clean\skin\hotspot\roboflow__dog-and-cat-skin-disease-identification-2__bacterial_140_jpg.rf.d4e28ffeaf0870c1138699d4b4e3cebe.jpg,C:\Users\ashis\Desktop\ScanAI\dataset_manager\clean\skin\pyoderma\roboflow__dog-and-cat-skin-disease-identification-2__bacterial_139_jpg.rf.68ab5f98d6400ac458256a7f082f122e.jpg,4
C:\Users\ashis\Desktop\ScanAI\dataset_manager\clean\skin\hotspot\roboflow__dog-and-cat-skin-disease-identification-2__Bacterial_1_png_jpg.rf.5116d319581a8faad96f395ea4a576d9.jpg,C:\Users\ashis\Desktop\ScanAI\dataset_manager\clean\skin\pyoderma\roboflow__dog-and-cat-skin-disease-identification-2__bacterial_19_jpg.rf.cc856d538df9ae586c202eea2e23605d.jpg,0
C:\Users\ashis\Desktop\ScanAI\dataset_manager\clean\skin\hotspot\roboflow__dog-and-cat-skin-disease-identification-2__Bacterial_1_png_jpg.rf.5116d319581a8faad96f395ea4a576d9.jpg,C:\Users\ashis\Desktop\ScanAI\dataset_manager\clean\skin\pyoderma\roboflow__dog-and-cat-skin-disease-identification-2__Bacterial_1_png_jpg.rf.7641b72684a216dc7dd96bbca5e0214d.jpg,0
C:\Users\ashis\Desktop\ScanAI\dataset_manager\clean\skin\hotspot\roboflow__dog-and-cat-skin-disease-identification-2__Bacterial_1_png_jpg.rf.70f26a05a6b2073bfca9a076dcb246c5.jpg,C:\Users\ashis\Desktop\ScanAI\dataset_manager\clean\skin\pyoderma\roboflow__dog-and-cat-skin-disease-identification-2__bacterial_18_jpg.rf.2930a827100b522f4e470f2745f2a79f.jpg,0
C:\Users\ashis\Desktop\ScanAI\dataset_manager\clean\skin\hotspot\roboflow__dog-and-cat-skin-disease-identification-2__Bacterial_1_png_jpg.rf.70f26a05a6b2073bfca9a076dcb246c5.jpg,C:\Users\ashis\Desktop\ScanAI\dataset_manager\clean\skin\pyoderma\roboflow__dog-and-cat-skin-disease-identification-2__Bacterial_1_png_jpg.rf.ac970d5a21c7e7c3251fbc93ad00e784.jpg,0
C:\Users\ashis\Desktop\ScanAI\dataset_manager\clean\skin\hotspot\roboflow__dog-and-cat-skin-disease-identification-2__Bacterial_2_jpg.rf.0f563cca59550340f1efb1bd56d2eb6a.jpg,C:\Users\ashis\Desktop\ScanAI\dataset_manager\clean\skin\pyoderma\roboflow__dog-and-cat-skin-disease-identification-2__bacterial_22_jpg.rf.54de1c2356264e47b3cf03b86e4ba434.jpg,0
C:\Users\ashis\Desktop\ScanAI\dataset_manager\clean\skin\hotspot\roboflow__dog-and-cat-skin-disease-identification-2__Bacterial_2_jpg.rf.0f563cca59550340f1efb1bd56d2eb6a.jpg,C:\Users\ashis\Desktop\ScanAI\dataset_manager\clean\skin\pyoderma\roboflow__dog-and-cat-skin-disease-identification-2__Bacterial_2_jpg.rf.815aae40bd47c422fd37b72c3ead3335.jpg,0
C:\Users\ashis\Desktop\ScanAI\dataset_manager\clean\skin\hotspot\roboflow__dog-and-cat-skin-disease-identification-2__Bacterial_2_jpg.rf.d3620d4a79334c0d7737dfa2b54a5637.jpg,C:\Users\ashis\Desktop\ScanAI\dataset_manager\clean\skin\pyoderma\roboflow__dog-and-cat-skin-disease-identification-2__bacterial_21_jpg.rf.23f6059fd5a508cb4f89884a7e54ebe2.jpg,0
C:\Users\ashis\Desktop\ScanAI\dataset_manager\clean\skin\hotspot\roboflow__dog-and-cat-skin-disease-identification-2__Bacterial_2_jpg.rf.d3620d4a79334c0d7737dfa2b54a5637.jpg,C:\Users\ashis\Desktop\ScanAI\dataset_manager\clean\skin\pyoderma\roboflow__dog-and-cat-skin-disease-identification-2__Bacterial_2_jpg.rf.d15dc496c7b0bd4819c40f356380c205.jpg,0
C:\Users\ashis\Desktop\ScanAI\dataset_manager\clean\skin\hotspot\roboflow__dog-and-cat-skin-disease-identification-2__bacterial_Image_1_jpg.rf.83f649b30323c027a4fd2741e692b18b.jpg,C:\Users\ashis\Desktop\ScanAI\dataset_manager\clean\skin\pyoderma\roboflow__dog-and-cat-skin-disease-identification-2__bacterial_25_jpg.rf.ef25ff827c4d1394d713e16b6b203fb2.jpg,0
C:\Users\ashis\Desktop\ScanAI\dataset_manager\clean\skin\hotspot\roboflow__dog-and-cat-skin-disease-identification-2__bacterial_Image_1_jpg.rf.83f649b30323c027a4fd2741e692b18b.jpg,C:\Users\ashis\Desktop\ScanAI\dataset_manager\clean\skin\pyoderma\roboflow__dog-and-cat-skin-disease-identification-2__bacterial_Image_1_jpg.rf.b52f09d31295a1995c894b0e47c5143a.jpg,0
C:\Users\ashis\Desktop\ScanAI\dataset_manager\clean\skin\hotspot\roboflow__dog-and-cat-skin-disease-identification-2__Bacterial_Image_2_jpg.rf.a59d9687a81c42b1f9c902eae65d10fe.jpg,C:\Users\ashis\Desktop\ScanAI\dataset_manager\clean\skin\pyoderma\roboflow__dog-and-cat-skin-disease-identification-2__bacterial5_jpg.rf.e52c2c4605d124ffa6d8848dd2e32357.jpg,0
C:\Users\ashis\Desktop\ScanAI\dataset_manager\clean\skin\hotspot\roboflow__dog-and-cat-skin-disease-identification-2__Bacterial_Image_2_jpg.rf.a59d9687a81c42b1f9c902eae65d10fe.jpg,C:\Users\ashis\Desktop\ScanAI\dataset_manager\clean\skin\pyoderma\roboflow__dog-and-cat-skin-disease-identification-2__bacterial_27_jpg.rf.b916afc2897574a6c79af44f0bf96ee1.jpg,0
C:\Users\ashis\Desktop\ScanAI\dataset_manager\clean\skin\hotspot\roboflow__dog-and-cat-skin-disease-identification-2__Bacterial_Image_2_jpg.rf.a59d9687a81c42b1f9c902eae65d10fe.jpg,C:\Users\ashis\Desktop\ScanAI\dataset_manager\clean\skin\pyoderma\roboflow__dog-and-cat-skin-disease-identification-2__bacterial_36_jpg.rf.da8a492d7cee177a964e7c7e37fbb93f.jpg,2
C:\Users\ashis\Desktop\ScanAI\dataset_manager\clean\skin\hotspot\roboflow__dog-and-cat-skin-disease-identification-2__Bacterial_Image_2_jpg.rf.a59d9687a81c42b1f9c902eae65d10fe.jpg,C:\Users\ashis\Desktop\ScanAI\dataset_manager\clean\skin\pyoderma\roboflow__dog-and-cat-skin-disease-identification-2__Bacterial_Image_2_jpg.rf.a3d5762b162de352c1f386ef303f0a6f.jpg,0
C:\Users\ashis\Desktop\ScanAI\dataset_manager\clean\skin\hotspot\roboflow__dog-and-cat-skin-disease-identification-2__bacterial_Image_3_jpg.rf.365ebb92a93edb8f322449d5f0b86b5b.jpg,C:\Users\ashis\Desktop\ScanAI\dataset_manager\clean\skin\pyoderma\roboflow__dog-and-cat-skin-disease-identification-2__bacterial_32_jpg.rf.f16274d9777794c7ab2fc2450b884dc1.jpg,0
C:\Users\ashis\Desktop\ScanAI\dataset_manager\clean\skin\hotspot\roboflow__dog-and-cat-skin-disease-identification-2__bacterial_Image_3_jpg.rf.365ebb92a93edb8f322449d5f0b86b5b.jpg,C:\Users\ashis\Desktop\ScanAI\dataset_manager\clean\skin\pyoderma\roboflow__dog-and-cat-skin-disease-identification-2__bacterial_Image_3_jpg.rf.e4f9f823eeadcdf3310a6470b819aa1e.jpg,0
C:\Users\ashis\Desktop\ScanAI\dataset_manager\clean\skin\hotspot\roboflow__dog-and-cat-skin-disease-identification-2__bacterial_Image_3_jpg.rf.8b33ee66b6578778437cc3b7f8cd2574.jpg,C:\Users\ashis\Desktop\ScanAI\dataset_manager\clean\skin\pyoderma\roboflow__dog-and-cat-skin-disease-identification-2__bac3_jpg.rf.8d93f661310f858b8fad87152cb71af7.jpg,0
C:\Users\ashis\Desktop\ScanAI\dataset_manager\clean\skin\hotspot\roboflow__dog-and-cat-skin-disease-identification-2__bacterial_Image_3_jpg.rf.8b33ee66b6578778437cc3b7f8cd2574.jpg,C:\Users\ashis\Desktop\ScanAI\dataset_manager\clean\skin\pyoderma\roboflow__dog-and-cat-skin-disease-identification-2__bacterial16_jpg.rf.e790121c5119c7477685ae50f3fd1a71.jpg,0
C:\Users\ashis\Desktop\ScanAI\dataset_manager\clean\skin\hotspot\roboflow__dog-and-cat-skin-disease-identification-2__bacterial_Image_3_jpg.rf.8b33ee66b6578778437cc3b7f8cd2574.jpg,C:\Users\ashis\Desktop\ScanAI\dataset_manager\clean\skin\pyoderma\roboflow__dog-and-cat-skin-disease-identification-2__bacterial_30_jpg.rf.eee94e958e8ce3e9bd14f36134b586f4.jpg,0
C:\Users\ashis\Desktop\ScanAI\dataset_manager\clean\skin\hotspot\roboflow__dog-and-cat-skin-disease-identification-2__bacterial_Image_3_jpg.rf.8b33ee66b6578778437cc3b7f8cd2574.jpg,C:\Users\ashis\Desktop\ScanAI\dataset_manager\clean\skin\pyoderma\roboflow__dog-and-cat-skin-disease-identification-2__bacterial_49_jpg.rf.16ebc2d160ea7194d5439b537c04c9bf.jpg,2
C:\Users\ashis\Desktop\ScanAI\dataset_manager\clean\skin\hotspot\roboflow__dog-and-cat-skin-disease-identification-2__bacterial_Image_3_jpg.rf.8b33ee66b6578778437cc3b7f8cd2574.jpg,C:\Users\ashis\Desktop\ScanAI\dataset_manager\clean\skin\pyoderma\roboflow__dog-and-cat-skin-disease-identification-2__bacterial_derm_21_jpg.rf.420b9b120b2ffd42ee76697fd5351ea4.jpg,0
C:\Users\ashis\Desktop\ScanAI\dataset_manager\clean\skin\hotspot\roboflow__dog-and-cat-skin-disease-identification-2__bacterial_Image_3_jpg.rf.8b33ee66b6578778437cc3b7f8cd2574.jpg,C:\Users\ashis\Desktop\ScanAI\dataset_manager\clean\skin\pyoderma\roboflow__dog-and-cat-skin-disease-identification-2__bacterial_Image_3_jpg.rf.e6e24751d4a2ffaaaf1fc292a8ed4aed.jpg,0
C:\Users\ashis\Desktop\ScanAI\dataset_manager\clean\skin\hotspot\roboflow__dog-and-cat-skin-disease-identification-2__bacterial_Image_3_jpg.rf.dee042819f186176e1f38e749ae2851f.jpg,C:\Users\ashis\Desktop\ScanAI\dataset_manager\clean\skin\pyoderma\roboflow__dog-and-cat-skin-disease-identification-2__bacterial_31_jpg.rf.5fbc5324a4bed617f91cbfc14b42e692.jpg,0
C:\Users\ashis\Desktop\ScanAI\dataset_manager\clean\skin\hotspot\roboflow__dog-and-cat-skin-disease-identification-2__bacterial_Image_3_jpg.rf.dee042819f186176e1f38e749ae2851f.jpg,C:\Users\ashis\Desktop\ScanAI\dataset_manager\clean\skin\pyoderma\roboflow__dog-and-cat-skin-disease-identification-2__bacterial_Image_3_jpg.rf.5688dfbec3d295955ece6b5f050bd67a.jpg,0
C:\Users\ashis\Desktop\ScanAI\dataset_manager\clean\skin\hotspot\roboflow__dog-and-cat-skin-disease-identification-2__bacterial_Image_4_jpg.rf.91fea8d85093f99f845b49f3c803c795.jpg,C:\Users\ashis\Desktop\ScanAI\dataset_manager\clean\skin\pyoderma\roboflow__dog-and-cat-skin-disease-identification-2__bacterial_34_jpg.rf.de785864aa32406ff1742bc14adebdf5.jpg,0
C:\Users\ashis\Desktop\ScanAI\dataset_manager\clean\skin\hotspot\roboflow__dog-and-cat-skin-disease-identification-2__bacterial_Image_4_jpg.rf.91fea8d85093f99f845b49f3c803c795.jpg,C:\Users\ashis\Desktop\ScanAI\dataset_manager\clean\skin\pyoderma\roboflow__dog-and-cat-skin-disease-identification-2__bacterial_Image_4_jpg.rf.a85fe6f48827097e0c833c2ee72584a0.jpg,0
C:\Users\ashis\Desktop\ScanAI\dataset_manager\clean\skin\hotspot\roboflow__dog-and-cat-skin-disease-identification-2__bacterial_Image_4_jpg.rf.ea4f89db5159f969d0404601c825fc3b.jpg,C:\Users\ashis\Desktop\ScanAI\dataset_manager\clean\skin\pyoderma\roboflow__dog-and-cat-skin-disease-identification-2__bacterial_33_jpg.rf.dbdb2257eac1c0c1d518079a8c9e9a1c.jpg,0
C:\Users\ashis\Desktop\ScanAI\dataset_manager\clean\skin\hotspot\roboflow__dog-and-cat-skin-disease-identification-2__bacterial_Image_4_jpg.rf.ea4f89db5159f969d0404601c825fc3b.jpg,C:\Users\ashis\Desktop\ScanAI\dataset_manager\clean\skin\pyoderma\roboflow__dog-and-cat-skin-disease-identification-2__bacterial_Image_4_jpg.rf.6e9ca0a676f48fee89c2b98e67b4627f.jpg,0
C:\Users\ashis\Desktop\ScanAI\dataset_manager\clean\skin\hotspot\roboflow__dog-and-cat-skin-disease-identification-2__black-spots-hair-loss-bacterial-infection-dr-spiegel-440_jpg.rf.152f0a2d1f90df3956be48a7b009fc09.jpg,C:\Users\ashis\Desktop\ScanAI\dataset_manager\clean\skin\pyoderma\roboflow__dog-and-cat-skin-disease-identification-2__black-spots-hair-loss-bacterial-infection-dr-spiegel-440_jpg.rf.1a1039c0033757677f6eefd894e8774d.jpg,0
C:\Users\ashis\Desktop\ScanAI\dataset_manager\clean\skin\hotspot\roboflow__dog-and-cat-skin-disease-identification-2__black-spots-infection-191861127511_jpg.rf.41a50e30a9000666c7e1f3b0029a2fd5.jpg,C:\Users\ashis\Desktop\ScanAI\dataset_manager\clean\skin\pyoderma\roboflow__dog-and-cat-skin-disease-identification-2__black-spots-infection-191861127511_jpg.rf.33e362d368ec82dff91521dc999b6a26.jpg,0
C:\Users\ashis\Desktop\ScanAI\dataset_manager\clean\skin\hotspot\roboflow__dog-and-cat-skin-disease-identification-2__contact_dermatitis_4935_9_600_jpg.rf.7358680037b9b83b4b6fff38dc2206f4.jpg,C:\Users\ashis\Desktop\ScanAI\dataset_manager\clean\skin\pyoderma\roboflow__dog-and-cat-skin-disease-identification-2__contact_dermatitis_4935_9_600_jpg.rf.82e3082fbaf44a0e2a0f6e1406924a46.jpg,0
C:\Users\ashis\Desktop\ScanAI\dataset_manager\clean\skin\hotspot\roboflow__dog-and-cat-skin-disease-identification-2__Copy-of-hot_sp_0_jpg.rf.33f244087ca4193f56fa887a77c2a062.jpg,C:\Users\ashis\Desktop\ScanAI\dataset_manager\clean\skin\pyoderma\roboflow__dog-and-cat-skin-disease-identification-2__bacterial_176_jpg.rf.f5aa7ca0e251ae95bc2e1406564b24df.jpg,2
C:\Users\ashis\Desktop\ScanAI\dataset_manager\clean\skin\hotspot\roboflow__dog-and-cat-skin-disease-identification-2__Copy-of-hot_sp_0_jpg.rf.33f244087ca4193f56fa887a77c2a062.jpg,C:\Users\ashis\Desktop\ScanAI\dataset_manager\clean\skin\pyoderma\roboflow__dog-and-cat-skin-disease-identification-2__bacterial_261_jpg.rf.812d4e2fe16a5975e7b33924ae367160.jpg,0
C:\Users\ashis\Desktop\ScanAI\dataset_manager\clean\skin\hotspot\roboflow__dog-and-cat-skin-disease-identification-2__Copy-of-hot_sp_0_jpg.rf.33f244087ca4193f56fa887a77c2a062.jpg,C:\Users\ashis\Desktop\ScanAI\dataset_manager\clean\skin\pyoderma\roboflow__dog-and-cat-skin-disease-identification-2__bacterial_derm_26_jpg.rf.6df360f9c0bd7e2760cb4971bae79609.jpg,2
C:\Users\ashis\Desktop\ScanAI\dataset_manager\clean\skin\hotspot\roboflow__dog-and-cat-skin-disease-identification-2__Copy-of-hot_sp_10_jpg.rf.ee93a906995931617aa16a6e788f7bd9.jpg,C:\Users\ashis\Desktop\ScanAI\dataset_manager\clean\skin\pyoderma\roboflow__dog-and-cat-skin-disease-identification-2__bacterial_189_jpg.rf.e112d9b29eaf8f5d90a3d4e4169eddaa.jpg,0
C:\Users\ashis\Desktop\ScanAI\dataset_manager\clean\skin\hotspot\roboflow__dog-and-cat-skin-disease-identification-2__Copy-of-hot_sp_12_jpg.rf.c223b91d179d273ff10ca35cd242da42.jpg,C:\Users\ashis\Desktop\ScanAI\dataset_manager\clean\skin\pyoderma\roboflow__dog-and-cat-skin-disease-identification-2__bacterial_194_jpg.rf.2a3f0ed61d2bd7666275abe302f07ec1.jpg,0
C:\Users\ashis\Desktop\ScanAI\dataset_manager\clean\skin\hotspot\roboflow__dog-and-cat-skin-disease-identification-2__Copy-of-hot_sp_13_jpg.rf.155b1f2ed7458dfd6aec6863f95d2f49.jpg,C:\Users\ashis\Desktop\ScanAI\dataset_manager\clean\skin\pyoderma\roboflow__dog-and-cat-skin-disease-identification-2__bacterial_195_jpg.rf.07a3022b4d36d954db262d2e89d29f74.jpg,0
C:\Users\ashis\Desktop\ScanAI\dataset_manager\clean\skin\hotspot\roboflow__dog-and-cat-skin-disease-identification-2__Copy-of-hot_sp_15_jpg.rf.fe6d6fa651755d365e939c5d2421379e.jpg,C:\Users\ashis\Desktop\ScanAI\dataset_manager\clean\skin\pyoderma\roboflow__dog-and-cat-skin-disease-identification-2__bacterial_201_jpg.rf.3686cf8b50c71aa45129e35037e63e24.jpg,0
C:\Users\ashis\Desktop\ScanAI\dataset_manager\clean\skin\hotspot\roboflow__dog-and-cat-skin-disease-identification-2__Copy-of-hot_sp_15_jpg.rf.fe6d6fa651755d365e939c5d2421379e.jpg,C:\Users\ashis\Desktop\ScanAI\dataset_manager\clean\skin\pyoderma\roboflow__dog-and-cat-skin-disease-identification-2__bacterial_derm_40_jpg.rf.c04deea24736306bb60efc5294cbb470.jpg,2
C:\Users\ashis\Desktop\ScanAI\dataset_manager\clean\skin\hotspot\roboflow__dog-and-cat-skin-disease-identification-2__Copy-of-hot_sp_16_jpg.rf.4d4d4ed66ab08e8d00eea9f8c0e30250.jpg,C:\Users\ashis\Desktop\ScanAI\dataset_manager\clean\skin\pyoderma\roboflow__dog-and-cat-skin-disease-identification-2__bacterial_267_jpg.rf.7d045ea0d989f4102623b9bd50e63530.jpg,0
C:\Users\ashis\Desktop\ScanAI\dataset_manager\clean\skin\hotspot\roboflow__dog-and-cat-skin-disease-identification-2__Copy-of-hot_sp_18_jpg.rf.0076e11c0bd5ee4f5b64d0bc253ccac8.jpg,C:\Users\ashis\Desktop\ScanAI\dataset_manager\clean\skin\pyoderma\roboflow__dog-and-cat-skin-disease-identification-2__bacterial_270_jpg.rf.790134c1979fefc5ab5a36c8d9ac7ea1.jpg,0
C:\Users\ashis\Desktop\ScanAI\dataset_manager\clean\skin\hotspot\roboflow__dog-and-cat-skin-disease-identification-2__Copy-of-hot_sp_18_jpg.rf.0076e11c0bd5ee4f5b64d0bc253ccac8.jpg,C:\Users\ashis\Desktop\ScanAI\dataset_manager\clean\skin\pyoderma\roboflow__dog-and-cat-skin-disease-identification-2__bacterial_derm_42_jpg.rf.c3eba83fb2adde8ac1e071d4dff4f672.jpg,0
C:\Users\ashis\Desktop\ScanAI\dataset_manager\clean\skin\hotspot\roboflow__dog-and-cat-skin-disease-identification-2__Copy-of-hot_sp_19_jpg.rf.42731a6a64bb781275c6ea6d485ed49b.jpg,C:\Users\ashis\Desktop\ScanAI\dataset_manager\clean\skin\pyoderma\roboflow__dog-and-cat-skin-disease-identification-2__bacterial_206_jpg.rf.848e852cd22a2169524db2a6f2841699.jpg,0
C:\Users\ashis\Desktop\ScanAI\dataset_manager\clean\skin\hotspot\roboflow__dog-and-cat-skin-disease-identification-2__Copy-of-hot_sp_19_jpg.rf.42731a6a64bb781275c6ea6d485ed49b.jpg,C:\Users\ashis\Desktop\ScanAI\dataset_manager\clean\skin\pyoderma\roboflow__dog-and-cat-skin-disease-identification-2__bacterial_272_jpg.rf.ef781fb5b5414c4d9c4abc912c516280.jpg,0
C:\Users\ashis\Desktop\ScanAI\dataset_manager\clean\skin\hotspot\roboflow__dog-and-cat-skin-disease-identification-2__Copy-of-hot_sp_19_jpg.rf.42731a6a64bb781275c6ea6d485ed49b.jpg,C:\Users\ashis\Desktop\ScanAI\dataset_manager\clean\skin\pyoderma\roboflow__dog-and-cat-skin-disease-identification-2__bacterial_derm_44_jpg.rf.6bcc1cd071bfb3d73394933489a82932.jpg,0
C:\Users\ashis\Desktop\ScanAI\dataset_manager\clean\skin\hotspot\roboflow__dog-and-cat-skin-disease-identification-2__Copy-of-hot_sp_20_jpg.rf.b63f702b42e0ad0b522fbc2c8702cd81.jpg,C:\Users\ashis\Desktop\ScanAI\dataset_manager\clean\skin\pyoderma\roboflow__dog-and-cat-skin-disease-identification-2__bacterial_208_jpg.rf.53543f5e91de1ca3a2c4338f7b969de8.jpg,0
C:\Users\ashis\Desktop\ScanAI\dataset_manager\clean\skin\hotspot\roboflow__dog-and-cat-skin-disease-identification-2__Copy-of-hot_sp_20_jpg.rf.b63f702b42e0ad0b522fbc2c8702cd81.jpg,C:\Users\ashis\Desktop\ScanAI\dataset_manager\clean\skin\pyoderma\roboflow__dog-and-cat-skin-disease-identification-2__bacterial_274_jpg.rf.3f3c5b0259fef329e5d8e8065153573a.jpg,0
C:\Users\ashis\Desktop\ScanAI\dataset_manager\clean\skin\hotspot\roboflow__dog-and-cat-skin-disease-identification-2__Copy-of-hot_sp_21_jpg.rf.23c05c7b5bfdcfdcb406c08ba976910c.jpg,C:\Users\ashis\Desktop\ScanAI\dataset_manager\clean\skin\pyoderma\roboflow__dog-and-cat-skin-disease-identification-2__bacterial_276_jpg.rf.2a30d21721d94e4d6e1d3a81001c21e7.jpg,2
C:\Users\ashis\Desktop\ScanAI\dataset_manager\clean\skin\hotspot\roboflow__dog-and-cat-skin-disease-identification-2__Copy-of-hot_sp_22_jpg.rf.8fac13fa1019dcd30f3bc2387d8b6957.jpg,C:\Users\ashis\Desktop\ScanAI\dataset_manager\clean\skin\pyoderma\roboflow__dog-and-cat-skin-disease-identification-2__bacterial_215_jpg.rf.f76c0f33e535704463306ffb7a004042.jpg,0
C:\Users\ashis\Desktop\ScanAI\dataset_manager\clean\skin\hotspot\roboflow__dog-and-cat-skin-disease-identification-2__Copy-of-hot_sp_22_jpg.rf.8fac13fa1019dcd30f3bc2387d8b6957.jpg,C:\Users\ashis\Desktop\ScanAI\dataset_manager\clean\skin\pyoderma\roboflow__dog-and-cat-skin-disease-identification-2__bacterial_278_jpg.rf.35a6f6b0d3e4d3841bce06b63535a5da.jpg,0
C:\Users\ashis\Desktop\ScanAI\dataset_manager\clean\skin\hotspot\roboflow__dog-and-cat-skin-disease-identification-2__Copy-of-hot_sp_22_jpg.rf.8fac13fa1019dcd30f3bc2387d8b6957.jpg,C:\Users\ashis\Desktop\ScanAI\dataset_manager\clean\skin\pyoderma\roboflow__dog-and-cat-skin-disease-identification-2__bacterial_89_jpg.rf.bb9eeab48917eab6440f041fc345f016.jpg,0
C:\Users\ashis\Desktop\ScanAI\dataset_manager\clean\skin\hotspot\roboflow__dog-and-cat-skin-disease-identification-2__Copy-of-hot_sp_24_jpg.rf.b9a70256a24f06c51b27ca2623a5e037.jpg,C:\Users\ashis\Desktop\ScanAI\dataset_manager\clean\skin\pyoderma\roboflow__dog-and-cat-skin-disease-identification-2__bacterial_91_jpg.rf.92a25d7216c9e2ca40e276fde40f8190.jpg,2
C:\Users\ashis\Desktop\ScanAI\dataset_manager\clean\skin\hotspot\roboflow__dog-and-cat-skin-disease-identification-2__Copy-of-hot_sp_25_jpg.rf.e9d7ffec99ed43cd878b047ae0993e5a.jpg,C:\Users\ashis\Desktop\ScanAI\dataset_manager\clean\skin\pyoderma\roboflow__dog-and-cat-skin-disease-identification-2__bacterial_92_jpg.rf.629ebe7f6a76905feaef6a4db8661c46.jpg,2
C:\Users\ashis\Desktop\ScanAI\dataset_manager\clean\skin\hotspot\roboflow__dog-and-cat-skin-disease-identification-2__Copy-of-hot_sp_26_jpg.rf.92cfb6cec3ab48ab193f2f53421db1ab.jpg,C:\Users\ashis\Desktop\ScanAI\dataset_manager\clean\skin\pyoderma\roboflow__dog-and-cat-skin-disease-identification-2__bacterial_221_jpg.rf.f901ae30b5a61d369030bfad728e1867.jpg,0
C:\Users\ashis\Desktop\ScanAI\dataset_manager\clean\skin\hotspot\roboflow__dog-and-cat-skin-disease-identification-2__Copy-of-hot_sp_26_jpg.rf.92cfb6cec3ab48ab193f2f53421db1ab.jpg,C:\Users\ashis\Desktop\ScanAI\dataset_manager\clean\skin\pyoderma\roboflow__dog-and-cat-skin-disease-identification-2__bacterial_281_jpg.rf.536616657ebcf1b1568b264868d961ac.jpg,0
C:\Users\ashis\Desktop\ScanAI\dataset_manager\clean\skin\hotspot\roboflow__dog-and-cat-skin-disease-identification-2__Copy-of-hot_sp_26_jpg.rf.92cfb6cec3ab48ab193f2f53421db1ab.jpg,C:\Users\ashis\Desktop\ScanAI\dataset_manager\clean\skin\pyoderma\roboflow__dog-and-cat-skin-disease-identification-2__bacterial_95_jpg.rf.dab6587ab1689a4643efecc89fc6593c.jpg,0
C:\Users\ashis\Desktop\ScanAI\dataset_manager\clean\skin\hotspot\roboflow__dog-and-cat-skin-disease-identification-2__Copy-of-hot_sp_27_jpg.rf.c09b534d77811b12f70a1a38a8b206cb.jpg,C:\Users\ashis\Desktop\ScanAI\dataset_manager\clean\skin\pyoderma\roboflow__dog-and-cat-skin-disease-identification-2__bacterial_283_jpg.rf.78b4aae2239c2260ee0e96afaca3f7d7.jpg,0
C:\Users\ashis\Desktop\ScanAI\dataset_manager\clean\skin\hotspot\roboflow__dog-and-cat-skin-disease-identification-2__Copy-of-hot_sp_27_jpg.rf.c09b534d77811b12f70a1a38a8b206cb.jpg,C:\Users\ashis\Desktop\ScanAI\dataset_manager\clean\skin\pyoderma\roboflow__dog-and-cat-skin-disease-identification-2__bacterial_285_jpg.rf.009c1efc0659ea8fe8b212e673ed7f5c.jpg,2
C:\Users\ashis\Desktop\ScanAI\dataset_manager\clean\skin\hotspot\roboflow__dog-and-cat-skin-disease-identification-2__Copy-of-hot_sp_28_jpg.rf.9ea54930b866831727988f6ab01d91ce.jpg,C:\Users\ashis\Desktop\ScanAI\dataset_manager\clean\skin\pyoderma\roboflow__dog-and-cat-skin-disease-identification-2__bacterial_226_jpg.rf.4a4c9a89ea436f0d1c46b2fe8a1ad011.jpg,0
C:\Users\ashis\Desktop\ScanAI\dataset_manager\clean\skin\hotspot\roboflow__dog-and-cat-skin-disease-identification-2__Copy-of-hot_sp_28_jpg.rf.9ea54930b866831727988f6ab01d91ce.jpg,C:\Users\ashis\Desktop\ScanAI\dataset_manager\clean\skin\pyoderma\roboflow__dog-and-cat-skin-disease-identification-2__bacterial_286_jpg.rf.6bafc9103db10fac9cb62920dfe747af.jpg,0
C:\Users\ashis\Desktop\ScanAI\dataset_manager\clean\skin\hotspot\roboflow__dog-and-cat-skin-disease-identification-2__Copy-of-hot_sp_2_jpg.rf.45e7d5569fc9e6d4d0adaa7c605610fc.jpg,C:\Users\ashis\Desktop\ScanAI\dataset_manager\clean\skin\pyoderma\roboflow__dog-and-cat-skin-disease-identification-2__bacterial_178_jpg.rf.72b117ddc067194cc4326154bcc2088c.jpg,2
C:\Users\ashis\Desktop\ScanAI\dataset_manager\clean\skin\hotspot\roboflow__dog-and-cat-skin-disease-identification-2__Copy-of-hot_sp_2_jpg.rf.45e7d5569fc9e6d4d0adaa7c605610fc.jpg,C:\Users\ashis\Desktop\ScanAI\dataset_manager\clean\skin\pyoderma\roboflow__dog-and-cat-skin-disease-identification-2__bacterial_289_jpg.rf.ba7753724c152be4300245d7c9d15ef0.jpg,0
C:\Users\ashis\Desktop\ScanAI\dataset_manager\clean\skin\hotspot\roboflow__dog-and-cat-skin-disease-identification-2__Copy-of-hot_sp_30_jpg.rf.ce10f979ba64a152477802c95162f963.jpg,C:\Users\ashis\Desktop\ScanAI\dataset_manager\clean\skin\pyoderma\roboflow__dog-and-cat-skin-disease-identification-2__bacterial_229_jpg.rf.8b14d5f03bf55261d4c6dccebb3914e1.jpg,0
C:\Users\ashis\Desktop\ScanAI\dataset_manager\clean\skin\hotspot\roboflow__dog-and-cat-skin-disease-identification-2__Copy-of-hot_sp_30_jpg.rf.ce10f979ba64a152477802c95162f963.jpg,C:\Users\ashis\Desktop\ScanAI\dataset_manager\clean\skin\pyoderma\roboflow__dog-and-cat-skin-disease-identification-2__bacterial_291_jpg.rf.a69eadc56c1dca9ac1a82c9b15c4532c.jpg,0
C:\Users\ashis\Desktop\ScanAI\dataset_manager\clean\skin\hotspot\roboflow__dog-and-cat-skin-disease-identification-2__Copy-of-hot_sp_31_jpg.rf.1cd097770f31d9c47332d17bd38c5b7b.jpg,C:\Users\ashis\Desktop\ScanAI\dataset_manager\clean\skin\pyoderma\roboflow__dog-and-cat-skin-disease-identification-2__bacterial_236_jpg.rf.fe996b05466f3ce46b1b1b32a1ed88b5.jpg,0
C:\Users\ashis\Desktop\ScanAI\dataset_manager\clean\skin\hotspot\roboflow__dog-and-cat-skin-disease-identification-2__Copy-of-hot_sp_3_jpg.rf.d78d503d31956f9793bd4d72bce6e84c.jpg,C:\Users\ashis\Desktop\ScanAI\dataset_manager\clean\skin\pyoderma\roboflow__dog-and-cat-skin-disease-identification-2__bacterial_306_jpg.rf.7280c5be620a8ba3e66e6ddead863dc2.jpg,0
C:\Users\ashis\Desktop\ScanAI\dataset_manager\clean\skin\hotspot\roboflow__dog-and-cat-skin-disease-identification-2__Copy-of-hot_sp_3_jpg.rf.d78d503d31956f9793bd4d72bce6e84c.jpg,C:\Users\ashis\Desktop\ScanAI\dataset_manager\clean\skin\pyoderma\roboflow__dog-and-cat-skin-disease-identification-2__bacterial_97_jpg.rf.8dd4ce84c5264431ec20510fdec8ad50.jpg,0
C:\Users\ashis\Desktop\ScanAI\dataset_manager\clean\skin\hotspot\roboflow__dog-and-cat-skin-disease-identification-2__Copy-of-hot_sp_3_jpg.rf.d78d503d31956f9793bd4d72bce6e84c.jpg,C:\Users\ashis\Desktop\ScanAI\dataset_manager\clean\skin\pyoderma\roboflow__dog-and-cat-skin-disease-identification-2__bacterial_derm_6_jpg.rf.81ea9d919ce5f608f3070a879fdd34c1.jpg,0
C:\Users\ashis\Desktop\ScanAI\dataset_manager\clean\skin\hotspot\roboflow__dog-and-cat-skin-disease-identification-2__Copy-of-hot_sp_5_jpg.rf.f93556fb665ea03e1cf18332b310990b.jpg,C:\Users\ashis\Desktop\ScanAI\dataset_manager\clean\skin\pyoderma\roboflow__dog-and-cat-skin-disease-identification-2__bacterial_180_jpg.rf.a63fb9365b317fdc783b7b00fbd6d1d8.jpg,0
C:\Users\ashis\Desktop\ScanAI\dataset_manager\clean\skin\hotspot\roboflow__dog-and-cat-skin-disease-identification-2__Copy-of-hot_sp_8_jpg.rf.e966cc1b3dd1aad3a43065303844aad6.jpg,C:\Users\ashis\Desktop\ScanAI\dataset_manager\clean\skin\pyoderma\roboflow__dog-and-cat-skin-disease-identification-2__bacterial_183_jpg.rf.e2b9d2a0036b2a6b49b992f0c897d54c.jpg,0
C:\Users\ashis\Desktop\ScanAI\dataset_manager\clean\skin\hotspot\roboflow__dog-and-cat-skin-disease-identification-2__Copy-of-hot_sp_8_jpg.rf.e966cc1b3dd1aad3a43065303844aad6.jpg,C:\Users\ashis\Desktop\ScanAI\dataset_manager\clean\skin\pyoderma\roboflow__dog-and-cat-skin-disease-identification-2__bacterial_264_jpg.rf.c03d878e2530aec9ada052f8268a3f65.jpg,0
C:\Users\ashis\Desktop\ScanAI\dataset_manager\clean\skin\hotspot\roboflow__dog-and-cat-skin-disease-identification-2__Copy-of-hot_sp_8_jpg.rf.e966cc1b3dd1aad3a43065303844aad6.jpg,C:\Users\ashis\Desktop\ScanAI\dataset_manager\clean\skin\pyoderma\roboflow__dog-and-cat-skin-disease-identification-2__bacterial_derm_34_jpg.rf.3b10703a9ba597586cab6cd3a1c1f62d.jpg,0
C:\Users\ashis\Desktop\ScanAI\dataset_manager\clean\skin\hotspot\roboflow__dog-and-cat-skin-disease-identification-2__Copy-of-hot_sp_9_jpg.rf.ea4955897b381f4ca9f69ebb8e46ea1d.jpg,C:\Users\ashis\Desktop\ScanAI\dataset_manager\clean\skin\pyoderma\roboflow__dog-and-cat-skin-disease-identification-2__bacterial_266_jpg.rf.084e7987292e41bc972a9c2ba95b6506.jpg,0
C:\Users\ashis\Desktop\ScanAI\dataset_manager\clean\skin\hotspot\roboflow__dog-and-cat-skin-disease-identification-2__Copy-of-hot_sp_9_jpg.rf.ea4955897b381f4ca9f69ebb8e46ea1d.jpg,C:\Users\ashis\Desktop\ScanAI\dataset_manager\clean\skin\pyoderma\roboflow__dog-and-cat-skin-disease-identification-2__bacterial_derm_37_jpg.rf.6d3340a9ea7b5419968fd53ec34c1beb.jpg,2
C:\Users\ashis\Desktop\ScanAI\dataset_manager\clean\skin\hotspot\roboflow__dog-and-cat-skin-disease-identification-2__dfzg_jpg.rf.d84d1916fc3def4dd5a559d0268e58a0.jpg,C:\Users\ashis\Desktop\ScanAI\dataset_manager\clean\skin\pyoderma\roboflow__dog-and-cat-skin-disease-identification-2__dfzg_jpg.rf.3583af228d182252ef03f631895de557.jpg,2
C:\Users\ashis\Desktop\ScanAI\dataset_manager\clean\skin\hotspot\roboflow__dog-and-cat-skin-disease-identification-2__Dog-hot-spot_jpg.rf.355a875da54358607972f61a4d783823.jpg,C:\Users\ashis\Desktop\ScanAI\dataset_manager\clean\skin\pyoderma\roboflow__dog-and-cat-skin-disease-identification-2__bacterial_226_jpg.rf.4a4c9a89ea436f0d1c46b2fe8a1ad011.jpg,0
C:\Users\ashis\Desktop\ScanAI\dataset_manager\clean\skin\hotspot\roboflow__dog-and-cat-skin-disease-identification-2__Dog-hot-spot_jpg.rf.355a875da54358607972f61a4d783823.jpg,C:\Users\ashis\Desktop\ScanAI\dataset_manager\clean\skin\pyoderma\roboflow__dog-and-cat-skin-disease-identification-2__bacterial_286_jpg.rf.6bafc9103db10fac9cb62920dfe747af.jpg,0
C:\Users\ashis\Desktop\ScanAI\dataset_manager\clean\skin\hotspot\roboflow__dog-and-cat-skin-disease-identification-2__fly_strike_dermatitis_in_dogs_4935_6_600_jpg.rf.4933cc8be62042f7b24ac35cd0b41aae.jpg,C:\Users\ashis\Desktop\ScanAI\dataset_manager\clean\skin\pyoderma\roboflow__dog-and-cat-skin-disease-identification-2__fly_strike_dermatitis_in_dogs_4935_6_600_jpg.rf.ff4de4d3bcc7cd428af5d38cd76dc3b6.jpg,0
C:\Users\ashis\Desktop\ScanAI\dataset_manager\clean\skin\hotspot\roboflow__dog-and-cat-skin-disease-identification-2__folliculitis-two-spiegel_jpg.rf.56e9a5d4798bd95fd45342d6aec76268.jpg,C:\Users\ashis\Desktop\ScanAI\dataset_manager\clean\skin\pyoderma\roboflow__dog-and-cat-skin-disease-identification-2__bacterial_115_jpg.rf.5ce7437e29d0674ba361099009980c64.jpg,0
C:\Users\ashis\Desktop\ScanAI\dataset_manager\clean\skin\hotspot\roboflow__dog-and-cat-skin-disease-identification-2__folliculitis-two-spiegel_jpg.rf.56e9a5d4798bd95fd45342d6aec76268.jpg,C:\Users\ashis\Desktop\ScanAI\dataset_manager\clean\skin\pyoderma\roboflow__dog-and-cat-skin-disease-identification-2__folliculitis-two-spiegel_jpg.rf.98e51ee64543f4bf39e92c2d799ef82a.jpg,0
C:\Users\ashis\Desktop\ScanAI\dataset_manager\clean\skin\hotspot\roboflow__dog-and-cat-skin-disease-identification-2__food_allergy_dermatitis_4935_5_600_jpg.rf.5c0983159e289de652667da19aa65d35.jpg,C:\Users\ashis\Desktop\ScanAI\dataset_manager\clean\skin\pyoderma\roboflow__dog-and-cat-skin-disease-identification-2__food_allergy_dermatitis_4935_5_600_jpg.rf.4a56c3820d9fa5991743affea4d1f21f.jpg,0
C:\Users\ashis\Desktop\ScanAI\dataset_manager\clean\skin\hotspot\roboflow__dog-and-cat-skin-disease-identification-2__fungal_dermatitis_4935_11_600_webp_jpg.rf.0ecf01e8d568a4120b1bc9f35c6b22e4.jpg,C:\Users\ashis\Desktop\ScanAI\dataset_manager\clean\skin\pyoderma\roboflow__dog-and-cat-skin-disease-identification-2__fungal_dermatitis_4935_11_600_webp.rf.55a3c2b38be1d7f00c494b2cfd78d40c.jpg,0
C:\Users\ashis\Desktop\ScanAI\dataset_manager\clean\skin\hotspot\roboflow__dog-and-cat-skin-disease-identification-2__fxgh_jpg.rf.5193584174870170e075273d9ae212b3.jpg,C:\Users\ashis\Desktop\ScanAI\dataset_manager\clean\skin\pyoderma\roboflow__dog-and-cat-skin-disease-identification-2__fxgh_jpg.rf.ed702be165d2716a777a8bbec1640e6d.jpg,0
C:\Users\ashis\Desktop\ScanAI\dataset_manager\clean\skin\hotspot\roboflow__dog-and-cat-skin-disease-identification-2__hot-spot-dog-paw-sh_1862261590_jpg.rf.08b766874b066d0ebba08581e185f0bf.jpg,C:\Users\ashis\Desktop\ScanAI\dataset_manager\clean\skin\pyoderma\roboflow__dog-and-cat-skin-disease-identification-2__bacterial_116_jpg.rf.25b9723ffae0c6855e4821362c313032.jpg,0
C:\Users\ashis\Desktop\ScanAI\dataset_manager\clean\skin\hotspot\roboflow__dog-and-cat-skin-disease-identification-2__hot-spot-dog-paw-sh_1862261590_jpg.rf.08b766874b066d0ebba08581e185f0bf.jpg,C:\Users\ashis\Desktop\ScanAI\dataset_manager\clean\skin\pyoderma\roboflow__dog-and-cat-skin-disease-identification-2__hot-spot-dog-paw-sh_1862261590_jpg.rf.8f6b88385a86ad8b24892bc4b0a24da1.jpg,0
C:\Users\ashis\Desktop\ScanAI\dataset_manager\clean\skin\hotspot\roboflow__dog-and-cat-skin-disease-identification-2__HOT-SPOT-IN-DOG-HOW-vet-treated-symptom-prevention_-flea-bite-moist-eczema_dog-itching-000148_png_jpg.rf.b25a822aee10100e41410df01411bf31.jpg,C:\Users\ashis\Desktop\ScanAI\dataset_manager\clean\skin\pyoderma\roboflow__dog-and-cat-skin-disease-identification-2__bacterial_118_jpg.rf.b97a30bda61dc84bcc93cc432b4a8094.jpg,0
C:\Users\ashis\Desktop\ScanAI\dataset_manager\clean\skin\hotspot\roboflow__dog-and-cat-skin-disease-identification-2__Hot-Spot-on-_Chance_-How-to-treat-a-dog-that-you-can_t-touch_-000614_png_jpg.rf.908a6f442b37c455acbc60114670f902.jpg,C:\Users\ashis\Desktop\ScanAI\dataset_manager\clean\skin\pyoderma\roboflow__dog-and-cat-skin-disease-identification-2__bacterial_131_jpg.rf.99f614e7e189ea73a49b70f9732e699c.jpg,4
C:\Users\ashis\Desktop\ScanAI\dataset_manager\clean\skin\hotspot\roboflow__dog-and-cat-skin-disease-identification-2__Hot-Spot-on-_Chance_-How-to-treat-a-dog-that-you-can_t-touch_-000614_png_jpg.rf.908a6f442b37c455acbc60114670f902.jpg,C:\Users\ashis\Desktop\ScanAI\dataset_manager\clean\skin\pyoderma\roboflow__dog-and-cat-skin-disease-identification-2__bacterial_135_jpg.rf.72c37a0bba990b46a8fe0612fb0b2fb1.jpg,0
C:\Users\ashis\Desktop\ScanAI\dataset_manager\clean\skin\hotspot\roboflow__dog-and-cat-skin-disease-identification-2__Hot-Spot-on-_Chance_-How-to-treat-a-dog-that-you-can_t-touch_-000614_png_jpg.rf.908a6f442b37c455acbc60114670f902.jpg,C:\Users\ashis\Desktop\ScanAI\dataset_manager\clean\skin\pyoderma\roboflow__dog-and-cat-skin-disease-identification-2__bacterial_137_jpg.rf.81306bf80bec6424930a377c66e460a1.jpg,2
C:\Users\ashis\Desktop\ScanAI\dataset_manager\clean\skin\hotspot\roboflow__dog-and-cat-skin-disease-identification-2__Hot-Spot-on-_Chance_-How-to-treat-a-dog-that-you-can_t-touch_-000615_png_jpg.rf.182026cf60a090eb63e7fd6eb88ff87a.jpg,C:\Users\ashis\Desktop\ScanAI\dataset_manager\clean\skin\pyoderma\roboflow__dog-and-cat-skin-disease-identification-2__bacterial_131_jpg.rf.99f614e7e189ea73a49b70f9732e699c.jpg,4
C:\Users\ashis\Desktop\ScanAI\dataset_manager\clean\skin\hotspot\roboflow__dog-and-cat-skin-disease-identification-2__Hot-Spot-on-_Chance_-How-to-treat-a-dog-that-you-can_t-touch_-000615_png_jpg.rf.182026cf60a090eb63e7fd6eb88ff87a.jpg,C:\Users\ashis\Desktop\ScanAI\dataset_manager\clean\skin\pyoderma\roboflow__dog-and-cat-skin-disease-identification-2__bacterial_135_jpg.rf.72c37a0bba990b46a8fe0612fb0b2fb1.jpg,2
C:\Users\ashis\Desktop\ScanAI\dataset_manager\clean\skin\hotspot\roboflow__dog-and-cat-skin-disease-identification-2__Hot-Spot-on-_Chance_-How-to-treat-a-dog-that-you-can_t-touch_-000615_png_jpg.rf.182026cf60a090eb63e7fd6eb88ff87a.jpg,C:\Users\ashis\Desktop\ScanAI\dataset_manager\clean\skin\pyoderma\roboflow__dog-and-cat-skin-disease-identification-2__bacterial_137_jpg.rf.81306bf80bec6424930a377c66e460a1.jpg,0
C:\Users\ashis\Desktop\ScanAI\dataset_manager\clean\skin\hotspot\roboflow__dog-and-cat-skin-disease-identification-2__Hot-Spot-on-_Chance_-How-to-treat-a-dog-that-you-can_t-touch_-000615_png_jpg.rf.946b8da46398f79b2dca6b5640912c62.jpg,C:\Users\ashis\Desktop\ScanAI\dataset_manager\clean\skin\pyoderma\roboflow__dog-and-cat-skin-disease-identification-2__bacterial_138_jpg.rf.8dad7dad43559a8bbd5bd56f0f747a15.jpg,4
C:\Users\ashis\Desktop\ScanAI\dataset_manager\clean\skin\hotspot\roboflow__dog-and-cat-skin-disease-identification-2__Hot-Spot-on-_Chance_-How-to-treat-a-dog-that-you-can_t-touch_-000617_png_jpg.rf.b9f3eef68c0e636a3d228edbd8ec1261.jpg,C:\Users\ashis\Desktop\ScanAI\dataset_manager\clean\skin\pyoderma\roboflow__dog-and-cat-skin-disease-identification-2__bacterial_144_jpg.rf.a64b45207f206c3044401ec696cd7b07.jpg,0
C:\Users\ashis\Desktop\ScanAI\dataset_manager\clean\skin\hotspot\roboflow__dog-and-cat-skin-disease-identification-2__Hot-Spot-on-_Chance_-How-to-treat-a-dog-that-you-can_t-touch_-000617_png_jpg.rf.b9f3eef68c0e636a3d228edbd8ec1261.jpg,C:\Users\ashis\Desktop\ScanAI\dataset_manager\clean\skin\pyoderma\roboflow__dog-and-cat-skin-disease-identification-2__bacterial_145_jpg.rf.a029d04608a3ee0af2cca303543c0f8a.jpg,4
C:\Users\ashis\Desktop\ScanAI\dataset_manager\clean\skin\hotspot\roboflow__dog-and-cat-skin-disease-identification-2__Hot-Spot-on-_Chance_-How-to-treat-a-dog-that-you-can_t-touch_-000620_png_jpg.rf.ec4319c9fcd724c6d967b8e07e2f5ea9.jpg,C:\Users\ashis\Desktop\ScanAI\dataset_manager\clean\skin\pyoderma\roboflow__dog-and-cat-skin-disease-identification-2__bacterial_150_jpg.rf.35cd2cbcde7a835453d6a167a8ddbad4.jpg,4
C:\Users\ashis\Desktop\ScanAI\dataset_manager\clean\skin\hotspot\roboflow__dog-and-cat-skin-disease-identification-2__Hot-Spot-on-_Chance_-How-to-treat-a-dog-that-you-can_t-touch_-000623_png_jpg.rf.ac9f4ea5790fdb544070e8abc0a8edb9.jpg,C:\Users\ashis\Desktop\ScanAI\dataset_manager\clean\skin\pyoderma\roboflow__dog-and-cat-skin-disease-identification-2__bacterial_160_jpg.rf.379886b660b45350c6d6dbad2efaeffa.jpg,4
C:\Users\ashis\Desktop\ScanAI\dataset_manager\clean\skin\hotspot\roboflow__dog-and-cat-skin-disease-identification-2__Hot-Spot-on-_Chance_-How-to-treat-a-dog-that-you-can_t-touch_-000625_png_jpg.rf.13967df7c2a5603fd83bee9ea18531d7.jpg,C:\Users\ashis\Desktop\ScanAI\dataset_manager\clean\skin\pyoderma\roboflow__dog-and-cat-skin-disease-identification-2__bacterial_159_jpg.rf.13a534d6ccfaef998bda0d15f5ef5714.jpg,4
C:\Users\ashis\Desktop\ScanAI\dataset_manager\clean\skin\hotspot\roboflow__dog-and-cat-skin-disease-identification-2__Hot-Spot-on-_Chance_-How-to-treat-a-dog-that-you-can_t-touch_-000625_png_jpg.rf.13967df7c2a5603fd83bee9ea18531d7.jpg,C:\Users\ashis\Desktop\ScanAI\dataset_manager\clean\skin\pyoderma\roboflow__dog-and-cat-skin-disease-identification-2__bacterial_164_jpg.rf.6fd4e34861c2b964ef9ae7d931ac79b4.jpg,2
C:\Users\ashis\Desktop\ScanAI\dataset_manager\clean\skin\hotspot\roboflow__dog-and-cat-skin-disease-identification-2__Hot-Spot-on-_Chance_-How-to-treat-a-dog-that-you-can_t-touch_-000625_png_jpg.rf.13967df7c2a5603fd83bee9ea18531d7.jpg,C:\Users\ashis\Desktop\ScanAI\dataset_manager\clean\skin\pyoderma\roboflow__dog-and-cat-skin-disease-identification-2__bacterial_165_jpg.rf.fa661907536757251c00699b80f0be0f.jpg,0
C:\Users\ashis\Desktop\ScanAI\dataset_manager\clean\skin\hotspot\roboflow__dog-and-cat-skin-disease-identification-2__Hot-Spot-on-_Chance_-How-to-treat-a-dog-that-you-can_t-touch_-000625_png_jpg.rf.13967df7c2a5603fd83bee9ea18531d7.jpg,C:\Users\ashis\Desktop\ScanAI\dataset_manager\clean\skin\pyoderma\roboflow__dog-and-cat-skin-disease-identification-2__bacterial_168_jpg.rf.1d84d33b1f13c3071c0bc7fe6dc39606.jpg,4
C:\Users\ashis\Desktop\ScanAI\dataset_manager\clean\skin\hotspot\roboflow__dog-and-cat-skin-disease-identification-2__hot-spot-sh_jpg.rf.fd80a77ba284aa9f059c566d6670158f.jpg,C:\Users\ashis\Desktop\ScanAI\dataset_manager\clean\skin\pyoderma\roboflow__dog-and-cat-skin-disease-identification-2__bacterial_171_jpg.rf.d27d9b38a5bbe71412376403b5143d20.jpg,0
C:\Users\ashis\Desktop\ScanAI\dataset_manager\clean\skin\hotspot\roboflow__dog-and-cat-skin-disease-identification-2__hot-spot-sh_jpg.rf.fd80a77ba284aa9f059c566d6670158f.jpg,C:\Users\ashis\Desktop\ScanAI\dataset_manager\clean\skin\pyoderma\roboflow__dog-and-cat-skin-disease-identification-2__hot-spot-sh_jpg.rf.d6f0a63cc4939d508893a01418cd9da3.jpg,0
C:\Users\ashis\Desktop\ScanAI\dataset_manager\clean\skin\hotspot\roboflow__dog-and-cat-skin-disease-identification-2__hot-spot-tail-sh_1072961252-300x300_jpg.rf.b4bba0a7b54835928377b36ed08bbe01.jpg,C:\Users\ashis\Desktop\ScanAI\dataset_manager\clean\skin\pyoderma\roboflow__dog-and-cat-skin-disease-identification-2__bacterial_172_jpg.rf.1ac6406bcff067d0fd6d2baba212e8ac.jpg,0
C:\Users\ashis\Desktop\ScanAI\dataset_manager\clean\skin\hotspot\roboflow__dog-and-cat-skin-disease-identification-2__hot-spot-tail-sh_1072961252-300x300_jpg.rf.b4bba0a7b54835928377b36ed08bbe01.jpg,C:\Users\ashis\Desktop\ScanAI\dataset_manager\clean\skin\pyoderma\roboflow__dog-and-cat-skin-disease-identification-2__hot-spot-tail-sh_1072961252-300x300_jpg.rf.fca2b1d7acc2aee528e7d8bc46e8bf10.jpg,0
C:\Users\ashis\Desktop\ScanAI\dataset_manager\clean\skin\hotspot\roboflow__dog-and-cat-skin-disease-identification-2__hot-spots-suck_00241_jpg.rf.9af6743d9eca08b1eb1c20a4cfa789c5.jpg,C:\Users\ashis\Desktop\ScanAI\dataset_manager\clean\skin\pyoderma\roboflow__dog-and-cat-skin-disease-identification-2__bacterial_174_jpg.rf.5952c3fa491014114f2a9a487a91e4e1.jpg,2
C:\Users\ashis\Desktop\ScanAI\dataset_manager\clean\skin\hotspot\roboflow__dog-and-cat-skin-disease-identification-2__hotspot-1-_jpg.rf.f09cf2a2de0ef8c996ba8633008bc5da.jpg,C:\Users\ashis\Desktop\ScanAI\dataset_manager\clean\skin\pyoderma\roboflow__dog-and-cat-skin-disease-identification-2__bacterial_176_jpg.rf.f5aa7ca0e251ae95bc2e1406564b24df.jpg,2
C:\Users\ashis\Desktop\ScanAI\dataset_manager\clean\skin\hotspot\roboflow__dog-and-cat-skin-disease-identification-2__hotspot-1-_jpg.rf.f09cf2a2de0ef8c996ba8633008bc5da.jpg,C:\Users\ashis\Desktop\ScanAI\dataset_manager\clean\skin\pyoderma\roboflow__dog-and-cat-skin-disease-identification-2__bacterial_261_jpg.rf.812d4e2fe16a5975e7b33924ae367160.jpg,0
C:\Users\ashis\Desktop\ScanAI\dataset_manager\clean\skin\hotspot\roboflow__dog-and-cat-skin-disease-identification-2__hotspot-1-_jpg.rf.f09cf2a2de0ef8c996ba8633008bc5da.jpg,C:\Users\ashis\Desktop\ScanAI\dataset_manager\clean\skin\pyoderma\roboflow__dog-and-cat-skin-disease-identification-2__bacterial_derm_26_jpg.rf.6df360f9c0bd7e2760cb4971bae79609.jpg,2
C:\Users\ashis\Desktop\ScanAI\dataset_manager\clean\skin\hotspot\roboflow__dog-and-cat-skin-disease-identification-2__hotspot-10-_jpg.rf.15835575b7f72ee41e01ee20bf0d23c5.jpg,C:\Users\ashis\Desktop\ScanAI\dataset_manager\clean\skin\pyoderma\roboflow__dog-and-cat-skin-disease-identification-2__bacterial_179_jpg.rf.60a2774d7fe4d65c07571618bd74b290.jpg,0
C:\Users\ashis\Desktop\ScanAI\dataset_manager\clean\skin\hotspot\roboflow__dog-and-cat-skin-disease-identification-2__hotspot-10-_jpg.rf.8f6ae9e756412f34db3548d9ab801763.jpg,C:\Users\ashis\Desktop\ScanAI\dataset_manager\clean\skin\pyoderma\roboflow__dog-and-cat-skin-disease-identification-2__bacterial_179_jpg.rf.60a2774d7fe4d65c07571618bd74b290.jpg,0
C:\Users\ashis\Desktop\ScanAI\dataset_manager\clean\skin\hotspot\roboflow__dog-and-cat-skin-disease-identification-2__hotspot-101-_jpg.rf.1d717e046c960093bcdc768a57612f1d.jpg,C:\Users\ashis\Desktop\ScanAI\dataset_manager\clean\skin\pyoderma\roboflow__dog-and-cat-skin-disease-identification-2__bacterial_235_jpg.rf.62fe5dda9e583d5743dd7541cf542297.jpg,0
C:\Users\ashis\Desktop\ScanAI\dataset_manager\clean\skin\hotspot\roboflow__dog-and-cat-skin-disease-identification-2__hotspot-106-_jpg.rf.09fc0e1b3ecc0264385685c6fafca924.jpg,C:\Users\ashis\Desktop\ScanAI\dataset_manager\clean\skin\pyoderma\roboflow__dog-and-cat-skin-disease-identification-2__bacterial_226_jpg.rf.4a4c9a89ea436f0d1c46b2fe8a1ad011.jpg,0
C:\Users\ashis\Desktop\ScanAI\dataset_manager\clean\skin\hotspot\roboflow__dog-and-cat-skin-disease-identification-2__hotspot-106-_jpg.rf.09fc0e1b3ecc0264385685c6fafca924.jpg,C:\Users\ashis\Desktop\ScanAI\dataset_manager\clean\skin\pyoderma\roboflow__dog-and-cat-skin-disease-identification-2__bacterial_286_jpg.rf.6bafc9103db10fac9cb62920dfe747af.jpg,0
C:\Users\ashis\Desktop\ScanAI\dataset_manager\clean\skin\hotspot\roboflow__dog-and-cat-skin-disease-identification-2__hotspot-107-_jpg.rf.d946710103841d438c36710bd0e05d8a.jpg,C:\Users\ashis\Desktop\ScanAI\dataset_manager\clean\skin\pyoderma\roboflow__dog-and-cat-skin-disease-identification-2__bacterial_227_jpg.rf.5f8d82bca3edc1b7034e15e7bbbf9d5b.jpg,2
C:\Users\ashis\Desktop\ScanAI\dataset_manager\clean\skin\hotspot\roboflow__dog-and-cat-skin-disease-identification-2__hotspot-11-_jpg.rf.170c1f5c9cda1f371bb6a522b6001555.jpg,C:\Users\ashis\Desktop\ScanAI\dataset_manager\clean\skin\pyoderma\roboflow__dog-and-cat-skin-disease-identification-2__bacterial_306_jpg.rf.7280c5be620a8ba3e66e6ddead863dc2.jpg,0
C:\Users\ashis\Desktop\ScanAI\dataset_manager\clean\skin\hotspot\roboflow__dog-and-cat-skin-disease-identification-2__hotspot-11-_jpg.rf.170c1f5c9cda1f371bb6a522b6001555.jpg,C:\Users\ashis\Desktop\ScanAI\dataset_manager\clean\skin\pyoderma\roboflow__dog-and-cat-skin-disease-identification-2__bacterial_97_jpg.rf.8dd4ce84c5264431ec20510fdec8ad50.jpg,0
C:\Users\ashis\Desktop\ScanAI\dataset_manager\clean\skin\hotspot\roboflow__dog-and-cat-skin-disease-identification-2__hotspot-11-_jpg.rf.170c1f5c9cda1f371bb6a522b6001555.jpg,C:\Users\ashis\Desktop\ScanAI\dataset_manager\clean\skin\pyoderma\roboflow__dog-and-cat-skin-disease-identification-2__bacterial_derm_6_jpg.rf.81ea9d919ce5f608f3070a879fdd34c1.jpg,0
C:\Users\ashis\Desktop\ScanAI\dataset_manager\clean\skin\hotspot\roboflow__dog-and-cat-skin-disease-identification-2__hotspot-11-_jpg.rf.20a7fee55df3ed1b0d90ca1e2fa66010.jpg,C:\Users\ashis\Desktop\ScanAI\dataset_manager\clean\skin\pyoderma\roboflow__dog-and-cat-skin-disease-identification-2__bacterial_306_jpg.rf.7280c5be620a8ba3e66e6ddead863dc2.jpg,0
C:\Users\ashis\Desktop\ScanAI\dataset_manager\clean\skin\hotspot\roboflow__dog-and-cat-skin-disease-identification-2__hotspot-11-_jpg.rf.20a7fee55df3ed1b0d90ca1e2fa66010.jpg,C:\Users\ashis\Desktop\ScanAI\dataset_manager\clean\skin\pyoderma\roboflow__dog-and-cat-skin-disease-identification-2__bacterial_97_jpg.rf.8dd4ce84c5264431ec20510fdec8ad50.jpg,0
C:\Users\ashis\Desktop\ScanAI\dataset_manager\clean\skin\hotspot\roboflow__dog-and-cat-skin-disease-identification-2__hotspot-11-_jpg.rf.20a7fee55df3ed1b0d90ca1e2fa66010.jpg,C:\Users\ashis\Desktop\ScanAI\dataset_manager\clean\skin\pyoderma\roboflow__dog-and-cat-skin-disease-identification-2__bacterial_derm_6_jpg.rf.81ea9d919ce5f608f3070a879fdd34c1.jpg,0
C:\Users\ashis\Desktop\ScanAI\dataset_manager\clean\skin\hotspot\roboflow__dog-and-cat-skin-disease-identification-2__hotspot-11-_jpg.rf.750bb014eca4f7ca1928539618f49c07.jpg,C:\Users\ashis\Desktop\ScanAI\dataset_manager\clean\skin\pyoderma\roboflow__dog-and-cat-skin-disease-identification-2__bacterial_306_jpg.rf.7280c5be620a8ba3e66e6ddead863dc2.jpg,0
C:\Users\ashis\Desktop\ScanAI\dataset_manager\clean\skin\hotspot\roboflow__dog-and-cat-skin-disease-identification-2__hotspot-11-_jpg.rf.750bb014eca4f7ca1928539618f49c07.jpg,C:\Users\ashis\Desktop\ScanAI\dataset_manager\clean\skin\pyoderma\roboflow__dog-and-cat-skin-disease-identification-2__bacterial_97_jpg.rf.8dd4ce84c5264431ec20510fdec8ad50.jpg,0
C:\Users\ashis\Desktop\ScanAI\dataset_manager\clean\skin\hotspot\roboflow__dog-and-cat-skin-disease-identification-2__hotspot-11-_jpg.rf.750bb014eca4f7ca1928539618f49c07.jpg,C:\Users\ashis\Desktop\ScanAI\dataset_manager\clean\skin\pyoderma\roboflow__dog-and-cat-skin-disease-identification-2__bacterial_derm_6_jpg.rf.81ea9d919ce5f608f3070a879fdd34c1.jpg,0
C:\Users\ashis\Desktop\ScanAI\dataset_manager\clean\skin\hotspot\roboflow__dog-and-cat-skin-disease-identification-2__hotspot-112-_jpg.rf.b8f273bce53aa377ea404755a5e0e016.jpg,C:\Users\ashis\Desktop\ScanAI\dataset_manager\clean\skin\pyoderma\roboflow__dog-and-cat-skin-disease-identification-2__bacterial_229_jpg.rf.8b14d5f03bf55261d4c6dccebb3914e1.jpg,0
C:\Users\ashis\Desktop\ScanAI\dataset_manager\clean\skin\hotspot\roboflow__dog-and-cat-skin-disease-identification-2__hotspot-112-_jpg.rf.b8f273bce53aa377ea404755a5e0e016.jpg,C:\Users\ashis\Desktop\ScanAI\dataset_manager\clean\skin\pyoderma\roboflow__dog-and-cat-skin-disease-identification-2__bacterial_291_jpg.rf.a69eadc56c1dca9ac1a82c9b15c4532c.jpg,0
C:\Users\ashis\Desktop\ScanAI\dataset_manager\clean\skin\hotspot\roboflow__dog-and-cat-skin-disease-identification-2__hotspot-113-_jpg.rf.9335ce9bc000909af57fbae0e404e5fe.jpg,C:\Users\ashis\Desktop\ScanAI\dataset_manager\clean\skin\pyoderma\roboflow__dog-and-cat-skin-disease-identification-2__bacterial_230_jpg.rf.7de0b44edf196f474beafdad13c3b1e8.jpg,0
C:\Users\ashis\Desktop\ScanAI\dataset_manager\clean\skin\hotspot\roboflow__dog-and-cat-skin-disease-identification-2__hotspot-115-_jpg.rf.527de0a701ccbe01cdc9b91b769178cf.jpg,C:\Users\ashis\Desktop\ScanAI\dataset_manager\clean\skin\pyoderma\roboflow__dog-and-cat-skin-disease-identification-2__bacterial_236_jpg.rf.fe996b05466f3ce46b1b1b32a1ed88b5.jpg,0
C:\Users\ashis\Desktop\ScanAI\dataset_manager\clean\skin\hotspot\roboflow__dog-and-cat-skin-disease-identification-2__hotspot-116-_jpg.rf.881e43056165aab8e34e5e9cba2fcd86.jpg,C:\Users\ashis\Desktop\ScanAI\dataset_manager\clean\skin\pyoderma\roboflow__dog-and-cat-skin-disease-identification-2__bacterial_237_jpg.rf.bf4281a750411060e0ab250d9b813220.jpg,0
C:\Users\ashis\Desktop\ScanAI\dataset_manager\clean\skin\hotspot\roboflow__dog-and-cat-skin-disease-identification-2__hotspot-12-_jpg.rf.deb79244923a00ff17974e3187507527.jpg,C:\Users\ashis\Desktop\ScanAI\dataset_manager\clean\skin\pyoderma\roboflow__dog-and-cat-skin-disease-identification-2__bacterial_178_jpg.rf.72b117ddc067194cc4326154bcc2088c.jpg,0
C:\Users\ashis\Desktop\ScanAI\dataset_manager\clean\skin\hotspot\roboflow__dog-and-cat-skin-disease-identification-2__hotspot-12-_jpg.rf.deb79244923a00ff17974e3187507527.jpg,C:\Users\ashis\Desktop\ScanAI\dataset_manager\clean\skin\pyoderma\roboflow__dog-and-cat-skin-disease-identification-2__bacterial_289_jpg.rf.ba7753724c152be4300245d7c9d15ef0.jpg,2
C:\Users\ashis\Desktop\ScanAI\dataset_manager\clean\skin\hotspot\roboflow__dog-and-cat-skin-disease-identification-2__hotspot-13-_jpg.rf.f6894b97e6e6f721a2e8cc279411b1ee.jpg,C:\Users\ashis\Desktop\ScanAI\dataset_manager\clean\skin\pyoderma\roboflow__dog-and-cat-skin-disease-identification-2__bacterial_179_jpg.rf.60a2774d7fe4d65c07571618bd74b290.jpg,0
C:\Users\ashis\Desktop\ScanAI\dataset_manager\clean\skin\hotspot\roboflow__dog-and-cat-skin-disease-identification-2__hotspot-16-_jpg.rf.8a071fb21bc8caa9b44036bfc48d6b74.jpg,C:\Users\ashis\Desktop\ScanAI\dataset_manager\clean\skin\pyoderma\roboflow__dog-and-cat-skin-disease-identification-2__bacterial_262_jpg.rf.bc6e5d3685c193533cd2c41124673c9d.jpg,0
C:\Users\ashis\Desktop\ScanAI\dataset_manager\clean\skin\hotspot\roboflow__dog-and-cat-skin-disease-identification-2__hotspot-16-_jpg.rf.8a071fb21bc8caa9b44036bfc48d6b74.jpg,C:\Users\ashis\Desktop\ScanAI\dataset_manager\clean\skin\pyoderma\roboflow__dog-and-cat-skin-disease-identification-2__bacterial_derm_30_jpg.rf.5884c83b9f00bba048fe803ecf338b9f.jpg,0
C:\Users\ashis\Desktop\ScanAI\dataset_manager\clean\skin\hotspot\roboflow__dog-and-cat-skin-disease-identification-2__hotspot-16-_jpg.rf.d96122954a96fda4e785080f22a5816c.jpg,C:\Users\ashis\Desktop\ScanAI\dataset_manager\clean\skin\pyoderma\roboflow__dog-and-cat-skin-disease-identification-2__bacterial_262_jpg.rf.bc6e5d3685c193533cd2c41124673c9d.jpg,0
C:\Users\ashis\Desktop\ScanAI\dataset_manager\clean\skin\hotspot\roboflow__dog-and-cat-skin-disease-identification-2__hotspot-16-_jpg.rf.d96122954a96fda4e785080f22a5816c.jpg,C:\Users\ashis\Desktop\ScanAI\dataset_manager\clean\skin\pyoderma\roboflow__dog-and-cat-skin-disease-identification-2__bacterial_derm_30_jpg.rf.5884c83b9f00bba048fe803ecf338b9f.jpg,0
C:\Users\ashis\Desktop\ScanAI\dataset_manager\clean\skin\hotspot\roboflow__dog-and-cat-skin-disease-identification-2__hotspot-18-_jpg.rf.ac31a077f2e8bb6fe3e78f6871badf45.jpg,C:\Users\ashis\Desktop\ScanAI\dataset_manager\clean\skin\pyoderma\roboflow__dog-and-cat-skin-disease-identification-2__bacterial_180_jpg.rf.a63fb9365b317fdc783b7b00fbd6d1d8.jpg,0
C:\Users\ashis\Desktop\ScanAI\dataset_manager\clean\skin\hotspot\roboflow__dog-and-cat-skin-disease-identification-2__hotspot-18-_jpg.rf.b632a5e658145cf46984ce1770fb4099.jpg,C:\Users\ashis\Desktop\ScanAI\dataset_manager\clean\skin\pyoderma\roboflow__dog-and-cat-skin-disease-identification-2__bacterial_180_jpg.rf.a63fb9365b317fdc783b7b00fbd6d1d8.jpg,0
C:\Users\ashis\Desktop\ScanAI\dataset_manager\clean\skin\hotspot\roboflow__dog-and-cat-skin-disease-identification-2__hotspot-2-_jpg.rf.0e5625547b66ae1b09e95215df80e81e.jpg,C:\Users\ashis\Desktop\ScanAI\dataset_manager\clean\skin\pyoderma\roboflow__dog-and-cat-skin-disease-identification-2__bacterial_177_jpg.rf.14b2911af0bb24456b64f8b4c224b7a4.jpg,0
C:\Users\ashis\Desktop\ScanAI\dataset_manager\clean\skin\hotspot\roboflow__dog-and-cat-skin-disease-identification-2__hotspot-2-_jpg.rf.864e12d212c3b7d1497bf898f25b0a9d.jpg,C:\Users\ashis\Desktop\ScanAI\dataset_manager\clean\skin\pyoderma\roboflow__dog-and-cat-skin-disease-identification-2__bacterial_177_jpg.rf.14b2911af0bb24456b64f8b4c224b7a4.jpg,0
C:\Users\ashis\Desktop\ScanAI\dataset_manager\clean\skin\hotspot\roboflow__dog-and-cat-skin-disease-identification-2__hotspot-21-_jpg.rf.778a9ec83d2178038d7cc09ef9411f4f.jpg,C:\Users\ashis\Desktop\ScanAI\dataset_manager\clean\skin\pyoderma\roboflow__dog-and-cat-skin-disease-identification-2__bacterial_181_jpg.rf.8b4369b3e6cbd228fd3a574880238450.jpg,0
C:\Users\ashis\Desktop\ScanAI\dataset_manager\clean\skin\hotspot\roboflow__dog-and-cat-skin-disease-identification-2__hotspot-25-_jpg.rf.2ae66f488acffc474de53a2dab0cc489.jpg,C:\Users\ashis\Desktop\ScanAI\dataset_manager\clean\skin\pyoderma\roboflow__dog-and-cat-skin-disease-identification-2__bacterial_183_jpg.rf.e2b9d2a0036b2a6b49b992f0c897d54c.jpg,0
C:\Users\ashis\Desktop\ScanAI\dataset_manager\clean\skin\hotspot\roboflow__dog-and-cat-skin-disease-identification-2__hotspot-25-_jpg.rf.2ae66f488acffc474de53a2dab0cc489.jpg,C:\Users\ashis\Desktop\ScanAI\dataset_manager\clean\skin\pyoderma\roboflow__dog-and-cat-skin-disease-identification-2__bacterial_264_jpg.rf.c03d878e2530aec9ada052f8268a3f65.jpg,0
C:\Users\ashis\Desktop\ScanAI\dataset_manager\clean\skin\hotspot\roboflow__dog-and-cat-skin-disease-identification-2__hotspot-25-_jpg.rf.2ae66f488acffc474de53a2dab0cc489.jpg,C:\Users\ashis\Desktop\ScanAI\dataset_manager\clean\skin\pyoderma\roboflow__dog-and-cat-skin-disease-identification-2__bacterial_derm_34_jpg.rf.3b10703a9ba597586cab6cd3a1c1f62d.jpg,0
C:\Users\ashis\Desktop\ScanAI\dataset_manager\clean\skin\hotspot\roboflow__dog-and-cat-skin-disease-identification-2__hotspot-25-_jpg.rf.4cda0984359147a57d3f4836179d1c32.jpg,C:\Users\ashis\Desktop\ScanAI\dataset_manager\clean\skin\pyoderma\roboflow__dog-and-cat-skin-disease-identification-2__bacterial_183_jpg.rf.e2b9d2a0036b2a6b49b992f0c897d54c.jpg,0
C:\Users\ashis\Desktop\ScanAI\dataset_manager\clean\skin\hotspot\roboflow__dog-and-cat-skin-disease-identification-2__hotspot-25-_jpg.rf.4cda0984359147a57d3f4836179d1c32.jpg,C:\Users\ashis\Desktop\ScanAI\dataset_manager\clean\skin\pyoderma\roboflow__dog-and-cat-skin-disease-identification-2__bacterial_264_jpg.rf.c03d878e2530aec9ada052f8268a3f65.jpg,0
C:\Users\ashis\Desktop\ScanAI\dataset_manager\clean\skin\hotspot\roboflow__dog-and-cat-skin-disease-identification-2__hotspot-25-_jpg.rf.4cda0984359147a57d3f4836179d1c32.jpg,C:\Users\ashis\Desktop\ScanAI\dataset_manager\clean\skin\pyoderma\roboflow__dog-and-cat-skin-disease-identification-2__bacterial_derm_34_jpg.rf.3b10703a9ba597586cab6cd3a1c1f62d.jpg,0
C:\Users\ashis\Desktop\ScanAI\dataset_manager\clean\skin\hotspot\roboflow__dog-and-cat-skin-disease-identification-2__hotspot-25-_jpg.rf.d5b175eaccd38d7933b25d7f6e0e75a9.jpg,C:\Users\ashis\Desktop\ScanAI\dataset_manager\clean\skin\pyoderma\roboflow__dog-and-cat-skin-disease-identification-2__bacterial_183_jpg.rf.e2b9d2a0036b2a6b49b992f0c897d54c.jpg,0
C:\Users\ashis\Desktop\ScanAI\dataset_manager\clean\skin\hotspot\roboflow__dog-and-cat-skin-disease-identification-2__hotspot-25-_jpg.rf.d5b175eaccd38d7933b25d7f6e0e75a9.jpg,C:\Users\ashis\Desktop\ScanAI\dataset_manager\clean\skin\pyoderma\roboflow__dog-and-cat-skin-disease-identification-2__bacterial_264_jpg.rf.c03d878e2530aec9ada052f8268a3f65.jpg,0
C:\Users\ashis\Desktop\ScanAI\dataset_manager\clean\skin\hotspot\roboflow__dog-and-cat-skin-disease-identification-2__hotspot-25-_jpg.rf.d5b175eaccd38d7933b25d7f6e0e75a9.jpg,C:\Users\ashis\Desktop\ScanAI\dataset_manager\clean\skin\pyoderma\roboflow__dog-and-cat-skin-disease-identification-2__bacterial_derm_34_jpg.rf.3b10703a9ba597586cab6cd3a1c1f62d.jpg,0
C:\Users\ashis\Desktop\ScanAI\dataset_manager\clean\skin\hotspot\roboflow__dog-and-cat-skin-disease-identification-2__hotspot-26-_jpg.rf.646916169e184b7e333310f2c811d72f.jpg,C:\Users\ashis\Desktop\ScanAI\dataset_manager\clean\skin\pyoderma\roboflow__dog-and-cat-skin-disease-identification-2__bacterial_187_jpg.rf.850e36c3c8d5b061e187994bbd031c1b.jpg,0
C:\Users\ashis\Desktop\ScanAI\dataset_manager\clean\skin\hotspot\roboflow__dog-and-cat-skin-disease-identification-2__hotspot-26-_jpg.rf.df80eb7288058f68e8cd218d4158b882.jpg,C:\Users\ashis\Desktop\ScanAI\dataset_manager\clean\skin\pyoderma\roboflow__dog-and-cat-skin-disease-identification-2__bacterial_187_jpg.rf.850e36c3c8d5b061e187994bbd031c1b.jpg,0
C:\Users\ashis\Desktop\ScanAI\dataset_manager\clean\skin\hotspot\roboflow__dog-and-cat-skin-disease-identification-2__hotspot-27-_jpg.rf.710226d71ea76cc453cf10a28998f122.jpg,C:\Users\ashis\Desktop\ScanAI\dataset_manager\clean\skin\pyoderma\roboflow__dog-and-cat-skin-disease-identification-2__bacterial_191_jpg.rf.c3cb3e0114c316028d33d6539fbfb1b0.jpg,0
C:\Users\ashis\Desktop\ScanAI\dataset_manager\clean\skin\hotspot\roboflow__dog-and-cat-skin-disease-identification-2__hotspot-27-_jpg.rf.c44d7b0e49565e3f86444ab34c0a75ad.jpg,C:\Users\ashis\Desktop\ScanAI\dataset_manager\clean\skin\pyoderma\roboflow__dog-and-cat-skin-disease-identification-2__bacterial_191_jpg.rf.c3cb3e0114c316028d33d6539fbfb1b0.jpg,0
C:\Users\ashis\Desktop\ScanAI\dataset_manager\clean\skin\hotspot\roboflow__dog-and-cat-skin-disease-identification-2__hotspot-28-_jpg.rf.ce88e1debe7c853514dded986f1a14d6.jpg,C:\Users\ashis\Desktop\ScanAI\dataset_manager\clean\skin\pyoderma\roboflow__dog-and-cat-skin-disease-identification-2__bacterial_185_jpg.rf.6b11f69edb7f455990201da144011446.jpg,0
C:\Users\ashis\Desktop\ScanAI\dataset_manager\clean\skin\hotspot\roboflow__dog-and-cat-skin-disease-identification-2__hotspot-28-_jpg.rf.e7bdd17afeadadcd1f7147111289572e.jpg,C:\Users\ashis\Desktop\ScanAI\dataset_manager\clean\skin\pyoderma\roboflow__dog-and-cat-skin-disease-identification-2__bacterial_185_jpg.rf.6b11f69edb7f455990201da144011446.jpg,0
C:\Users\ashis\Desktop\ScanAI\dataset_manager\clean\skin\hotspot\roboflow__dog-and-cat-skin-disease-identification-2__hotspot-29-_jpg.rf.6ce58072c0e2255c5db21e1cb6d2b562.jpg,C:\Users\ashis\Desktop\ScanAI\dataset_manager\clean\skin\pyoderma\roboflow__dog-and-cat-skin-disease-identification-2__bacterial_186_jpg.rf.536c1ce12e5d29d8802ea4141b5fcdac.jpg,0
C:\Users\ashis\Desktop\ScanAI\dataset_manager\clean\skin\hotspot\roboflow__dog-and-cat-skin-disease-identification-2__hotspot-29-_jpg.rf.dc6fd99500d15ef19a37845e371ff664.jpg,C:\Users\ashis\Desktop\ScanAI\dataset_manager\clean\skin\pyoderma\roboflow__dog-and-cat-skin-disease-identification-2__bacterial_186_jpg.rf.536c1ce12e5d29d8802ea4141b5fcdac.jpg,0
C:\Users\ashis\Desktop\ScanAI\dataset_manager\clean\skin\hotspot\roboflow__dog-and-cat-skin-disease-identification-2__hotspot-3-_jpg.rf.4e98c2a159845e67086bf88cdcb2f445.jpg,C:\Users\ashis\Desktop\ScanAI\dataset_manager\clean\skin\pyoderma\roboflow__dog-and-cat-skin-disease-identification-2__bacterial_177_jpg.rf.14b2911af0bb24456b64f8b4c224b7a4.jpg,0
C:\Users\ashis\Desktop\ScanAI\dataset_manager\clean\skin\hotspot\roboflow__dog-and-cat-skin-disease-identification-2__hotspot-30-_jpg.rf.0b34a0512f5ff6c317cc48cbe2eb052e.jpg,C:\Users\ashis\Desktop\ScanAI\dataset_manager\clean\skin\pyoderma\roboflow__dog-and-cat-skin-disease-identification-2__bacterial_266_jpg.rf.084e7987292e41bc972a9c2ba95b6506.jpg,2
C:\Users\ashis\Desktop\ScanAI\dataset_manager\clean\skin\hotspot\roboflow__dog-and-cat-skin-disease-identification-2__hotspot-30-_jpg.rf.0b34a0512f5ff6c317cc48cbe2eb052e.jpg,C:\Users\ashis\Desktop\ScanAI\dataset_manager\clean\skin\pyoderma\roboflow__dog-and-cat-skin-disease-identification-2__bacterial_derm_37_jpg.rf.6d3340a9ea7b5419968fd53ec34c1beb.jpg,2
C:\Users\ashis\Desktop\ScanAI\dataset_manager\clean\skin\hotspot\roboflow__dog-and-cat-skin-disease-identification-2__hotspot-30-_jpg.rf.304fb410b90ce0b0065243333c8cd230.jpg,C:\Users\ashis\Desktop\ScanAI\dataset_manager\clean\skin\pyoderma\roboflow__dog-and-cat-skin-disease-identification-2__bacterial_266_jpg.rf.084e7987292e41bc972a9c2ba95b6506.jpg,0
C:\Users\ashis\Desktop\ScanAI\dataset_manager\clean\skin\hotspot\roboflow__dog-and-cat-skin-disease-identification-2__hotspot-30-_jpg.rf.304fb410b90ce0b0065243333c8cd230.jpg,C:\Users\ashis\Desktop\ScanAI\dataset_manager\clean\skin\pyoderma\roboflow__dog-and-cat-skin-disease-identification-2__bacterial_derm_37_jpg.rf.6d3340a9ea7b5419968fd53ec34c1beb.jpg,2
C:\Users\ashis\Desktop\ScanAI\dataset_manager\clean\skin\hotspot\roboflow__dog-and-cat-skin-disease-identification-2__hotspot-32-_jpg.rf.172aabeddd1c0e2d97c5ea1de12ff41c.jpg,C:\Users\ashis\Desktop\ScanAI\dataset_manager\clean\skin\pyoderma\roboflow__dog-and-cat-skin-disease-identification-2__bacterial_187_jpg.rf.850e36c3c8d5b061e187994bbd031c1b.jpg,0
C:\Users\ashis\Desktop\ScanAI\dataset_manager\clean\skin\hotspot\roboflow__dog-and-cat-skin-disease-identification-2__hotspot-32-_jpg.rf.727cee1144ff86d146b9d5083ce57c09.jpg,C:\Users\ashis\Desktop\ScanAI\dataset_manager\clean\skin\pyoderma\roboflow__dog-and-cat-skin-disease-identification-2__bacterial_188_jpg.rf.6fb41081751d3259d5a5a02dd4ea0216.jpg,0
C:\Users\ashis\Desktop\ScanAI\dataset_manager\clean\skin\hotspot\roboflow__dog-and-cat-skin-disease-identification-2__hotspot-32-_jpg.rf.f90f8ac803511ba0f3b1a136a78d3021.jpg,C:\Users\ashis\Desktop\ScanAI\dataset_manager\clean\skin\pyoderma\roboflow__dog-and-cat-skin-disease-identification-2__bacterial_188_jpg.rf.6fb41081751d3259d5a5a02dd4ea0216.jpg,0
C:\Users\ashis\Desktop\ScanAI\dataset_manager\clean\skin\hotspot\roboflow__dog-and-cat-skin-disease-identification-2__hotspot-33-_jpg.rf.99628479b153ac26ae60e4679bff8ee8.jpg,C:\Users\ashis\Desktop\ScanAI\dataset_manager\clean\skin\pyoderma\roboflow__dog-and-cat-skin-disease-identification-2__bacterial_189_jpg.rf.e112d9b29eaf8f5d90a3d4e4169eddaa.jpg,0
C:\Users\ashis\Desktop\ScanAI\dataset_manager\clean\skin\hotspot\roboflow__dog-and-cat-skin-disease-identification-2__hotspot-33-_jpg.rf.b49bb693c81196aa66f56ef36a656eeb.jpg,C:\Users\ashis\Desktop\ScanAI\dataset_manager\clean\skin\pyoderma\roboflow__dog-and-cat-skin-disease-identification-2__bacterial_189_jpg.rf.e112d9b29eaf8f5d90a3d4e4169eddaa.jpg,0
C:\Users\ashis\Desktop\ScanAI\dataset_manager\clean\skin\hotspot\roboflow__dog-and-cat-skin-disease-identification-2__hotspot-36-_jpg.rf.8b7c4af31de173e208aff0dd212eb7b8.jpg,C:\Users\ashis\Desktop\ScanAI\dataset_manager\clean\skin\pyoderma\roboflow__dog-and-cat-skin-disease-identification-2__bacterial_192_jpg.rf.adc07ed51bf17b5df8f1ea9eeef7ea7d.jpg,0
C:\Users\ashis\Desktop\ScanAI\dataset_manager\clean\skin\hotspot\roboflow__dog-and-cat-skin-disease-identification-2__hotspot-36-_jpg.rf.dd446a843bf26c772d287d8705f877fd.jpg,C:\Users\ashis\Desktop\ScanAI\dataset_manager\clean\skin\pyoderma\roboflow__dog-and-cat-skin-disease-identification-2__bacterial_192_jpg.rf.adc07ed51bf17b5df8f1ea9eeef7ea7d.jpg,0
C:\Users\ashis\Desktop\ScanAI\dataset_manager\clean\skin\hotspot\roboflow__dog-and-cat-skin-disease-identification-2__hotspot-36-_jpg.rf.edafe4ac2aad1b0d6d368b60e71c86a2.jpg,C:\Users\ashis\Desktop\ScanAI\dataset_manager\clean\skin\pyoderma\roboflow__dog-and-cat-skin-disease-identification-2__bacterial_185_jpg.rf.6b11f69edb7f455990201da144011446.jpg,0
C:\Users\ashis\Desktop\ScanAI\dataset_manager\clean\skin\hotspot\roboflow__dog-and-cat-skin-disease-identification-2__hotspot-37-_jpg.rf.d23ef16172fb33246665ca7c748b1a8e.jpg,C:\Users\ashis\Desktop\ScanAI\dataset_manager\clean\skin\pyoderma\roboflow__dog-and-cat-skin-disease-identification-2__bacterial_186_jpg.rf.536c1ce12e5d29d8802ea4141b5fcdac.jpg,0
C:\Users\ashis\Desktop\ScanAI\dataset_manager\clean\skin\hotspot\roboflow__dog-and-cat-skin-disease-identification-2__hotspot-38-_jpg.rf.0800df4799f1767f148f382b5d4995db.jpg,C:\Users\ashis\Desktop\ScanAI\dataset_manager\clean\skin\pyoderma\roboflow__dog-and-cat-skin-disease-identification-2__bacterial_194_jpg.rf.2a3f0ed61d2bd7666275abe302f07ec1.jpg,0
C:\Users\ashis\Desktop\ScanAI\dataset_manager\clean\skin\hotspot\roboflow__dog-and-cat-skin-disease-identification-2__hotspot-38-_jpg.rf.76e0d8037755e61d2a6535059f7d59be.jpg,C:\Users\ashis\Desktop\ScanAI\dataset_manager\clean\skin\pyoderma\roboflow__dog-and-cat-skin-disease-identification-2__bacterial_194_jpg.rf.2a3f0ed61d2bd7666275abe302f07ec1.jpg,0
C:\Users\ashis\Desktop\ScanAI\dataset_manager\clean\skin\hotspot\roboflow__dog-and-cat-skin-disease-identification-2__hotspot-40-_jpg.rf.b88e272cf9bc0d5734be89e5790b04a9.jpg,C:\Users\ashis\Desktop\ScanAI\dataset_manager\clean\skin\pyoderma\roboflow__dog-and-cat-skin-disease-identification-2__bacterial_195_jpg.rf.07a3022b4d36d954db262d2e89d29f74.jpg,0
C:\Users\ashis\Desktop\ScanAI\dataset_manager\clean\skin\hotspot\roboflow__dog-and-cat-skin-disease-identification-2__hotspot-40-_jpg.rf.c7d9be4d12cfe7880b7156c29c3a5a5a.jpg,C:\Users\ashis\Desktop\ScanAI\dataset_manager\clean\skin\pyoderma\roboflow__dog-and-cat-skin-disease-identification-2__bacterial_195_jpg.rf.07a3022b4d36d954db262d2e89d29f74.jpg,0
C:\Users\ashis\Desktop\ScanAI\dataset_manager\clean\skin\hotspot\roboflow__dog-and-cat-skin-disease-identification-2__hotspot-41-_jpg.rf.0abcdcc07b11ce5da84a23d28d29680d.jpg,C:\Users\ashis\Desktop\ScanAI\dataset_manager\clean\skin\pyoderma\roboflow__dog-and-cat-skin-disease-identification-2__bacterial_196_jpg.rf.823299d3dfc7d816a5dad68f00405db5.jpg,0
C:\Users\ashis\Desktop\ScanAI\dataset_manager\clean\skin\hotspot\roboflow__dog-and-cat-skin-disease-identification-2__hotspot-41-_jpg.rf.bff76eacbb037991a329679c46ead189.jpg,C:\Users\ashis\Desktop\ScanAI\dataset_manager\clean\skin\pyoderma\roboflow__dog-and-cat-skin-disease-identification-2__bacterial_196_jpg.rf.823299d3dfc7d816a5dad68f00405db5.jpg,0
C:\Users\ashis\Desktop\ScanAI\dataset_manager\clean\skin\hotspot\roboflow__dog-and-cat-skin-disease-identification-2__hotspot-42-_jpg.rf.66353ba249b0e018938e4156771cd8da.jpg,C:\Users\ashis\Desktop\ScanAI\dataset_manager\clean\skin\pyoderma\roboflow__dog-and-cat-skin-disease-identification-2__bacterial_197_jpg.rf.57f2bb66590432d55bf190ae648647e2.jpg,0
C:\Users\ashis\Desktop\ScanAI\dataset_manager\clean\skin\hotspot\roboflow__dog-and-cat-skin-disease-identification-2__hotspot-42-_jpg.rf.9433ebf2515c34136cc3624cfc3e2b7a.jpg,C:\Users\ashis\Desktop\ScanAI\dataset_manager\clean\skin\pyoderma\roboflow__dog-and-cat-skin-disease-identification-2__bacterial_197_jpg.rf.57f2bb66590432d55bf190ae648647e2.jpg,0
C:\Users\ashis\Desktop\ScanAI\dataset_manager\clean\skin\hotspot\roboflow__dog-and-cat-skin-disease-identification-2__hotspot-44-_jpg.rf.6348cd6c6f5e1cff8c8bcff625b642cc.jpg,C:\Users\ashis\Desktop\ScanAI\dataset_manager\clean\skin\pyoderma\roboflow__dog-and-cat-skin-disease-identification-2__bacterial_198_jpg.rf.c0dab02f4eb35307b2aa159a6c5f77ec.jpg,0
C:\Users\ashis\Desktop\ScanAI\dataset_manager\clean\skin\hotspot\roboflow__dog-and-cat-skin-disease-identification-2__hotspot-44-_jpg.rf.85001c76b69405059bbc1c7bdf9bb90b.jpg,C:\Users\ashis\Desktop\ScanAI\dataset_manager\clean\skin\pyoderma\roboflow__dog-and-cat-skin-disease-identification-2__bacterial_198_jpg.rf.c0dab02f4eb35307b2aa159a6c5f77ec.jpg,0
C:\Users\ashis\Desktop\ScanAI\dataset_manager\clean\skin\hotspot\roboflow__dog-and-cat-skin-disease-identification-2__hotspot-45-_jpg.rf.6964467efc36cfd4f8c44e36f958e34f.jpg,C:\Users\ashis\Desktop\ScanAI\dataset_manager\clean\skin\pyoderma\roboflow__dog-and-cat-skin-disease-identification-2__bacterial_199_jpg.rf.cfd43a75e1ed4baa2821580265538c5d.jpg,0
C:\Users\ashis\Desktop\ScanAI\dataset_manager\clean\skin\hotspot\roboflow__dog-and-cat-skin-disease-identification-2__hotspot-45-_jpg.rf.e962cb5e57db2e8e1e7449f17e061b3c.jpg,C:\Users\ashis\Desktop\ScanAI\dataset_manager\clean\skin\pyoderma\roboflow__dog-and-cat-skin-disease-identification-2__bacterial_199_jpg.rf.cfd43a75e1ed4baa2821580265538c5d.jpg,0
C:\Users\ashis\Desktop\ScanAI\dataset_manager\clean\skin\hotspot\roboflow__dog-and-cat-skin-disease-identification-2__hotspot-46-_jpg.rf.3940fab82186443542328c4331e1cba2.jpg,C:\Users\ashis\Desktop\ScanAI\dataset_manager\clean\skin\pyoderma\roboflow__dog-and-cat-skin-disease-identification-2__bacterial_200_jpg.rf.1019333292b3c77454085dd12986719d.jpg,0
C:\Users\ashis\Desktop\ScanAI\dataset_manager\clean\skin\hotspot\roboflow__dog-and-cat-skin-disease-identification-2__hotspot-46-_jpg.rf.d1ceef267bf2fcfe605156bc889e1b41.jpg,C:\Users\ashis\Desktop\ScanAI\dataset_manager\clean\skin\pyoderma\roboflow__dog-and-cat-skin-disease-identification-2__bacterial_200_jpg.rf.1019333292b3c77454085dd12986719d.jpg,0
C:\Users\ashis\Desktop\ScanAI\dataset_manager\clean\skin\hotspot\roboflow__dog-and-cat-skin-disease-identification-2__hotspot-47-_jpg.rf.6961245de094876c8a413f0d3483dc2d.jpg,C:\Users\ashis\Desktop\ScanAI\dataset_manager\clean\skin\pyoderma\roboflow__dog-and-cat-skin-disease-identification-2__bacterial_201_jpg.rf.3686cf8b50c71aa45129e35037e63e24.jpg,2
C:\Users\ashis\Desktop\ScanAI\dataset_manager\clean\skin\hotspot\roboflow__dog-and-cat-skin-disease-identification-2__hotspot-47-_jpg.rf.6961245de094876c8a413f0d3483dc2d.jpg,C:\Users\ashis\Desktop\ScanAI\dataset_manager\clean\skin\pyoderma\roboflow__dog-and-cat-skin-disease-identification-2__bacterial_derm_40_jpg.rf.c04deea24736306bb60efc5294cbb470.jpg,2
C:\Users\ashis\Desktop\ScanAI\dataset_manager\clean\skin\hotspot\roboflow__dog-and-cat-skin-disease-identification-2__hotspot-47-_jpg.rf.d65fc25ea0282914d23e7f145ccfa937.jpg,C:\Users\ashis\Desktop\ScanAI\dataset_manager\clean\skin\pyoderma\roboflow__dog-and-cat-skin-disease-identification-2__bacterial_201_jpg.rf.3686cf8b50c71aa45129e35037e63e24.jpg,0
C:\Users\ashis\Desktop\ScanAI\dataset_manager\clean\skin\hotspot\roboflow__dog-and-cat-skin-disease-identification-2__hotspot-47-_jpg.rf.d65fc25ea0282914d23e7f145ccfa937.jpg,C:\Users\ashis\Desktop\ScanAI\dataset_manager\clean\skin\pyoderma\roboflow__dog-and-cat-skin-disease-identification-2__bacterial_derm_40_jpg.rf.c04deea24736306bb60efc5294cbb470.jpg,2
C:\Users\ashis\Desktop\ScanAI\dataset_manager\clean\skin\hotspot\roboflow__dog-and-cat-skin-disease-identification-2__hotspot-48-_jpg.rf.90c163447701b6e617b7067ff45ae7c3.jpg,C:\Users\ashis\Desktop\ScanAI\dataset_manager\clean\skin\pyoderma\roboflow__dog-and-cat-skin-disease-identification-2__bacterial_202_jpg.rf.5983292aca7f45f1c4043d5169021a38.jpg,0
C:\Users\ashis\Desktop\ScanAI\dataset_manager\clean\skin\hotspot\roboflow__dog-and-cat-skin-disease-identification-2__hotspot-48-_jpg.rf.f1e2895d01150c2de572df334562470b.jpg,C:\Users\ashis\Desktop\ScanAI\dataset_manager\clean\skin\pyoderma\roboflow__dog-and-cat-skin-disease-identification-2__bacterial_202_jpg.rf.5983292aca7f45f1c4043d5169021a38.jpg,0
C:\Users\ashis\Desktop\ScanAI\dataset_manager\clean\skin\hotspot\roboflow__dog-and-cat-skin-disease-identification-2__hotspot-49-_jpg.rf.aad3d49b307f6785ec014ae156901dae.jpg,C:\Users\ashis\Desktop\ScanAI\dataset_manager\clean\skin\pyoderma\roboflow__dog-and-cat-skin-disease-identification-2__bacterial_203_jpg.rf.5624d5bcb6e6f7977d1c425bec1a7b3b.jpg,0
C:\Users\ashis\Desktop\ScanAI\dataset_manager\clean\skin\hotspot\roboflow__dog-and-cat-skin-disease-identification-2__hotspot-49-_jpg.rf.c33589a0161d19fcb05565fbb8187366.jpg,C:\Users\ashis\Desktop\ScanAI\dataset_manager\clean\skin\pyoderma\roboflow__dog-and-cat-skin-disease-identification-2__bacterial_203_jpg.rf.5624d5bcb6e6f7977d1c425bec1a7b3b.jpg,0
C:\Users\ashis\Desktop\ScanAI\dataset_manager\clean\skin\hotspot\roboflow__dog-and-cat-skin-disease-identification-2__hotspot-50-_jpg.rf.66e4c4511ea42c067de21848809635d7.jpg,C:\Users\ashis\Desktop\ScanAI\dataset_manager\clean\skin\pyoderma\roboflow__dog-and-cat-skin-disease-identification-2__bacterial_267_jpg.rf.7d045ea0d989f4102623b9bd50e63530.jpg,0
C:\Users\ashis\Desktop\ScanAI\dataset_manager\clean\skin\hotspot\roboflow__dog-and-cat-skin-disease-identification-2__hotspot-50-_jpg.rf.a59e0b5797b31a77ca4b43b73435e52c.jpg,C:\Users\ashis\Desktop\ScanAI\dataset_manager\clean\skin\pyoderma\roboflow__dog-and-cat-skin-disease-identification-2__bacterial_267_jpg.rf.7d045ea0d989f4102623b9bd50e63530.jpg,0
C:\Users\ashis\Desktop\ScanAI\dataset_manager\clean\skin\hotspot\roboflow__dog-and-cat-skin-disease-identification-2__hotspot-51-_jpg.rf.30cfea2879637e9111455d9fb69edb86.jpg,C:\Users\ashis\Desktop\ScanAI\dataset_manager\clean\skin\pyoderma\roboflow__dog-and-cat-skin-disease-identification-2__bacterial_212_jpg.rf.bc62106132866528528d3d9053c953b2.jpg,2
C:\Users\ashis\Desktop\ScanAI\dataset_manager\clean\skin\hotspot\roboflow__dog-and-cat-skin-disease-identification-2__hotspot-51-_jpg.rf.fd98da1afcb331b0df76bbbc338e6252.jpg,C:\Users\ashis\Desktop\ScanAI\dataset_manager\clean\skin\pyoderma\roboflow__dog-and-cat-skin-disease-identification-2__bacterial_212_jpg.rf.bc62106132866528528d3d9053c953b2.jpg,2
C:\Users\ashis\Desktop\ScanAI\dataset_manager\clean\skin\hotspot\roboflow__dog-and-cat-skin-disease-identification-2__hotspot-53-_jpg.rf.cca2aa58ac1d2a5280b4851399e6dd42.jpg,C:\Users\ashis\Desktop\ScanAI\dataset_manager\clean\skin\pyoderma\roboflow__dog-and-cat-skin-disease-identification-2__bacterial_204_jpg.rf.7f7d3ae224d894acf98cae43919c1fd5.jpg,0
C:\Users\ashis\Desktop\ScanAI\dataset_manager\clean\skin\hotspot\roboflow__dog-and-cat-skin-disease-identification-2__hotspot-53-_jpg.rf.e87a4a28f8bd170b813fe281fac86b9b.jpg,C:\Users\ashis\Desktop\ScanAI\dataset_manager\clean\skin\pyoderma\roboflow__dog-and-cat-skin-disease-identification-2__bacterial_204_jpg.rf.7f7d3ae224d894acf98cae43919c1fd5.jpg,0
C:\Users\ashis\Desktop\ScanAI\dataset_manager\clean\skin\hotspot\roboflow__dog-and-cat-skin-disease-identification-2__hotspot-54-_jpg.rf.04cacbcb458ae843226506dd8767f77c.jpg,C:\Users\ashis\Desktop\ScanAI\dataset_manager\clean\skin\pyoderma\roboflow__dog-and-cat-skin-disease-identification-2__bacterial_205_jpg.rf.121a4010db87fac19c7ed450dac75536.jpg,0
C:\Users\ashis\Desktop\ScanAI\dataset_manager\clean\skin\hotspot\roboflow__dog-and-cat-skin-disease-identification-2__hotspot-54-_jpg.rf.f76392f7168f936e1ca0a22806be4577.jpg,C:\Users\ashis\Desktop\ScanAI\dataset_manager\clean\skin\pyoderma\roboflow__dog-and-cat-skin-disease-identification-2__bacterial_205_jpg.rf.121a4010db87fac19c7ed450dac75536.jpg,0
C:\Users\ashis\Desktop\ScanAI\dataset_manager\clean\skin\hotspot\roboflow__dog-and-cat-skin-disease-identification-2__hotspot-55-_jpg.rf.c6c8e0ea6ce95164f1092f696e89746e.jpg,C:\Users\ashis\Desktop\ScanAI\dataset_manager\clean\skin\pyoderma\roboflow__dog-and-cat-skin-disease-identification-2__bacterial_197_jpg.rf.57f2bb66590432d55bf190ae648647e2.jpg,0
C:\Users\ashis\Desktop\ScanAI\dataset_manager\clean\skin\hotspot\roboflow__dog-and-cat-skin-disease-identification-2__hotspot-57-_jpg.rf.d885acea07180015481acc0080cb462e.jpg,C:\Users\ashis\Desktop\ScanAI\dataset_manager\clean\skin\pyoderma\roboflow__dog-and-cat-skin-disease-identification-2__bacterial_270_jpg.rf.790134c1979fefc5ab5a36c8d9ac7ea1.jpg,0
C:\Users\ashis\Desktop\ScanAI\dataset_manager\clean\skin\hotspot\roboflow__dog-and-cat-skin-disease-identification-2__hotspot-57-_jpg.rf.d885acea07180015481acc0080cb462e.jpg,C:\Users\ashis\Desktop\ScanAI\dataset_manager\clean\skin\pyoderma\roboflow__dog-and-cat-skin-disease-identification-2__bacterial_derm_42_jpg.rf.c3eba83fb2adde8ac1e071d4dff4f672.jpg,0
C:\Users\ashis\Desktop\ScanAI\dataset_manager\clean\skin\hotspot\roboflow__dog-and-cat-skin-disease-identification-2__hotspot-58-_jpg.rf.9252aece9b9c0bd93b4288c873d3e92c.jpg,C:\Users\ashis\Desktop\ScanAI\dataset_manager\clean\skin\pyoderma\roboflow__dog-and-cat-skin-disease-identification-2__bacterial_206_jpg.rf.848e852cd22a2169524db2a6f2841699.jpg,0
C:\Users\ashis\Desktop\ScanAI\dataset_manager\clean\skin\hotspot\roboflow__dog-and-cat-skin-disease-identification-2__hotspot-58-_jpg.rf.9252aece9b9c0bd93b4288c873d3e92c.jpg,C:\Users\ashis\Desktop\ScanAI\dataset_manager\clean\skin\pyoderma\roboflow__dog-and-cat-skin-disease-identification-2__bacterial_272_jpg.rf.ef781fb5b5414c4d9c4abc912c516280.jpg,0
C:\Users\ashis\Desktop\ScanAI\dataset_manager\clean\skin\hotspot\roboflow__dog-and-cat-skin-disease-identification-2__hotspot-58-_jpg.rf.9252aece9b9c0bd93b4288c873d3e92c.jpg,C:\Users\ashis\Desktop\ScanAI\dataset_manager\clean\skin\pyoderma\roboflow__dog-and-cat-skin-disease-identification-2__bacterial_derm_44_jpg.rf.6bcc1cd071bfb3d73394933489a82932.jpg,0
C:\Users\ashis\Desktop\ScanAI\dataset_manager\clean\skin\hotspot\roboflow__dog-and-cat-skin-disease-identification-2__hotspot-59-_jpg.rf.2746a155da2caec765f1c5189206259a.jpg,C:\Users\ashis\Desktop\ScanAI\dataset_manager\clean\skin\pyoderma\roboflow__dog-and-cat-skin-disease-identification-2__bacterial_216_jpg.rf.3849f7cc9b596776a346408568c7131f.jpg,0
C:\Users\ashis\Desktop\ScanAI\dataset_manager\clean\skin\hotspot\roboflow__dog-and-cat-skin-disease-identification-2__hotspot-59-_jpg.rf.d1a280fb6534193bd1b6f86a21cc8a7e.jpg,C:\Users\ashis\Desktop\ScanAI\dataset_manager\clean\skin\pyoderma\roboflow__dog-and-cat-skin-disease-identification-2__bacterial_216_jpg.rf.3849f7cc9b596776a346408568c7131f.jpg,0
C:\Users\ashis\Desktop\ScanAI\dataset_manager\clean\skin\hotspot\roboflow__dog-and-cat-skin-disease-identification-2__hotspot-60-_jpg.rf.5ed1761f1e87a882f9b02415230c145a.jpg,C:\Users\ashis\Desktop\ScanAI\dataset_manager\clean\skin\pyoderma\roboflow__dog-and-cat-skin-disease-identification-2__bacterial_207_jpg.rf.f709b4049cd36c4800433abf1b8f36a2.jpg,0
C:\Users\ashis\Desktop\ScanAI\dataset_manager\clean\skin\hotspot\roboflow__dog-and-cat-skin-disease-identification-2__hotspot-60-_jpg.rf.8c8ef7357847c530136dd20b76c8b774.jpg,C:\Users\ashis\Desktop\ScanAI\dataset_manager\clean\skin\pyoderma\roboflow__dog-and-cat-skin-disease-identification-2__bacterial_207_jpg.rf.f709b4049cd36c4800433abf1b8f36a2.jpg,0
C:\Users\ashis\Desktop\ScanAI\dataset_manager\clean\skin\hotspot\roboflow__dog-and-cat-skin-disease-identification-2__hotspot-60-_jpg.rf.aa0f00c4a251dc50f3d43d8cd0cc3577.jpg,C:\Users\ashis\Desktop\ScanAI\dataset_manager\clean\skin\pyoderma\roboflow__dog-and-cat-skin-disease-identification-2__bacterial_199_jpg.rf.cfd43a75e1ed4baa2821580265538c5d.jpg,0
C:\Users\ashis\Desktop\ScanAI\dataset_manager\clean\skin\hotspot\roboflow__dog-and-cat-skin-disease-identification-2__hotspot-61-_jpg.rf.62444d23707bf98e46244de9c6067038.jpg,C:\Users\ashis\Desktop\ScanAI\dataset_manager\clean\skin\pyoderma\roboflow__dog-and-cat-skin-disease-identification-2__bacterial_208_jpg.rf.53543f5e91de1ca3a2c4338f7b969de8.jpg,0
C:\Users\ashis\Desktop\ScanAI\dataset_manager\clean\skin\hotspot\roboflow__dog-and-cat-skin-disease-identification-2__hotspot-61-_jpg.rf.62444d23707bf98e46244de9c6067038.jpg,C:\Users\ashis\Desktop\ScanAI\dataset_manager\clean\skin\pyoderma\roboflow__dog-and-cat-skin-disease-identification-2__bacterial_274_jpg.rf.3f3c5b0259fef329e5d8e8065153573a.jpg,0
C:\Users\ashis\Desktop\ScanAI\dataset_manager\clean\skin\hotspot\roboflow__dog-and-cat-skin-disease-identification-2__hotspot-61-_jpg.rf.a96e2af9d95c318cc89ab794038db991.jpg,C:\Users\ashis\Desktop\ScanAI\dataset_manager\clean\skin\pyoderma\roboflow__dog-and-cat-skin-disease-identification-2__bacterial_208_jpg.rf.53543f5e91de1ca3a2c4338f7b969de8.jpg,0
C:\Users\ashis\Desktop\ScanAI\dataset_manager\clean\skin\hotspot\roboflow__dog-and-cat-skin-disease-identification-2__hotspot-61-_jpg.rf.a96e2af9d95c318cc89ab794038db991.jpg,C:\Users\ashis\Desktop\ScanAI\dataset_manager\clean\skin\pyoderma\roboflow__dog-and-cat-skin-disease-identification-2__bacterial_274_jpg.rf.3f3c5b0259fef329e5d8e8065153573a.jpg,0
C:\Users\ashis\Desktop\ScanAI\dataset_manager\clean\skin\hotspot\roboflow__dog-and-cat-skin-disease-identification-2__hotspot-62-_jpg.rf.0b3961c2de82b97199bb24cfb3f6289f.jpg,C:\Users\ashis\Desktop\ScanAI\dataset_manager\clean\skin\pyoderma\roboflow__dog-and-cat-skin-disease-identification-2__bacterial_209_jpg.rf.a7048621eae9223d41ad5766e3d1c963.jpg,2
C:\Users\ashis\Desktop\ScanAI\dataset_manager\clean\skin\hotspot\roboflow__dog-and-cat-skin-disease-identification-2__hotspot-62-_jpg.rf.4f93d050be78a1fe983443c74e80db42.jpg,C:\Users\ashis\Desktop\ScanAI\dataset_manager\clean\skin\pyoderma\roboflow__dog-and-cat-skin-disease-identification-2__bacterial_209_jpg.rf.a7048621eae9223d41ad5766e3d1c963.jpg,2
C:\Users\ashis\Desktop\ScanAI\dataset_manager\clean\skin\hotspot\roboflow__dog-and-cat-skin-disease-identification-2__hotspot-63-_jpg.rf.e1c6ccb4c62112a07beb2fdd131ece3d.jpg,C:\Users\ashis\Desktop\ScanAI\dataset_manager\clean\skin\pyoderma\roboflow__dog-and-cat-skin-disease-identification-2__bacterial_202_jpg.rf.5983292aca7f45f1c4043d5169021a38.jpg,0
C:\Users\ashis\Desktop\ScanAI\dataset_manager\clean\skin\hotspot\roboflow__dog-and-cat-skin-disease-identification-2__hotspot-64-_jpg.rf.5c3d8468c2c805218ba0cef45f93177c.jpg,C:\Users\ashis\Desktop\ScanAI\dataset_manager\clean\skin\pyoderma\roboflow__dog-and-cat-skin-disease-identification-2__bacterial_203_jpg.rf.5624d5bcb6e6f7977d1c425bec1a7b3b.jpg,0
C:\Users\ashis\Desktop\ScanAI\dataset_manager\clean\skin\hotspot\roboflow__dog-and-cat-skin-disease-identification-2__hotspot-65-_jpg.rf.bb834d1dcf92435ecc51d9c50afb5f6a.jpg,C:\Users\ashis\Desktop\ScanAI\dataset_manager\clean\skin\pyoderma\roboflow__dog-and-cat-skin-disease-identification-2__bacterial_276_jpg.rf.2a30d21721d94e4d6e1d3a81001c21e7.jpg,0
C:\Users\ashis\Desktop\ScanAI\dataset_manager\clean\skin\hotspot\roboflow__dog-and-cat-skin-disease-identification-2__hotspot-65-_jpg.rf.eb19f3af9624c98a31969ad6f2aa1501.jpg,C:\Users\ashis\Desktop\ScanAI\dataset_manager\clean\skin\pyoderma\roboflow__dog-and-cat-skin-disease-identification-2__bacterial_276_jpg.rf.2a30d21721d94e4d6e1d3a81001c21e7.jpg,0
C:\Users\ashis\Desktop\ScanAI\dataset_manager\clean\skin\hotspot\roboflow__dog-and-cat-skin-disease-identification-2__hotspot-66-_jpg.rf.bb80865618d788fee517257af14e5067.jpg,C:\Users\ashis\Desktop\ScanAI\dataset_manager\clean\skin\pyoderma\roboflow__dog-and-cat-skin-disease-identification-2__bacterial_212_jpg.rf.bc62106132866528528d3d9053c953b2.jpg,0
C:\Users\ashis\Desktop\ScanAI\dataset_manager\clean\skin\hotspot\roboflow__dog-and-cat-skin-disease-identification-2__hotspot-67-_jpg.rf.73a0ab823fbfc8d476e0036a5251ebb1.jpg,C:\Users\ashis\Desktop\ScanAI\dataset_manager\clean\skin\pyoderma\roboflow__dog-and-cat-skin-disease-identification-2__bacterial_213_jpg.rf.92eff4b3d428aa131d43a0ae9f27c809.jpg,0
C:\Users\ashis\Desktop\ScanAI\dataset_manager\clean\skin\hotspot\roboflow__dog-and-cat-skin-disease-identification-2__hotspot-67-_jpg.rf.757205e6ce8f754516f40629e971a4d0.jpg,C:\Users\ashis\Desktop\ScanAI\dataset_manager\clean\skin\pyoderma\roboflow__dog-and-cat-skin-disease-identification-2__bacterial_213_jpg.rf.92eff4b3d428aa131d43a0ae9f27c809.jpg,0
C:\Users\ashis\Desktop\ScanAI\dataset_manager\clean\skin\hotspot\roboflow__dog-and-cat-skin-disease-identification-2__hotspot-68-_jpg.rf.43a9a2a78ad383f3bf15417a1d79e690.jpg,C:\Users\ashis\Desktop\ScanAI\dataset_manager\clean\skin\pyoderma\roboflow__dog-and-cat-skin-disease-identification-2__bacterial_214_jpg.rf.c1d54301c1b06155add756d9d3f73a98.jpg,0
C:\Users\ashis\Desktop\ScanAI\dataset_manager\clean\skin\hotspot\roboflow__dog-and-cat-skin-disease-identification-2__hotspot-68-_jpg.rf.808d224cbf14e18fd00765e4bb67e16b.jpg,C:\Users\ashis\Desktop\ScanAI\dataset_manager\clean\skin\pyoderma\roboflow__dog-and-cat-skin-disease-identification-2__bacterial_214_jpg.rf.c1d54301c1b06155add756d9d3f73a98.jpg,0
C:\Users\ashis\Desktop\ScanAI\dataset_manager\clean\skin\hotspot\roboflow__dog-and-cat-skin-disease-identification-2__hotspot-68-_jpg.rf.9db7e393c3ba476c62859a7fef429717.jpg,C:\Users\ashis\Desktop\ScanAI\dataset_manager\clean\skin\pyoderma\roboflow__dog-and-cat-skin-disease-identification-2__bacterial_204_jpg.rf.7f7d3ae224d894acf98cae43919c1fd5.jpg,0
C:\Users\ashis\Desktop\ScanAI\dataset_manager\clean\skin\hotspot\roboflow__dog-and-cat-skin-disease-identification-2__hotspot-69-_jpg.rf.46df4308a8085421b55156d4f25959f9.jpg,C:\Users\ashis\Desktop\ScanAI\dataset_manager\clean\skin\pyoderma\roboflow__dog-and-cat-skin-disease-identification-2__bacterial_205_jpg.rf.121a4010db87fac19c7ed450dac75536.jpg,0
C:\Users\ashis\Desktop\ScanAI\dataset_manager\clean\skin\hotspot\roboflow__dog-and-cat-skin-disease-identification-2__hotspot-69-_jpg.rf.659acbbd5e2497148f04f64db2fa74ea.jpg,C:\Users\ashis\Desktop\ScanAI\dataset_manager\clean\skin\pyoderma\roboflow__dog-and-cat-skin-disease-identification-2__bacterial_215_jpg.rf.f76c0f33e535704463306ffb7a004042.jpg,0
C:\Users\ashis\Desktop\ScanAI\dataset_manager\clean\skin\hotspot\roboflow__dog-and-cat-skin-disease-identification-2__hotspot-69-_jpg.rf.659acbbd5e2497148f04f64db2fa74ea.jpg,C:\Users\ashis\Desktop\ScanAI\dataset_manager\clean\skin\pyoderma\roboflow__dog-and-cat-skin-disease-identification-2__bacterial_278_jpg.rf.35a6f6b0d3e4d3841bce06b63535a5da.jpg,0
C:\Users\ashis\Desktop\ScanAI\dataset_manager\clean\skin\hotspot\roboflow__dog-and-cat-skin-disease-identification-2__hotspot-69-_jpg.rf.659acbbd5e2497148f04f64db2fa74ea.jpg,C:\Users\ashis\Desktop\ScanAI\dataset_manager\clean\skin\pyoderma\roboflow__dog-and-cat-skin-disease-identification-2__bacterial_89_jpg.rf.bb9eeab48917eab6440f041fc345f016.jpg,0
C:\Users\ashis\Desktop\ScanAI\dataset_manager\clean\skin\hotspot\roboflow__dog-and-cat-skin-disease-identification-2__hotspot-69-_jpg.rf.99e470288ddab9713d2036c8016a2e45.jpg,C:\Users\ashis\Desktop\ScanAI\dataset_manager\clean\skin\pyoderma\roboflow__dog-and-cat-skin-disease-identification-2__bacterial_215_jpg.rf.f76c0f33e535704463306ffb7a004042.jpg,0
C:\Users\ashis\Desktop\ScanAI\dataset_manager\clean\skin\hotspot\roboflow__dog-and-cat-skin-disease-identification-2__hotspot-69-_jpg.rf.99e470288ddab9713d2036c8016a2e45.jpg,C:\Users\ashis\Desktop\ScanAI\dataset_manager\clean\skin\pyoderma\roboflow__dog-and-cat-skin-disease-identification-2__bacterial_278_jpg.rf.35a6f6b0d3e4d3841bce06b63535a5da.jpg,0
C:\Users\ashis\Desktop\ScanAI\dataset_manager\clean\skin\hotspot\roboflow__dog-and-cat-skin-disease-identification-2__hotspot-69-_jpg.rf.99e470288ddab9713d2036c8016a2e45.jpg,C:\Users\ashis\Desktop\ScanAI\dataset_manager\clean\skin\pyoderma\roboflow__dog-and-cat-skin-disease-identification-2__bacterial_89_jpg.rf.bb9eeab48917eab6440f041fc345f016.jpg,0
C:\Users\ashis\Desktop\ScanAI\dataset_manager\clean\skin\hotspot\roboflow__dog-and-cat-skin-disease-identification-2__hotspot-74-_jpg.rf.8f8dc59a09737c9a30723f3b2dbcb132.jpg,C:\Users\ashis\Desktop\ScanAI\dataset_manager\clean\skin\pyoderma\roboflow__dog-and-cat-skin-disease-identification-2__bacterial_91_jpg.rf.92a25d7216c9e2ca40e276fde40f8190.jpg,2
C:\Users\ashis\Desktop\ScanAI\dataset_manager\clean\skin\hotspot\roboflow__dog-and-cat-skin-disease-identification-2__hotspot-74-_jpg.rf.988e8622a11678552b0fa119c7fd42f8.jpg,C:\Users\ashis\Desktop\ScanAI\dataset_manager\clean\skin\pyoderma\roboflow__dog-and-cat-skin-disease-identification-2__bacterial_91_jpg.rf.92a25d7216c9e2ca40e276fde40f8190.jpg,2
C:\Users\ashis\Desktop\ScanAI\dataset_manager\clean\skin\hotspot\roboflow__dog-and-cat-skin-disease-identification-2__hotspot-74-_jpg.rf.d3fbab762c42c90b96129b2fe7b92b3a.jpg,C:\Users\ashis\Desktop\ScanAI\dataset_manager\clean\skin\pyoderma\roboflow__dog-and-cat-skin-disease-identification-2__bacterial_91_jpg.rf.92a25d7216c9e2ca40e276fde40f8190.jpg,2
C:\Users\ashis\Desktop\ScanAI\dataset_manager\clean\skin\hotspot\roboflow__dog-and-cat-skin-disease-identification-2__hotspot-77-_jpg.rf.5db4365246f78fbdb9388c17dc35468e.jpg,C:\Users\ashis\Desktop\ScanAI\dataset_manager\clean\skin\pyoderma\roboflow__dog-and-cat-skin-disease-identification-2__bacterial_92_jpg.rf.629ebe7f6a76905feaef6a4db8661c46.jpg,2
C:\Users\ashis\Desktop\ScanAI\dataset_manager\clean\skin\hotspot\roboflow__dog-and-cat-skin-disease-identification-2__hotspot-77-_jpg.rf.c263213690b821c11c3aeb2dc8209236.jpg,C:\Users\ashis\Desktop\ScanAI\dataset_manager\clean\skin\pyoderma\roboflow__dog-and-cat-skin-disease-identification-2__bacterial_92_jpg.rf.629ebe7f6a76905feaef6a4db8661c46.jpg,2
C:\Users\ashis\Desktop\ScanAI\dataset_manager\clean\skin\hotspot\roboflow__dog-and-cat-skin-disease-identification-2__hotspot-78-_jpg.rf.0026684c48b578f11443787a53ac8fcb.jpg,C:\Users\ashis\Desktop\ScanAI\dataset_manager\clean\skin\pyoderma\roboflow__dog-and-cat-skin-disease-identification-2__bacterial_217_jpg.rf.519e0adbc1631740561c76cb260f5574.jpg,0
C:\Users\ashis\Desktop\ScanAI\dataset_manager\clean\skin\hotspot\roboflow__dog-and-cat-skin-disease-identification-2__hotspot-78-_jpg.rf.0a3cd2bf616c33967e2b8d2565bb354a.jpg,C:\Users\ashis\Desktop\ScanAI\dataset_manager\clean\skin\pyoderma\roboflow__dog-and-cat-skin-disease-identification-2__bacterial_207_jpg.rf.f709b4049cd36c4800433abf1b8f36a2.jpg,0
C:\Users\ashis\Desktop\ScanAI\dataset_manager\clean\skin\hotspot\roboflow__dog-and-cat-skin-disease-identification-2__hotspot-78-_jpg.rf.55c875631e75f5131d07e21fc72c738d.jpg,C:\Users\ashis\Desktop\ScanAI\dataset_manager\clean\skin\pyoderma\roboflow__dog-and-cat-skin-disease-identification-2__bacterial_217_jpg.rf.519e0adbc1631740561c76cb260f5574.jpg,0
C:\Users\ashis\Desktop\ScanAI\dataset_manager\clean\skin\hotspot\roboflow__dog-and-cat-skin-disease-identification-2__hotspot-79-_jpg.rf.69b2422326515c8046451538818ba0d2.jpg,C:\Users\ashis\Desktop\ScanAI\dataset_manager\clean\skin\pyoderma\roboflow__dog-and-cat-skin-disease-identification-2__bacterial_208_jpg.rf.53543f5e91de1ca3a2c4338f7b969de8.jpg,0
C:\Users\ashis\Desktop\ScanAI\dataset_manager\clean\skin\hotspot\roboflow__dog-and-cat-skin-disease-identification-2__hotspot-79-_jpg.rf.69b2422326515c8046451538818ba0d2.jpg,C:\Users\ashis\Desktop\ScanAI\dataset_manager\clean\skin\pyoderma\roboflow__dog-and-cat-skin-disease-identification-2__bacterial_274_jpg.rf.3f3c5b0259fef329e5d8e8065153573a.jpg,0
C:\Users\ashis\Desktop\ScanAI\dataset_manager\clean\skin\hotspot\roboflow__dog-and-cat-skin-disease-identification-2__hotspot-79-_jpg.rf.b936eebd4f1738add7b42859f06d0c31.jpg,C:\Users\ashis\Desktop\ScanAI\dataset_manager\clean\skin\pyoderma\roboflow__dog-and-cat-skin-disease-identification-2__bacterial_233_jpg.rf.549ee0d949f4206ca4fbfcadf61aad04.jpg,0
C:\Users\ashis\Desktop\ScanAI\dataset_manager\clean\skin\hotspot\roboflow__dog-and-cat-skin-disease-identification-2__hotspot-79-_jpg.rf.db86ece15c989a9af780a81dee8a064d.jpg,C:\Users\ashis\Desktop\ScanAI\dataset_manager\clean\skin\pyoderma\roboflow__dog-and-cat-skin-disease-identification-2__bacterial_233_jpg.rf.549ee0d949f4206ca4fbfcadf61aad04.jpg,0
C:\Users\ashis\Desktop\ScanAI\dataset_manager\clean\skin\hotspot\roboflow__dog-and-cat-skin-disease-identification-2__hotspot-80-_jpg.rf.28b8a712ce547334053f08c5b5b4aa4b.jpg,C:\Users\ashis\Desktop\ScanAI\dataset_manager\clean\skin\pyoderma\roboflow__dog-and-cat-skin-disease-identification-2__bacterial_221_jpg.rf.f901ae30b5a61d369030bfad728e1867.jpg,0
C:\Users\ashis\Desktop\ScanAI\dataset_manager\clean\skin\hotspot\roboflow__dog-and-cat-skin-disease-identification-2__hotspot-80-_jpg.rf.28b8a712ce547334053f08c5b5b4aa4b.jpg,C:\Users\ashis\Desktop\ScanAI\dataset_manager\clean\skin\pyoderma\roboflow__dog-and-cat-skin-disease-identification-2__bacterial_281_jpg.rf.536616657ebcf1b1568b264868d961ac.jpg,0
C:\Users\ashis\Desktop\ScanAI\dataset_manager\clean\skin\hotspot\roboflow__dog-and-cat-skin-disease-identification-2__hotspot-80-_jpg.rf.28b8a712ce547334053f08c5b5b4aa4b.jpg,C:\Users\ashis\Desktop\ScanAI\dataset_manager\clean\skin\pyoderma\roboflow__dog-and-cat-skin-disease-identification-2__bacterial_95_jpg.rf.dab6587ab1689a4643efecc89fc6593c.jpg,0
C:\Users\ashis\Desktop\ScanAI\dataset_manager\clean\skin\hotspot\roboflow__dog-and-cat-skin-disease-identification-2__hotspot-80-_jpg.rf.8eb3bc5e10f94fadbb5a601b945d92cc.jpg,C:\Users\ashis\Desktop\ScanAI\dataset_manager\clean\skin\pyoderma\roboflow__dog-and-cat-skin-disease-identification-2__bacterial_209_jpg.rf.a7048621eae9223d41ad5766e3d1c963.jpg,2
C:\Users\ashis\Desktop\ScanAI\dataset_manager\clean\skin\hotspot\roboflow__dog-and-cat-skin-disease-identification-2__hotspot-80-_jpg.rf.96fe1b1581a2f1228785432aea953316.jpg,C:\Users\ashis\Desktop\ScanAI\dataset_manager\clean\skin\pyoderma\roboflow__dog-and-cat-skin-disease-identification-2__bacterial_221_jpg.rf.f901ae30b5a61d369030bfad728e1867.jpg,0
C:\Users\ashis\Desktop\ScanAI\dataset_manager\clean\skin\hotspot\roboflow__dog-and-cat-skin-disease-identification-2__hotspot-80-_jpg.rf.96fe1b1581a2f1228785432aea953316.jpg,C:\Users\ashis\Desktop\ScanAI\dataset_manager\clean\skin\pyoderma\roboflow__dog-and-cat-skin-disease-identification-2__bacterial_281_jpg.rf.536616657ebcf1b1568b264868d961ac.jpg,0
C:\Users\ashis\Desktop\ScanAI\dataset_manager\clean\skin\hotspot\roboflow__dog-and-cat-skin-disease-identification-2__hotspot-80-_jpg.rf.96fe1b1581a2f1228785432aea953316.jpg,C:\Users\ashis\Desktop\ScanAI\dataset_manager\clean\skin\pyoderma\roboflow__dog-and-cat-skin-disease-identification-2__bacterial_95_jpg.rf.dab6587ab1689a4643efecc89fc6593c.jpg,0
C:\Users\ashis\Desktop\ScanAI\dataset_manager\clean\skin\hotspot\roboflow__dog-and-cat-skin-disease-identification-2__hotspot-81-_jpg.rf.cc93eb0e3bdf3a4b2b3a09ffd64c31ef.jpg,C:\Users\ashis\Desktop\ScanAI\dataset_manager\clean\skin\pyoderma\roboflow__dog-and-cat-skin-disease-identification-2__bacterial_235_jpg.rf.62fe5dda9e583d5743dd7541cf542297.jpg,0
C:\Users\ashis\Desktop\ScanAI\dataset_manager\clean\skin\hotspot\roboflow__dog-and-cat-skin-disease-identification-2__hotspot-81-_jpg.rf.cfb630e3526a930d054f64a9dbcacc11.jpg,C:\Users\ashis\Desktop\ScanAI\dataset_manager\clean\skin\pyoderma\roboflow__dog-and-cat-skin-disease-identification-2__bacterial_235_jpg.rf.62fe5dda9e583d5743dd7541cf542297.jpg,0
C:\Users\ashis\Desktop\ScanAI\dataset_manager\clean\skin\hotspot\roboflow__dog-and-cat-skin-disease-identification-2__hotspot-82-_jpg.rf.73fa8ae4ce5ff86a0b3a0fd2aff5b54d.jpg,C:\Users\ashis\Desktop\ScanAI\dataset_manager\clean\skin\pyoderma\roboflow__dog-and-cat-skin-disease-identification-2__bacterial_283_jpg.rf.78b4aae2239c2260ee0e96afaca3f7d7.jpg,0
C:\Users\ashis\Desktop\ScanAI\dataset_manager\clean\skin\hotspot\roboflow__dog-and-cat-skin-disease-identification-2__hotspot-82-_jpg.rf.73fa8ae4ce5ff86a0b3a0fd2aff5b54d.jpg,C:\Users\ashis\Desktop\ScanAI\dataset_manager\clean\skin\pyoderma\roboflow__dog-and-cat-skin-disease-identification-2__bacterial_285_jpg.rf.009c1efc0659ea8fe8b212e673ed7f5c.jpg,2
C:\Users\ashis\Desktop\ScanAI\dataset_manager\clean\skin\hotspot\roboflow__dog-and-cat-skin-disease-identification-2__hotspot-82-_jpg.rf.c2968be8d9f2958159c2d5ff1b7addd2.jpg,C:\Users\ashis\Desktop\ScanAI\dataset_manager\clean\skin\pyoderma\roboflow__dog-and-cat-skin-disease-identification-2__bacterial_283_jpg.rf.78b4aae2239c2260ee0e96afaca3f7d7.jpg,0
C:\Users\ashis\Desktop\ScanAI\dataset_manager\clean\skin\hotspot\roboflow__dog-and-cat-skin-disease-identification-2__hotspot-82-_jpg.rf.c2968be8d9f2958159c2d5ff1b7addd2.jpg,C:\Users\ashis\Desktop\ScanAI\dataset_manager\clean\skin\pyoderma\roboflow__dog-and-cat-skin-disease-identification-2__bacterial_285_jpg.rf.009c1efc0659ea8fe8b212e673ed7f5c.jpg,2
C:\Users\ashis\Desktop\ScanAI\dataset_manager\clean\skin\hotspot\roboflow__dog-and-cat-skin-disease-identification-2__hotspot-83-_jpg.rf.2ef3557f7d51809351e18bf7fcd2912c.jpg,C:\Users\ashis\Desktop\ScanAI\dataset_manager\clean\skin\pyoderma\roboflow__dog-and-cat-skin-disease-identification-2__bacterial_223_jpg.rf.72dbacef40518c4066e4db29ce570701.jpg,0
C:\Users\ashis\Desktop\ScanAI\dataset_manager\clean\skin\hotspot\roboflow__dog-and-cat-skin-disease-identification-2__hotspot-83-_jpg.rf.84e3d79d5c9f39b49445e75c92df0827.jpg,C:\Users\ashis\Desktop\ScanAI\dataset_manager\clean\skin\pyoderma\roboflow__dog-and-cat-skin-disease-identification-2__bacterial_223_jpg.rf.72dbacef40518c4066e4db29ce570701.jpg,0
C:\Users\ashis\Desktop\ScanAI\dataset_manager\clean\skin\hotspot\roboflow__dog-and-cat-skin-disease-identification-2__hotspot-84-_jpg.rf.7e03869bb7a3502ed781d72590b2f868.jpg,C:\Users\ashis\Desktop\ScanAI\dataset_manager\clean\skin\pyoderma\roboflow__dog-and-cat-skin-disease-identification-2__bacterial_224_jpg.rf.d32674e812b9c735e8edc473b778e992.jpg,0
C:\Users\ashis\Desktop\ScanAI\dataset_manager\clean\skin\hotspot\roboflow__dog-and-cat-skin-disease-identification-2__hotspot-84-_jpg.rf.e2af9687de448326ad187b8e033e2878.jpg,C:\Users\ashis\Desktop\ScanAI\dataset_manager\clean\skin\pyoderma\roboflow__dog-and-cat-skin-disease-identification-2__bacterial_224_jpg.rf.d32674e812b9c735e8edc473b778e992.jpg,0
C:\Users\ashis\Desktop\ScanAI\dataset_manager\clean\skin\hotspot\roboflow__dog-and-cat-skin-disease-identification-2__hotspot-85-_jpg.rf.75cf8a6bbc28528588fc148abfecd827.jpg,C:\Users\ashis\Desktop\ScanAI\dataset_manager\clean\skin\pyoderma\roboflow__dog-and-cat-skin-disease-identification-2__bacterial_225_jpg.rf.2edcb5abfa0988d2b3d08f167d9940ee.jpg,0
C:\Users\ashis\Desktop\ScanAI\dataset_manager\clean\skin\hotspot\roboflow__dog-and-cat-skin-disease-identification-2__hotspot-85-_jpg.rf.bea30004133982631432079f2d73c028.jpg,C:\Users\ashis\Desktop\ScanAI\dataset_manager\clean\skin\pyoderma\roboflow__dog-and-cat-skin-disease-identification-2__bacterial_225_jpg.rf.2edcb5abfa0988d2b3d08f167d9940ee.jpg,0
C:\Users\ashis\Desktop\ScanAI\dataset_manager\clean\skin\hotspot\roboflow__dog-and-cat-skin-disease-identification-2__hotspot-85-_jpg.rf.e0f841152f539ceb60deb84438128a5b.jpg,C:\Users\ashis\Desktop\ScanAI\dataset_manager\clean\skin\pyoderma\roboflow__dog-and-cat-skin-disease-identification-2__bacterial_213_jpg.rf.92eff4b3d428aa131d43a0ae9f27c809.jpg,0
C:\Users\ashis\Desktop\ScanAI\dataset_manager\clean\skin\hotspot\roboflow__dog-and-cat-skin-disease-identification-2__hotspot-86-_jpg.rf.7dadf64027d1c9fd1d0138d2de353488.jpg,C:\Users\ashis\Desktop\ScanAI\dataset_manager\clean\skin\pyoderma\roboflow__dog-and-cat-skin-disease-identification-2__bacterial_226_jpg.rf.4a4c9a89ea436f0d1c46b2fe8a1ad011.jpg,0
C:\Users\ashis\Desktop\ScanAI\dataset_manager\clean\skin\hotspot\roboflow__dog-and-cat-skin-disease-identification-2__hotspot-86-_jpg.rf.7dadf64027d1c9fd1d0138d2de353488.jpg,C:\Users\ashis\Desktop\ScanAI\dataset_manager\clean\skin\pyoderma\roboflow__dog-and-cat-skin-disease-identification-2__bacterial_286_jpg.rf.6bafc9103db10fac9cb62920dfe747af.jpg,0
C:\Users\ashis\Desktop\ScanAI\dataset_manager\clean\skin\hotspot\roboflow__dog-and-cat-skin-disease-identification-2__hotspot-87-_jpg.rf.0d7e1f5d303adca02b7a55e67065b045.jpg,C:\Users\ashis\Desktop\ScanAI\dataset_manager\clean\skin\pyoderma\roboflow__dog-and-cat-skin-disease-identification-2__bacterial_227_jpg.rf.5f8d82bca3edc1b7034e15e7bbbf9d5b.jpg,0
C:\Users\ashis\Desktop\ScanAI\dataset_manager\clean\skin\hotspot\roboflow__dog-and-cat-skin-disease-identification-2__hotspot-87-_jpg.rf.9b156ef0289fc248324db70317221838.jpg,C:\Users\ashis\Desktop\ScanAI\dataset_manager\clean\skin\pyoderma\roboflow__dog-and-cat-skin-disease-identification-2__bacterial_227_jpg.rf.5f8d82bca3edc1b7034e15e7bbbf9d5b.jpg,0
C:\Users\ashis\Desktop\ScanAI\dataset_manager\clean\skin\hotspot\roboflow__dog-and-cat-skin-disease-identification-2__hotspot-88-_jpg.rf.11a8f0c1c9fdcc35853fa2d7ddad370c.jpg,C:\Users\ashis\Desktop\ScanAI\dataset_manager\clean\skin\pyoderma\roboflow__dog-and-cat-skin-disease-identification-2__bacterial_215_jpg.rf.f76c0f33e535704463306ffb7a004042.jpg,0
C:\Users\ashis\Desktop\ScanAI\dataset_manager\clean\skin\hotspot\roboflow__dog-and-cat-skin-disease-identification-2__hotspot-88-_jpg.rf.11a8f0c1c9fdcc35853fa2d7ddad370c.jpg,C:\Users\ashis\Desktop\ScanAI\dataset_manager\clean\skin\pyoderma\roboflow__dog-and-cat-skin-disease-identification-2__bacterial_278_jpg.rf.35a6f6b0d3e4d3841bce06b63535a5da.jpg,0
C:\Users\ashis\Desktop\ScanAI\dataset_manager\clean\skin\hotspot\roboflow__dog-and-cat-skin-disease-identification-2__hotspot-88-_jpg.rf.11a8f0c1c9fdcc35853fa2d7ddad370c.jpg,C:\Users\ashis\Desktop\ScanAI\dataset_manager\clean\skin\pyoderma\roboflow__dog-and-cat-skin-disease-identification-2__bacterial_89_jpg.rf.bb9eeab48917eab6440f041fc345f016.jpg,0
C:\Users\ashis\Desktop\ScanAI\dataset_manager\clean\skin\hotspot\roboflow__dog-and-cat-skin-disease-identification-2__hotspot-9-_jpg.rf.f65e4cd18bc678a6239c79a008ae29df.jpg,C:\Users\ashis\Desktop\ScanAI\dataset_manager\clean\skin\pyoderma\roboflow__dog-and-cat-skin-disease-identification-2__bacterial_178_jpg.rf.72b117ddc067194cc4326154bcc2088c.jpg,0
C:\Users\ashis\Desktop\ScanAI\dataset_manager\clean\skin\hotspot\roboflow__dog-and-cat-skin-disease-identification-2__hotspot-9-_jpg.rf.f65e4cd18bc678a6239c79a008ae29df.jpg,C:\Users\ashis\Desktop\ScanAI\dataset_manager\clean\skin\pyoderma\roboflow__dog-and-cat-skin-disease-identification-2__bacterial_289_jpg.rf.ba7753724c152be4300245d7c9d15ef0.jpg,2
C:\Users\ashis\Desktop\ScanAI\dataset_manager\clean\skin\hotspot\roboflow__dog-and-cat-skin-disease-identification-2__hotspot-91-_jpg.rf.50c72d12a5991f1ed92783d542580600.jpg,C:\Users\ashis\Desktop\ScanAI\dataset_manager\clean\skin\pyoderma\roboflow__dog-and-cat-skin-disease-identification-2__bacterial_228_jpg.rf.d14fd2afe98e8667635e87178dbf0075.jpg,0
C:\Users\ashis\Desktop\ScanAI\dataset_manager\clean\skin\hotspot\roboflow__dog-and-cat-skin-disease-identification-2__hotspot-91-_jpg.rf.ba1d3f7b73378dd30aaef6ece233de32.jpg,C:\Users\ashis\Desktop\ScanAI\dataset_manager\clean\skin\pyoderma\roboflow__dog-and-cat-skin-disease-identification-2__bacterial_228_jpg.rf.d14fd2afe98e8667635e87178dbf0075.jpg,0
C:\Users\ashis\Desktop\ScanAI\dataset_manager\clean\skin\hotspot\roboflow__dog-and-cat-skin-disease-identification-2__hotspot-92-_jpg.rf.f459690139856c2896ef542e07950db1.jpg,C:\Users\ashis\Desktop\ScanAI\dataset_manager\clean\skin\pyoderma\roboflow__dog-and-cat-skin-disease-identification-2__bacterial_229_jpg.rf.8b14d5f03bf55261d4c6dccebb3914e1.jpg,0
C:\Users\ashis\Desktop\ScanAI\dataset_manager\clean\skin\hotspot\roboflow__dog-and-cat-skin-disease-identification-2__hotspot-92-_jpg.rf.f459690139856c2896ef542e07950db1.jpg,C:\Users\ashis\Desktop\ScanAI\dataset_manager\clean\skin\pyoderma\roboflow__dog-and-cat-skin-disease-identification-2__bacterial_291_jpg.rf.a69eadc56c1dca9ac1a82c9b15c4532c.jpg,0
C:\Users\ashis\Desktop\ScanAI\dataset_manager\clean\skin\hotspot\roboflow__dog-and-cat-skin-disease-identification-2__hotspot-92-_jpg.rf.f62c39864b64be85c8b9203816ac1c82.jpg,C:\Users\ashis\Desktop\ScanAI\dataset_manager\clean\skin\pyoderma\roboflow__dog-and-cat-skin-disease-identification-2__bacterial_229_jpg.rf.8b14d5f03bf55261d4c6dccebb3914e1.jpg,0
C:\Users\ashis\Desktop\ScanAI\dataset_manager\clean\skin\hotspot\roboflow__dog-and-cat-skin-disease-identification-2__hotspot-92-_jpg.rf.f62c39864b64be85c8b9203816ac1c82.jpg,C:\Users\ashis\Desktop\ScanAI\dataset_manager\clean\skin\pyoderma\roboflow__dog-and-cat-skin-disease-identification-2__bacterial_291_jpg.rf.a69eadc56c1dca9ac1a82c9b15c4532c.jpg,0
C:\Users\ashis\Desktop\ScanAI\dataset_manager\clean\skin\hotspot\roboflow__dog-and-cat-skin-disease-identification-2__hotspot-93-_jpg.rf.8f381d391422e633421157d42e65be3c.jpg,C:\Users\ashis\Desktop\ScanAI\dataset_manager\clean\skin\pyoderma\roboflow__dog-and-cat-skin-disease-identification-2__bacterial_230_jpg.rf.7de0b44edf196f474beafdad13c3b1e8.jpg,0
C:\Users\ashis\Desktop\ScanAI\dataset_manager\clean\skin\hotspot\roboflow__dog-and-cat-skin-disease-identification-2__hotspot-93-_jpg.rf.e42cf639dbbfaf6e0fa9566256acfb09.jpg,C:\Users\ashis\Desktop\ScanAI\dataset_manager\clean\skin\pyoderma\roboflow__dog-and-cat-skin-disease-identification-2__bacterial_230_jpg.rf.7de0b44edf196f474beafdad13c3b1e8.jpg,0
C:\Users\ashis\Desktop\ScanAI\dataset_manager\clean\skin\hotspot\roboflow__dog-and-cat-skin-disease-identification-2__hotspot-95-_jpg.rf.5054a543ed04c102a16d5f0caf7c8856.jpg,C:\Users\ashis\Desktop\ScanAI\dataset_manager\clean\skin\pyoderma\roboflow__dog-and-cat-skin-disease-identification-2__bacterial_236_jpg.rf.fe996b05466f3ce46b1b1b32a1ed88b5.jpg,0
C:\Users\ashis\Desktop\ScanAI\dataset_manager\clean\skin\hotspot\roboflow__dog-and-cat-skin-disease-identification-2__hotspot-95-_jpg.rf.710b9bfd905775e1273c746ad09acb17.jpg,C:\Users\ashis\Desktop\ScanAI\dataset_manager\clean\skin\pyoderma\roboflow__dog-and-cat-skin-disease-identification-2__bacterial_236_jpg.rf.fe996b05466f3ce46b1b1b32a1ed88b5.jpg,0
C:\Users\ashis\Desktop\ScanAI\dataset_manager\clean\skin\hotspot\roboflow__dog-and-cat-skin-disease-identification-2__hotspot-96-_jpg.rf.503fac79f9d7dc99c8a9d20bf3de97b8.jpg,C:\Users\ashis\Desktop\ScanAI\dataset_manager\clean\skin\pyoderma\roboflow__dog-and-cat-skin-disease-identification-2__bacterial_237_jpg.rf.bf4281a750411060e0ab250d9b813220.jpg,2
C:\Users\ashis\Desktop\ScanAI\dataset_manager\clean\skin\hotspot\roboflow__dog-and-cat-skin-disease-identification-2__hotspot-98-_jpg.rf.3b93b96f1d60980dce840dd1ce884adc.jpg,C:\Users\ashis\Desktop\ScanAI\dataset_manager\clean\skin\pyoderma\roboflow__dog-and-cat-skin-disease-identification-2__bacterial_217_jpg.rf.519e0adbc1631740561c76cb260f5574.jpg,0
C:\Users\ashis\Desktop\ScanAI\dataset_manager\clean\skin\hotspot\roboflow__dog-and-cat-skin-disease-identification-2__pic0_jpg.rf.294b0fdfb497384d7b2b37f413ad991a.jpg,C:\Users\ashis\Desktop\ScanAI\dataset_manager\clean\skin\pyoderma\roboflow__dog-and-cat-skin-disease-identification-2__pic0_jpg.rf.7c4e1bd0824b23952422dd59b967f6f3.jpg,2
C:\Users\ashis\Desktop\ScanAI\dataset_manager\clean\skin\hotspot\roboflow__dog-and-cat-skin-disease-identification-2__pic1_jpg.rf.44b21479b394dec7823963242fac2da4.jpg,C:\Users\ashis\Desktop\ScanAI\dataset_manager\clean\skin\pyoderma\roboflow__dog-and-cat-skin-disease-identification-2__pic1_jpg.rf.a6a6c52d226871f3f58f03337ec871b1.jpg,4
C:\Users\ashis\Desktop\ScanAI\dataset_manager\clean\skin\hotspot\roboflow__dog-and-cat-skin-disease-identification-2__pic2_jpg.rf.9cb52d1ace1b07a1cf62e04992ef172e.jpg,C:\Users\ashis\Desktop\ScanAI\dataset_manager\clean\skin\pyoderma\roboflow__dog-and-cat-skin-disease-identification-2__pic2_jpg.rf.a7fe73dbbe3f32ac3a27f53f18c5b239.jpg,2
C:\Users\ashis\Desktop\ScanAI\dataset_manager\clean\skin\hotspot\roboflow__dog-and-cat-skin-disease-identification-2__pic3_jpg.rf.d74a9e8b78934e45a16e18be9e9d413b.jpg,C:\Users\ashis\Desktop\ScanAI\dataset_manager\clean\skin\pyoderma\roboflow__dog-and-cat-skin-disease-identification-2__pic3_jpg.rf.7ee8e8702c4d2ac48dc3e8ec177854b4.jpg,4
C:\Users\ashis\Desktop\ScanAI\dataset_manager\clean\skin\hotspot\roboflow__dog-and-cat-skin-disease-identification-2__pic5_jpg.rf.b019b6d91fa3ea258a846fffcf739f80.jpg,C:\Users\ashis\Desktop\ScanAI\dataset_manager\clean\skin\pyoderma\roboflow__dog-and-cat-skin-disease-identification-2__pic4_jpg.rf.54d2acc7687244c127e098f55aa810e9.jpg,4
C:\Users\ashis\Desktop\ScanAI\dataset_manager\clean\skin\hotspot\roboflow__dog-and-cat-skin-disease-identification-2__pic5_jpg.rf.b019b6d91fa3ea258a846fffcf739f80.jpg,C:\Users\ashis\Desktop\ScanAI\dataset_manager\clean\skin\pyoderma\roboflow__dog-and-cat-skin-disease-identification-2__pic5_jpg.rf.64bdcb1f4dd0ee58403f8770f2219597.jpg,2
C:\Users\ashis\Desktop\ScanAI\dataset_manager\clean\skin\hotspot\roboflow__dog-and-cat-skin-disease-identification-2__pic6_jpg.rf.679ef4faa34d16518d26e344a3dc801f.jpg,C:\Users\ashis\Desktop\ScanAI\dataset_manager\clean\skin\pyoderma\roboflow__dog-and-cat-skin-disease-identification-2__pic6_jpg.rf.041e63c8d3eaa27535ee3f3fb05e2f3e.jpg,4
C:\Users\ashis\Desktop\ScanAI\dataset_manager\clean\skin\hotspot\roboflow__dog-and-cat-skin-disease-identification-2__pic7_jpg.rf.480b028ff626039273da96e213d45688.jpg,C:\Users\ashis\Desktop\ScanAI\dataset_manager\clean\skin\pyoderma\roboflow__dog-and-cat-skin-disease-identification-2__pic7_jpg.rf.fe61c39ef53eff7ab102d99200a54dee.jpg,2
C:\Users\ashis\Desktop\ScanAI\dataset_manager\clean\skin\hotspot\roboflow__dog-and-cat-skin-disease-identification-2__pic8_jpg.rf.e5c289fe5c7736b759c6cc1acbf23afd.jpg,C:\Users\ashis\Desktop\ScanAI\dataset_manager\clean\skin\pyoderma\roboflow__dog-and-cat-skin-disease-identification-2__pic8_jpg.rf.1b3f0eb5c17ebdd3eb926565fa52e3f7.jpg,2
C:\Users\ashis\Desktop\ScanAI\dataset_manager\clean\skin\hotspot\roboflow__dog-and-cat-skin-disease-identification-2__pic9_jpg.rf.0c8d3d873e9c5e5e63712ad08f540dfb.jpg,C:\Users\ashis\Desktop\ScanAI\dataset_manager\clean\skin\pyoderma\roboflow__dog-and-cat-skin-disease-identification-2__pic9_jpg.rf.dbf7b9faeaee38e845d82d9e2319158d.jpg,0
C:\Users\ashis\Desktop\ScanAI\dataset_manager\clean\skin\hotspot\roboflow__dog-and-cat-skin-disease-identification-2__preprocessed_HOTSPOT_003_png_png.rf.1bbc44fc067a2851f7f0f3b5647ef37d.jpg,C:\Users\ashis\Desktop\ScanAI\dataset_manager\clean\skin\pyoderma\roboflow__dog-and-cat-skin-disease-identification-2__bacterial_247_jpg.rf.d16c957a66568a808b6c7ff0b1be480c.jpg,0
C:\Users\ashis\Desktop\ScanAI\dataset_manager\clean\skin\hotspot\roboflow__dog-and-cat-skin-disease-identification-2__preprocessed_HOTSPOT_004_jpg.rf.673f82605ca7367a57c13bd93556a9e7.jpg,C:\Users\ashis\Desktop\ScanAI\dataset_manager\clean\skin\pyoderma\roboflow__dog-and-cat-skin-disease-identification-2__bacterial_248_jpg.rf.dca895b9962cc1d1bd58137bf8ade104.jpg,0
C:\Users\ashis\Desktop\ScanAI\dataset_manager\clean\skin\hotspot\roboflow__dog-and-cat-skin-disease-identification-2__preprocessed_HOTSPOT_005_jpg.rf.e241a90ae111702d64f4d291112ef38d.jpg,C:\Users\ashis\Desktop\ScanAI\dataset_manager\clean\skin\pyoderma\roboflow__dog-and-cat-skin-disease-identification-2__bacterial_250_jpg.rf.8a9cad2ca872eadd13127fb9df5853b3.jpg,0
C:\Users\ashis\Desktop\ScanAI\dataset_manager\clean\skin\hotspot\roboflow__dog-and-cat-skin-disease-identification-2__preprocessed_HOTSPOT_005_jpg.rf.e241a90ae111702d64f4d291112ef38d.jpg,C:\Users\ashis\Desktop\ScanAI\dataset_manager\clean\skin\pyoderma\roboflow__dog-and-cat-skin-disease-identification-2__bacterial_84_jpg.rf.81fdad1509b15d94f738e98bc045a727.jpg,0
C:\Users\ashis\Desktop\ScanAI\dataset_manager\clean\skin\hotspot\roboflow__dog-and-cat-skin-disease-identification-2__preprocessed_HOTSPOT_006_jpg.rf.186c355637a344e6fc65aa28b078fdbb.jpg,C:\Users\ashis\Desktop\ScanAI\dataset_manager\clean\skin\pyoderma\roboflow__dog-and-cat-skin-disease-identification-2__bacterial_252_jpg.rf.db4c629baf858f77661d10912383e720.jpg,0
C:\Users\ashis\Desktop\ScanAI\dataset_manager\clean\skin\hotspot\roboflow__dog-and-cat-skin-disease-identification-2__preprocessed_HOTSPOT_008_jpg.rf.e60ca0ec2b450068c473c4c026efd72d.jpg,C:\Users\ashis\Desktop\ScanAI\dataset_manager\clean\skin\pyoderma\roboflow__dog-and-cat-skin-disease-identification-2__bacterial_255_jpg.rf.a85467a7fd1871861a6daf9c2f36cdd0.jpg,0
C:\Users\ashis\Desktop\ScanAI\dataset_manager\clean\skin\hotspot\roboflow__dog-and-cat-skin-disease-identification-2__preprocessed_HOTSPOT_009_jpg.rf.386c48d46c0c92e82ec33a0f9c8ffa27.jpg,C:\Users\ashis\Desktop\ScanAI\dataset_manager\clean\skin\pyoderma\roboflow__dog-and-cat-skin-disease-identification-2__bacterial_256_jpg.rf.ab4cae95ec697e68dced5aa97963a553.jpg,0
C:\Users\ashis\Desktop\ScanAI\dataset_manager\clean\skin\hotspot\roboflow__dog-and-cat-skin-disease-identification-2__preprocessed_HOTSPOT_009_jpg.rf.386c48d46c0c92e82ec33a0f9c8ffa27.jpg,C:\Users\ashis\Desktop\ScanAI\dataset_manager\clean\skin\pyoderma\roboflow__dog-and-cat-skin-disease-identification-2__bacterial_derm_25_jpg.rf.d1779e69bfed23785e1d36341da1efef.jpg,0
C:\Users\ashis\Desktop\ScanAI\dataset_manager\clean\skin\hotspot\roboflow__dog-and-cat-skin-disease-identification-2__preprocessed_HOTSPOT_010_jpg.rf.11020c3ae482e168fb849dd6d842ed1d.jpg,C:\Users\ashis\Desktop\ScanAI\dataset_manager\clean\skin\pyoderma\roboflow__dog-and-cat-skin-disease-identification-2__bacterial_176_jpg.rf.f5aa7ca0e251ae95bc2e1406564b24df.jpg,2
C:\Users\ashis\Desktop\ScanAI\dataset_manager\clean\skin\hotspot\roboflow__dog-and-cat-skin-disease-identification-2__preprocessed_HOTSPOT_010_jpg.rf.11020c3ae482e168fb849dd6d842ed1d.jpg,C:\Users\ashis\Desktop\ScanAI\dataset_manager\clean\skin\pyoderma\roboflow__dog-and-cat-skin-disease-identification-2__bacterial_261_jpg.rf.812d4e2fe16a5975e7b33924ae367160.jpg,0
C:\Users\ashis\Desktop\ScanAI\dataset_manager\clean\skin\hotspot\roboflow__dog-and-cat-skin-disease-identification-2__preprocessed_HOTSPOT_010_jpg.rf.11020c3ae482e168fb849dd6d842ed1d.jpg,C:\Users\ashis\Desktop\ScanAI\dataset_manager\clean\skin\pyoderma\roboflow__dog-and-cat-skin-disease-identification-2__bacterial_derm_26_jpg.rf.6df360f9c0bd7e2760cb4971bae79609.jpg,2
C:\Users\ashis\Desktop\ScanAI\dataset_manager\clean\skin\hotspot\roboflow__dog-and-cat-skin-disease-identification-2__preprocessed_HOTSPOT_012_jpg.rf.d7cc4d8a51eda95ee09cb83e758ac02d.jpg,C:\Users\ashis\Desktop\ScanAI\dataset_manager\clean\skin\pyoderma\roboflow__dog-and-cat-skin-disease-identification-2__bacterial_262_jpg.rf.bc6e5d3685c193533cd2c41124673c9d.jpg,0
C:\Users\ashis\Desktop\ScanAI\dataset_manager\clean\skin\hotspot\roboflow__dog-and-cat-skin-disease-identification-2__preprocessed_HOTSPOT_012_jpg.rf.d7cc4d8a51eda95ee09cb83e758ac02d.jpg,C:\Users\ashis\Desktop\ScanAI\dataset_manager\clean\skin\pyoderma\roboflow__dog-and-cat-skin-disease-identification-2__bacterial_derm_30_jpg.rf.5884c83b9f00bba048fe803ecf338b9f.jpg,0
C:\Users\ashis\Desktop\ScanAI\dataset_manager\clean\skin\hotspot\roboflow__dog-and-cat-skin-disease-identification-2__preprocessed_HOTSPOT_015_jpg.rf.7d9ea7a3dc56b13e8db8948c5d8339f9.jpg,C:\Users\ashis\Desktop\ScanAI\dataset_manager\clean\skin\pyoderma\roboflow__dog-and-cat-skin-disease-identification-2__bacterial_183_jpg.rf.e2b9d2a0036b2a6b49b992f0c897d54c.jpg,0
C:\Users\ashis\Desktop\ScanAI\dataset_manager\clean\skin\hotspot\roboflow__dog-and-cat-skin-disease-identification-2__preprocessed_HOTSPOT_015_jpg.rf.7d9ea7a3dc56b13e8db8948c5d8339f9.jpg,C:\Users\ashis\Desktop\ScanAI\dataset_manager\clean\skin\pyoderma\roboflow__dog-and-cat-skin-disease-identification-2__bacterial_264_jpg.rf.c03d878e2530aec9ada052f8268a3f65.jpg,0
C:\Users\ashis\Desktop\ScanAI\dataset_manager\clean\skin\hotspot\roboflow__dog-and-cat-skin-disease-identification-2__preprocessed_HOTSPOT_015_jpg.rf.7d9ea7a3dc56b13e8db8948c5d8339f9.jpg,C:\Users\ashis\Desktop\ScanAI\dataset_manager\clean\skin\pyoderma\roboflow__dog-and-cat-skin-disease-identification-2__bacterial_derm_34_jpg.rf.3b10703a9ba597586cab6cd3a1c1f62d.jpg,0
C:\Users\ashis\Desktop\ScanAI\dataset_manager\clean\skin\hotspot\roboflow__dog-and-cat-skin-disease-identification-2__preprocessed_HOTSPOT_016_jpg.rf.14a6e90e3cc426832ef94bd94d7b4431.jpg,C:\Users\ashis\Desktop\ScanAI\dataset_manager\clean\skin\pyoderma\roboflow__dog-and-cat-skin-disease-identification-2__bacterial_266_jpg.rf.084e7987292e41bc972a9c2ba95b6506.jpg,2
C:\Users\ashis\Desktop\ScanAI\dataset_manager\clean\skin\hotspot\roboflow__dog-and-cat-skin-disease-identification-2__preprocessed_HOTSPOT_016_jpg.rf.14a6e90e3cc426832ef94bd94d7b4431.jpg,C:\Users\ashis\Desktop\ScanAI\dataset_manager\clean\skin\pyoderma\roboflow__dog-and-cat-skin-disease-identification-2__bacterial_derm_37_jpg.rf.6d3340a9ea7b5419968fd53ec34c1beb.jpg,0
C:\Users\ashis\Desktop\ScanAI\dataset_manager\clean\skin\hotspot\roboflow__dog-and-cat-skin-disease-identification-2__preprocessed_HOTSPOT_017_jpg.rf.de8013f0c3b7d195d4ebeb39bf41716f.jpg,C:\Users\ashis\Desktop\ScanAI\dataset_manager\clean\skin\pyoderma\roboflow__dog-and-cat-skin-disease-identification-2__bacterial_189_jpg.rf.e112d9b29eaf8f5d90a3d4e4169eddaa.jpg,0
C:\Users\ashis\Desktop\ScanAI\dataset_manager\clean\skin\hotspot\roboflow__dog-and-cat-skin-disease-identification-2__preprocessed_HOTSPOT_019_jpg.rf.e2ea9cb47b78b38030dd9342e126e8bf.jpg,C:\Users\ashis\Desktop\ScanAI\dataset_manager\clean\skin\pyoderma\roboflow__dog-and-cat-skin-disease-identification-2__bacterial_194_jpg.rf.2a3f0ed61d2bd7666275abe302f07ec1.jpg,0
C:\Users\ashis\Desktop\ScanAI\dataset_manager\clean\skin\hotspot\roboflow__dog-and-cat-skin-disease-identification-2__preprocessed_HOTSPOT_021_jpg.rf.0c5e96129979b5fefcecf16f563d1e8f.jpg,C:\Users\ashis\Desktop\ScanAI\dataset_manager\clean\skin\pyoderma\roboflow__dog-and-cat-skin-disease-identification-2__bacterial_195_jpg.rf.07a3022b4d36d954db262d2e89d29f74.jpg,0
C:\Users\ashis\Desktop\ScanAI\dataset_manager\clean\skin\hotspot\roboflow__dog-and-cat-skin-disease-identification-2__preprocessed_HOTSPOT_023_jpg.rf.921adc5a7dd697558c1ab2d0c365dd27.jpg,C:\Users\ashis\Desktop\ScanAI\dataset_manager\clean\skin\pyoderma\roboflow__dog-and-cat-skin-disease-identification-2__bacterial_201_jpg.rf.3686cf8b50c71aa45129e35037e63e24.jpg,0
C:\Users\ashis\Desktop\ScanAI\dataset_manager\clean\skin\hotspot\roboflow__dog-and-cat-skin-disease-identification-2__preprocessed_HOTSPOT_023_jpg.rf.921adc5a7dd697558c1ab2d0c365dd27.jpg,C:\Users\ashis\Desktop\ScanAI\dataset_manager\clean\skin\pyoderma\roboflow__dog-and-cat-skin-disease-identification-2__bacterial_derm_40_jpg.rf.c04deea24736306bb60efc5294cbb470.jpg,2
C:\Users\ashis\Desktop\ScanAI\dataset_manager\clean\skin\hotspot\roboflow__dog-and-cat-skin-disease-identification-2__preprocessed_HOTSPOT_024_jpg.rf.6c5111924c4f56bd2a5d00ec9248b908.jpg,C:\Users\ashis\Desktop\ScanAI\dataset_manager\clean\skin\pyoderma\roboflow__dog-and-cat-skin-disease-identification-2__bacterial_267_jpg.rf.7d045ea0d989f4102623b9bd50e63530.jpg,0
C:\Users\ashis\Desktop\ScanAI\dataset_manager\clean\skin\hotspot\roboflow__dog-and-cat-skin-disease-identification-2__preprocessed_HOTSPOT_026_jpg.rf.31bb8fa833c24d9221cae8051e405299.jpg,C:\Users\ashis\Desktop\ScanAI\dataset_manager\clean\skin\pyoderma\roboflow__dog-and-cat-skin-disease-identification-2__bacterial_270_jpg.rf.790134c1979fefc5ab5a36c8d9ac7ea1.jpg,0
C:\Users\ashis\Desktop\ScanAI\dataset_manager\clean\skin\hotspot\roboflow__dog-and-cat-skin-disease-identification-2__preprocessed_HOTSPOT_026_jpg.rf.31bb8fa833c24d9221cae8051e405299.jpg,C:\Users\ashis\Desktop\ScanAI\dataset_manager\clean\skin\pyoderma\roboflow__dog-and-cat-skin-disease-identification-2__bacterial_derm_42_jpg.rf.c3eba83fb2adde8ac1e071d4dff4f672.jpg,0
C:\Users\ashis\Desktop\ScanAI\dataset_manager\clean\skin\hotspot\roboflow__dog-and-cat-skin-disease-identification-2__preprocessed_HOTSPOT_027_jpg.rf.e7a9e937b9c709111c32298e099dbe9a.jpg,C:\Users\ashis\Desktop\ScanAI\dataset_manager\clean\skin\pyoderma\roboflow__dog-and-cat-skin-disease-identification-2__bacterial_206_jpg.rf.848e852cd22a2169524db2a6f2841699.jpg,0
C:\Users\ashis\Desktop\ScanAI\dataset_manager\clean\skin\hotspot\roboflow__dog-and-cat-skin-disease-identification-2__preprocessed_HOTSPOT_027_jpg.rf.e7a9e937b9c709111c32298e099dbe9a.jpg,C:\Users\ashis\Desktop\ScanAI\dataset_manager\clean\skin\pyoderma\roboflow__dog-and-cat-skin-disease-identification-2__bacterial_272_jpg.rf.ef781fb5b5414c4d9c4abc912c516280.jpg,0
C:\Users\ashis\Desktop\ScanAI\dataset_manager\clean\skin\hotspot\roboflow__dog-and-cat-skin-disease-identification-2__preprocessed_HOTSPOT_027_jpg.rf.e7a9e937b9c709111c32298e099dbe9a.jpg,C:\Users\ashis\Desktop\ScanAI\dataset_manager\clean\skin\pyoderma\roboflow__dog-and-cat-skin-disease-identification-2__bacterial_derm_44_jpg.rf.6bcc1cd071bfb3d73394933489a82932.jpg,0
C:\Users\ashis\Desktop\ScanAI\dataset_manager\clean\skin\hotspot\roboflow__dog-and-cat-skin-disease-identification-2__preprocessed_HOTSPOT_028_jpg.rf.b304571fd6582d6f73b6815b3501d7cc.jpg,C:\Users\ashis\Desktop\ScanAI\dataset_manager\clean\skin\pyoderma\roboflow__dog-and-cat-skin-disease-identification-2__bacterial_208_jpg.rf.53543f5e91de1ca3a2c4338f7b969de8.jpg,2
C:\Users\ashis\Desktop\ScanAI\dataset_manager\clean\skin\hotspot\roboflow__dog-and-cat-skin-disease-identification-2__preprocessed_HOTSPOT_028_jpg.rf.b304571fd6582d6f73b6815b3501d7cc.jpg,C:\Users\ashis\Desktop\ScanAI\dataset_manager\clean\skin\pyoderma\roboflow__dog-and-cat-skin-disease-identification-2__bacterial_274_jpg.rf.3f3c5b0259fef329e5d8e8065153573a.jpg,2
C:\Users\ashis\Desktop\ScanAI\dataset_manager\clean\skin\hotspot\roboflow__dog-and-cat-skin-disease-identification-2__preprocessed_HOTSPOT_029_jpg.rf.221a5fdbe1e8e82c3ef8f024a893d7b3.jpg,C:\Users\ashis\Desktop\ScanAI\dataset_manager\clean\skin\pyoderma\roboflow__dog-and-cat-skin-disease-identification-2__bacterial_276_jpg.rf.2a30d21721d94e4d6e1d3a81001c21e7.jpg,0
C:\Users\ashis\Desktop\ScanAI\dataset_manager\clean\skin\hotspot\roboflow__dog-and-cat-skin-disease-identification-2__preprocessed_HOTSPOT_030_jpg.rf.243aface392f98696d2faf584e1ed326.jpg,C:\Users\ashis\Desktop\ScanAI\dataset_manager\clean\skin\pyoderma\roboflow__dog-and-cat-skin-disease-identification-2__bacterial_215_jpg.rf.f76c0f33e535704463306ffb7a004042.jpg,0
C:\Users\ashis\Desktop\ScanAI\dataset_manager\clean\skin\hotspot\roboflow__dog-and-cat-skin-disease-identification-2__preprocessed_HOTSPOT_030_jpg.rf.243aface392f98696d2faf584e1ed326.jpg,C:\Users\ashis\Desktop\ScanAI\dataset_manager\clean\skin\pyoderma\roboflow__dog-and-cat-skin-disease-identification-2__bacterial_278_jpg.rf.35a6f6b0d3e4d3841bce06b63535a5da.jpg,0
C:\Users\ashis\Desktop\ScanAI\dataset_manager\clean\skin\hotspot\roboflow__dog-and-cat-skin-disease-identification-2__preprocessed_HOTSPOT_030_jpg.rf.243aface392f98696d2faf584e1ed326.jpg,C:\Users\ashis\Desktop\ScanAI\dataset_manager\clean\skin\pyoderma\roboflow__dog-and-cat-skin-disease-identification-2__bacterial_89_jpg.rf.bb9eeab48917eab6440f041fc345f016.jpg,0
C:\Users\ashis\Desktop\ScanAI\dataset_manager\clean\skin\hotspot\roboflow__dog-and-cat-skin-disease-identification-2__preprocessed_HOTSPOT_032_jpg.rf.07c4e9a4d0a11e4b9a4a74b6bf0a12c7.jpg,C:\Users\ashis\Desktop\ScanAI\dataset_manager\clean\skin\pyoderma\roboflow__dog-and-cat-skin-disease-identification-2__bacterial_91_jpg.rf.92a25d7216c9e2ca40e276fde40f8190.jpg,2
C:\Users\ashis\Desktop\ScanAI\dataset_manager\clean\skin\hotspot\roboflow__dog-and-cat-skin-disease-identification-2__preprocessed_HOTSPOT_033_jpg.rf.16d0849c54f7cd66cf39a328f6f9d936.jpg,C:\Users\ashis\Desktop\ScanAI\dataset_manager\clean\skin\pyoderma\roboflow__dog-and-cat-skin-disease-identification-2__bacterial_92_jpg.rf.629ebe7f6a76905feaef6a4db8661c46.jpg,2
C:\Users\ashis\Desktop\ScanAI\dataset_manager\clean\skin\hotspot\roboflow__dog-and-cat-skin-disease-identification-2__preprocessed_HOTSPOT_034_jpg.rf.a3dbe086b33eec6abeaefd38fc47d9c8.jpg,C:\Users\ashis\Desktop\ScanAI\dataset_manager\clean\skin\pyoderma\roboflow__dog-and-cat-skin-disease-identification-2__bacterial_221_jpg.rf.f901ae30b5a61d369030bfad728e1867.jpg,0
C:\Users\ashis\Desktop\ScanAI\dataset_manager\clean\skin\hotspot\roboflow__dog-and-cat-skin-disease-identification-2__preprocessed_HOTSPOT_034_jpg.rf.a3dbe086b33eec6abeaefd38fc47d9c8.jpg,C:\Users\ashis\Desktop\ScanAI\dataset_manager\clean\skin\pyoderma\roboflow__dog-and-cat-skin-disease-identification-2__bacterial_281_jpg.rf.536616657ebcf1b1568b264868d961ac.jpg,0
C:\Users\ashis\Desktop\ScanAI\dataset_manager\clean\skin\hotspot\roboflow__dog-and-cat-skin-disease-identification-2__preprocessed_HOTSPOT_034_jpg.rf.a3dbe086b33eec6abeaefd38fc47d9c8.jpg,C:\Users\ashis\Desktop\ScanAI\dataset_manager\clean\skin\pyoderma\roboflow__dog-and-cat-skin-disease-identification-2__bacterial_95_jpg.rf.dab6587ab1689a4643efecc89fc6593c.jpg,0
C:\Users\ashis\Desktop\ScanAI\dataset_manager\clean\skin\hotspot\roboflow__dog-and-cat-skin-disease-identification-2__preprocessed_HOTSPOT_035_jpg.rf.6152822333f3e60e35c6e5a0f8048462.jpg,C:\Users\ashis\Desktop\ScanAI\dataset_manager\clean\skin\pyoderma\roboflow__dog-and-cat-skin-disease-identification-2__bacterial_283_jpg.rf.78b4aae2239c2260ee0e96afaca3f7d7.jpg,0
C:\Users\ashis\Desktop\ScanAI\dataset_manager\clean\skin\hotspot\roboflow__dog-and-cat-skin-disease-identification-2__preprocessed_HOTSPOT_035_jpg.rf.6152822333f3e60e35c6e5a0f8048462.jpg,C:\Users\ashis\Desktop\ScanAI\dataset_manager\clean\skin\pyoderma\roboflow__dog-and-cat-skin-disease-identification-2__bacterial_285_jpg.rf.009c1efc0659ea8fe8b212e673ed7f5c.jpg,2
C:\Users\ashis\Desktop\ScanAI\dataset_manager\clean\skin\hotspot\roboflow__dog-and-cat-skin-disease-identification-2__preprocessed_HOTSPOT_036_jpg.rf.13ebf611b0e8eeb3b9d58996c9355b4a.jpg,C:\Users\ashis\Desktop\ScanAI\dataset_manager\clean\skin\pyoderma\roboflow__dog-and-cat-skin-disease-identification-2__bacterial_226_jpg.rf.4a4c9a89ea436f0d1c46b2fe8a1ad011.jpg,0
C:\Users\ashis\Desktop\ScanAI\dataset_manager\clean\skin\hotspot\roboflow__dog-and-cat-skin-disease-identification-2__preprocessed_HOTSPOT_036_jpg.rf.13ebf611b0e8eeb3b9d58996c9355b4a.jpg,C:\Users\ashis\Desktop\ScanAI\dataset_manager\clean\skin\pyoderma\roboflow__dog-and-cat-skin-disease-identification-2__bacterial_286_jpg.rf.6bafc9103db10fac9cb62920dfe747af.jpg,0
C:\Users\ashis\Desktop\ScanAI\dataset_manager\clean\skin\hotspot\roboflow__dog-and-cat-skin-disease-identification-2__preprocessed_HOTSPOT_037_jpg.rf.52c64a1d29d5a5a98f4bcc219f541fe4.jpg,C:\Users\ashis\Desktop\ScanAI\dataset_manager\clean\skin\pyoderma\roboflow__dog-and-cat-skin-disease-identification-2__bacterial_178_jpg.rf.72b117ddc067194cc4326154bcc2088c.jpg,2
C:\Users\ashis\Desktop\ScanAI\dataset_manager\clean\skin\hotspot\roboflow__dog-and-cat-skin-disease-identification-2__preprocessed_HOTSPOT_037_jpg.rf.52c64a1d29d5a5a98f4bcc219f541fe4.jpg,C:\Users\ashis\Desktop\ScanAI\dataset_manager\clean\skin\pyoderma\roboflow__dog-and-cat-skin-disease-identification-2__bacterial_289_jpg.rf.ba7753724c152be4300245d7c9d15ef0.jpg,0
C:\Users\ashis\Desktop\ScanAI\dataset_manager\clean\skin\hotspot\roboflow__dog-and-cat-skin-disease-identification-2__preprocessed_HOTSPOT_039_jpg.rf.08d54d3a9949f4d1d2e77338121d9d54.jpg,C:\Users\ashis\Desktop\ScanAI\dataset_manager\clean\skin\pyoderma\roboflow__dog-and-cat-skin-disease-identification-2__bacterial_229_jpg.rf.8b14d5f03bf55261d4c6dccebb3914e1.jpg,0
C:\Users\ashis\Desktop\ScanAI\dataset_manager\clean\skin\hotspot\roboflow__dog-and-cat-skin-disease-identification-2__preprocessed_HOTSPOT_039_jpg.rf.08d54d3a9949f4d1d2e77338121d9d54.jpg,C:\Users\ashis\Desktop\ScanAI\dataset_manager\clean\skin\pyoderma\roboflow__dog-and-cat-skin-disease-identification-2__bacterial_291_jpg.rf.a69eadc56c1dca9ac1a82c9b15c4532c.jpg,0
C:\Users\ashis\Desktop\ScanAI\dataset_manager\clean\skin\hotspot\roboflow__dog-and-cat-skin-disease-identification-2__preprocessed_HOTSPOT_040_jpg.rf.e1dece50f6d5ceaf080d566ef532e536.jpg,C:\Users\ashis\Desktop\ScanAI\dataset_manager\clean\skin\pyoderma\roboflow__dog-and-cat-skin-disease-identification-2__bacterial_236_jpg.rf.fe996b05466f3ce46b1b1b32a1ed88b5.jpg,0
C:\Users\ashis\Desktop\ScanAI\dataset_manager\clean\skin\hotspot\roboflow__dog-and-cat-skin-disease-identification-2__preprocessed_HOTSPOT_041_jpg.rf.b78cb54ee95b7fa78818164eec07dc9c.jpg,C:\Users\ashis\Desktop\ScanAI\dataset_manager\clean\skin\pyoderma\roboflow__dog-and-cat-skin-disease-identification-2__bacterial_293_jpg.rf.baae9714daf0e2ec53da0d30c60d63be.jpg,0
C:\Users\ashis\Desktop\ScanAI\dataset_manager\clean\skin\hotspot\roboflow__dog-and-cat-skin-disease-identification-2__preprocessed_HOTSPOT_042_jpg.rf.a97bec42f39ed1b5ba1c4463b690e5f2.jpg,C:\Users\ashis\Desktop\ScanAI\dataset_manager\clean\skin\pyoderma\roboflow__dog-and-cat-skin-disease-identification-2__bacterial_295_jpg.rf.b19b9fd3497e8e2f68e1976bd100eb43.jpg,0
C:\Users\ashis\Desktop\ScanAI\dataset_manager\clean\skin\hotspot\roboflow__dog-and-cat-skin-disease-identification-2__preprocessed_HOTSPOT_043_jpg.rf.1d2c82f747f20b8a9136927ffe0f2c2a.jpg,C:\Users\ashis\Desktop\ScanAI\dataset_manager\clean\skin\pyoderma\roboflow__dog-and-cat-skin-disease-identification-2__bacterial_300_jpg.rf.9a54da273347e8537ec0c3c3eb66f98c.jpg,0
C:\Users\ashis\Desktop\ScanAI\dataset_manager\clean\skin\hotspot\roboflow__dog-and-cat-skin-disease-identification-2__preprocessed_HOTSPOT_044_jpg.rf.10d77e16fa634cf975f74f9d76c1caf5.jpg,C:\Users\ashis\Desktop\ScanAI\dataset_manager\clean\skin\pyoderma\roboflow__dog-and-cat-skin-disease-identification-2__bacterial_303_jpg.rf.a667d6b538c6e2a95e15f41983a3079d.jpg,0
C:\Users\ashis\Desktop\ScanAI\dataset_manager\clean\skin\hotspot\roboflow__dog-and-cat-skin-disease-identification-2__preprocessed_HOTSPOT_045_jpg.rf.4e08a0fea328757d1d4205af9c488146.jpg,C:\Users\ashis\Desktop\ScanAI\dataset_manager\clean\skin\pyoderma\roboflow__dog-and-cat-skin-disease-identification-2__bacterial_306_jpg.rf.7280c5be620a8ba3e66e6ddead863dc2.jpg,0
C:\Users\ashis\Desktop\ScanAI\dataset_manager\clean\skin\hotspot\roboflow__dog-and-cat-skin-disease-identification-2__preprocessed_HOTSPOT_045_jpg.rf.4e08a0fea328757d1d4205af9c488146.jpg,C:\Users\ashis\Desktop\ScanAI\dataset_manager\clean\skin\pyoderma\roboflow__dog-and-cat-skin-disease-identification-2__bacterial_97_jpg.rf.8dd4ce84c5264431ec20510fdec8ad50.jpg,0
C:\Users\ashis\Desktop\ScanAI\dataset_manager\clean\skin\hotspot\roboflow__dog-and-cat-skin-disease-identification-2__preprocessed_HOTSPOT_045_jpg.rf.4e08a0fea328757d1d4205af9c488146.jpg,C:\Users\ashis\Desktop\ScanAI\dataset_manager\clean\skin\pyoderma\roboflow__dog-and-cat-skin-disease-identification-2__bacterial_derm_6_jpg.rf.81ea9d919ce5f608f3070a879fdd34c1.jpg,0
C:\Users\ashis\Desktop\ScanAI\dataset_manager\clean\skin\hotspot\roboflow__dog-and-cat-skin-disease-identification-2__preprocessed_HOTSPOT_046_jpg.rf.d8042cc4529e1541517e38092c678d94.jpg,C:\Users\ashis\Desktop\ScanAI\dataset_manager\clean\skin\pyoderma\roboflow__dog-and-cat-skin-disease-identification-2__bacterial_307_jpg.rf.cb179901d2e2039eda61ca9b060df728.jpg,0
C:\Users\ashis\Desktop\ScanAI\dataset_manager\clean\skin\hotspot\roboflow__dog-and-cat-skin-disease-identification-2__preprocessed_HOTSPOT_047_jpg.rf.1c1bfc5b1410a47f9bc8afd1aef04141.jpg,C:\Users\ashis\Desktop\ScanAI\dataset_manager\clean\skin\pyoderma\roboflow__dog-and-cat-skin-disease-identification-2__bacterial_308_jpg.rf.12cf9b14483c255669e39d03f097546c.jpg,0
C:\Users\ashis\Desktop\ScanAI\dataset_manager\clean\skin\hotspot\roboflow__dog-and-cat-skin-disease-identification-2__preprocessed_HOTSPOT_050_jpg.rf.e5c34c5830e7d15d9370b75d978bfa4f.jpg,C:\Users\ashis\Desktop\ScanAI\dataset_manager\clean\skin\pyoderma\roboflow__dog-and-cat-skin-disease-identification-2__bacterial_311_jpg.rf.bae22fe804807ccb66f7d974f617754d.jpg,0
C:\Users\ashis\Desktop\ScanAI\dataset_manager\clean\skin\hotspot\roboflow__dog-and-cat-skin-disease-identification-2__preprocessed_HOTSPOT_051_jpg.rf.b9b56894adbbc42862103f8facfddcf3.jpg,C:\Users\ashis\Desktop\ScanAI\dataset_manager\clean\skin\pyoderma\roboflow__dog-and-cat-skin-disease-identification-2__bacterial_315_jpg.rf.63b6f873fd60c5cf0f3f7e493cd2156f.jpg,2
C:\Users\ashis\Desktop\ScanAI\dataset_manager\clean\skin\hotspot\roboflow__dog-and-cat-skin-disease-identification-2__preprocessed_HOTSPOT_052_jpg.rf.8891ab99eb015d606ff49bc3e945b7dc.jpg,C:\Users\ashis\Desktop\ScanAI\dataset_manager\clean\skin\pyoderma\roboflow__dog-and-cat-skin-disease-identification-2__bacterial_316_jpg.rf.77b3c1585837f6ad72232a199a9f328f.jpg,2
C:\Users\ashis\Desktop\ScanAI\dataset_manager\clean\skin\hotspot\roboflow__dog-and-cat-skin-disease-identification-2__preprocessed_HOTSPOT_052_jpg.rf.8891ab99eb015d606ff49bc3e945b7dc.jpg,C:\Users\ashis\Desktop\ScanAI\dataset_manager\clean\skin\pyoderma\roboflow__dog-and-cat-skin-disease-identification-2__bacterial_318_jpg.rf.b09c8d0c90d8aa96d212f5e98a207aca.jpg,0
C:\Users\ashis\Desktop\ScanAI\dataset_manager\clean\skin\hotspot\roboflow__dog-and-cat-skin-disease-identification-2__preprocessed_HOTSPOT_053_jpg.rf.33c5bc39b05158b9cc0485890fe49115.jpg,C:\Users\ashis\Desktop\ScanAI\dataset_manager\clean\skin\pyoderma\roboflow__dog-and-cat-skin-disease-identification-2__bacterial_324_jpg.rf.73490ad0229606403f75831949c7b2c9.jpg,2
C:\Users\ashis\Desktop\ScanAI\dataset_manager\clean\skin\hotspot\roboflow__dog-and-cat-skin-disease-identification-2__preprocessed_HOTSPOT_053_jpg.rf.33c5bc39b05158b9cc0485890fe49115.jpg,C:\Users\ashis\Desktop\ScanAI\dataset_manager\clean\skin\pyoderma\roboflow__dog-and-cat-skin-disease-identification-2__bacterial_58_jpg.rf.d0b5cb0ad87b6a4ab7b4014ed4f57f94.jpg,0
C:\Users\ashis\Desktop\ScanAI\dataset_manager\clean\skin\hotspot\roboflow__dog-and-cat-skin-disease-identification-2__preprocessed_HOTSPOT_054_jpg.rf.82f36fe6239ddc8f769797e0e50f967a.jpg,C:\Users\ashis\Desktop\ScanAI\dataset_manager\clean\skin\pyoderma\roboflow__dog-and-cat-skin-disease-identification-2__bacterial_107_jpg.rf.4ae7233b686a981a1b54d6cd3443c47b.jpg,0
C:\Users\ashis\Desktop\ScanAI\dataset_manager\clean\skin\hotspot\roboflow__dog-and-cat-skin-disease-identification-2__preprocessed_HOTSPOT_054_jpg.rf.82f36fe6239ddc8f769797e0e50f967a.jpg,C:\Users\ashis\Desktop\ScanAI\dataset_manager\clean\skin\pyoderma\roboflow__dog-and-cat-skin-disease-identification-2__bacterial_319_jpg.rf.e7b42842c690310105f5bb8ebf5b520c.jpg,0
C:\Users\ashis\Desktop\ScanAI\dataset_manager\clean\skin\hotspot\roboflow__dog-and-cat-skin-disease-identification-2__preprocessed_HOTSPOT_055_jpg.rf.8752816656adc3aab69282dd280308e2.jpg,C:\Users\ashis\Desktop\ScanAI\dataset_manager\clean\skin\pyoderma\roboflow__dog-and-cat-skin-disease-identification-2__bacterial4_jpg.rf.96d41db6a53b343fd131ad7b3c40b2a6.jpg,0
C:\Users\ashis\Desktop\ScanAI\dataset_manager\clean\skin\hotspot\roboflow__dog-and-cat-skin-disease-identification-2__preprocessed_HOTSPOT_055_jpg.rf.8752816656adc3aab69282dd280308e2.jpg,C:\Users\ashis\Desktop\ScanAI\dataset_manager\clean\skin\pyoderma\roboflow__dog-and-cat-skin-disease-identification-2__bacterial_83_jpg.rf.64b55aaef1e229608f4bf96e196ba787.jpg,2
C:\Users\ashis\Desktop\ScanAI\dataset_manager\clean\skin\hotspot\roboflow__dog-and-cat-skin-disease-identification-2__red-circle-ri-1mo-450_jpg.rf.cf734a5e2e8ae6f43aa59faf9d6e3ed2.jpg,C:\Users\ashis\Desktop\ScanAI\dataset_manager\clean\skin\pyoderma\roboflow__dog-and-cat-skin-disease-identification-2__red-circle-ri-1mo-450_jpg.rf.28817d7e238dbae8c4f3b2660a7bbee4.jpg,0
C:\Users\ashis\Desktop\ScanAI\dataset_manager\clean\skin\hotspot\roboflow__dog-and-cat-skin-disease-identification-2__seborrheic_dermatitis_4935_10_600_webp_jpg.rf.d69890de3dd50ad106162258886bcfdc.jpg,C:\Users\ashis\Desktop\ScanAI\dataset_manager\clean\skin\pyoderma\roboflow__dog-and-cat-skin-disease-identification-2__seborrheic_dermatitis_4935_10_600_webp.rf.1ef4881977fb97787b2174d625d2ec46.jpg,0
